 {
  "metadata" :
  {
   "formatVersion" : 3,
   "sourceFile" : "mch002r_022d",
   "generatedBy" : "Tr3 20161112",
   "vertices" : 25,
   "faces" : 28,
   "normals" : 0,
   "colors" : 0,
   "uvs" : 0,
   "materials" : 1
  },
  "scale" : 1.0,
  "materials": [{
    "DbgColor": 0,
    "DbgIndex": 0,
    "DbgName" : "Cap ec_med_39_tail: Ear canal",
    "colorAmbient": [0.0, 0.0, 0.0],
    "colorDiffuse": [ 0.824, 0.706, 0.549],
    "colorSpecular": [0.16, 0.16, 0.16]
    }],
  "vertices": [
  0.0625662, 0.075384, 0.0215,
  0.0622616, 0.075659, 0.0215,
  0.06156, 0.07616, 0.0215,
  0.0619858, 0.0759645, 0.0215,
  0.06171, 0.07627, 0.0215,
  0.0627169, 0.0749455, 0.0215,
  0.0628868, 0.0751259, 0.0215,
  0.0621041, 0.0740821, 0.0215,
  0.0631513, 0.0743704, 0.0215,
  0.0635203, 0.0738128, 0.0215,
  0.0637125, 0.072571, 0.0215,
  0.0641482, 0.0733968, 0.0215,
  0.0645939, 0.0728175, 0.0215,
  0.0648188, 0.0730474, 0.0215,
  0.0645802, 0.0733828, 0.0215,
  0.0643501, 0.0737238, 0.0215,
  0.064132, 0.0740728, 0.0215,
  0.0638739, 0.0743846, 0.0215,
  0.0635412, 0.0746269, 0.0215,
  0.0632085, 0.0748692, 0.0215,
  0.065351, 0.0724246, 0.0215,
  0.06571, 0.07169, 0.0215,
  0.0656505, 0.0721423, 0.0215,
  0.06595, 0.07186, 0.0215,
  0.0650573, 0.072712, 0.0215
 ],
 "morphTargets": [],
 "morphColors": [],
 "normals": [],
 "colors": [],
 "uvs": [[]],
  "faces": [
  2, 0, 1, 2, 0,
  2, 1, 3, 2, 0,
  2, 2, 3, 4, 0,
  2, 5, 6, 0, 0,
  2, 5, 7, 8, 0,
  2, 9, 10, 11, 0,
  2, 7, 5, 2, 0,
  2, 5, 0, 2, 0,
  2, 12, 13, 14, 0,
  2, 12, 14, 11, 0,
  2, 11, 14, 15, 0,
  2, 11, 15, 16, 0,
  2, 11, 16, 9, 0,
  2, 9, 16, 17, 0,
  2, 9, 17, 8, 0,
  2, 8, 17, 18, 0,
  2, 8, 18, 5, 0,
  2, 5, 18, 19, 0,
  2, 5, 19, 6, 0,
  2, 20, 21, 22, 0,
  2, 21, 23, 22, 0,
  2, 7, 9, 8, 0,
  2, 11, 10, 12, 0,
  2, 10, 21, 12, 0,
  2, 12, 21, 13, 0,
  2, 13, 21, 24, 0,
  2, 24, 21, 20, 0,
  2, 10, 9, 7, 0
]
 }
