 {
  "metadata" :
  {
   "formatVersion" : 3,
   "sourceFile" : "mch002r_022d",
   "generatedBy" : "Tr3 20161112",
   "vertices" : 29,
   "faces" : 29,
   "normals" : 0,
   "colors" : 0,
   "uvs" : 0,
   "materials" : 1
  },
  "scale" : 1.0,
  "materials": [{
    "DbgColor": 0,
    "DbgIndex": 0,
    "DbgName" : "os_osscond_mid_38: Occipital bone (condylar part)",
    "colorAmbient": [0.0, 0.0, 0.0],
    "colorDiffuse": [ 1.000, 0.784, 0.588],
    "colorSpecular": [0.16, 0.16, 0.16]
    }],
  "vertices": [
  0.07115, 0.08826, 0.0195,
  0.072622, 0.0887082, 0.0195,
  0.0721, 0.08774, 0.019,
  0.0735449, 0.0885271, 0.019,
  0.0739529, 0.0897071, 0.0195,
  0.0750155, 0.0888728, 0.019,
  0.0755424, 0.0893196, 0.0195,
  0.076063, 0.0877245, 0.0195,
  0.0758835, 0.0874779, 0.019,
  0.07614, 0.0860065, 0.0195,
  0.0761732, 0.0857854, 0.019,
  0.0758742, 0.0843183, 0.0195,
  0.0759412, 0.0840998, 0.019,
  0.075143, 0.0827622, 0.0195,
  0.0751829, 0.0825588, 0.019,
  0.074315, 0.0812524, 0.0195,
  0.0744348, 0.0810144, 0.019,
  0.0735563, 0.0797072, 0.0195,
  0.073992, 0.0793641, 0.019,
  0.0727284, 0.0793494, 0.019,
  0.0723807, 0.0797707, 0.0195,
  0.0722698, 0.080984, 0.019,
  0.0720207, 0.0814442, 0.0195,
  0.0722375, 0.0826972, 0.019,
  0.0719159, 0.0831619, 0.0195,
  0.0722527, 0.0844137, 0.019,
  0.0717917, 0.0848797, 0.0195,
  0.0718788, 0.0860908, 0.019,
  0.0715207, 0.0865808, 0.0195
 ],
 "morphTargets": [],
 "morphColors": [],
 "normals": [],
 "colors": [],
 "uvs": [[]],
  "faces": [
  2, 0, 1, 2, 0,
  2, 1, 3, 2, 0,
  2, 1, 4, 3, 0,
  2, 4, 5, 3, 0,
  2, 4, 6, 5, 0,
  2, 6, 7, 5, 0,
  2, 7, 8, 5, 0,
  2, 7, 9, 8, 0,
  2, 9, 10, 8, 0,
  2, 9, 11, 10, 0,
  2, 11, 12, 10, 0,
  2, 11, 13, 12, 0,
  2, 13, 14, 12, 0,
  2, 13, 15, 14, 0,
  2, 15, 16, 14, 0,
  2, 15, 17, 16, 0,
  2, 17, 18, 16, 0,
  2, 17, 19, 18, 0,
  2, 17, 20, 19, 0,
  2, 20, 21, 19, 0,
  2, 20, 22, 21, 0,
  2, 22, 23, 21, 0,
  2, 22, 24, 23, 0,
  2, 24, 25, 23, 0,
  2, 24, 26, 25, 0,
  2, 26, 27, 25, 0,
  2, 26, 28, 27, 0,
  2, 28, 2, 27, 0,
  2, 28, 0, 2, 0
]
 }
