 {
  "metadata" :
  {
   "formatVersion" : 3,
   "sourceFile" : "mch002r_022d",
   "generatedBy" : "Tr3 20161112",
   "vertices" : 33,
   "faces" : 33,
   "normals" : 0,
   "colors" : 0,
   "uvs" : 0,
   "materials" : 1
  },
  "scale" : 1.0,
  "materials": [{
    "DbgColor": 0,
    "DbgIndex": 0,
    "DbgName" : "Join labvest_24: Vestibule",
    "colorAmbient": [0.0, 0.0, 0.0],
    "colorDiffuse": [ 0.678, 0.847, 0.902],
    "colorSpecular": [0.16, 0.16, 0.16]
    }],
  "vertices": [
  0.06391, 0.07831, 0.012,
  0.06367, 0.07751, 0.0115,
  0.06442, 0.07761, 0.0115,
  0.06405, 0.0791, 0.012,
  0.06259, 0.07661, 0.012,
  0.06192, 0.07467, 0.012,
  0.06204, 0.07597, 0.0115,
  0.06185, 0.07559, 0.0115,
  0.06185, 0.07494, 0.0115,
  0.06213, 0.07471, 0.0115,
  0.06264, 0.07424, 0.0115,
  0.06285, 0.07418, 0.012,
  0.06321, 0.07419, 0.0115,
  0.06337, 0.07407, 0.012,
  0.06395, 0.07433, 0.0115,
  0.06352, 0.07762, 0.012,
  0.06344, 0.07723, 0.0115,
  0.06308, 0.07706, 0.012,
  0.06293, 0.07681, 0.0115,
  0.06246, 0.07634, 0.0115,
  0.06551, 0.07624, 0.012,
  0.06503, 0.07648, 0.0115,
  0.06508, 0.07578, 0.0115,
  0.06551, 0.07699, 0.012,
  0.0647, 0.07704, 0.0115,
  0.06543, 0.07774, 0.012,
  0.06528, 0.07822, 0.012,
  0.06513, 0.0786, 0.012,
  0.06476, 0.07467, 0.012,
  0.06489, 0.07494, 0.0115,
  0.06452, 0.07452, 0.0115,
  0.06397, 0.0743, 0.012,
  0.06528, 0.07527, 0.012
 ],
 "morphTargets": [],
 "morphColors": [],
 "normals": [],
 "colors": [],
 "uvs": [[]],
  "faces": [
  2, 0, 1, 2, 0,
  2, 3, 0, 2, 0,
  2, 4, 5, 6, 0,
  2, 5, 7, 6, 0,
  2, 5, 8, 7, 0,
  2, 5, 9, 8, 0,
  2, 5, 10, 9, 0,
  2, 5, 11, 10, 0,
  2, 11, 12, 10, 0,
  2, 11, 13, 12, 0,
  2, 13, 14, 12, 0,
  2, 0, 15, 1, 0,
  2, 15, 16, 1, 0,
  2, 15, 17, 16, 0,
  2, 17, 18, 16, 0,
  2, 17, 4, 18, 0,
  2, 4, 19, 18, 0,
  2, 4, 6, 19, 0,
  2, 20, 21, 22, 0,
  2, 20, 23, 21, 0,
  2, 23, 24, 21, 0,
  2, 23, 25, 24, 0,
  2, 25, 2, 24, 0,
  2, 25, 26, 2, 0,
  2, 26, 27, 2, 0,
  2, 27, 3, 2, 0,
  2, 28, 29, 30, 0,
  2, 13, 31, 14, 0,
  2, 31, 30, 14, 0,
  2, 31, 28, 30, 0,
  2, 32, 22, 29, 0,
  2, 28, 32, 29, 0,
  2, 32, 20, 22, 0
]
 }
