 {
  "metadata" :
  {
   "formatVersion" : 3,
   "sourceFile" : "mch002r_022d",
   "generatedBy" : "Tr3 20161112",
   "vertices" : 64,
   "faces" : 82,
   "normals" : 0,
   "colors" : 0,
   "uvs" : 0,
   "materials" : 1
  },
  "scale" : 1.0,
  "materials": [{
    "DbgColor": 0,
    "DbgIndex": 0,
    "DbgName" : "labscc_post_21: Semicircular canals",
    "colorAmbient": [0.0, 0.0, 0.0],
    "colorDiffuse": [ 1.000, 0.667, 1.000],
    "colorSpecular": [0.16, 0.16, 0.16]
    }],
  "vertices": [
  0.06456, 0.08219, 0.011,
  0.06442, 0.08223, 0.0105,
  0.06475, 0.08181, 0.0105,
  0.06419, 0.08242, 0.011,
  0.06386, 0.0827, 0.0105,
  0.06377, 0.08265, 0.011,
  0.06358, 0.08289, 0.0105,
  0.06321, 0.08289, 0.011,
  0.06283, 0.08298, 0.0105,
  0.06269, 0.08326, 0.011,
  0.06218, 0.08303, 0.0105,
  0.06199, 0.08373, 0.011,
  0.06129, 0.08373, 0.011,
  0.06129, 0.08336, 0.011,
  0.06166, 0.08303, 0.011,
  0.06246, 0.08251, 0.011,
  0.06283, 0.08261, 0.0105,
  0.0633, 0.08209, 0.011,
  0.06325, 0.08233, 0.0105,
  0.06381, 0.08172, 0.0105,
  0.06386, 0.08163, 0.011,
  0.06405, 0.08144, 0.0105,
  0.06405, 0.08069, 0.011,
  0.06386, 0.08078, 0.0105,
  0.06414, 0.08027, 0.0105,
  0.06419, 0.07994, 0.011,
  0.0647, 0.08027, 0.0105,
  0.0648, 0.07994, 0.011,
  0.06508, 0.08032, 0.011,
  0.06503, 0.0805, 0.0105,
  0.06508, 0.08097, 0.011,
  0.06508, 0.08097, 0.0105,
  0.06503, 0.08144, 0.0105,
  0.06494, 0.08163, 0.011,
  0.06438, 0.08174, 0.0115,
  0.06408, 0.082, 0.0115,
  0.06386, 0.08211, 0.0115,
  0.06352, 0.08234, 0.0115,
  0.06315, 0.08264, 0.0115,
  0.06274, 0.08286, 0.0115,
  0.0624, 0.08312, 0.0115,
  0.0621, 0.08335, 0.0115,
  0.0618, 0.08357, 0.0115,
  0.06147, 0.08394, 0.0115,
  0.06109, 0.08424, 0.0115,
  0.06064, 0.08417, 0.0115,
  0.06049, 0.08379, 0.0115,
  0.06087, 0.08342, 0.0115,
  0.06143, 0.08323, 0.0115,
  0.06173, 0.08305, 0.0115,
  0.06244, 0.08271, 0.0115,
  0.06289, 0.0823, 0.0115,
  0.06352, 0.08181, 0.0115,
  0.06386, 0.08151, 0.0115,
  0.06401, 0.08095, 0.0115,
  0.06405, 0.08065, 0.0115,
  0.06416, 0.08024, 0.0115,
  0.06416, 0.07968, 0.0115,
  0.0645, 0.07953, 0.0115,
  0.06495, 0.07957, 0.0115,
  0.06524, 0.07994, 0.0115,
  0.06528, 0.08043, 0.0115,
  0.06513, 0.08091, 0.0115,
  0.06483, 0.08136, 0.0115
 ],
 "morphTargets": [],
 "morphColors": [],
 "normals": [],
 "colors": [],
 "uvs": [[]],
  "faces": [
  2, 0, 1, 2, 0,
  2, 0, 3, 1, 0,
  2, 3, 4, 1, 0,
  2, 3, 5, 4, 0,
  2, 5, 6, 4, 0,
  2, 5, 7, 6, 0,
  2, 7, 8, 6, 0,
  2, 7, 9, 8, 0,
  2, 9, 10, 8, 0,
  2, 9, 11, 10, 0,
  2, 11, 12, 10, 0,
  2, 12, 13, 10, 0,
  2, 13, 14, 10, 0,
  2, 14, 15, 10, 0,
  2, 15, 16, 10, 0,
  2, 15, 17, 16, 0,
  2, 17, 18, 16, 0,
  2, 17, 19, 18, 0,
  2, 17, 20, 19, 0,
  2, 20, 21, 19, 0,
  2, 20, 22, 21, 0,
  2, 22, 23, 21, 0,
  2, 22, 24, 23, 0,
  2, 22, 25, 24, 0,
  2, 25, 26, 24, 0,
  2, 25, 27, 26, 0,
  2, 27, 28, 26, 0,
  2, 28, 29, 26, 0,
  2, 28, 30, 29, 0,
  2, 30, 31, 29, 0,
  2, 30, 32, 31, 0,
  2, 30, 33, 32, 0,
  2, 33, 2, 32, 0,
  2, 33, 0, 2, 0,
  2, 34, 35, 0, 0,
  2, 35, 3, 0, 0,
  2, 35, 36, 3, 0,
  2, 36, 5, 3, 0,
  2, 36, 37, 5, 0,
  2, 37, 38, 5, 0,
  2, 38, 7, 5, 0,
  2, 38, 39, 7, 0,
  2, 39, 9, 7, 0,
  2, 39, 40, 9, 0,
  2, 40, 41, 9, 0,
  2, 41, 11, 9, 0,
  2, 41, 42, 11, 0,
  2, 42, 12, 11, 0,
  2, 42, 43, 12, 0,
  2, 43, 44, 12, 0,
  2, 44, 45, 12, 0,
  2, 45, 46, 12, 0,
  2, 46, 47, 12, 0,
  2, 47, 13, 12, 0,
  2, 47, 48, 13, 0,
  2, 48, 14, 13, 0,
  2, 48, 49, 14, 0,
  2, 49, 50, 14, 0,
  2, 50, 15, 14, 0,
  2, 50, 51, 15, 0,
  2, 51, 17, 15, 0,
  2, 51, 52, 17, 0,
  2, 52, 20, 17, 0,
  2, 52, 53, 20, 0,
  2, 53, 54, 20, 0,
  2, 54, 22, 20, 0,
  2, 54, 55, 22, 0,
  2, 55, 56, 22, 0,
  2, 56, 25, 22, 0,
  2, 56, 57, 25, 0,
  2, 57, 58, 25, 0,
  2, 58, 27, 25, 0,
  2, 58, 59, 27, 0,
  2, 59, 60, 27, 0,
  2, 60, 28, 27, 0,
  2, 60, 61, 28, 0,
  2, 61, 30, 28, 0,
  2, 61, 62, 30, 0,
  2, 62, 63, 30, 0,
  2, 63, 33, 30, 0,
  2, 63, 34, 33, 0,
  2, 34, 0, 33, 0
]
 }
