 {
  "metadata" :
  {
   "formatVersion" : 3,
   "sourceFile" : "mch002r_022d",
   "generatedBy" : "Tr3 20161112",
   "vertices" : 37,
   "faces" : 46,
   "normals" : 0,
   "colors" : 0,
   "uvs" : 0,
   "materials" : 1
  },
  "scale" : 1.0,
  "materials": [{
    "DbgColor": 0,
    "DbgIndex": 0,
    "DbgName" : "os_temp_midpost_35: Temporal bone",
    "colorAmbient": [0.0, 0.0, 0.0],
    "colorDiffuse": [ 1.000, 0.784, 0.588],
    "colorSpecular": [0.16, 0.16, 0.16]
    }],
  "vertices": [
  0.06514, 0.06794, 0.018,
  0.0660321, 0.067403, 0.0175,
  0.06458, 0.06825, 0.0175,
  0.06635, 0.0669057, 0.018,
  0.0666083, 0.0659473, 0.0175,
  0.0663302, 0.0652149, 0.018,
  0.0657027, 0.0646648, 0.0175,
  0.0647964, 0.06461, 0.018,
  0.0642108, 0.0648571, 0.0175,
  0.0639987, 0.0659511, 0.018,
  0.0629974, 0.0659979, 0.0175,
  0.0633518, 0.0674939, 0.0175,
  0.0643357, 0.0672199, 0.018,
  0.0626599, 0.0675598, 0.018,
  0.0618109, 0.0678772, 0.0175,
  0.0609458, 0.0676024, 0.018,
  0.060211, 0.06757, 0.0175,
  0.0592282, 0.0674615, 0.018,
  0.0585236, 0.06757, 0.0175,
  0.0578196, 0.0680477, 0.018,
  0.0570364, 0.0682414, 0.0175,
  0.0573275, 0.069663, 0.0175,
  0.0588236, 0.0689247, 0.018,
  0.0590016, 0.0696505, 0.0175,
  0.0605455, 0.0688872, 0.018,
  0.06068, 0.0695, 0.0175,
  0.06226, 0.06899, 0.018,
  0.06508, 0.06816, 0.0185,
  0.0663369, 0.0671225, 0.0185,
  0.0654587, 0.0667766, 0.0185,
  0.0638429, 0.0672407, 0.0185,
  0.062183, 0.0674833, 0.0185,
  0.0605021, 0.0675324, 0.0185,
  0.0588539, 0.0678361, 0.0185,
  0.0598277, 0.06872, 0.0185,
  0.0615088, 0.06875, 0.0185,
  0.06319, 0.06878, 0.0185
 ],
 "morphTargets": [],
 "morphColors": [],
 "normals": [],
 "colors": [],
 "uvs": [[]],
  "faces": [
  2, 0, 1, 2, 0,
  2, 0, 3, 1, 0,
  2, 3, 4, 1, 0,
  2, 3, 5, 4, 0,
  2, 5, 6, 4, 0,
  2, 5, 7, 6, 0,
  2, 7, 8, 6, 0,
  2, 7, 9, 8, 0,
  2, 9, 10, 8, 0,
  2, 9, 11, 10, 0,
  2, 9, 12, 11, 0,
  2, 12, 13, 11, 0,
  2, 13, 14, 11, 0,
  2, 13, 15, 14, 0,
  2, 15, 16, 14, 0,
  2, 15, 17, 16, 0,
  2, 17, 18, 16, 0,
  2, 17, 19, 18, 0,
  2, 19, 20, 18, 0,
  2, 19, 21, 20, 0,
  2, 19, 22, 21, 0,
  2, 22, 23, 21, 0,
  2, 22, 24, 23, 0,
  2, 24, 25, 23, 0,
  2, 24, 26, 25, 0,
  2, 27, 28, 0, 0,
  2, 28, 3, 0, 0,
  2, 28, 29, 3, 0,
  2, 29, 5, 3, 0,
  2, 29, 7, 5, 0,
  2, 29, 9, 7, 0,
  2, 29, 12, 9, 0,
  2, 29, 30, 12, 0,
  2, 30, 13, 12, 0,
  2, 30, 31, 13, 0,
  2, 31, 15, 13, 0,
  2, 31, 32, 15, 0,
  2, 32, 17, 15, 0,
  2, 32, 33, 17, 0,
  2, 33, 19, 17, 0,
  2, 33, 22, 19, 0,
  2, 33, 34, 22, 0,
  2, 34, 24, 22, 0,
  2, 34, 35, 24, 0,
  2, 35, 26, 24, 0,
  2, 35, 36, 26, 0
]
 }
