 {
  "metadata" :
  {
   "formatVersion" : 3,
   "sourceFile" : "mch002r_022d",
   "generatedBy" : "Tr3 20161112",
   "vertices" : 8,
   "faces" : 6,
   "normals" : 0,
   "colors" : 0,
   "uvs" : 0,
   "materials" : 1
  },
  "scale" : 1.0,
  "materials": [{
    "DbgColor": 0,
    "DbgIndex": 0,
    "DbgName" : "tip_med3_35: Probe tip",
    "colorAmbient": [0.0, 0.0, 0.0],
    "colorDiffuse": [ 1.000, 1.000, 1.000],
    "colorSpecular": [0.16, 0.16, 0.16]
    }],
  "vertices": [
  0.05417, 0.07005, 0.018,
  0.05322, 0.07279, 0.0175,
  0.05417, 0.07004, 0.0175,
  0.05313, 0.07306, 0.018,
  0.05414, 0.07014, 0.0185,
  0.05306, 0.07327, 0.0185,
  0.05405, 0.07041, 0.019,
  0.053, 0.07339, 0.019
 ],
 "morphTargets": [],
 "morphColors": [],
 "normals": [],
 "colors": [],
 "uvs": [[]],
  "faces": [
  2, 0, 1, 2, 0,
  2, 0, 3, 1, 0,
  2, 4, 3, 0, 0,
  2, 4, 5, 3, 0,
  2, 6, 5, 4, 0,
  2, 6, 7, 5, 0
]
 }
