 {
  "metadata" :
  {
   "formatVersion" : 3,
   "sourceFile" : "mch002r_022d",
   "generatedBy" : "Tr3 20161112",
   "vertices" : 230,
   "faces" : 375,
   "normals" : 0,
   "colors" : 0,
   "uvs" : 0,
   "materials" : 1
  },
  "scale" : 1.0,
  "materials": [{
    "DbgColor": 0,
    "DbgIndex": 0,
    "DbgName" : "blk_postmed_22: Block boundary",
    "colorAmbient": [0.0, 0.0, 0.0],
    "colorDiffuse": [ 1.000, 0.000, 1.000],
    "colorSpecular": [0.16, 0.16, 0.16]
    }],
  "vertices": [
  0.05348, 0.09, 0.0115,
  0.055943, 0.09, 0.011,
  0.05327, 0.09, 0.011,
  0.056132, 0.09, 0.0115,
  0.058616, 0.09, 0.011,
  0.058784, 0.09, 0.0115,
  0.061289, 0.09, 0.011,
  0.061436, 0.09, 0.0115,
  0.063962, 0.09, 0.011,
  0.064088, 0.09, 0.0115,
  0.066635, 0.09, 0.011,
  0.06674, 0.09, 0.0115,
  0.069308, 0.09, 0.011,
  0.069392, 0.09, 0.0115,
  0.071981, 0.09, 0.011,
  0.072044, 0.09, 0.0115,
  0.074654, 0.09, 0.011,
  0.074696, 0.09, 0.0115,
  0.077327, 0.09, 0.011,
  0.077348, 0.09, 0.0115,
  0.08, 0.09, 0.011,
  0.08, 0.09, 0.0115,
  0.05376, 0.09, 0.012,
  0.056384, 0.09, 0.012,
  0.059008, 0.09, 0.012,
  0.061632, 0.09, 0.012,
  0.064256, 0.09, 0.012,
  0.06688, 0.09, 0.012,
  0.069504, 0.09, 0.012,
  0.072128, 0.09, 0.012,
  0.074752, 0.09, 0.012,
  0.077376, 0.09, 0.012,
  0.08, 0.09, 0.012,
  0.05411, 0.09, 0.0125,
  0.0569867, 0.09, 0.0125,
  0.0598633, 0.09, 0.0125,
  0.06274, 0.09, 0.0125,
  0.0656167, 0.09, 0.0125,
  0.0684933, 0.09, 0.0125,
  0.07137, 0.09, 0.0125,
  0.0742467, 0.09, 0.0125,
  0.0771233, 0.09, 0.0125,
  0.08, 0.09, 0.0125,
  0.05428, 0.09, 0.013,
  0.0571378, 0.09, 0.013,
  0.0599956, 0.09, 0.013,
  0.0628533, 0.09, 0.013,
  0.0657111, 0.09, 0.013,
  0.0685689, 0.09, 0.013,
  0.0714267, 0.09, 0.013,
  0.0742844, 0.09, 0.013,
  0.0771422, 0.09, 0.013,
  0.08, 0.09, 0.013,
  0.05451, 0.09, 0.0135,
  0.0573422, 0.09, 0.0135,
  0.0601744, 0.09, 0.0135,
  0.0630067, 0.09, 0.0135,
  0.0658389, 0.09, 0.0135,
  0.0686711, 0.09, 0.0135,
  0.0715033, 0.09, 0.0135,
  0.0743355, 0.09, 0.0135,
  0.0771678, 0.09, 0.0135,
  0.08, 0.09, 0.0135,
  0.05491, 0.09, 0.014,
  0.0576978, 0.09, 0.014,
  0.0604856, 0.09, 0.014,
  0.0632733, 0.09, 0.014,
  0.0660611, 0.09, 0.014,
  0.0688489, 0.09, 0.014,
  0.0716367, 0.09, 0.014,
  0.0744244, 0.09, 0.014,
  0.0772122, 0.09, 0.014,
  0.08, 0.09, 0.014,
  0.0556, 0.09, 0.0145,
  0.0583111, 0.09, 0.0145,
  0.0610222, 0.09, 0.0145,
  0.0637333, 0.09, 0.0145,
  0.0664444, 0.09, 0.0145,
  0.0691556, 0.09, 0.0145,
  0.0718667, 0.09, 0.0145,
  0.0745778, 0.09, 0.0145,
  0.0772889, 0.09, 0.0145,
  0.08, 0.09, 0.0145,
  0.05603, 0.09, 0.015,
  0.0586933, 0.09, 0.015,
  0.0613567, 0.09, 0.015,
  0.06402, 0.09, 0.015,
  0.0666833, 0.09, 0.015,
  0.0693467, 0.09, 0.015,
  0.07201, 0.09, 0.015,
  0.0746733, 0.09, 0.015,
  0.0773367, 0.09, 0.015,
  0.08, 0.09, 0.015,
  0.0566, 0.09, 0.0155,
  0.0592, 0.09, 0.0155,
  0.0618, 0.09, 0.0155,
  0.0644, 0.09, 0.0155,
  0.067, 0.09, 0.0155,
  0.0696, 0.09, 0.0155,
  0.0722, 0.09, 0.0155,
  0.0748, 0.09, 0.0155,
  0.0774, 0.09, 0.0155,
  0.08, 0.09, 0.0155,
  0.05729, 0.09, 0.016,
  0.0601287, 0.09, 0.016,
  0.0629675, 0.09, 0.016,
  0.0658063, 0.09, 0.016,
  0.068645, 0.09, 0.016,
  0.0714838, 0.09, 0.016,
  0.0743225, 0.09, 0.016,
  0.0771613, 0.09, 0.016,
  0.08, 0.09, 0.016,
  0.05803, 0.09, 0.0165,
  0.0607763, 0.09, 0.0165,
  0.0635225, 0.09, 0.0165,
  0.0662687, 0.09, 0.0165,
  0.069015, 0.09, 0.0165,
  0.0717612, 0.09, 0.0165,
  0.0745075, 0.09, 0.0165,
  0.0772537, 0.09, 0.0165,
  0.08, 0.09, 0.0165,
  0.05878, 0.09, 0.017,
  0.0614325, 0.09, 0.017,
  0.064085, 0.09, 0.017,
  0.0667375, 0.09, 0.017,
  0.06939, 0.09, 0.017,
  0.0720425, 0.09, 0.017,
  0.074695, 0.09, 0.017,
  0.0773475, 0.09, 0.017,
  0.08, 0.09, 0.017,
  0.05923, 0.09, 0.0175,
  0.0618263, 0.09, 0.0175,
  0.0644225, 0.09, 0.0175,
  0.0670188, 0.09, 0.0175,
  0.069615, 0.09, 0.0175,
  0.0722113, 0.09, 0.0175,
  0.0748075, 0.09, 0.0175,
  0.0774038, 0.09, 0.0175,
  0.08, 0.09, 0.0175,
  0.06031, 0.09, 0.018,
  0.0631229, 0.09, 0.018,
  0.0659357, 0.09, 0.018,
  0.0687486, 0.09, 0.018,
  0.0715614, 0.09, 0.018,
  0.0743743, 0.09, 0.018,
  0.0771871, 0.09, 0.018,
  0.08, 0.09, 0.018,
  0.06136, 0.09, 0.0185,
  0.0640229, 0.09, 0.0185,
  0.0666857, 0.09, 0.0185,
  0.0693486, 0.09, 0.0185,
  0.0720114, 0.09, 0.0185,
  0.0746743, 0.09, 0.0185,
  0.0773372, 0.09, 0.0185,
  0.08, 0.09, 0.0185,
  0.06187, 0.09, 0.019,
  0.06446, 0.09, 0.019,
  0.06705, 0.09, 0.019,
  0.06964, 0.09, 0.019,
  0.07223, 0.09, 0.019,
  0.07482, 0.09, 0.019,
  0.07741, 0.09, 0.019,
  0.08, 0.09, 0.019,
  0.0662, 0.09, 0.0195,
  0.06896, 0.09, 0.0195,
  0.07172, 0.09, 0.0195,
  0.07448, 0.09, 0.0195,
  0.07724, 0.09, 0.0195,
  0.08, 0.09, 0.0195,
  0.07664, 0.09, 0.02,
  0.07832, 0.09, 0.02,
  0.08, 0.09, 0.02,
  0.07709, 0.09, 0.0205,
  0.08, 0.09, 0.0205,
  0.07738, 0.09, 0.021,
  0.08, 0.09, 0.021,
  0.07733, 0.09, 0.0215,
  0.08, 0.09, 0.0215,
  0.07721, 0.09, 0.022,
  0.08, 0.09, 0.022,
  0.07693, 0.09, 0.0225,
  0.078465, 0.09, 0.0225,
  0.08, 0.09, 0.0225,
  0.07661, 0.09, 0.023,
  0.078305, 0.09, 0.023,
  0.08, 0.09, 0.023,
  0.074, 0.09, 0.0235,
  0.076, 0.09, 0.0235,
  0.078, 0.09, 0.0235,
  0.08, 0.09, 0.0235,
  0.074, 0.09, 0.024,
  0.076, 0.09, 0.024,
  0.078, 0.09, 0.024,
  0.08, 0.09, 0.024,
  0.074, 0.09, 0.0245,
  0.076, 0.09, 0.0245,
  0.078, 0.09, 0.0245,
  0.08, 0.09, 0.0245,
  0.074, 0.09, 0.025,
  0.076, 0.09, 0.025,
  0.078, 0.09, 0.025,
  0.08, 0.09, 0.025,
  0.074, 0.09, 0.0255,
  0.076, 0.09, 0.0255,
  0.078, 0.09, 0.0255,
  0.08, 0.09, 0.0255,
  0.074, 0.09, 0.026,
  0.076, 0.09, 0.026,
  0.078, 0.09, 0.026,
  0.08, 0.09, 0.026,
  0.074, 0.09, 0.0265,
  0.076, 0.09, 0.0265,
  0.078, 0.09, 0.0265,
  0.08, 0.09, 0.0265,
  0.074, 0.09, 0.027,
  0.076, 0.09, 0.027,
  0.078, 0.09, 0.027,
  0.08, 0.09, 0.027,
  0.074, 0.09, 0.0275,
  0.076, 0.09, 0.0275,
  0.078, 0.09, 0.0275,
  0.08, 0.09, 0.0275,
  0.074, 0.09, 0.028,
  0.076, 0.09, 0.028,
  0.078, 0.09, 0.028,
  0.08, 0.09, 0.028,
  0.074, 0.09, 0.0285,
  0.076, 0.09, 0.0285,
  0.078, 0.09, 0.0285,
  0.08, 0.09, 0.0285
 ],
 "morphTargets": [],
 "morphColors": [],
 "normals": [],
 "colors": [],
 "uvs": [[]],