 {
  "metadata" :
  {
   "formatVersion" : 3,
   "sourceFile" : "mch002r_022d",
   "generatedBy" : "Tr3 20161112",
   "vertices" : 22,
   "faces" : 20,
   "normals" : 0,
   "colors" : 0,
   "uvs" : 0,
   "materials" : 1
  },
  "scale" : 1.0,
  "materials": [{
    "DbgColor": 0,
    "DbgIndex": 0,
    "DbgName" : "skin_ext_ant_22: Skin",
    "colorAmbient": [0.0, 0.0, 0.0],
    "colorDiffuse": [ 1.000, 0.753, 0.796],
    "colorSpecular": [0.16, 0.16, 0.16]
    }],
  "vertices": [
  0.04584, 0.034, 0.0115,
  0.0450173, 0.0355174, 0.0115,
  0.04583, 0.034, 0.011,
  0.0449264, 0.0354836, 0.011,
  0.044195, 0.0370349, 0.0115,
  0.0439497, 0.0369098, 0.011,
  0.0433739, 0.0385532, 0.0115,
  0.0431037, 0.0384344, 0.011,
  0.0426538, 0.0401218, 0.0115,
  0.0423333, 0.0399959, 0.011,
  0.0419336, 0.0416904, 0.0115,
  0.0416546, 0.0416021, 0.011,
  0.0413706, 0.0433219, 0.0115,
  0.0410191, 0.0432237, 0.011,
  0.0408434, 0.0449646, 0.0115,
  0.0405189, 0.0448941, 0.011,
  0.0404, 0.0466327, 0.0115,
  0.04002, 0.0465647, 0.011,
  0.0400063, 0.0483133, 0.0115,
  0.0397316, 0.0482657, 0.011,
  0.03964, 0.05, 0.011,
  0.03964, 0.05, 0.0115
 ],
 "morphTargets": [],
 "morphColors": [],
 "normals": [],
 "colors": [],
 "uvs": [[]],
  "faces": [
  2, 0, 1, 2, 0,
  2, 1, 3, 2, 0,
  2, 1, 4, 3, 0,
  2, 4, 5, 3, 0,
  2, 4, 6, 5, 0,
  2, 6, 7, 5, 0,
  2, 6, 8, 7, 0,
  2, 8, 9, 7, 0,
  2, 8, 10, 9, 0,
  2, 10, 11, 9, 0,
  2, 10, 12, 11, 0,
  2, 12, 13, 11, 0,
  2, 12, 14, 13, 0,
  2, 14, 15, 13, 0,
  2, 14, 16, 15, 0,
  2, 16, 17, 15, 0,
  2, 16, 18, 17, 0,
  2, 18, 19, 17, 0,
  2, 18, 20, 19, 0,
  2, 18, 21, 20, 0
]
 }
