 {
  "metadata" :
  {
   "formatVersion" : 3,
   "sourceFile" : "mch002r_022d",
   "generatedBy" : "Tr3 20161112",
   "vertices" : 10,
   "faces" : 9,
   "normals" : 0,
   "colors" : 0,
   "uvs" : 0,
   "materials" : 1
  },
  "scale" : 1.0,
  "materials": [{
    "DbgColor": 0,
    "DbgIndex": 0,
    "DbgName" : "9_36: (no description)",
    "colorAmbient": [0.0, 0.0, 0.0],
    "colorDiffuse": [ 1.000, 1.000, 1.000],
    "colorSpecular": [0.16, 0.16, 0.16]
    }],
  "vertices": [
  0.04593, 0.0734, 0.0185,
  0.0465981, 0.0783719, 0.018,
  0.04572, 0.07272, 0.018,
  0.0460273, 0.0815455, 0.0185,
  0.0457294, 0.0841443, 0.018,
  0.04546, 0.08999, 0.0185,
  0.04525, 0.08997, 0.018,
  0.0464, 0.07372, 0.019,
  0.0459971, 0.0818172, 0.019,
  0.04558, 0.08999, 0.019
 ],
 "morphTargets": [],
 "morphColors": [],
 "normals": [],
 "colors": [],
 "uvs": [[]],
  "faces": [
  2, 0, 1, 2, 0,
  2, 0, 3, 1, 0,
  2, 3, 4, 1, 0,
  2, 3, 5, 4, 0,
  2, 5, 6, 4, 0,
  2, 7, 3, 0, 0,
  2, 7, 8, 3, 0,
  2, 8, 5, 3, 0,
  2, 8, 9, 5, 0
]
 }
