 {
  "metadata" :
  {
   "formatVersion" : 3,
   "sourceFile" : "mch002r_022d",
   "generatedBy" : "Tr3 20161112",
   "vertices" : 22,
   "faces" : 20,
   "normals" : 0,
   "colors" : 0,
   "uvs" : 0,
   "materials" : 1
  },
  "scale" : 1.0,
  "materials": [{
    "DbgColor": 0,
    "DbgIndex": 0,
    "DbgName" : "Join skin_ext_ant_45: Skin",
    "colorAmbient": [0.0, 0.0, 0.0],
    "colorDiffuse": [ 1.000, 0.753, 0.796],
    "colorSpecular": [0.16, 0.16, 0.16]
    }],
  "vertices": [
  0.0463674, 0.0355168, 0.0225,
  0.0456884, 0.0370583, 0.0225,
  0.0462691, 0.0355256, 0.022,
  0.047, 0.034, 0.022,
  0.0471, 0.034, 0.0225,
  0.0440445, 0.0418316, 0.0225,
  0.0438749, 0.0418359, 0.022,
  0.0443915, 0.0402254, 0.022,
  0.0435954, 0.0434551, 0.0225,
  0.0433981, 0.0434589, 0.022,
  0.043184, 0.0450881, 0.0225,
  0.0429401, 0.0450873, 0.022,
  0.0427579, 0.046717, 0.0225,
  0.0424491, 0.0467057, 0.022,
  0.0423252, 0.0483444, 0.0225,
  0.0419273, 0.0483148, 0.022,
  0.04208, 0.05, 0.0225,
  0.0455823, 0.0370709, 0.022,
  0.0450817, 0.0386297, 0.0225,
  0.0448779, 0.0386083, 0.022,
  0.0445045, 0.0402122, 0.0225,
  0.04193, 0.05, 0.022
 ],
 "morphTargets": [],
 "morphColors": [],
 "normals": [],
 "colors": [],
 "uvs": [[]],
  "faces": [
  2, 0, 1, 2, 0,
  2, 0, 2, 3, 0,
  2, 4, 0, 3, 0,
  2, 5, 6, 7, 0,
  2, 5, 8, 6, 0,
  2, 8, 9, 6, 0,
  2, 8, 10, 9, 0,
  2, 10, 11, 9, 0,
  2, 10, 12, 11, 0,
  2, 12, 13, 11, 0,
  2, 12, 14, 13, 0,
  2, 14, 15, 13, 0,
  2, 14, 16, 15, 0,
  2, 1, 17, 2, 0,
  2, 1, 18, 17, 0,
  2, 18, 19, 17, 0,
  2, 18, 20, 19, 0,
  2, 20, 7, 19, 0,
  2, 20, 5, 7, 0,
  2, 16, 21, 15, 0
]
 }
