 {
  "metadata" :
  {
   "formatVersion" : 3,
   "sourceFile" : "mch002r_022d",
   "generatedBy" : "Tr3 20161112",
   "vertices" : 12,
   "faces" : 10,
   "normals" : 0,
   "colors" : 0,
   "uvs" : 0,
   "materials" : 1
  },
  "scale" : 1.0,
  "materials": [{
    "DbgColor": 0,
    "DbgIndex": 0,
    "DbgName" : "Join labvest_ant_28: Vestibule",
    "colorAmbient": [0.0, 0.0, 0.0],
    "colorDiffuse": [ 0.678, 0.847, 0.902],
    "colorSpecular": [0.16, 0.16, 0.16]
    }],
  "vertices": [
  0.06355, 0.07631, 0.0135,
  0.06333, 0.07583, 0.0135,
  0.06283, 0.07704, 0.013,
  0.06395, 0.07478, 0.0135,
  0.06445, 0.07482, 0.0135,
  0.06446, 0.0743, 0.013,
  0.06285, 0.07497, 0.013,
  0.06335, 0.07538, 0.0135,
  0.06353, 0.075, 0.0135,
  0.0633, 0.07463, 0.013,
  0.06375, 0.07444, 0.013,
  0.06481, 0.07507, 0.0135
 ],
 "morphTargets": [],
 "morphColors": [],
 "normals": [],
 "colors": [],
 "uvs": [[]],
  "faces": [
  2, 0, 1, 2, 0,
  2, 3, 4, 5, 0,
  2, 1, 6, 2, 0,
  2, 1, 7, 6, 0,
  2, 7, 8, 6, 0,
  2, 8, 9, 6, 0,
  2, 8, 10, 9, 0,
  2, 8, 3, 10, 0,
  2, 3, 5, 10, 0,
  2, 4, 11, 5, 0
]
 }
