 {
  "metadata" :
  {
   "formatVersion" : 3,
   "sourceFile" : "mch002r_022d",
   "generatedBy" : "Tr3 20161112",
   "vertices" : 40,
   "faces" : 59,
   "normals" : 0,
   "colors" : 0,
   "uvs" : 0,
   "materials" : 1
  },
  "scale" : 1.0,
  "materials": [{
    "DbgColor": 0,
    "DbgIndex": 0,
    "DbgName" : "os_occcond_cut_42: Occipital bone (condylar part)",
    "colorAmbient": [0.0, 0.0, 0.0],
    "colorDiffuse": [ 1.000, 0.784, 0.588],
    "colorSpecular": [0.16, 0.16, 0.16]
    }],
  "vertices": [
  0.06268, 0.09, 0.0215,
  0.0640111, 0.09, 0.021,
  0.06234, 0.09, 0.021,
  0.0656822, 0.09, 0.021,
  0.0643078, 0.09, 0.0215,
  0.0659356, 0.09, 0.0215,
  0.0675633, 0.09, 0.0215,
  0.0691911, 0.09, 0.0215,
  0.0708189, 0.09, 0.0215,
  0.0724467, 0.09, 0.0215,
  0.0740745, 0.09, 0.0215,
  0.0673533, 0.09, 0.021,
  0.0690245, 0.09, 0.021,
  0.0706956, 0.09, 0.021,
  0.0723667, 0.09, 0.021,
  0.0740378, 0.09, 0.021,
  0.0757089, 0.09, 0.021,
  0.0757022, 0.09, 0.0215,
  0.07738, 0.09, 0.021,
  0.07733, 0.09, 0.0215,
  0.06302, 0.09, 0.022,
  0.0645967, 0.09, 0.022,
  0.0661733, 0.09, 0.022,
  0.06775, 0.09, 0.022,
  0.0693267, 0.09, 0.022,
  0.0709033, 0.09, 0.022,
  0.07248, 0.09, 0.022,
  0.0740567, 0.09, 0.022,
  0.0756334, 0.09, 0.022,
  0.07721, 0.09, 0.022,
  0.06698, 0.09, 0.0225,
  0.0686383, 0.09, 0.0225,
  0.0702967, 0.09, 0.0225,
  0.071955, 0.09, 0.0225,
  0.0736133, 0.09, 0.0225,
  0.0752717, 0.09, 0.0225,
  0.07693, 0.09, 0.0225,
  0.07379, 0.09, 0.023,
  0.0752, 0.09, 0.023,
  0.07661, 0.09, 0.023
 ],
 "morphTargets": [],
 "morphColors": [],
 "normals": [],
 "colors": [],
 "uvs": [[]],
  "faces": [
  2, 0, 1, 2, 0,
  2, 0, 3, 1, 0,
  2, 0, 4, 3, 0,
  2, 4, 5, 3, 0,
  2, 5, 6, 3, 0,
  2, 6, 7, 3, 0,
  2, 7, 8, 3, 0,
  2, 8, 9, 3, 0,
  2, 9, 10, 3, 0,
  2, 10, 11, 3, 0,
  2, 10, 12, 11, 0,
  2, 10, 13, 12, 0,
  2, 10, 14, 13, 0,
  2, 10, 15, 14, 0,
  2, 10, 16, 15, 0,
  2, 10, 17, 16, 0,
  2, 17, 18, 16, 0,
  2, 17, 19, 18, 0,
  2, 20, 21, 0, 0,
  2, 21, 22, 0, 0,
  2, 22, 23, 0, 0,
  2, 23, 4, 0, 0,
  2, 23, 24, 4, 0,
  2, 24, 5, 4, 0,
  2, 24, 6, 5, 0,
  2, 24, 7, 6, 0,
  2, 24, 8, 7, 0,
  2, 24, 25, 8, 0,
  2, 25, 9, 8, 0,
  2, 25, 26, 9, 0,
  2, 26, 10, 9, 0,
  2, 26, 27, 10, 0,
  2, 27, 17, 10, 0,
  2, 27, 28, 17, 0,
  2, 28, 19, 17, 0,
  2, 28, 29, 19, 0,
  2, 30, 21, 20, 0,
  2, 30, 22, 21, 0,
  2, 30, 31, 22, 0,
  2, 31, 23, 22, 0,
  2, 31, 24, 23, 0,
  2, 31, 25, 24, 0,
  2, 31, 26, 25, 0,
  2, 31, 27, 26, 0,
  2, 31, 28, 27, 0,
  2, 31, 32, 28, 0,
  2, 32, 33, 28, 0,
  2, 33, 34, 28, 0,
  2, 34, 35, 28, 0,
  2, 35, 29, 28, 0,
  2, 35, 36, 29, 0,
  2, 37, 31, 30, 0,
  2, 37, 32, 31, 0,
  2, 37, 33, 32, 0,
  2, 37, 38, 33, 0,
  2, 38, 34, 33, 0,
  2, 38, 35, 34, 0,
  2, 38, 36, 35, 0,
  2, 38, 39, 36, 0
]
 }
