 {
  "metadata" :
  {
   "formatVersion" : 3,
   "sourceFile" : "mch002r_022d",
   "generatedBy" : "Tr3 20161112",
   "vertices" : 150,
   "faces" : 148,
   "normals" : 0,
   "colors" : 0,
   "uvs" : 0,
   "materials" : 1
  },
  "scale" : 1.0,
  "materials": [{
    "DbgColor": 0,
    "DbgIndex": 0,
    "DbgName" : "Join skin_ext_ant_22: Skin",
    "colorAmbient": [0.0, 0.0, 0.0],
    "colorDiffuse": [ 1.000, 0.753, 0.796],
    "colorSpecular": [0.16, 0.16, 0.16]
    }],
  "vertices": [
  0.043297, 0.0681101, 0.011,
  0.044666, 0.0683063, 0.011,
  0.0434957, 0.0683393, 0.0105,
  0.0409135, 0.0705864, 0.011,
  0.0421916, 0.0694675, 0.0105,
  0.0409959, 0.0707265, 0.0105,
  0.0420767, 0.069319, 0.011,
  0.0451772, 0.0732818, 0.011,
  0.0446475, 0.074914, 0.011,
  0.0449554, 0.0740991, 0.0105,
  0.0443108, 0.0756779, 0.0105,
  0.0439594, 0.0764839, 0.011,
  0.0435858, 0.0771653, 0.0105,
  0.0430977, 0.077973, 0.011,
  0.0422928, 0.0783126, 0.0105,
  0.0418601, 0.0791598, 0.011,
  0.0407797, 0.079152, 0.0105,
  0.0402938, 0.0797493, 0.011,
  0.0448591, 0.0690459, 0.0105,
  0.0452822, 0.0698686, 0.011,
  0.0454272, 0.0706682, 0.0105,
  0.0454366, 0.0715821, 0.011,
  0.0452957, 0.0724004, 0.0105,
  0.039301, 0.056784, 0.011,
  0.0395325, 0.0584888, 0.011,
  0.0392914, 0.0568335, 0.0105,
  0.0395364, 0.0585533, 0.0105,
  0.0390884, 0.0600188, 0.011,
  0.0389771, 0.0600244, 0.0105,
  0.0381847, 0.0614737, 0.011,
  0.0381306, 0.0615414, 0.0105,
  0.037436, 0.0630227, 0.011,
  0.0373219, 0.0630789, 0.0105,
  0.036883, 0.0646392, 0.011,
  0.036768, 0.0647076, 0.0105,
  0.0368687, 0.0663233, 0.011,
  0.0368848, 0.0664144, 0.0105,
  0.0376618, 0.0677542, 0.011,
  0.0379604, 0.0677043, 0.0105,
  0.0391508, 0.0676273, 0.011,
  0.0393326, 0.0671165, 0.0105,
  0.0396319, 0.0659998, 0.011,
  0.039613, 0.0654211, 0.0105,
  0.0403046, 0.06461, 0.011,
  0.0404593, 0.0642235, 0.0105,
  0.0405616, 0.0658131, 0.0105,
  0.0405583, 0.0659887, 0.011,
  0.0399707, 0.0674458, 0.0105,
  0.0398691, 0.067563, 0.011,
  0.0393204, 0.0690559, 0.0105,
  0.0390919, 0.0690975, 0.011,
  0.0382626, 0.0704253, 0.0105,
  0.0381926, 0.0705571, 0.011,
  0.0373744, 0.0718875, 0.0105,
  0.0374325, 0.0720944, 0.011,
  0.0373969, 0.0735004, 0.0105,
  0.0385465, 0.0730749, 0.011,
  0.0388412, 0.0734302, 0.0105,
  0.0398204, 0.0720052, 0.0105,
  0.0397574, 0.0718606, 0.011,
  0.04583, 0.034, 0.011,
  0.0449264, 0.0354836, 0.011,
  0.04582, 0.034, 0.0105,
  0.0449728, 0.0355163, 0.0105,
  0.0439497, 0.0369098, 0.011,
  0.0441352, 0.0370248, 0.0105,
  0.0431902, 0.0384636, 0.0105,
  0.0431037, 0.0384344, 0.011,
  0.0423699, 0.0399949, 0.0105,
  0.0423333, 0.0399959, 0.011,
  0.0418492, 0.0416364, 0.0105,
  0.0416546, 0.0416021, 0.011,
  0.0411167, 0.0432116, 0.0105,
  0.0410191, 0.0432237, 0.011,
  0.0405807, 0.0448601, 0.0105,
  0.0405189, 0.0448941, 0.011,
  0.0402, 0.0465439, 0.0105,
  0.04002, 0.0465647, 0.011,
  0.0399586, 0.0482592, 0.0105,
  0.0397316, 0.0482657, 0.011,
  0.0396459, 0.049968, 0.0105,
  0.03964, 0.05, 0.011,
  0.03927, 0.0516572, 0.0105,
  0.0392257, 0.051669, 0.011,
  0.0391844, 0.0533866, 0.0105,
  0.0389798, 0.0533645, 0.011,
  0.0390961, 0.0550759, 0.011,
  0.0390742, 0.0551113, 0.0105,
  0.0361335, 0.0769659, 0.011,
  0.0346737, 0.0774372, 0.011,
  0.0350726, 0.0766225, 0.0105,
  0.0338941, 0.0778987, 0.0105,
  0.0334154, 0.0786103, 0.011,
  0.0323665, 0.0781731, 0.0105,
  0.031927, 0.0790382, 0.011,
  0.0316188, 0.0796243, 0.0105,
  0.0319342, 0.0805884, 0.011,
  0.0323959, 0.0811207, 0.0105,
  0.0331885, 0.081766, 0.011,
  0.0336727, 0.0822987, 0.0105,
  0.0344429, 0.0829435, 0.011,
  0.0358443, 0.0839144, 0.011,
  0.0350996, 0.0832877, 0.0105,
  0.0367364, 0.083763, 0.0105,
  0.0374897, 0.0834751, 0.011,
  0.0382621, 0.082979, 0.0105,
  0.0390487, 0.0827503, 0.011,
  0.0398192, 0.0822248, 0.0105,
  0.0406904, 0.0823147, 0.011,
  0.04146, 0.082066, 0.0105,
  0.0418268, 0.0832286, 0.011,
  0.0416872, 0.0836941, 0.0105,
  0.0416911, 0.0849216, 0.011,
  0.0414618, 0.0854166, 0.0105,
  0.0412616, 0.0865876, 0.011,
  0.0412704, 0.0871432, 0.0105,
  0.0412317, 0.0883022, 0.011,
  0.0412553, 0.0888739, 0.0105,
  0.04151, 0.09, 0.011,
  0.041431, 0.0906002, 0.0105,
  0.0418783, 0.0916112, 0.011,
  0.0418947, 0.0922707, 0.0105,
  0.0422498, 0.0932207, 0.011,
  0.0423389, 0.0939476, 0.0105,
  0.04264, 0.0948204, 0.011,
  0.0426905, 0.0956488, 0.0105,
  0.0430491, 0.0964072, 0.011,
  0.043219, 0.0973024, 0.0105,
  0.0435703, 0.0979759, 0.011,
  0.0437727, 0.0989488, 0.0105,
  0.0440889, 0.0995456, 0.011,
  0.0444736, 0.100538, 0.0105,
  0.0447551, 0.101058, 0.011,
  0.0451745, 0.102128, 0.0105,
  0.0454341, 0.102565, 0.011,
  0.0458754, 0.103717, 0.0105,
  0.0459116, 0.104142, 0.011,
  0.046458, 0.105332, 0.0105,
  0.0466521, 0.105606, 0.011,
  0.0473006, 0.106846, 0.0105,
  0.0473976, 0.107077, 0.011,
  0.0479658, 0.10845, 0.0105,
  0.0480566, 0.10859, 0.011,
  0.04875, 0.11, 0.0105,
  0.04892, 0.11, 0.011,
  0.0374533, 0.078053, 0.011,
  0.0366173, 0.0767544, 0.0105,
  0.0387605, 0.0791713, 0.011,
  0.0378793, 0.0779481, 0.0105,
  0.0391294, 0.0791544, 0.0105
 ],
 "morphTargets": [],
 "morphColors": [],
 "normals": [],
 "colors": [],
 "uvs": [[]],