 {
  "metadata" :
  {
   "formatVersion" : 3,
   "sourceFile" : "mch002r_022d",
   "generatedBy" : "Tr3 20161112",
   "vertices" : 59,
   "faces" : 59,
   "normals" : 0,
   "colors" : 0,
   "uvs" : 0,
   "materials" : 1
  },
  "scale" : 1.0,
  "materials": [{
    "DbgColor": 0,
    "DbgIndex": 0,
    "DbgName" : "Join os_cavpost_32: Cavity wall",
    "colorAmbient": [0.0, 0.0, 0.0],
    "colorDiffuse": [ 1.000, 0.784, 0.588],
    "colorSpecular": [0.16, 0.16, 0.16]
    }],
  "vertices": [
  0.06685, 0.06969, 0.016,
  0.06707, 0.07016, 0.016,
  0.06575, 0.07123, 0.0155,
  0.066478, 0.0707951, 0.016,
  0.0659927, 0.0715061, 0.016,
  0.0652726, 0.0730572, 0.016,
  0.0647743, 0.0737567, 0.016,
  0.064926, 0.0735467, 0.0155,
  0.0645414, 0.0742611, 0.0155,
  0.0642717, 0.0744581, 0.016,
  0.0653611, 0.0719643, 0.0155,
  0.0655316, 0.0722335, 0.016,
  0.0650584, 0.0727253, 0.0155,
  0.0633479, 0.0759065, 0.016,
  0.0630905, 0.0767172, 0.016,
  0.0632747, 0.0763734, 0.0155,
  0.0629357, 0.0771243, 0.0155,
  0.0632956, 0.0775531, 0.016,
  0.0622394, 0.0774188, 0.0155,
  0.06246, 0.0781, 0.0155,
  0.0632576, 0.0780673, 0.0155,
  0.0635611, 0.0783701, 0.016,
  0.0635677, 0.0787775, 0.0155,
  0.0635692, 0.0792372, 0.016,
  0.0634957, 0.079583, 0.0155,
  0.0633108, 0.0800569, 0.016,
  0.0640327, 0.0749206, 0.0155,
  0.0637511, 0.0751378, 0.016,
  0.0635473, 0.0755964, 0.0155,
  0.0618078, 0.0805524, 0.016,
  0.0612446, 0.0801465, 0.0155,
  0.061727, 0.0806639, 0.0155,
  0.0611061, 0.0801495, 0.016,
  0.061317, 0.079363, 0.016,
  0.0615316, 0.0793994, 0.0155,
  0.0618686, 0.0786967, 0.016,
  0.0619134, 0.0786837, 0.0155,
  0.0621731, 0.0779611, 0.016,
  0.0618496, 0.0771779, 0.016,
  0.0619697, 0.0767351, 0.0155,
  0.0620083, 0.076325, 0.016,
  0.0620612, 0.0759123, 0.0155,
  0.0617398, 0.0756372, 0.016,
  0.0615482, 0.075462, 0.0155,
  0.0611351, 0.0760137, 0.016,
  0.0610703, 0.0760747, 0.0155,
  0.0606437, 0.0766736, 0.016,
  0.0603242, 0.0762888, 0.0155,
  0.0598205, 0.0766607, 0.016,
  0.0595964, 0.0759468, 0.0155,
  0.0590148, 0.0764918, 0.016,
  0.0588804, 0.0763632, 0.0155,
  0.05841, 0.0760986, 0.016,
  0.0582989, 0.0760173, 0.0155,
  0.0578524, 0.0757359, 0.016,
  0.05764, 0.07579, 0.0155,
  0.0632282, 0.0803254, 0.0155,
  0.0626745, 0.080537, 0.016,
  0.0625277, 0.080654, 0.0155
 ],
 "morphTargets": [],
 "morphColors": [],
 "normals": [],
 "colors": [],
 "uvs": [[]],
  "faces": [
  2, 0, 1, 2, 0,
  2, 3, 4, 2, 0,
  2, 1, 3, 2, 0,
  2, 5, 6, 7, 0,
  2, 6, 8, 7, 0,
  2, 6, 9, 8, 0,
  2, 4, 10, 2, 0,
  2, 4, 11, 10, 0,
  2, 11, 12, 10, 0,
  2, 11, 5, 12, 0,
  2, 5, 7, 12, 0,
  2, 13, 14, 15, 0,
  2, 14, 16, 15, 0,
  2, 14, 17, 16, 0,
  2, 17, 18, 16, 0,
  2, 17, 19, 18, 0,
  2, 17, 20, 19, 0,
  2, 17, 21, 20, 0,
  2, 21, 22, 20, 0,
  2, 21, 23, 22, 0,
  2, 23, 24, 22, 0,
  2, 23, 25, 24, 0,
  2, 9, 26, 8, 0,
  2, 9, 27, 26, 0,
  2, 27, 28, 26, 0,
  2, 27, 13, 28, 0,
  2, 13, 15, 28, 0,
  2, 29, 30, 31, 0,
  2, 29, 32, 30, 0,
  2, 32, 33, 30, 0,
  2, 33, 34, 30, 0,
  2, 33, 35, 34, 0,
  2, 35, 36, 34, 0,
  2, 35, 37, 36, 0,
  2, 37, 19, 36, 0,
  2, 37, 18, 19, 0,
  2, 37, 38, 18, 0,
  2, 38, 39, 18, 0,
  2, 38, 40, 39, 0,
  2, 40, 41, 39, 0,
  2, 40, 42, 41, 0,
  2, 42, 43, 41, 0,
  2, 42, 44, 43, 0,
  2, 44, 45, 43, 0,
  2, 44, 46, 45, 0,
  2, 46, 47, 45, 0,
  2, 46, 48, 47, 0,
  2, 48, 49, 47, 0,
  2, 48, 50, 49, 0,
  2, 50, 51, 49, 0,
  2, 50, 52, 51, 0,
  2, 52, 53, 51, 0,
  2, 52, 54, 53, 0,
  2, 54, 55, 53, 0,
  2, 25, 56, 24, 0,
  2, 25, 57, 56, 0,
  2, 57, 58, 56, 0,
  2, 57, 29, 58, 0,
  2, 29, 31, 58, 0
]
 }
