 {
  "metadata" :
  {
   "formatVersion" : 3,
   "sourceFile" : "mch002r_022d",
   "generatedBy" : "Tr3 20161112",
   "vertices" : 12,
   "faces" : 12,
   "normals" : 0,
   "colors" : 0,
   "uvs" : 0,
   "materials" : 1
  },
  "scale" : 1.0,
  "materials": [{
    "DbgColor": 0,
    "DbgIndex": 0,
    "DbgName" : "1b_a36: (no description)",
    "colorAmbient": [0.0, 0.0, 0.0],
    "colorDiffuse": [ 1.000, 1.000, 1.000],
    "colorSpecular": [0.16, 0.16, 0.16]
    }],
  "vertices": [
  0.05671, 0.09009, 0.0185,
  0.0554388, 0.0869589, 0.0185,
  0.05603, 0.09004, 0.018,
  0.0546316, 0.0870258, 0.018,
  0.0542723, 0.0837775, 0.0185,
  0.0534336, 0.0838961, 0.018,
  0.05329, 0.08055, 0.0185,
  0.05245, 0.08069, 0.018,
  0.05739, 0.08999, 0.019,
  0.0557844, 0.0870432, 0.019,
  0.0547743, 0.0837289, 0.019,
  0.05395, 0.08036, 0.019
 ],
 "morphTargets": [],
 "morphColors": [],
 "normals": [],
 "colors": [],
 "uvs": [[]],
  "faces": [
  2, 0, 1, 2, 0,
  2, 1, 3, 2, 0,
  2, 1, 4, 3, 0,
  2, 4, 5, 3, 0,
  2, 4, 6, 5, 0,
  2, 6, 7, 5, 0,
  2, 8, 9, 0, 0,
  2, 9, 1, 0, 0,
  2, 9, 10, 1, 0,
  2, 10, 4, 1, 0,
  2, 10, 11, 4, 0,
  2, 11, 6, 4, 0
]
 }
