 {
  "metadata" :
  {
   "formatVersion" : 3,
   "sourceFile" : "mch002r_022d",
   "generatedBy" : "Tr3 20161112",
   "vertices" : 12,
   "faces" : 10,
   "normals" : 0,
   "colors" : 0,
   "uvs" : 0,
   "materials" : 1
  },
  "scale" : 1.0,
  "materials": [{
    "DbgColor": 0,
    "DbgIndex": 0,
    "DbgName" : "2_a45: (no description)",
    "colorAmbient": [0.0, 0.0, 0.0],
    "colorDiffuse": [ 1.000, 1.000, 1.000],
    "colorSpecular": [0.16, 0.16, 0.16]
    }],
  "vertices": [
  0.04633, 0.09, 0.023,
  0.0503493, 0.0900299, 0.0225,
  0.04619, 0.08995, 0.0225,
  0.0507483, 0.0899915, 0.023,
  0.0545096, 0.0900799, 0.0225,
  0.0551666, 0.0899932, 0.023,
  0.0586698, 0.09013, 0.0225,
  0.059585, 0.0899949, 0.023,
  0.06283, 0.09018, 0.0225,
  0.0640033, 0.0899966, 0.023,
  0.0684216, 0.0899983, 0.023,
  0.07284, 0.09, 0.023
 ],
 "morphTargets": [],
 "morphColors": [],
 "normals": [],
 "colors": [],
 "uvs": [[]],
  "faces": [
  2, 0, 1, 2, 0,
  2, 0, 3, 1, 0,
  2, 3, 4, 1, 0,
  2, 3, 5, 4, 0,
  2, 5, 6, 4, 0,
  2, 5, 7, 6, 0,
  2, 7, 8, 6, 0,
  2, 7, 9, 8, 0,
  2, 9, 10, 8, 0,
  2, 10, 11, 8, 0
]
 }
