 {
  "metadata" :
  {
   "formatVersion" : 3,
   "sourceFile" : "mch002r_022d",
   "generatedBy" : "Tr3 20161112",
   "vertices" : 44,
   "faces" : 44,
   "normals" : 0,
   "colors" : 0,
   "uvs" : 0,
   "materials" : 1
  },
  "scale" : 1.0,
  "materials": [{
    "DbgColor": 0,
    "DbgIndex": 0,
    "DbgName" : "Join Jnewb38-39:                 ",
    "colorAmbient": [0.0, 0.0, 0.0],
    "colorDiffuse": [ 1.000, 1.000, 1.000],
    "colorSpecular": [0.16, 0.16, 0.16]
    }],
  "vertices": [
  0.056251, 0.0752801, 0.0195,
  0.05858, 0.07544, 0.0195,
  0.05819, 0.07476, 0.019,
  0.0551607, 0.077701, 0.0195,
  0.0554091, 0.0751686, 0.019,
  0.05395, 0.077513, 0.019,
  0.0613238, 0.0772034, 0.0195,
  0.0646611, 0.0773587, 0.0195,
  0.0634019, 0.0774336, 0.019,
  0.066505, 0.0775674, 0.019,
  0.0661229, 0.0761757, 0.0195,
  0.0683266, 0.0762954, 0.019,
  0.0654573, 0.0760569, 0.019,
  0.0603487, 0.0769589, 0.019,
  0.0652317, 0.0736442, 0.0195,
  0.0669269, 0.0715608, 0.0195,
  0.0664773, 0.0727426, 0.019,
  0.0664904, 0.0704259, 0.019,
  0.06476, 0.06934, 0.0195,
  0.06421, 0.06907, 0.019,
  0.06436, 0.06886, 0.019,
  0.0640289, 0.0675338, 0.0195,
  0.0614101, 0.0686328, 0.019,
  0.0624462, 0.0674226, 0.019,
  0.0654169, 0.0665266, 0.019,
  0.0673413, 0.0672671, 0.0195,
  0.0682322, 0.0672522, 0.019,
  0.070564, 0.0677822, 0.0195,
  0.0709894, 0.068689, 0.019,
  0.0640885, 0.0742134, 0.019,
  0.0733, 0.07284, 0.0195,
  0.07405, 0.07302, 0.019,
  0.0737465, 0.0701258, 0.019,
  0.0700144, 0.0743649, 0.019,
  0.0696892, 0.0745775, 0.0195,
  0.0662728, 0.0765204, 0.019,
  0.0661721, 0.0765297, 0.0195,
  0.0625628, 0.0783049, 0.0195,
  0.0623033, 0.0782216, 0.019,
  0.0587432, 0.0795204, 0.0195,
  0.0581799, 0.0794852, 0.019,
  0.05395, 0.08036, 0.019,
  0.05488, 0.08032, 0.0195,
  0.0732327, 0.0696345, 0.0195
 ],
 "morphTargets": [],
 "morphColors": [],
 "normals": [],
 "colors": [],
 "uvs": [[]],
  "faces": [
  2, 0, 1, 2, 0,
  2, 3, 4, 5, 0,
  2, 3, 0, 4, 0,
  2, 0, 2, 4, 0,
  2, 6, 7, 8, 0,
  2, 7, 9, 8, 0,
  2, 7, 10, 9, 0,
  2, 10, 11, 9, 0,
  2, 10, 12, 11, 0,
  2, 1, 13, 2, 0,
  2, 1, 6, 13, 0,
  2, 6, 8, 13, 0,
  2, 14, 15, 16, 0,
  2, 15, 17, 16, 0,
  2, 15, 18, 17, 0,
  2, 18, 19, 17, 0,
  2, 18, 20, 19, 0,
  2, 18, 21, 20, 0,
  2, 21, 22, 20, 0,
  2, 21, 23, 22, 0,
  2, 21, 24, 23, 0,
  2, 21, 25, 24, 0,
  2, 25, 26, 24, 0,
  2, 25, 27, 26, 0,
  2, 27, 28, 26, 0,
  2, 10, 14, 12, 0,
  2, 14, 29, 12, 0,
  2, 14, 16, 29, 0,
  2, 30, 31, 32, 0,
  2, 30, 33, 31, 0,
  2, 30, 34, 33, 0,
  2, 34, 35, 33, 0,
  2, 34, 36, 35, 0,
  2, 36, 37, 35, 0,
  2, 37, 38, 35, 0,
  2, 37, 39, 38, 0,
  2, 39, 40, 38, 0,
  2, 39, 41, 40, 0,
  2, 39, 42, 41, 0,
  2, 43, 30, 32, 0,
  2, 42, 3, 41, 0,
  2, 27, 43, 28, 0,
  2, 43, 32, 28, 0,
  2, 3, 5, 41, 0
]
 }
