 {
  "metadata" :
  {
   "formatVersion" : 3,
   "sourceFile" : "mch002r_022d",
   "generatedBy" : "Tr3 20161112",
   "vertices" : 113,
   "faces" : 113,
   "normals" : 0,
   "colors" : 0,
   "uvs" : 0,
   "materials" : 1
  },
  "scale" : 1.0,
  "materials": [{
    "DbgColor": 0,
    "DbgIndex": 0,
    "DbgName" : "Join os_cavlat_29a: Cavity wall",
    "colorAmbient": [0.0, 0.0, 0.0],
    "colorDiffuse": [ 1.000, 0.784, 0.588],
    "colorSpecular": [0.16, 0.16, 0.16]
    }],
  "vertices": [
  0.0601796, 0.0691, 0.0145,
  0.0608034, 0.0692301, 0.014,
  0.05998, 0.069, 0.014,
  0.0593756, 0.0689171, 0.0145,
  0.0626704, 0.0693647, 0.0145,
  0.0635033, 0.0695473, 0.0145,
  0.0621418, 0.0702772, 0.014,
  0.0626518, 0.0709641, 0.014,
  0.0643, 0.06984, 0.0145,
  0.061024, 0.0689535, 0.0145,
  0.0615361, 0.0696661, 0.014,
  0.0618624, 0.0690993, 0.0145,
  0.0630382, 0.0731408, 0.0145,
  0.0619647, 0.0741467, 0.014,
  0.0624438, 0.0734349, 0.014,
  0.06489, 0.07185, 0.0145,
  0.0646891, 0.0725953, 0.0145,
  0.0620058, 0.0748568, 0.0145,
  0.0612166, 0.0745556, 0.014,
  0.0612294, 0.0750611, 0.0145,
  0.0604162, 0.0748669, 0.014,
  0.0605428, 0.0755511, 0.0145,
  0.0597091, 0.07545, 0.0145,
  0.0596193, 0.0751909, 0.014,
  0.0589186, 0.0756515, 0.0145,
  0.0588017, 0.0754536, 0.014,
  0.0580905, 0.075578, 0.0145,
  0.057975, 0.0756912, 0.014,
  0.0573563, 0.0759626, 0.0145,
  0.0572734, 0.0761569, 0.014,
  0.0567203, 0.076536, 0.0145,
  0.0569823, 0.0769065, 0.014,
  0.0568314, 0.0772923, 0.0145,
  0.0569836, 0.0777614, 0.014,
  0.0566386, 0.0780934, 0.0145,
  0.0569186, 0.0786191, 0.014,
  0.05661, 0.0789476, 0.0145,
  0.0567907, 0.0794654, 0.014,
  0.0564619, 0.0797913, 0.0145,
  0.0565073, 0.0802675, 0.014,
  0.0560197, 0.0805161, 0.0145,
  0.0625983, 0.0713229, 0.0145,
  0.0628289, 0.0718039, 0.014,
  0.0627529, 0.072642, 0.014,
  0.0591457, 0.06882, 0.014,
  0.0540288, 0.0821099, 0.0145,
  0.0537758, 0.082267, 0.014,
  0.0545199, 0.0818395, 0.014,
  0.0533761, 0.0826619, 0.0145,
  0.0530424, 0.0827165, 0.014,
  0.0526444, 0.0831125, 0.0145,
  0.0522555, 0.0830609, 0.014,
  0.0518301, 0.0833475, 0.0145,
  0.0514254, 0.0831795, 0.014,
  0.0511019, 0.0828912, 0.0145,
  0.0507796, 0.0826598, 0.014,
  0.0510069, 0.0820546, 0.0145,
  0.0509073, 0.0818385, 0.014,
  0.0511987, 0.0812215, 0.0145,
  0.0513196, 0.0810834, 0.014,
  0.0514125, 0.0804089, 0.0145,
  0.0517767, 0.0803657, 0.014,
  0.0519302, 0.0797268, 0.0145,
  0.0523116, 0.0797169, 0.014,
  0.0526138, 0.0792354, 0.0145,
  0.0527636, 0.0789921, 0.014,
  0.0533193, 0.0787687, 0.0145,
  0.0533544, 0.0783689, 0.014,
  0.0537908, 0.0780685, 0.0145,
  0.0533964, 0.0776064, 0.014,
  0.0536092, 0.0772778, 0.0145,
  0.0539167, 0.0770395, 0.014,
  0.0538363, 0.0766875, 0.0145,
  0.0537504, 0.0762562, 0.014,
  0.0545905, 0.0765895, 0.0145,
  0.0543666, 0.0760069, 0.0145,
  0.0535518, 0.0757673, 0.0145,
  0.053057, 0.0757572, 0.014,
  0.0528643, 0.0753071, 0.0145,
  0.0527908, 0.075066, 0.014,
  0.0533722, 0.0748943, 0.0145,
  0.0536211, 0.0750354, 0.014,
  0.0542211, 0.0750228, 0.0145,
  0.0544558, 0.0752363, 0.014,
  0.0550668, 0.0751102, 0.0145,
  0.0552858, 0.0753574, 0.014,
  0.0558982, 0.0749861, 0.0145,
  0.0557119, 0.0746244, 0.014,
  0.0561815, 0.0741865, 0.0145,
  0.0558224, 0.0737929, 0.014,
  0.056065, 0.0733377, 0.0145,
  0.0556041, 0.0729668, 0.014,
  0.05601, 0.0724826, 0.0145,
  0.0555867, 0.0721164, 0.014,
  0.0560399, 0.0716239, 0.0145,
  0.0556659, 0.0712669, 0.014,
  0.0559775, 0.0707689, 0.0145,
  0.0557027, 0.070408, 0.014,
  0.0557392, 0.0699726, 0.0145,
  0.05593, 0.069605, 0.014,
  0.05529, 0.0692422, 0.0145,
  0.0556347, 0.06863, 0.0145,
  0.0563625, 0.0689098, 0.0145,
  0.0566608, 0.0691593, 0.014,
  0.0569921, 0.0693679, 0.0145,
  0.0574413, 0.0688171, 0.014,
  0.0559741, 0.0809386, 0.014,
  0.0554453, 0.0811542, 0.0145,
  0.0552931, 0.0814644, 0.014,
  0.0547291, 0.0816143, 0.0145,
  0.0578128, 0.0691309, 0.0145,
  0.0582979, 0.068737, 0.014,
  0.0585822, 0.0687606, 0.0145
 ],
 "morphTargets": [],
 "morphColors": [],
 "normals": [],
 "colors": [],
 "uvs": [[]],
  "faces": [
  2, 0, 1, 2, 0,
  2, 3, 0, 2, 0,
  2, 4, 5, 6, 0,
  2, 5, 7, 6, 0,
  2, 5, 8, 7, 0,
  2, 0, 9, 1, 0,
  2, 9, 10, 1, 0,
  2, 9, 11, 10, 0,
  2, 11, 4, 10, 0,
  2, 4, 6, 10, 0,
  2, 12, 13, 14, 0,
  2, 12, 15, 13, 0,
  2, 15, 16, 13, 0,
  2, 16, 17, 13, 0,
  2, 17, 18, 13, 0,
  2, 17, 19, 18, 0,
  2, 19, 20, 18, 0,
  2, 19, 21, 20, 0,
  2, 21, 22, 20, 0,
  2, 22, 23, 20, 0,
  2, 22, 24, 23, 0,
  2, 24, 25, 23, 0,
  2, 24, 26, 25, 0,
  2, 26, 27, 25, 0,
  2, 26, 28, 27, 0,
  2, 28, 29, 27, 0,
  2, 28, 30, 29, 0,
  2, 30, 31, 29, 0,
  2, 30, 32, 31, 0,
  2, 32, 33, 31, 0,
  2, 32, 34, 33, 0,
  2, 34, 35, 33, 0,
  2, 34, 36, 35, 0,
  2, 36, 37, 35, 0,
  2, 36, 38, 37, 0,
  2, 38, 39, 37, 0,
  2, 38, 40, 39, 0,
  2, 8, 41, 7, 0,
  2, 41, 42, 7, 0,
  2, 41, 43, 42, 0,
  2, 41, 12, 43, 0,
  2, 12, 14, 43, 0,
  2, 3, 2, 44, 0,
  2, 45, 46, 47, 0,
  2, 45, 48, 46, 0,
  2, 48, 49, 46, 0,
  2, 48, 50, 49, 0,
  2, 50, 51, 49, 0,
  2, 50, 52, 51, 0,
  2, 52, 53, 51, 0,
  2, 52, 54, 53, 0,
  2, 54, 55, 53, 0,
  2, 54, 56, 55, 0,
  2, 56, 57, 55, 0,
  2, 56, 58, 57, 0,
  2, 58, 59, 57, 0,
  2, 58, 60, 59, 0,
  2, 60, 61, 59, 0,
  2, 60, 62, 61, 0,
  2, 62, 63, 61, 0,
  2, 62, 64, 63, 0,
  2, 64, 65, 63, 0,
  2, 64, 66, 65, 0,
  2, 66, 67, 65, 0,
  2, 66, 68, 67, 0,
  2, 68, 69, 67, 0,
  2, 68, 70, 69, 0,
  2, 70, 71, 69, 0,
  2, 70, 72, 71, 0,
  2, 72, 73, 71, 0,
  2, 72, 74, 73, 0,
  2, 74, 75, 73, 0,
  2, 75, 76, 73, 0,
  2, 76, 77, 73, 0,
  2, 76, 78, 77, 0,
  2, 78, 79, 77, 0,
  2, 78, 80, 79, 0,
  2, 80, 81, 79, 0,
  2, 80, 82, 81, 0,
  2, 82, 83, 81, 0,
  2, 82, 84, 83, 0,
  2, 84, 85, 83, 0,
  2, 84, 86, 85, 0,
  2, 86, 87, 85, 0,
  2, 86, 88, 87, 0,
  2, 88, 89, 87, 0,
  2, 88, 90, 89, 0,
  2, 90, 91, 89, 0,
  2, 90, 92, 91, 0,
  2, 92, 93, 91, 0,
  2, 92, 94, 93, 0,
  2, 94, 95, 93, 0,
  2, 94, 96, 95, 0,
  2, 96, 97, 95, 0,
  2, 96, 98, 97, 0,
  2, 98, 99, 97, 0,
  2, 98, 100, 99, 0,
  2, 100, 101, 99, 0,
  2, 101, 102, 99, 0,
  2, 102, 103, 99, 0,
  2, 102, 104, 103, 0,
  2, 104, 105, 103, 0,
  2, 40, 106, 39, 0,
  2, 40, 107, 106, 0,
  2, 107, 108, 106, 0,
  2, 107, 109, 108, 0,
  2, 109, 47, 108, 0,
  2, 109, 45, 47, 0,
  2, 110, 111, 105, 0,
  2, 110, 112, 111, 0,
  2, 112, 44, 111, 0,
  2, 104, 110, 105, 0,
  2, 112, 3, 44, 0
]
 }
