 {
  "metadata" :
  {
   "formatVersion" : 3,
   "sourceFile" : "mch002r_022d",
   "generatedBy" : "Tr3 20161112",
   "vertices" : 8,
   "faces" : 7,
   "normals" : 0,
   "colors" : 0,
   "uvs" : 0,
   "materials" : 1
  },
  "scale" : 1.0,
  "materials": [{
    "DbgColor": 0,
    "DbgIndex": 0,
    "DbgName" : "7_40: sf000",
    "colorAmbient": [0.0, 0.0, 0.0],
    "colorDiffuse": [ 1.000, 1.000, 1.000],
    "colorSpecular": [0.16, 0.16, 0.16]
    }],
  "vertices": [
  0.05987, 0.07646, 0.0205,
  0.0619606, 0.0728954, 0.0205,
  0.05923, 0.07605, 0.02,
  0.0612237, 0.0723689, 0.02,
  0.06514, 0.06974, 0.02,
  0.06552, 0.07031, 0.0205,
  0.0606, 0.07654, 0.021,
  0.06582, 0.07096, 0.021
 ],
 "morphTargets": [],
 "morphColors": [],
 "normals": [],
 "colors": [],
 "uvs": [[]],
  "faces": [
  2, 0, 1, 2, 0,
  2, 1, 3, 2, 0,
  2, 1, 4, 3, 0,
  2, 1, 5, 4, 0,
  2, 6, 1, 0, 0,
  2, 6, 7, 1, 0,
  2, 7, 5, 1, 0
]
 }
