 {
  "metadata" :
  {
   "formatVersion" : 3,
   "sourceFile" : "mch002r_022d",
   "generatedBy" : "Tr3 20161112",
   "vertices" : 93,
   "faces" : 145,
   "normals" : 0,
   "colors" : 0,
   "uvs" : 0,
   "materials" : 1
  },
  "scale" : 1.0,
  "materials": [{
    "DbgColor": 0,
    "DbgIndex": 0,
    "DbgName" : "3b_11: bone",
    "colorAmbient": [0.0, 0.0, 0.0],
    "colorDiffuse": [ 1.000, 1.000, 1.000],
    "colorSpecular": [0.16, 0.16, 0.16]
    }],
  "vertices": [
  0.05792, 0.05175, 0.0125,
  0.0566537, 0.056219, 0.011,
  0.05601, 0.05152, 0.011,
  0.0588796, 0.0561387, 0.0125,
  0.0579641, 0.0606315, 0.0125,
  0.0558104, 0.060888, 0.011,
  0.0567055, 0.0650258, 0.0125,
  0.0546058, 0.0654753, 0.011,
  0.057272, 0.0688681, 0.011,
  0.0588048, 0.0680578, 0.0125,
  0.0619808, 0.0691865, 0.011,
  0.0633758, 0.0684, 0.0125,
  0.0666548, 0.0684113, 0.011,
  0.0678047, 0.0678512, 0.0125,
  0.0710294, 0.0665594, 0.011,
  0.0720874, 0.0661954, 0.0125,
  0.0749322, 0.0677603, 0.011,
  0.0752057, 0.0686791, 0.0125,
  0.0752829, 0.072365, 0.011,
  0.0751218, 0.0731471, 0.0125,
  0.0729524, 0.0764263, 0.011,
  0.0725263, 0.0769017, 0.0125,
  0.0694963, 0.0796841, 0.011,
  0.0691142, 0.0799716, 0.0125,
  0.0657097, 0.0825513, 0.011,
  0.0654496, 0.0827317, 0.0125,
  0.0614092, 0.0845259, 0.011,
  0.0613144, 0.084737, 0.0125,
  0.057176, 0.0865701, 0.011,
  0.0572682, 0.0868664, 0.0125,
  0.0539, 0.08999, 0.011,
  0.0539, 0.08999, 0.0125,
  0.05947, 0.05171, 0.014,
  0.0607408, 0.0562081, 0.014,
  0.0611112, 0.060716, 0.014,
  0.0588664, 0.0647079, 0.014,
  0.0622511, 0.0671633, 0.014,
  0.0668975, 0.0675454, 0.014,
  0.0714366, 0.0665521, 0.014,
  0.076009, 0.0666884, 0.014,
  0.0785934, 0.0700562, 0.014,
  0.0764343, 0.0739543, 0.014,
  0.07363, 0.0776723, 0.014,
  0.0705984, 0.0810893, 0.014,
  0.0663995, 0.0831483, 0.014,
  0.0620399, 0.0848078, 0.014,
  0.0578908, 0.0868833, 0.014,
  0.05451, 0.09009, 0.014,
  0.06007, 0.05175, 0.0145,
  0.0611841, 0.0563598, 0.0145,
  0.0609267, 0.0609914, 0.0145,
  0.0604443, 0.0652081, 0.0145,
  0.0649121, 0.0664587, 0.0145,
  0.0696116, 0.0668505, 0.0145,
  0.0743487, 0.0661847, 0.0145,
  0.078261, 0.068461, 0.0145,
  0.0774388, 0.072821, 0.0145,
  0.0743575, 0.0764629, 0.0145,
  0.0717087, 0.0804426, 0.0145,
  0.0674751, 0.0826317, 0.0145,
  0.0630832, 0.0845132, 0.0145,
  0.0589443, 0.0868407, 0.0145,
  0.05536, 0.09, 0.0145,
  0.06007, 0.05175, 0.015,
  0.0611842, 0.0563617, 0.015,
  0.0609246, 0.0609946, 0.015,
  0.0604476, 0.0652128, 0.015,
  0.0649194, 0.0664606, 0.015,
  0.0696209, 0.0668488, 0.015,
  0.07436, 0.0661834, 0.015,
  0.0782638, 0.068474, 0.015,
  0.0774306, 0.0728339, 0.015,
  0.0743487, 0.0764776, 0.015,
  0.0716975, 0.0804579, 0.015,
  0.0674563, 0.0826408, 0.015,
  0.0630613, 0.0845196, 0.015,
  0.0589247, 0.0868557, 0.015,
  0.05536, 0.09004, 0.015,
  0.05916, 0.05166, 0.016,
  0.059172, 0.0562051, 0.016,
  0.0590246, 0.0607731, 0.016,
  0.0603252, 0.0650405, 0.016,
  0.0644968, 0.0664158, 0.016,
  0.0690408, 0.0660089, 0.016,
  0.0736076, 0.066024, 0.016,
  0.0776703, 0.0678298, 0.016,
  0.0771816, 0.0721105, 0.016,
  0.0746859, 0.0759266, 0.016,
  0.0721685, 0.079743, 0.016,
  0.0687057, 0.0826427, 0.016,
  0.0647237, 0.0848531, 0.016,
  0.0606103, 0.0867752, 0.016,
  0.05746, 0.09004, 0.016
 ],
 "morphTargets": [],
 "morphColors": [],
 "normals": [],
 "colors": [],
 "uvs": [[]],
  "faces": [
  2, 0, 1, 2, 0,
  2, 0, 3, 1, 0,
  2, 3, 4, 1, 0,
  2, 4, 5, 1, 0,
  2, 4, 6, 5, 0,
  2, 6, 7, 5, 0,
  2, 6, 8, 7, 0,
  2, 6, 9, 8, 0,
  2, 9, 10, 8, 0,
  2, 9, 11, 10, 0,
  2, 11, 12, 10, 0,
  2, 11, 13, 12, 0,
  2, 13, 14, 12, 0,
  2, 13, 15, 14, 0,
  2, 15, 16, 14, 0,
  2, 15, 17, 16, 0,
  2, 17, 18, 16, 0,
  2, 17, 19, 18, 0,
  2, 19, 20, 18, 0,
  2, 19, 21, 20, 0,
  2, 21, 22, 20, 0,
  2, 21, 23, 22, 0,
  2, 23, 24, 22, 0,
  2, 23, 25, 24, 0,
  2, 25, 26, 24, 0,
  2, 25, 27, 26, 0,
  2, 27, 28, 26, 0,
  2, 27, 29, 28, 0,
  2, 29, 30, 28, 0,
  2, 29, 31, 30, 0,
  2, 32, 3, 0, 0,
  2, 32, 33, 3, 0,
  2, 33, 34, 3, 0,
  2, 34, 4, 3, 0,
  2, 34, 35, 4, 0,
  2, 35, 6, 4, 0,
  2, 35, 9, 6, 0,
  2, 35, 36, 9, 0,
  2, 36, 11, 9, 0,
  2, 36, 37, 11, 0,
  2, 37, 13, 11, 0,
  2, 37, 38, 13, 0,
  2, 38, 15, 13, 0,
  2, 38, 39, 15, 0,
  2, 39, 17, 15, 0,
  2, 39, 40, 17, 0,
  2, 40, 19, 17, 0,
  2, 40, 41, 19, 0,
  2, 41, 42, 19, 0,
  2, 42, 21, 19, 0,
  2, 42, 43, 21, 0,
  2, 43, 23, 21, 0,
  2, 43, 44, 23, 0,
  2, 44, 25, 23, 0,
  2, 44, 45, 25, 0,
  2, 45, 27, 25, 0,
  2, 45, 46, 27, 0,
  2, 46, 29, 27, 0,
  2, 46, 47, 29, 0,
  2, 47, 31, 29, 0,
  2, 48, 33, 32, 0,
  2, 48, 49, 33, 0,
  2, 49, 34, 33, 0,
  2, 49, 50, 34, 0,
  2, 50, 35, 34, 0,
  2, 50, 51, 35, 0,
  2, 51, 36, 35, 0,
  2, 51, 52, 36, 0,
  2, 52, 37, 36, 0,
  2, 52, 53, 37, 0,
  2, 53, 38, 37, 0,
  2, 53, 54, 38, 0,
  2, 54, 39, 38, 0,
  2, 54, 55, 39, 0,
  2, 55, 40, 39, 0,
  2, 55, 56, 40, 0,
  2, 56, 41, 40, 0,
  2, 56, 57, 41, 0,
  2, 57, 42, 41, 0,
  2, 57, 58, 42, 0,
  2, 58, 43, 42, 0,
  2, 58, 59, 43, 0,
  2, 59, 44, 43, 0,
  2, 59, 60, 44, 0,
  2, 60, 45, 44, 0,
  2, 60, 61, 45, 0,
  2, 61, 46, 45, 0,
  2, 61, 62, 46, 0,
  2, 62, 47, 46, 0,
  2, 63, 49, 48, 0,
  2, 63, 64, 49, 0,
  2, 64, 50, 49, 0,
  2, 64, 65, 50, 0,
  2, 65, 51, 50, 0,
  2, 65, 66, 51, 0,
  2, 66, 52, 51, 0,
  2, 66, 67, 52, 0,
  2, 67, 53, 52, 0,
  2, 67, 68, 53, 0,
  2, 68, 54, 53, 0,
  2, 68, 69, 54, 0,
  2, 69, 55, 54, 0,
  2, 69, 70, 55, 0,
  2, 70, 56, 55, 0,
  2, 70, 71, 56, 0,
  2, 71, 57, 56, 0,
  2, 71, 72, 57, 0,
  2, 72, 58, 57, 0,
  2, 72, 73, 58, 0,
  2, 73, 59, 58, 0,
  2, 73, 74, 59, 0,
  2, 74, 60, 59, 0,
  2, 74, 75, 60, 0,
  2, 75, 61, 60, 0,
  2, 75, 76, 61, 0,
  2, 76, 62, 61, 0,
  2, 76, 77, 62, 0,
  2, 78, 79, 63, 0,
  2, 79, 64, 63, 0,
  2, 79, 80, 64, 0,
  2, 80, 65, 64, 0,
  2, 80, 81, 65, 0,
  2, 81, 66, 65, 0,
  2, 81, 82, 66, 0,
  2, 82, 67, 66, 0,
  2, 82, 83, 67, 0,
  2, 83, 68, 67, 0,
  2, 83, 84, 68, 0,
  2, 84, 69, 68, 0,
  2, 84, 85, 69, 0,
  2, 85, 70, 69, 0,
  2, 85, 86, 70, 0,
  2, 86, 71, 70, 0,
  2, 86, 87, 71, 0,
  2, 87, 72, 71, 0,
  2, 87, 88, 72, 0,
  2, 88, 73, 72, 0,
  2, 88, 89, 73, 0,
  2, 89, 74, 73, 0,
  2, 89, 90, 74, 0,
  2, 90, 75, 74, 0,
  2, 90, 91, 75, 0,
  2, 91, 76, 75, 0,
  2, 91, 92, 76, 0,
  2, 92, 77, 76, 0
]
 }
