 {
  "metadata" :
  {
   "formatVersion" : 3,
   "sourceFile" : "mch002r_022d",
   "generatedBy" : "Tr3 20161112",
   "vertices" : 20,
   "faces" : 18,
   "normals" : 0,
   "colors" : 0,
   "uvs" : 0,
   "materials" : 1
  },
  "scale" : 1.0,
  "materials": [{
    "DbgColor": 0,
    "DbgIndex": 0,
    "DbgName" : "Join os_temp_ext_ant_34: Temporal bone",
    "colorAmbient": [0.0, 0.0, 0.0],
    "colorDiffuse": [ 1.000, 0.784, 0.588],
    "colorSpecular": [0.16, 0.16, 0.16]
    }],
  "vertices": [
  0.0543586, 0.0484067, 0.017,
  0.0546264, 0.0468289, 0.017,
  0.0541123, 0.0483638, 0.0165,
  0.05417, 0.05, 0.0165,
  0.055494, 0.0431776, 0.017,
  0.0540937, 0.0438743, 0.017,
  0.0544661, 0.0450968, 0.0165,
  0.0541587, 0.04381, 0.0165,
  0.0534147, 0.0451439, 0.0165,
  0.0542233, 0.0467233, 0.0165,
  0.0550994, 0.0452852, 0.017,
  0.0557281, 0.0438175, 0.017,
  0.05442, 0.05002, 0.017,
  0.052851, 0.0484581, 0.017,
  0.05283, 0.05007, 0.017,
  0.05257, 0.05, 0.0165,
  0.0533966, 0.0452823, 0.017,
  0.0530358, 0.0468539, 0.017,
  0.0530576, 0.0467491, 0.0165,
  0.0527948, 0.0483713, 0.0165
 ],
 "morphTargets": [],
 "morphColors": [],
 "normals": [],
 "colors": [],
 "uvs": [[]],
  "faces": [
  2, 0, 1, 2, 0,
  2, 0, 2, 3, 0,
  2, 4, 5, 6, 0,
  2, 5, 7, 6, 0,
  2, 5, 8, 7, 0,
  2, 1, 9, 2, 0,
  2, 1, 10, 9, 0,
  2, 10, 6, 9, 0,
  2, 10, 11, 6, 0,
  2, 11, 4, 6, 0,
  2, 12, 0, 3, 0,
  2, 13, 14, 15, 0,
  2, 16, 17, 18, 0,
  2, 17, 19, 18, 0,
  2, 5, 16, 8, 0,
  2, 16, 18, 8, 0,
  2, 17, 13, 19, 0,
  2, 13, 15, 19, 0
]
 }
