 {
  "metadata" :
  {
   "formatVersion" : 3,
   "sourceFile" : "mch002r_022d",
   "generatedBy" : "Tr3 20161112",
   "vertices" : 229,
   "faces" : 375,
   "normals" : 0,
   "colors" : 0,
   "uvs" : 0,
   "materials" : 1
  },
  "scale" : 1.0,
  "materials": [{
    "DbgColor": 0,
    "DbgIndex": 0,
    "DbgName" : "blk_antlat_22: Block boundary",
    "colorAmbient": [0.0, 0.0, 0.0],
    "colorDiffuse": [ 1.000, 0.000, 1.000],
    "colorSpecular": [0.16, 0.16, 0.16]
    }],
  "vertices": [
  0.0561, 0.05, 0.0115,
  0.0533567, 0.05, 0.0115,
  0.0561, 0.05, 0.011,
  0.0533567, 0.05, 0.011,
  0.0506133, 0.05, 0.011,
  0.0506133, 0.05, 0.0115,
  0.04787, 0.05, 0.0115,
  0.04787, 0.05, 0.011,
  0.0451267, 0.05, 0.011,
  0.0451267, 0.05, 0.0115,
  0.0423833, 0.05, 0.0115,
  0.0423833, 0.05, 0.011,
  0.03964, 0.05, 0.011,
  0.03964, 0.05, 0.0115,
  0.0561, 0.05, 0.012,
  0.0533733, 0.05, 0.012,
  0.0506467, 0.05, 0.012,
  0.04792, 0.05, 0.012,
  0.0451933, 0.05, 0.012,
  0.0424667, 0.05, 0.012,
  0.03974, 0.05, 0.012,
  0.0561, 0.05, 0.0125,
  0.0533567, 0.05, 0.0125,
  0.0506133, 0.05, 0.0125,
  0.04787, 0.05, 0.0125,
  0.0451267, 0.05, 0.0125,
  0.0423833, 0.05, 0.0125,
  0.03964, 0.05, 0.0125,
  0.0561, 0.05, 0.013,
  0.0533367, 0.05, 0.013,
  0.0505733, 0.05, 0.013,
  0.04781, 0.05, 0.013,
  0.0450467, 0.05, 0.013,
  0.0422833, 0.05, 0.013,
  0.03952, 0.05, 0.013,
  0.0561, 0.05, 0.0135,
  0.0533333, 0.05, 0.0135,
  0.0505667, 0.05, 0.0135,
  0.0478, 0.05, 0.0135,
  0.0450333, 0.05, 0.0135,
  0.0422667, 0.05, 0.0135,
  0.0395, 0.05, 0.0135,
  0.0561, 0.05, 0.014,
  0.053365, 0.05, 0.014,
  0.05063, 0.05, 0.014,
  0.047895, 0.05, 0.014,
  0.04516, 0.05, 0.014,
  0.042425, 0.05, 0.014,
  0.03969, 0.05, 0.014,
  0.0561, 0.05, 0.0145,
  0.0534117, 0.05, 0.0145,
  0.0507233, 0.05, 0.0145,
  0.048035, 0.05, 0.0145,
  0.0453467, 0.05, 0.0145,
  0.0426583, 0.05, 0.0145,
  0.03997, 0.05, 0.0145,
  0.0561, 0.05, 0.015,
  0.0534267, 0.05, 0.015,
  0.0507533, 0.05, 0.015,
  0.04808, 0.05, 0.015,
  0.0454067, 0.05, 0.015,
  0.0427333, 0.05, 0.015,
  0.04006, 0.05, 0.015,
  0.05339, 0.05, 0.0155,
  0.050752, 0.05, 0.0155,
  0.048114, 0.05, 0.0155,
  0.045476, 0.05, 0.0155,
  0.042838, 0.05, 0.0155,
  0.0402, 0.05, 0.0155,
  0.05306, 0.05, 0.016,
  0.05048, 0.05, 0.016,
  0.0479, 0.05, 0.016,
  0.04532, 0.05, 0.016,
  0.04274, 0.05, 0.016,
  0.04016, 0.05, 0.016,
  0.05257, 0.05, 0.0165,
  0.050096, 0.05, 0.0165,
  0.047622, 0.05, 0.0165,
  0.045148, 0.05, 0.0165,
  0.042674, 0.05, 0.0165,
  0.0402, 0.05, 0.0165,
  0.05283, 0.05007, 0.017,
  0.0503356, 0.05, 0.017,
  0.0478392, 0.05, 0.017,
  0.0453428, 0.05, 0.017,
  0.0428464, 0.05, 0.017,
  0.04035, 0.05, 0.017,
  0.05311, 0.05, 0.0175,
  0.050614, 0.05, 0.0175,
  0.048118, 0.05, 0.0175,
  0.045622, 0.05, 0.0175,
  0.043126, 0.05, 0.0175,
  0.04063, 0.05, 0.0175,
  0.05372, 0.05, 0.018,
  0.051116, 0.05, 0.018,
  0.048512, 0.05, 0.018,
  0.045908, 0.05, 0.018,
  0.043304, 0.05, 0.018,
  0.0407, 0.05, 0.018,
  0.05377, 0.05, 0.0185,
  0.051162, 0.05, 0.0185,
  0.048554, 0.05, 0.0185,
  0.045946, 0.05, 0.0185,
  0.043338, 0.05, 0.0185,
  0.04073, 0.05, 0.0185,
  0.0561, 0.05, 0.019,
  0.053555, 0.05, 0.019,
  0.05101, 0.05, 0.019,
  0.048465, 0.05, 0.019,
  0.04592, 0.05, 0.019,
  0.043375, 0.05, 0.019,
  0.04083, 0.05, 0.019,
  0.0561, 0.05, 0.0195,
  0.0535817, 0.05, 0.0195,
  0.0510633, 0.05, 0.0195,
  0.048545, 0.05, 0.0195,
  0.0460267, 0.05, 0.0195,
  0.0435083, 0.05, 0.0195,
  0.04099, 0.05, 0.0195,
  0.0561, 0.05, 0.02,
  0.053615, 0.05, 0.02,
  0.05113, 0.05, 0.02,
  0.048645, 0.05, 0.02,
  0.04616, 0.05, 0.02,
  0.043675, 0.05, 0.02,
  0.04119, 0.05, 0.02,
  0.0561, 0.05, 0.0205,
  0.05365, 0.05, 0.0205,
  0.0512, 0.05, 0.0205,
  0.04875, 0.05, 0.0205,
  0.0463, 0.05, 0.0205,
  0.04385, 0.05, 0.0205,
  0.0414, 0.05, 0.0205,
  0.0561, 0.05, 0.021,
  0.053202, 0.05, 0.021,
  0.050304, 0.05, 0.021,
  0.047406, 0.05, 0.021,
  0.044508, 0.05, 0.021,
  0.04161, 0.05, 0.021,
  0.0561, 0.05, 0.0215,
  0.05324, 0.05, 0.0215,
  0.05038, 0.05, 0.0215,
  0.04752, 0.05, 0.0215,
  0.04466, 0.05, 0.0215,
  0.0418, 0.05, 0.0215,
  0.0561, 0.05, 0.022,
  0.053266, 0.05, 0.022,
  0.050432, 0.05, 0.022,
  0.047598, 0.05, 0.022,
  0.044764, 0.05, 0.022,
  0.04193, 0.05, 0.022,
  0.0561, 0.05, 0.0225,
  0.053296, 0.05, 0.0225,
  0.050492, 0.05, 0.0225,
  0.047688, 0.05, 0.0225,
  0.044884, 0.05, 0.0225,
  0.04208, 0.05, 0.0225,
  0.0561, 0.05, 0.023,
  0.053304, 0.05, 0.023,
  0.050508, 0.05, 0.023,
  0.047712, 0.05, 0.023,
  0.044916, 0.05, 0.023,
  0.04212, 0.05, 0.023,
  0.0561, 0.05, 0.0235,
  0.053332, 0.05, 0.0235,
  0.050564, 0.05, 0.0235,
  0.047796, 0.05, 0.0235,
  0.045028, 0.05, 0.0235,
  0.04226, 0.05, 0.0235,
  0.0561, 0.05, 0.024,
  0.053332, 0.05, 0.024,
  0.050564, 0.05, 0.024,
  0.047796, 0.05, 0.024,
  0.045028, 0.05, 0.024,
  0.04226, 0.05, 0.024,
  0.0561, 0.05, 0.0245,
  0.053332, 0.05, 0.0245,
  0.050564, 0.05, 0.0245,
  0.047796, 0.05, 0.0245,
  0.045028, 0.05, 0.0245,
  0.04226, 0.05, 0.0245,
  0.0561, 0.05, 0.025,
  0.053332, 0.05, 0.025,
  0.050564, 0.05, 0.025,
  0.047796, 0.05, 0.025,
  0.045028, 0.05, 0.025,
  0.04226, 0.05, 0.025,
  0.0561, 0.05, 0.0255,
  0.053332, 0.05, 0.0255,
  0.050564, 0.05, 0.0255,
  0.047796, 0.05, 0.0255,
  0.045028, 0.05, 0.0255,
  0.04226, 0.05, 0.0255,
  0.0561, 0.05, 0.026,
  0.053332, 0.05, 0.026,
  0.050564, 0.05, 0.026,
  0.047796, 0.05, 0.026,
  0.045028, 0.05, 0.026,
  0.04226, 0.05, 0.026,
  0.0561, 0.05, 0.0265,
  0.053332, 0.05, 0.0265,
  0.050564, 0.05, 0.0265,
  0.047796, 0.05, 0.0265,
  0.045028, 0.05, 0.0265,
  0.04226, 0.05, 0.0265,
  0.0561, 0.05, 0.027,
  0.053332, 0.05, 0.027,
  0.050564, 0.05, 0.027,
  0.047796, 0.05, 0.027,
  0.045028, 0.05, 0.027,
  0.04226, 0.05, 0.027,
  0.0561, 0.05, 0.0275,
  0.053332, 0.05, 0.0275,
  0.050564, 0.05, 0.0275,
  0.047796, 0.05, 0.0275,
  0.045028, 0.05, 0.0275,
  0.04226, 0.05, 0.0275,
  0.0561, 0.05, 0.028,
  0.053332, 0.05, 0.028,
  0.050564, 0.05, 0.028,
  0.047796, 0.05, 0.028,
  0.045028, 0.05, 0.028,
  0.04226, 0.05, 0.028,
  0.0561, 0.05, 0.0285,
  0.053332, 0.05, 0.0285,
  0.050564, 0.05, 0.0285,
  0.047796, 0.05, 0.0285,
  0.045028, 0.05, 0.0285,
  0.04226, 0.05, 0.0285
 ],
 "morphTargets": [],
 "morphColors": [],
 "normals": [],
 "colors": [],
 "uvs": [[]],