 {
  "metadata" :
  {
   "formatVersion" : 3,
   "sourceFile" : "mch002r_022d",
   "generatedBy" : "Tr3 20161112",
   "vertices" : 15,
   "faces" : 17,
   "normals" : 0,
   "colors" : 0,
   "uvs" : 0,
   "materials" : 1
  },
  "scale" : 1.0,
  "materials": [{
    "DbgColor": 0,
    "DbgIndex": 0,
    "DbgName" : "tm_medman_35: Pars tensa",
    "colorAmbient": [0.0, 0.0, 0.0],
    "colorDiffuse": [ 1.000, 1.000, 1.000],
    "colorSpecular": [0.16, 0.16, 0.16]
    }],
  "vertices": [
  0.06065, 0.07168, 0.018,
  0.060025, 0.070565, 0.0175,
  0.05973, 0.0708, 0.0175,
  0.0608667, 0.0714567, 0.018,
  0.0610833, 0.0712333, 0.018,
  0.06032, 0.07033, 0.0175,
  0.0613, 0.07101, 0.018,
  0.0617, 0.07256, 0.0185,
  0.06201, 0.072265, 0.0185,
  0.06232, 0.07197, 0.0185,
  0.06272, 0.07309, 0.019,
  0.062875, 0.07287, 0.019,
  0.06303, 0.07265, 0.019,
  0.06345, 0.07315, 0.0195,
  0.06354, 0.07292, 0.0195
 ],
 "morphTargets": [],
 "morphColors": [],
 "normals": [],
 "colors": [],
 "uvs": [[]],
  "faces": [
  2, 0, 1, 2, 0,
  2, 0, 3, 1, 0,
  2, 3, 4, 1, 0,
  2, 4, 5, 1, 0,
  2, 4, 6, 5, 0,
  2, 7, 3, 0, 0,
  2, 7, 8, 3, 0,
  2, 8, 4, 3, 0,
  2, 8, 9, 4, 0,
  2, 9, 6, 4, 0,
  2, 10, 8, 7, 0,
  2, 10, 11, 8, 0,
  2, 11, 9, 8, 0,
  2, 11, 12, 9, 0,
  2, 13, 11, 10, 0,
  2, 13, 12, 11, 0,
  2, 13, 14, 12, 0
]
 }
