 {
  "metadata" :
  {
   "formatVersion" : 3,
   "sourceFile" : "mch002r_022d",
   "generatedBy" : "Tr3 20161112",
   "vertices" : 11,
   "faces" : 11,
   "normals" : 0,
   "colors" : 0,
   "uvs" : 0,
   "materials" : 1
  },
  "scale" : 1.0,
  "materials": [{
    "DbgColor": 0,
    "DbgIndex": 0,
    "DbgName" : "Join inc_32: Incus",
    "colorAmbient": [0.0, 0.0, 0.0],
    "colorDiffuse": [ 1.000, 0.784, 0.588],
    "colorSpecular": [0.16, 0.16, 0.16]
    }],
  "vertices": [
  0.0603009, 0.0737237, 0.016,
  0.06178, 0.07372, 0.016,
  0.06152, 0.0730801, 0.0155,
  0.0594081, 0.0728719, 0.016,
  0.0603372, 0.07384, 0.0155,
  0.0587406, 0.0740871, 0.0155,
  0.0608209, 0.0725743, 0.016,
  0.06014, 0.07225, 0.0155,
  0.06192, 0.07344, 0.016,
  0.0583695, 0.0734432, 0.0155,
  0.05938, 0.07223, 0.0155
 ],
 "morphTargets": [],
 "morphColors": [],
 "normals": [],
 "colors": [],
 "uvs": [[]],
  "faces": [
  2, 0, 1, 2, 0,
  2, 3, 4, 5, 0,
  2, 3, 0, 4, 0,
  2, 0, 2, 4, 0,
  2, 6, 3, 7, 0,
  2, 1, 8, 2, 0,
  2, 8, 6, 2, 0,
  2, 6, 7, 2, 0,
  2, 3, 9, 10, 0,
  2, 3, 10, 7, 0,
  2, 3, 5, 9, 0
]
 }
