 {
  "metadata" :
  {
   "formatVersion" : 3,
   "sourceFile" : "mch002r_022d",
   "generatedBy" : "Tr3 20161112",
   "vertices" : 12,
   "faces" : 12,
   "normals" : 0,
   "colors" : 0,
   "uvs" : 0,
   "materials" : 1
  },
  "scale" : 1.0,
  "materials": [{
    "DbgColor": 0,
    "DbgIndex": 0,
    "DbgName" : "4_36: sf",
    "colorAmbient": [0.0, 0.0, 0.0],
    "colorDiffuse": [ 1.000, 1.000, 1.000],
    "colorSpecular": [0.16, 0.16, 0.16]
    }],
  "vertices": [
  0.0471, 0.06817, 0.018,
  0.0521831, 0.0691007, 0.0175,
  0.04721, 0.06872, 0.0175,
  0.0524058, 0.0687931, 0.018,
  0.05713, 0.07041, 0.0175,
  0.05774, 0.07027, 0.018,
  0.04706, 0.06794, 0.0185,
  0.0530777, 0.0694283, 0.0185,
  0.05916, 0.07005, 0.0185,
  0.04702, 0.0677, 0.019,
  0.053296, 0.0697399, 0.019,
  0.0594, 0.07122, 0.019
 ],
 "morphTargets": [],
 "morphColors": [],
 "normals": [],
 "colors": [],
 "uvs": [[]],
  "faces": [
  2, 0, 1, 2, 0,
  2, 0, 3, 1, 0,
  2, 3, 4, 1, 0,
  2, 3, 5, 4, 0,
  2, 6, 3, 0, 0,
  2, 6, 7, 3, 0,
  2, 7, 5, 3, 0,
  2, 7, 8, 5, 0,
  2, 9, 7, 6, 0,
  2, 9, 10, 7, 0,
  2, 10, 8, 7, 0,
  2, 10, 11, 8, 0
]
 }
