 {
  "metadata" :
  {
   "formatVersion" : 3,
   "sourceFile" : "mch002r_022d",
   "generatedBy" : "Tr3 20161112",
   "vertices" : 58,
   "faces" : 58,
   "normals" : 0,
   "colors" : 0,
   "uvs" : 0,
   "materials" : 1
  },
  "scale" : 1.0,
  "materials": [{
    "DbgColor": 0,
    "DbgIndex": 0,
    "DbgName" : "Join os_occcond_ext_b_39: Occipital bone (condylar part)",
    "colorAmbient": [0.0, 0.0, 0.0],
    "colorDiffuse": [ 1.000, 0.784, 0.588],
    "colorSpecular": [0.16, 0.16, 0.16]
    }],
  "vertices": [
  0.0619528, 0.0998147, 0.0195,
  0.0628042, 0.101319, 0.0195,
  0.06171, 0.1008, 0.019,
  0.0646906, 0.104208, 0.0195,
  0.0647877, 0.104951, 0.019,
  0.0636138, 0.103694, 0.019,
  0.0659899, 0.105323, 0.0195,
  0.0662463, 0.10586, 0.019,
  0.067627, 0.105847, 0.0195,
  0.0626562, 0.102251, 0.019,
  0.0637079, 0.102791, 0.0195,
  0.05965, 0.09518, 0.0195,
  0.0603832, 0.0967393, 0.0195,
  0.0611014, 0.0983108, 0.0195,
  0.0724808, 0.105036, 0.0195,
  0.072403, 0.104485, 0.019,
  0.07287, 0.104943, 0.019,
  0.0741081, 0.104455, 0.0195,
  0.0757146, 0.10383, 0.0195,
  0.0755063, 0.103167, 0.0195,
  0.0739274, 0.102705, 0.0195,
  0.0722233, 0.102978, 0.0195,
  0.070685, 0.10465, 0.019,
  0.070501, 0.103073, 0.0195,
  0.068898, 0.103685, 0.0195,
  0.0689549, 0.104731, 0.019,
  0.0672323, 0.104709, 0.019,
  0.0672372, 0.103703, 0.0195,
  0.0656967, 0.103998, 0.019,
  0.0659414, 0.102567, 0.0195,
  0.0645623, 0.102706, 0.019,
  0.0648253, 0.101253, 0.0195,
  0.0634454, 0.101384, 0.019,
  0.0637785, 0.0998781, 0.0195,
  0.0623423, 0.10005, 0.019,
  0.0629105, 0.0983864, 0.0195,
  0.0614637, 0.0985671, 0.019,
  0.0623095, 0.0967717, 0.0195,
  0.0608819, 0.096939, 0.019,
  0.0610178, 0.0952179, 0.019,
  0.0622565, 0.0950535, 0.0195,
  0.0679246, 0.106288, 0.019,
  0.0692788, 0.106271, 0.0195,
  0.0696456, 0.106121, 0.019,
  0.0709107, 0.105758, 0.0195,
  0.0713244, 0.105703, 0.019,
  0.0617877, 0.0912744, 0.0195,
  0.0617742, 0.0928831, 0.0195,
  0.0600667, 0.0945122, 0.019,
  0.0606139, 0.0939629, 0.0195,
  0.0596498, 0.0960498, 0.019,
  0.06036, 0.0976233, 0.019,
  0.0610859, 0.0991888, 0.019,
  0.0662, 0.09, 0.0195,
  0.0628, 0.09, 0.0195,
  0.0633294, 0.0918231, 0.0195,
  0.0648567, 0.0910328, 0.0195,
  0.0626735, 0.0933764, 0.0195
 ],
 "morphTargets": [],
 "morphColors": [],
 "normals": [],
 "colors": [],
 "uvs": [[]],
  "faces": [
  2, 0, 1, 2, 0,
  2, 3, 4, 5, 0,
  2, 3, 6, 4, 0,
  2, 6, 7, 4, 0,
  2, 6, 8, 7, 0,
  2, 1, 9, 2, 0,
  2, 1, 10, 9, 0,
  2, 10, 5, 9, 0,
  2, 10, 3, 5, 0,
  2, 11, 12, 2, 0,
  2, 12, 13, 2, 0,
  2, 13, 0, 2, 0,
  2, 14, 15, 16, 0,
  2, 14, 17, 15, 0,
  2, 17, 18, 15, 0,
  2, 18, 19, 15, 0,
  2, 19, 20, 15, 0,
  2, 20, 21, 15, 0,
  2, 21, 22, 15, 0,
  2, 21, 23, 22, 0,
  2, 23, 24, 22, 0,
  2, 24, 25, 22, 0,
  2, 24, 26, 25, 0,
  2, 24, 27, 26, 0,
  2, 27, 28, 26, 0,
  2, 27, 29, 28, 0,
  2, 29, 30, 28, 0,
  2, 29, 31, 30, 0,
  2, 31, 32, 30, 0,
  2, 31, 33, 32, 0,
  2, 33, 34, 32, 0,
  2, 33, 35, 34, 0,
  2, 35, 36, 34, 0,
  2, 35, 37, 36, 0,
  2, 37, 38, 36, 0,
  2, 37, 39, 38, 0,
  2, 37, 40, 39, 0,
  2, 8, 41, 7, 0,
  2, 8, 42, 41, 0,
  2, 42, 43, 41, 0,
  2, 42, 44, 43, 0,
  2, 44, 45, 43, 0,
  2, 44, 14, 45, 0,
  2, 14, 16, 45, 0,
  2, 46, 47, 48, 0,
  2, 47, 49, 48, 0,
  2, 49, 11, 48, 0,
  2, 11, 50, 48, 0,
  2, 11, 51, 50, 0,
  2, 11, 52, 51, 0,
  2, 11, 2, 52, 0,
  2, 53, 54, 48, 0,
  2, 54, 46, 48, 0,
  2, 55, 56, 48, 0,
  2, 40, 57, 39, 0,
  2, 57, 48, 39, 0,
  2, 57, 55, 48, 0,
  2, 56, 53, 48, 0
]
 }
