 {
  "metadata" :
  {
   "formatVersion" : 3,
   "sourceFile" : "mch002r_022d",
   "generatedBy" : "Tr3 20161112",
   "vertices" : 7,
   "faces" : 5,
   "normals" : 0,
   "colors" : 0,
   "uvs" : 0,
   "materials" : 1
  },
  "scale" : 1.0,
  "materials": [{
    "DbgColor": 0,
    "DbgIndex": 0,
    "DbgName" : "Join inc_lat_30: Incus",
    "colorAmbient": [0.0, 0.0, 0.0],
    "colorDiffuse": [ 1.000, 0.784, 0.588],
    "colorSpecular": [0.16, 0.16, 0.16]
    }],
  "vertices": [
  0.05861, 0.07155, 0.015,
  0.0575059, 0.071977, 0.015,
  0.05833, 0.07122, 0.0145,
  0.0571414, 0.0731519, 0.015,
  0.05678, 0.07438, 0.015,
  0.0567219, 0.0735211, 0.0145,
  0.0569569, 0.0718389, 0.0145
 ],
 "morphTargets": [],
 "morphColors": [],
 "normals": [],
 "colors": [],
 "uvs": [[]],
  "faces": [
  2, 0, 1, 2, 0,
  2, 3, 4, 5, 0,
  2, 1, 6, 2, 0,
  2, 1, 3, 6, 0,
  2, 3, 5, 6, 0
]
 }
