 {
  "metadata" :
  {
   "formatVersion" : 3,
   "sourceFile" : "mch002r_022d",
   "generatedBy" : "Tr3 20161112",
   "vertices" : 16,
   "faces" : 16,
   "normals" : 0,
   "colors" : 0,
   "uvs" : 0,
   "materials" : 1
  },
  "scale" : 1.0,
  "materials": [{
    "DbgColor": 0,
    "DbgIndex": 0,
    "DbgName" : "os_occsq_lat_43: Occipital bone (squamous part)",
    "colorAmbient": [0.0, 0.0, 0.0],
    "colorDiffuse": [ 1.000, 0.784, 0.588],
    "colorSpecular": [0.16, 0.16, 0.16]
    }],
  "vertices": [
  0.08006, 0.1075, 0.022,
  0.0816497, 0.107921, 0.022,
  0.08049, 0.1082, 0.0215,
  0.0819983, 0.108751, 0.0215,
  0.0832657, 0.1082, 0.022,
  0.0835554, 0.1091, 0.0215,
  0.0850127, 0.109606, 0.0215,
  0.0860814, 0.109289, 0.0215,
  0.0850194, 0.108113, 0.0215,
  0.0837192, 0.107169, 0.0215,
  0.0828786, 0.10715, 0.022,
  0.0822581, 0.106584, 0.0215,
  0.0812657, 0.106948, 0.022,
  0.0806671, 0.106632, 0.0215,
  0.0791111, 0.107003, 0.0215,
  0.0790052, 0.107587, 0.0215
 ],
 "morphTargets": [],
 "morphColors": [],
 "normals": [],
 "colors": [],
 "uvs": [[]],
  "faces": [
  2, 0, 1, 2, 0,
  2, 1, 3, 2, 0,
  2, 1, 4, 3, 0,
  2, 4, 5, 3, 0,
  2, 4, 6, 5, 0,
  2, 4, 7, 6, 0,
  2, 4, 8, 7, 0,
  2, 4, 9, 8, 0,
  2, 4, 10, 9, 0,
  2, 10, 11, 9, 0,
  2, 10, 12, 11, 0,
  2, 12, 13, 11, 0,
  2, 12, 0, 13, 0,
  2, 0, 14, 13, 0,
  2, 0, 15, 14, 0,
  2, 0, 2, 15, 0
]
 }
