 {
  "metadata" :
  {
   "formatVersion" : 3,
   "sourceFile" : "mch002r_022d",
   "generatedBy" : "Tr3 20161112",
   "vertices" : 34,
   "faces" : 32,
   "normals" : 0,
   "colors" : 0,
   "uvs" : 0,
   "materials" : 1
  },
  "scale" : 1.0,
  "materials": [{
    "DbgColor": 0,
    "DbgIndex": 0,
    "DbgName" : "os_cavlat_30: Cavity wall",
    "colorAmbient": [0.0, 0.0, 0.0],
    "colorDiffuse": [ 1.000, 0.784, 0.588],
    "colorSpecular": [0.16, 0.16, 0.16]
    }],
  "vertices": [
  0.05733, 0.07598, 0.0155,
  0.05728, 0.0767318, 0.015,
  0.05729, 0.07589, 0.015,
  0.05756, 0.0767554, 0.0155,
  0.0572749, 0.0775058, 0.0155,
  0.0569379, 0.0771969, 0.015,
  0.0564948, 0.0774711, 0.0155,
  0.0561481, 0.0772219, 0.015,
  0.0558276, 0.0770073, 0.0155,
  0.0561729, 0.0779495, 0.015,
  0.05647, 0.0787039, 0.015,
  0.0564464, 0.0795453, 0.015,
  0.0562379, 0.0803433, 0.015,
  0.0556706, 0.0809651, 0.015,
  0.0549699, 0.0814171, 0.015,
  0.0543039, 0.0819211, 0.015,
  0.0536444, 0.082444, 0.015,
  0.0530433, 0.0829643, 0.015,
  0.0522407, 0.082862, 0.015,
  0.0516042, 0.0823517, 0.015,
  0.0516576, 0.0815412, 0.015,
  0.0518208, 0.0807168, 0.015,
  0.0519574, 0.079886, 0.015,
  0.0524518, 0.0792112, 0.015,
  0.0531364, 0.078793, 0.015,
  0.0537883, 0.078354, 0.015,
  0.0543748, 0.0778203, 0.015,
  0.0545267, 0.0769937, 0.015,
  0.0551688, 0.0764809, 0.015,
  0.0555466, 0.0763974, 0.0155,
  0.0557923, 0.0759181, 0.015,
  0.0559633, 0.0756942, 0.0155,
  0.05619, 0.07524, 0.015,
  0.05606, 0.07488, 0.0155
 ],
 "morphTargets": [],
 "morphColors": [],
 "normals": [],
 "colors": [],
 "uvs": [[]],
  "faces": [
  2, 0, 1, 2, 0,
  2, 0, 3, 1, 0,
  2, 3, 4, 1, 0,
  2, 4, 5, 1, 0,
  2, 4, 6, 5, 0,
  2, 6, 7, 5, 0,
  2, 6, 8, 7, 0,
  2, 8, 9, 7, 0,
  2, 8, 10, 9, 0,
  2, 8, 11, 10, 0,
  2, 8, 12, 11, 0,
  2, 8, 13, 12, 0,
  2, 8, 14, 13, 0,
  2, 8, 15, 14, 0,
  2, 8, 16, 15, 0,
  2, 8, 17, 16, 0,
  2, 8, 18, 17, 0,
  2, 8, 19, 18, 0,
  2, 8, 20, 19, 0,
  2, 8, 21, 20, 0,
  2, 8, 22, 21, 0,
  2, 8, 23, 22, 0,
  2, 8, 24, 23, 0,
  2, 8, 25, 24, 0,
  2, 8, 26, 25, 0,
  2, 8, 27, 26, 0,
  2, 8, 28, 27, 0,
  2, 8, 29, 28, 0,
  2, 29, 30, 28, 0,
  2, 29, 31, 30, 0,
  2, 31, 32, 30, 0,
  2, 31, 33, 32, 0
]
 }
