 {
  "metadata" :
  {
   "formatVersion" : 3,
   "sourceFile" : "mch002r_022d",
   "generatedBy" : "Tr3 20161112",
   "vertices" : 111,
   "faces" : 181,
   "normals" : 0,
   "colors" : 0,
   "uvs" : 0,
   "materials" : 1
  },
  "scale" : 1.0,
  "materials": [{
    "DbgColor": 0,
    "DbgIndex": 0,
    "DbgName" : "skin_ext_post_27: Skin",
    "colorAmbient": [0.0, 0.0, 0.0],
    "colorDiffuse": [ 1.000, 0.753, 0.796],
    "colorSpecular": [0.16, 0.16, 0.16]
    }],
  "vertices": [
  0.04294, 0.09, 0.014,
  0.0428316, 0.0916304, 0.0135,
  0.04266, 0.09, 0.0135,
  0.0430915, 0.0916281, 0.014,
  0.0431174, 0.0932403, 0.0135,
  0.0434574, 0.093221, 0.014,
  0.0435245, 0.0948284, 0.0135,
  0.0438475, 0.0948088, 0.014,
  0.043996, 0.0963981, 0.0135,
  0.0442581, 0.0963916, 0.014,
  0.0444953, 0.0979595, 0.0135,
  0.0446816, 0.097971, 0.014,
  0.0450276, 0.0995102, 0.0135,
  0.0451815, 0.0995252, 0.014,
  0.0456113, 0.101042, 0.0135,
  0.045786, 0.101044, 0.014,
  0.0462226, 0.102563, 0.0135,
  0.0463768, 0.102569, 0.014,
  0.0468278, 0.104086, 0.0135,
  0.0470024, 0.10408, 0.014,
  0.0476601, 0.105577, 0.014,
  0.0474849, 0.105588, 0.0135,
  0.0481967, 0.107065, 0.0135,
  0.0483538, 0.107057, 0.014,
  0.0488607, 0.108564, 0.0135,
  0.0490669, 0.108529, 0.014,
  0.04965, 0.11, 0.0135,
  0.04978, 0.11, 0.014,
  0.04324, 0.09, 0.0145,
  0.043464, 0.0916158, 0.0145,
  0.0437905, 0.093211, 0.0145,
  0.0441994, 0.09479, 0.0145,
  0.0445667, 0.0963794, 0.0145,
  0.0449967, 0.0979529, 0.0145,
  0.0454565, 0.0995172, 0.0145,
  0.0460008, 0.101055, 0.0145,
  0.0465413, 0.102594, 0.0145,
  0.0470927, 0.104128, 0.0145,
  0.0478673, 0.105562, 0.0145,
  0.0484837, 0.10707, 0.0145,
  0.0492121, 0.108526, 0.0145,
  0.04991, 0.11, 0.0145,
  0.04355, 0.09, 0.015,
  0.0436929, 0.0916194, 0.015,
  0.0439575, 0.0932193, 0.015,
  0.044411, 0.0947793, 0.015,
  0.0448669, 0.0963393, 0.015,
  0.0452877, 0.0979096, 0.015,
  0.0457651, 0.0994636, 0.015,
  0.046256, 0.101013, 0.015,
  0.0468022, 0.102544, 0.015,
  0.0473653, 0.104069, 0.015,
  0.0480057, 0.105563, 0.015,
  0.0486605, 0.107051, 0.015,
  0.049348, 0.108524, 0.015,
  0.05003, 0.11, 0.015,
  0.04387, 0.09, 0.0155,
  0.043934, 0.0916111, 0.0155,
  0.0443114, 0.0931878, 0.0155,
  0.0447261, 0.0947549, 0.0155,
  0.045154, 0.0963185, 0.0155,
  0.0455702, 0.0978854, 0.0155,
  0.0459854, 0.0994525, 0.0155,
  0.0464905, 0.100993, 0.0155,
  0.0470097, 0.102528, 0.0155,
  0.0476025, 0.104037, 0.0155,
  0.0482093, 0.10554, 0.0155,
  0.0488492, 0.10703, 0.0155,
  0.049496, 0.108517, 0.0155,
  0.05015, 0.11, 0.0155,
  0.04418, 0.09, 0.016,
  0.0442875, 0.0916093, 0.016,
  0.0446375, 0.0931875, 0.016,
  0.0450164, 0.0947587, 0.016,
  0.0454103, 0.0963263, 0.016,
  0.0457472, 0.0979073, 0.016,
  0.046164, 0.0994682, 0.016,
  0.0466171, 0.10102, 0.016,
  0.0471608, 0.102542, 0.016,
  0.0477174, 0.10406, 0.016,
  0.0483355, 0.105553, 0.016,
  0.0489619, 0.107043, 0.016,
  0.049616, 0.108522, 0.016,
  0.05027, 0.11, 0.016,
  0.0445, 0.09, 0.0165,
  0.0445094, 0.0916143, 0.0165,
  0.0448722, 0.0931845, 0.0165,
  0.0452548, 0.0947528, 0.0165,
  0.0456102, 0.0963275, 0.0165,
  0.0459572, 0.097904, 0.0165,
  0.0462867, 0.0994843, 0.0165,
  0.0467937, 0.101015, 0.0165,
  0.0473427, 0.102533, 0.0165,
  0.0479106, 0.104044, 0.0165,
  0.0484934, 0.105549, 0.0165,
  0.0491015, 0.107045, 0.0165,
  0.0497314, 0.108531, 0.0165,
  0.0504, 0.11, 0.0165,
  0.04479, 0.09, 0.017,
  0.0449271, 0.0917367, 0.017,
  0.0452228, 0.0934502, 0.017,
  0.0455906, 0.095153, 0.017,
  0.0459763, 0.0968518, 0.017,
  0.0463811, 0.0985462, 0.017,
  0.0468282, 0.100229, 0.017,
  0.0473502, 0.101891, 0.017,
  0.0479017, 0.103543, 0.017,
  0.0485317, 0.105167, 0.017,
  0.0491723, 0.106787, 0.017,
  0.0498462, 0.108393, 0.017,
  0.05052, 0.11, 0.017
 ],
 "morphTargets": [],
 "morphColors": [],
 "normals": [],
 "colors": [],
 "uvs": [[]],
  "faces": [
  2, 0, 1, 2, 0,
  2, 0, 3, 1, 0,
  2, 3, 4, 1, 0,
  2, 3, 5, 4, 0,
  2, 5, 6, 4, 0,
  2, 5, 7, 6, 0,
  2, 7, 8, 6, 0,
  2, 7, 9, 8, 0,
  2, 9, 10, 8, 0,
  2, 9, 11, 10, 0,
  2, 11, 12, 10, 0,
  2, 11, 13, 12, 0,
  2, 13, 14, 12, 0,
  2, 13, 15, 14, 0,
  2, 15, 16, 14, 0,
  2, 15, 17, 16, 0,
  2, 17, 18, 16, 0,
  2, 17, 19, 18, 0,
  2, 19, 20, 18, 0,
  2, 20, 21, 18, 0,
  2, 20, 22, 21, 0,
  2, 20, 23, 22, 0,
  2, 23, 24, 22, 0,
  2, 23, 25, 24, 0,
  2, 25, 26, 24, 0,
  2, 25, 27, 26, 0,
  2, 28, 3, 0, 0,
  2, 28, 29, 3, 0,
  2, 29, 5, 3, 0,
  2, 29, 30, 5, 0,
  2, 30, 7, 5, 0,
  2, 30, 31, 7, 0,
  2, 31, 9, 7, 0,
  2, 31, 32, 9, 0,
  2, 32, 11, 9, 0,
  2, 32, 33, 11, 0,
  2, 33, 13, 11, 0,
  2, 33, 34, 13, 0,
  2, 34, 15, 13, 0,
  2, 34, 35, 15, 0,
  2, 35, 17, 15, 0,
  2, 35, 36, 17, 0,
  2, 36, 19, 17, 0,
  2, 36, 37, 19, 0,
  2, 37, 20, 19, 0,
  2, 37, 38, 20, 0,
  2, 38, 23, 20, 0,
  2, 38, 39, 23, 0,
  2, 39, 25, 23, 0,
  2, 39, 40, 25, 0,
  2, 40, 27, 25, 0,
  2, 40, 41, 27, 0,
  2, 42, 29, 28, 0,
  2, 42, 43, 29, 0,
  2, 43, 30, 29, 0,
  2, 43, 44, 30, 0,
  2, 44, 31, 30, 0,
  2, 44, 45, 31, 0,
  2, 45, 32, 31, 0,
  2, 45, 46, 32, 0,
  2, 46, 33, 32, 0,
  2, 46, 47, 33, 0,
  2, 47, 34, 33, 0,
  2, 47, 48, 34, 0,
  2, 48, 35, 34, 0,
  2, 48, 49, 35, 0,
  2, 49, 36, 35, 0,
  2, 49, 50, 36, 0,
  2, 50, 37, 36, 0,
  2, 50, 51, 37, 0,
  2, 51, 38, 37, 0,
  2, 51, 52, 38, 0,
  2, 52, 39, 38, 0,
  2, 52, 53, 39, 0,
  2, 53, 40, 39, 0,
  2, 53, 54, 40, 0,
  2, 54, 41, 40, 0,
  2, 54, 55, 41, 0,
  2, 56, 43, 42, 0,
  2, 56, 57, 43, 0,
  2, 57, 44, 43, 0,
  2, 57, 58, 44, 0,
  2, 58, 45, 44, 0,
  2, 58, 59, 45, 0,
  2, 59, 46, 45, 0,
  2, 59, 60, 46, 0,
  2, 60, 61, 46, 0,
  2, 61, 47, 46, 0,
  2, 61, 48, 47, 0,
  2, 61, 62, 48, 0,
  2, 62, 49, 48, 0,
  2, 62, 63, 49, 0,
  2, 63, 50, 49, 0,
  2, 63, 64, 50, 0,
  2, 64, 51, 50, 0,
  2, 64, 65, 51, 0,
  2, 65, 52, 51, 0,
  2, 65, 66, 52, 0,
  2, 66, 53, 52, 0,
  2, 66, 67, 53, 0,
  2, 67, 54, 53, 0,
  2, 67, 68, 54, 0,
  2, 68, 55, 54, 0,
  2, 68, 69, 55, 0,
  2, 70, 57, 56, 0,
  2, 70, 71, 57, 0,
  2, 71, 58, 57, 0,
  2, 71, 72, 58, 0,
  2, 72, 59, 58, 0,
  2, 72, 73, 59, 0,
  2, 73, 60, 59, 0,
  2, 73, 74, 60, 0,
  2, 74, 61, 60, 0,
  2, 74, 75, 61, 0,
  2, 75, 62, 61, 0,
  2, 75, 76, 62, 0,
  2, 76, 63, 62, 0,
  2, 76, 77, 63, 0,
  2, 77, 64, 63, 0,
  2, 77, 78, 64, 0,
  2, 78, 65, 64, 0,
  2, 78, 79, 65, 0,
  2, 79, 66, 65, 0,
  2, 79, 80, 66, 0,
  2, 80, 67, 66, 0,
  2, 80, 81, 67, 0,
  2, 81, 68, 67, 0,
  2, 81, 82, 68, 0,
  2, 82, 83, 68, 0,
  2, 83, 69, 68, 0,
  2, 84, 71, 70, 0,
  2, 84, 85, 71, 0,
  2, 85, 72, 71, 0,
  2, 85, 86, 72, 0,
  2, 86, 73, 72, 0,
  2, 86, 87, 73, 0,
  2, 87, 74, 73, 0,
  2, 87, 88, 74, 0,
  2, 88, 75, 74, 0,
  2, 88, 89, 75, 0,
  2, 89, 76, 75, 0,
  2, 89, 90, 76, 0,
  2, 90, 77, 76, 0,
  2, 90, 91, 77, 0,
  2, 91, 78, 77, 0,
  2, 91, 92, 78, 0,
  2, 92, 79, 78, 0,
  2, 92, 93, 79, 0,
  2, 93, 80, 79, 0,
  2, 93, 94, 80, 0,
  2, 94, 81, 80, 0,
  2, 94, 95, 81, 0,
  2, 95, 82, 81, 0,
  2, 95, 96, 82, 0,
  2, 96, 83, 82, 0,
  2, 96, 97, 83, 0,
  2, 98, 85, 84, 0,
  2, 98, 99, 85, 0,
  2, 99, 86, 85, 0,
  2, 99, 100, 86, 0,
  2, 100, 87, 86, 0,
  2, 100, 101, 87, 0,
  2, 101, 88, 87, 0,
  2, 101, 102, 88, 0,
  2, 102, 89, 88, 0,
  2, 102, 103, 89, 0,
  2, 103, 90, 89, 0,
  2, 103, 104, 90, 0,
  2, 104, 91, 90, 0,
  2, 104, 105, 91, 0,
  2, 105, 92, 91, 0,
  2, 105, 106, 92, 0,
  2, 106, 93, 92, 0,
  2, 106, 107, 93, 0,
  2, 107, 94, 93, 0,
  2, 107, 108, 94, 0,
  2, 108, 95, 94, 0,
  2, 108, 109, 95, 0,
  2, 109, 96, 95, 0,
  2, 109, 110, 96, 0,
  2, 110, 97, 96, 0
]
 }
