 {
  "metadata" :
  {
   "formatVersion" : 3,
   "sourceFile" : "mch002r_022d",
   "generatedBy" : "Tr3 20161112",
   "vertices" : 8,
   "faces" : 8,
   "normals" : 0,
   "colors" : 0,
   "uvs" : 0,
   "materials" : 1
  },
  "scale" : 1.0,
  "materials": [{
    "DbgColor": 0,
    "DbgIndex": 0,
    "DbgName" : "Join inc_27: Incus",
    "colorAmbient": [0.0, 0.0, 0.0],
    "colorDiffuse": [ 1.000, 0.784, 0.588],
    "colorSpecular": [0.16, 0.16, 0.16]
    }],
  "vertices": [
  0.05802, 0.07112, 0.0135,
  0.05767, 0.07153, 0.013,
  0.0585, 0.0724296, 0.013,
  0.0569187, 0.0717285, 0.0135,
  0.0573546, 0.07245, 0.013,
  0.0571271, 0.073044, 0.0135,
  0.0584205, 0.0730706, 0.0135,
  0.05935, 0.07202, 0.0135
 ],
 "morphTargets": [],
 "morphColors": [],
 "normals": [],
 "colors": [],
 "uvs": [[]],
  "faces": [
  2, 0, 1, 2, 0,
  2, 0, 3, 1, 0,
  2, 3, 4, 1, 0,
  2, 3, 5, 4, 0,
  2, 5, 6, 4, 0,
  2, 6, 2, 4, 0,
  2, 6, 7, 2, 0,
  2, 7, 0, 2, 0
]
 }
