 {
  "metadata" :
  {
   "formatVersion" : 3,
   "sourceFile" : "mch002r_022d",
   "generatedBy" : "Tr3 20161112",
   "vertices" : 7,
   "faces" : 10,
   "normals" : 0,
   "colors" : 0,
   "uvs" : 0,
   "materials" : 1
  },
  "scale" : 1.0,
  "materials": [{
    "DbgColor": 0,
    "DbgIndex": 0,
    "DbgName" : "cave35_035: cav",
    "colorAmbient": [0.0, 0.0, 0.0],
    "colorDiffuse": [ 1.000, 1.000, 1.000],
    "colorSpecular": [0.16, 0.16, 0.16]
    }],
  "vertices": [
  0.05894, 0.07895, 0.0185,
  0.0588718, 0.0798541, 0.0185,
  0.05903, 0.07891, 0.018,
  0.05862, 0.07882, 0.019,
  0.0587672, 0.08, 0.019,
  0.0585, 0.07895, 0.0195,
  0.0588001, 0.08013, 0.0195
 ],
 "morphTargets": [],
 "morphColors": [],
 "normals": [],
 "colors": [],
 "uvs": [[]],
  "faces": [
  2, 0, 1, 2, 0,
  2, 1, 0, 2, 0,
  2, 3, 1, 0, 0,
  2, 3, 4, 1, 0,
  2, 4, 3, 1, 0,
  2, 3, 0, 1, 0,
  2, 5, 4, 3, 0,
  2, 5, 6, 4, 0,
  2, 6, 5, 4, 0,
  2, 5, 3, 4, 0
]
 }
