 {
  "metadata" :
  {
   "formatVersion" : 3,
   "sourceFile" : "mch002r_022d",
   "generatedBy" : "Tr3 20161112",
   "vertices" : 23,
   "faces" : 26,
   "normals" : 0,
   "colors" : 0,
   "uvs" : 0,
   "materials" : 1
  },
  "scale" : 1.0,
  "materials": [{
    "DbgColor": 0,
    "DbgIndex": 0,
    "DbgName" : "Cap csft1-11H: (no description)",
    "colorAmbient": [0.0, 0.0, 0.0],
    "colorDiffuse": [ 1.000, 1.000, 1.000],
    "colorSpecular": [0.16, 0.16, 0.16]
    }],
  "vertices": [
  0.0371739, 0.0650297, 0.011,
  0.0419858, 0.0695006, 0.011,
  0.043706, 0.0644475, 0.011,
  0.0507645, 0.0642328, 0.011,
  0.0466551, 0.0594899, 0.011,
  0.0465775, 0.0703294, 0.011,
  0.0495094, 0.0684866, 0.011,
  0.0483578, 0.0727777, 0.011,
  0.0474974, 0.0771306, 0.011,
  0.0442214, 0.07573, 0.011,
  0.0495936, 0.0552711, 0.011,
  0.0442603, 0.0547236, 0.011,
  0.03927, 0.05077, 0.011,
  0.03908, 0.0581036, 0.011,
  0.0467452, 0.05, 0.011,
  0.05386, 0.05142, 0.011,
  0.0535313, 0.0558477, 0.011,
  0.0525317, 0.0601686, 0.011,
  0.04133, 0.08995, 0.011,
  0.04712, 0.09, 0.011,
  0.0474055, 0.0859898, 0.011,
  0.0418363, 0.0826669, 0.011,
  0.0472462, 0.0815602, 0.011
 ],
 "morphTargets": [],
 "morphColors": [],
 "normals": [],
 "colors": [],
 "uvs": [[]],
  "faces": [
  2, 0, 1, 2, 0,
  2, 2, 3, 4, 0,
  2, 5, 3, 2, 0,
  2, 6, 3, 5, 0,
  2, 7, 6, 5, 0,
  2, 8, 7, 5, 0,
  2, 1, 9, 5, 0,
  2, 2, 1, 5, 0,
  2, 4, 10, 11, 0,
  2, 12, 13, 11, 0,
  2, 14, 12, 11, 0,
  2, 10, 14, 11, 0,
  2, 15, 14, 10, 0,
  2, 16, 15, 10, 0,
  2, 17, 16, 10, 0,
  2, 4, 17, 10, 0,
  2, 3, 17, 4, 0,
  2, 18, 19, 20, 0,
  2, 4, 11, 13, 0,
  2, 4, 13, 2, 0,
  2, 9, 8, 5, 0,
  2, 21, 8, 9, 0,
  2, 21, 22, 8, 0,
  2, 21, 20, 22, 0,
  2, 18, 20, 21, 0,
  2, 13, 0, 2, 0
]
 }
