 {
  "metadata" :
  {
   "formatVersion" : 3,
   "sourceFile" : "mch002r_022d",
   "generatedBy" : "Tr3 20161112",
   "vertices" : 25,
   "faces" : 29,
   "normals" : 0,
   "colors" : 0,
   "uvs" : 0,
   "materials" : 1
  },
  "scale" : 1.0,
  "materials": [{
    "DbgColor": 0,
    "DbgIndex": 0,
    "DbgName" : "2b_a36: (no description)",
    "colorAmbient": [0.0, 0.0, 0.0],
    "colorDiffuse": [ 1.000, 1.000, 1.000],
    "colorSpecular": [0.16, 0.16, 0.16]
    }],
  "vertices": [
  0.06369, 0.06879, 0.0185,
  0.0605859, 0.0686695, 0.0185,
  0.06269, 0.06894, 0.018,
  0.0595651, 0.0687519, 0.018,
  0.0610292, 0.0671933, 0.018,
  0.0615947, 0.0673106, 0.0185,
  0.0642534, 0.0668359, 0.018,
  0.0647153, 0.0667474, 0.0185,
  0.0675086, 0.066725, 0.018,
  0.0679105, 0.0669811, 0.0185,
  0.0707641, 0.0667156, 0.018,
  0.0709723, 0.0677629, 0.0185,
  0.0738282, 0.0674066, 0.018,
  0.0729651, 0.0700789, 0.0185,
  0.0753521, 0.0698822, 0.018,
  0.07452, 0.07288, 0.0185,
  0.07471, 0.07293, 0.018,
  0.06436, 0.06886, 0.019,
  0.0614101, 0.0686328, 0.019,
  0.0624462, 0.0674226, 0.019,
  0.0654169, 0.0665266, 0.019,
  0.0682322, 0.0672522, 0.019,
  0.0709894, 0.068689, 0.019,
  0.0737465, 0.0701258, 0.019,
  0.07405, 0.07302, 0.019
 ],
 "morphTargets": [],
 "morphColors": [],
 "normals": [],
 "colors": [],
 "uvs": [[]],
  "faces": [
  2, 0, 1, 2, 0,
  2, 1, 3, 2, 0,
  2, 1, 4, 3, 0,
  2, 1, 5, 4, 0,
  2, 5, 6, 4, 0,
  2, 5, 7, 6, 0,
  2, 7, 8, 6, 0,
  2, 7, 9, 8, 0,
  2, 9, 10, 8, 0,
  2, 9, 11, 10, 0,
  2, 11, 12, 10, 0,
  2, 11, 13, 12, 0,
  2, 13, 14, 12, 0,
  2, 13, 15, 14, 0,
  2, 15, 16, 14, 0,
  2, 17, 18, 0, 0,
  2, 18, 1, 0, 0,
  2, 18, 5, 1, 0,
  2, 18, 19, 5, 0,
  2, 19, 7, 5, 0,
  2, 19, 20, 7, 0,
  2, 20, 9, 7, 0,
  2, 20, 21, 9, 0,
  2, 21, 11, 9, 0,
  2, 21, 22, 11, 0,
  2, 22, 13, 11, 0,
  2, 22, 23, 13, 0,
  2, 23, 15, 13, 0,
  2, 23, 24, 15, 0
]
 }
