 {
  "metadata" :
  {
   "formatVersion" : 3,
   "sourceFile" : "mch002r_022d",
   "generatedBy" : "Tr3 20161112",
   "vertices" : 41,
   "faces" : 53,
   "normals" : 0,
   "colors" : 0,
   "uvs" : 0,
   "materials" : 1
  },
  "scale" : 1.0,
  "materials": [{
    "DbgColor": 0,
    "DbgIndex": 0,
    "DbgName" : "Cap cmeasure: (no description)",
    "colorAmbient": [0.0, 0.0, 0.0],
    "colorDiffuse": [ 1.000, 1.000, 1.000],
    "colorSpecular": [0.16, 0.16, 0.16]
    }],
  "vertices": [
  0.0469846, 0.0696647, 0.018,
  0.04773, 0.0706, 0.018,
  0.0489059, 0.0694508, 0.018,
  0.0467, 0.07102, 0.018,
  0.0454329, 0.0702669, 0.018,
  0.04604, 0.06848, 0.018,
  0.0471, 0.06817, 0.018,
  0.056689, 0.0719071, 0.018,
  0.0576186, 0.0715906, 0.018,
  0.0555716, 0.0709138, 0.018,
  0.0503123, 0.0700238, 0.018,
  0.0509785, 0.0710444, 0.018,
  0.0515514, 0.0702233, 0.018,
  0.0525199, 0.0710251, 0.018,
  0.0535718, 0.0718227, 0.018,
  0.05384, 0.0709133, 0.018,
  0.0551459, 0.0720041, 0.018,
  0.0596752, 0.0717406, 0.018,
  0.06238, 0.06917, 0.018,
  0.05774, 0.07027, 0.018,
  0.0610833, 0.0712333, 0.018,
  0.0613, 0.07101, 0.018,
  0.0615599, 0.0706842, 0.018,
  0.0618198, 0.0703585, 0.018,
  0.0620658, 0.0700232, 0.018,
  0.0622738, 0.0696621, 0.018,
  0.0624819, 0.0693011, 0.018,
  0.05842, 0.07312, 0.018,
  0.0527856, 0.0733461, 0.018,
  0.059983, 0.0720458, 0.018,
  0.0603165, 0.0718629, 0.018,
  0.0596496, 0.0722286, 0.018,
  0.059325, 0.0724252, 0.018,
  0.0590234, 0.0726568, 0.018,
  0.0587217, 0.0728884, 0.018,
  0.04172, 0.06945, 0.018,
  0.04572, 0.07272, 0.018,
  0.0524058, 0.0687931, 0.018,
  0.06269, 0.06894, 0.018,
  0.0608667, 0.0714567, 0.018,
  0.06065, 0.07168, 0.018
 ],
 "morphTargets": [],
 "morphColors": [],
 "normals": [],
 "colors": [],
 "uvs": [[]],
  "faces": [
  2, 0, 1, 2, 0,
  2, 3, 1, 0, 0,
  2, 4, 3, 0, 0,
  2, 0, 5, 4, 0,
  2, 6, 5, 0, 0,
  2, 2, 6, 0, 0,
  2, 7, 8, 9, 0,
  2, 2, 1, 10, 0,
  2, 11, 12, 10, 0,
  2, 11, 13, 12, 0,
  2, 14, 15, 13, 0,
  2, 14, 16, 15, 0,
  2, 16, 9, 15, 0,
  2, 16, 7, 9, 0,
  2, 17, 18, 19, 0,
  2, 20, 18, 17, 0,
  2, 21, 18, 20, 0,
  2, 22, 18, 21, 0,
  2, 23, 18, 22, 0,
  2, 24, 18, 23, 0,
  2, 25, 18, 24, 0,
  2, 25, 26, 18, 0,
  2, 27, 16, 28, 0,
  2, 27, 7, 16, 0,
  2, 8, 27, 17, 0,
  2, 8, 7, 27, 0,
  2, 1, 11, 10, 0,
  2, 28, 11, 1, 0,
  2, 13, 11, 28, 0,
  2, 29, 30, 17, 0,
  2, 31, 29, 17, 0,
  2, 32, 31, 17, 0,
  2, 33, 32, 17, 0,
  2, 34, 33, 17, 0,
  2, 27, 34, 17, 0,
  2, 14, 28, 16, 0,
  2, 13, 28, 14, 0,
  2, 35, 4, 5, 0,
  2, 36, 4, 35, 0,
  2, 36, 3, 4, 0,
  2, 2, 37, 6, 0,
  2, 10, 37, 2, 0,
  2, 10, 12, 37, 0,
  2, 37, 9, 19, 0,
  2, 37, 15, 9, 0,
  2, 13, 15, 37, 0,
  2, 18, 26, 38, 0,
  2, 13, 37, 12, 0,
  2, 8, 19, 9, 0,
  2, 17, 19, 8, 0,
  2, 39, 20, 17, 0,
  2, 40, 39, 17, 0,
  2, 30, 40, 17, 0
]
 }
