 {
  "metadata" :
  {
   "formatVersion" : 3,
   "sourceFile" : "mch002r_022d",
   "generatedBy" : "Tr3 20161112",
   "vertices" : 17,
   "faces" : 15,
   "normals" : 0,
   "colors" : 0,
   "uvs" : 0,
   "materials" : 1
  },
  "scale" : 1.0,
  "materials": [{
    "DbgColor": 0,
    "DbgIndex": 0,
    "DbgName" : "Cap Qi1fT: c",
    "colorAmbient": [0.0, 0.0, 0.0],
    "colorDiffuse": [ 1.000, 1.000, 1.000],
    "colorSpecular": [0.16, 0.16, 0.16]
    }],
  "vertices": [
  0.0607469, 0.0743245, 0.0075,
  0.0599173, 0.0743132, 0.0075,
  0.0603668, 0.0738949, 0.0075,
  0.0574285, 0.0742792, 0.0075,
  0.0565989, 0.0742678, 0.0075,
  0.0570486, 0.073835, 0.0075,
  0.0595373, 0.0738799, 0.0075,
  0.0590877, 0.0743018, 0.0075,
  0.0587077, 0.073865, 0.0075,
  0.0582581, 0.0742905, 0.0075,
  0.0578782, 0.07385, 0.0075,
  0.0611964, 0.0739099, 0.0075,
  0.0562191, 0.07382, 0.0075,
  0.0557693, 0.0742565, 0.0075,
  0.0553895, 0.073805, 0.0075,
  0.05456, 0.07379, 0.0075,
  0.0549396, 0.0742452, 0.0075
 ],
 "morphTargets": [],
 "morphColors": [],
 "normals": [],
 "colors": [],
 "uvs": [[]],
  "faces": [
  2, 0, 1, 2, 0,
  2, 3, 4, 5, 0,
  2, 2, 1, 6, 0,
  2, 1, 7, 6, 0,
  2, 6, 7, 8, 0,
  2, 7, 9, 8, 0,
  2, 8, 9, 10, 0,
  2, 9, 3, 10, 0,
  2, 10, 3, 5, 0,
  2, 11, 0, 2, 0,
  2, 5, 4, 12, 0,
  2, 4, 13, 12, 0,
  2, 12, 13, 14, 0,
  2, 15, 14, 16, 0,
  2, 14, 13, 16, 0
]
 }
