 {
  "metadata" :
  {
   "formatVersion" : 3,
   "sourceFile" : "mch002r_022d",
   "generatedBy" : "Tr3 20161112",
   "vertices" : 13,
   "faces" : 13,
   "normals" : 0,
   "colors" : 0,
   "uvs" : 0,
   "materials" : 1
  },
  "scale" : 1.0,
  "materials": [{
    "DbgColor": 0,
    "DbgIndex": 0,
    "DbgName" : "1b_aa36: (no description)",
    "colorAmbient": [0.0, 0.0, 0.0],
    "colorDiffuse": [ 1.000, 1.000, 1.000],
    "colorSpecular": [0.16, 0.16, 0.16]
    }],
  "vertices": [
  0.05329, 0.08055, 0.0185,
  0.0526028, 0.0780278, 0.018,
  0.05245, 0.08069, 0.018,
  0.0534045, 0.0775725, 0.0185,
  0.0537052, 0.0755944, 0.018,
  0.0550793, 0.075204, 0.0185,
  0.0559135, 0.0741458, 0.018,
  0.05771, 0.07389, 0.0185,
  0.0581, 0.0727, 0.018,
  0.05395, 0.08036, 0.019,
  0.05395, 0.077513, 0.019,
  0.0554091, 0.0751686, 0.019,
  0.05819, 0.07476, 0.019
 ],
 "morphTargets": [],
 "morphColors": [],
 "normals": [],
 "colors": [],
 "uvs": [[]],
  "faces": [
  2, 0, 1, 2, 0,
  2, 0, 3, 1, 0,
  2, 3, 4, 1, 0,
  2, 3, 5, 4, 0,
  2, 5, 6, 4, 0,
  2, 5, 7, 6, 0,
  2, 7, 8, 6, 0,
  2, 9, 3, 0, 0,
  2, 9, 10, 3, 0,
  2, 10, 5, 3, 0,
  2, 10, 11, 5, 0,
  2, 11, 7, 5, 0,
  2, 11, 12, 7, 0
]
 }
