 {
  "metadata" :
  {
   "formatVersion" : 3,
   "sourceFile" : "mch002r_022d",
   "generatedBy" : "Tr3 20161112",
   "vertices" : 65,
   "faces" : 65,
   "normals" : 0,
   "colors" : 0,
   "uvs" : 0,
   "materials" : 1
  },
  "scale" : 1.0,
  "materials": [{
    "DbgColor": 0,
    "DbgIndex": 0,
    "DbgName" : "labcoc_base_29: Cochlea",
    "colorAmbient": [0.0, 0.0, 0.0],
    "colorDiffuse": [ 0.565, 0.933, 0.565],
    "colorSpecular": [0.16, 0.16, 0.16]
    }],
  "vertices": [
  0.07044, 0.07343, 0.015,
  0.07069, 0.07321, 0.015,
  0.0705, 0.07343, 0.0145,
  0.07078, 0.07296, 0.0145,
  0.07081, 0.07277, 0.015,
  0.07084, 0.0724, 0.0145,
  0.07087, 0.07224, 0.015,
  0.07084, 0.07187, 0.0145,
  0.07097, 0.07181, 0.015,
  0.07103, 0.07134, 0.0145,
  0.07125, 0.07159, 0.015,
  0.07147, 0.07115, 0.0145,
  0.07168, 0.07147, 0.015,
  0.07215, 0.07118, 0.0145,
  0.07215, 0.0715, 0.015,
  0.07249, 0.0715, 0.0145,
  0.07256, 0.07175, 0.015,
  0.07259, 0.07206, 0.0145,
  0.07265, 0.07218, 0.015,
  0.07256, 0.07252, 0.0145,
  0.07256, 0.07265, 0.015,
  0.07231, 0.07299, 0.0145,
  0.07218, 0.07321, 0.015,
  0.07196, 0.07327, 0.0145,
  0.07181, 0.07343, 0.015,
  0.07128, 0.07337, 0.0145,
  0.07134, 0.07374, 0.015,
  0.07084, 0.07355, 0.0145,
  0.07097, 0.07399, 0.015,
  0.07044, 0.07411, 0.0145,
  0.07056, 0.07411, 0.015,
  0.07009, 0.0743, 0.015,
  0.07028, 0.07455, 0.0145,
  0.06969, 0.07471, 0.015,
  0.07016, 0.07496, 0.0145,
  0.06988, 0.07542, 0.0145,
  0.0691, 0.07496, 0.015,
  0.06956, 0.0758, 0.0145,
  0.06866, 0.0753, 0.015,
  0.069, 0.07611, 0.0145,
  0.06835, 0.0757, 0.015,
  0.0686, 0.07623, 0.0145,
  0.06797, 0.0762, 0.0145,
  0.06788, 0.07598, 0.015,
  0.06754, 0.07586, 0.0145,
  0.06738, 0.07598, 0.015,
  0.06713, 0.07586, 0.015,
  0.06735, 0.07552, 0.0145,
  0.06701, 0.07555, 0.015,
  0.06707, 0.07521, 0.015,
  0.06754, 0.07505, 0.0145,
  0.06732, 0.07496, 0.015,
  0.06769, 0.07496, 0.015,
  0.0681, 0.07489, 0.0145,
  0.0681, 0.07483, 0.015,
  0.06825, 0.07464, 0.015,
  0.06847, 0.07458, 0.0145,
  0.0686, 0.07439, 0.015,
  0.06875, 0.07424, 0.0145,
  0.069, 0.07424, 0.015,
  0.06925, 0.0739, 0.0145,
  0.06941, 0.07402, 0.015,
  0.06966, 0.07377, 0.0145,
  0.06997, 0.07362, 0.015,
  0.07012, 0.07368, 0.0145
 ],
 "morphTargets": [],
 "morphColors": [],
 "normals": [],
 "colors": [],
 "uvs": [[]],
  "faces": [
  2, 0, 1, 2, 0,
  2, 1, 3, 2, 0,
  2, 1, 4, 3, 0,
  2, 4, 5, 3, 0,
  2, 4, 6, 5, 0,
  2, 6, 7, 5, 0,
  2, 6, 8, 7, 0,
  2, 8, 9, 7, 0,
  2, 8, 10, 9, 0,
  2, 10, 11, 9, 0,
  2, 10, 12, 11, 0,
  2, 12, 13, 11, 0,
  2, 12, 14, 13, 0,
  2, 14, 15, 13, 0,
  2, 14, 16, 15, 0,
  2, 16, 17, 15, 0,
  2, 16, 18, 17, 0,
  2, 18, 19, 17, 0,
  2, 18, 20, 19, 0,
  2, 20, 21, 19, 0,
  2, 20, 22, 21, 0,
  2, 22, 23, 21, 0,
  2, 22, 24, 23, 0,
  2, 24, 25, 23, 0,
  2, 24, 26, 25, 0,
  2, 26, 27, 25, 0,
  2, 26, 28, 27, 0,
  2, 28, 29, 27, 0,
  2, 28, 30, 29, 0,
  2, 30, 31, 29, 0,
  2, 31, 32, 29, 0,
  2, 31, 33, 32, 0,
  2, 33, 34, 32, 0,
  2, 33, 35, 34, 0,
  2, 33, 36, 35, 0,
  2, 36, 37, 35, 0,
  2, 36, 38, 37, 0,
  2, 38, 39, 37, 0,
  2, 38, 40, 39, 0,
  2, 40, 41, 39, 0,
  2, 40, 42, 41, 0,
  2, 40, 43, 42, 0,
  2, 43, 44, 42, 0,
  2, 43, 45, 44, 0,
  2, 45, 46, 44, 0,
  2, 46, 47, 44, 0,
  2, 46, 48, 47, 0,
  2, 48, 49, 47, 0,
  2, 49, 50, 47, 0,
  2, 49, 51, 50, 0,
  2, 51, 52, 50, 0,
  2, 52, 53, 50, 0,
  2, 52, 54, 53, 0,
  2, 54, 55, 53, 0,
  2, 55, 56, 53, 0,
  2, 55, 57, 56, 0,
  2, 57, 58, 56, 0,
  2, 57, 59, 58, 0,
  2, 59, 60, 58, 0,
  2, 59, 61, 60, 0,
  2, 61, 62, 60, 0,
  2, 61, 63, 62, 0,
  2, 63, 64, 62, 0,
  2, 63, 0, 64, 0,
  2, 0, 2, 64, 0
]
 }
