 {
  "metadata" :
  {
   "formatVersion" : 3,
   "sourceFile" : "mch002r_022d",
   "generatedBy" : "Tr3 20161112",
   "vertices" : 60,
   "faces" : 90,
   "normals" : 0,
   "colors" : 0,
   "uvs" : 0,
   "materials" : 1
  },
  "scale" : 1.0,
  "materials": [{
    "DbgColor": 0,
    "DbgIndex": 0,
    "DbgName" : "labcoc_ant_25: Cochlea",
    "colorAmbient": [0.0, 0.0, 0.0],
    "colorDiffuse": [ 0.565, 0.933, 0.565],
    "colorSpecular": [0.16, 0.16, 0.16]
    }],
  "vertices": [
  0.06956, 0.07078, 0.013,
  0.06963, 0.07109, 0.013,
  0.06932, 0.07089, 0.0125,
  0.06925, 0.07127, 0.0125,
  0.06953, 0.0714, 0.013,
  0.0691, 0.07156, 0.0125,
  0.06925, 0.07184, 0.013,
  0.06888, 0.07199, 0.013,
  0.06861, 0.07183, 0.0125,
  0.06819, 0.07196, 0.013,
  0.06824, 0.07183, 0.0125,
  0.0679, 0.07171, 0.0125,
  0.06779, 0.07175, 0.013,
  0.06749, 0.07153, 0.0125,
  0.06741, 0.07145, 0.013,
  0.06741, 0.07115, 0.0125,
  0.06756, 0.07115, 0.013,
  0.06775, 0.07097, 0.0125,
  0.0679, 0.07093, 0.013,
  0.06816, 0.07089, 0.0125,
  0.0685, 0.07074, 0.013,
  0.06865, 0.07074, 0.0125,
  0.06895, 0.07074, 0.0125,
  0.06917, 0.07063, 0.013,
  0.06941, 0.07218, 0.0135,
  0.06865, 0.07235, 0.0135,
  0.06824, 0.07224, 0.0135,
  0.06779, 0.07205, 0.0135,
  0.0673, 0.07198, 0.0135,
  0.06696, 0.07175, 0.0135,
  0.06689, 0.0713, 0.0135,
  0.06704, 0.07097, 0.0135,
  0.06734, 0.07074, 0.0135,
  0.06764, 0.07048, 0.0135,
  0.06801, 0.07029, 0.0135,
  0.06846, 0.07033, 0.0135,
  0.06872, 0.07044, 0.0135,
  0.06947, 0.07059, 0.0135,
  0.06969, 0.07059, 0.0135,
  0.07014, 0.07089, 0.0135,
  0.06997, 0.07128, 0.0135,
  0.06975, 0.0719, 0.0135,
  0.06941, 0.0729, 0.014,
  0.06916, 0.07256, 0.014,
  0.06897, 0.07231, 0.014,
  0.06835, 0.07209, 0.014,
  0.06779, 0.07196, 0.014,
  0.06713, 0.07196, 0.014,
  0.06679, 0.07184, 0.014,
  0.0667, 0.07128, 0.014,
  0.06695, 0.07081, 0.014,
  0.06744, 0.07034, 0.014,
  0.06794, 0.07022, 0.014,
  0.06866, 0.07025, 0.014,
  0.06928, 0.07034, 0.014,
  0.06988, 0.07056, 0.014,
  0.07019, 0.07103, 0.014,
  0.07019, 0.07159, 0.014,
  0.06997, 0.07212, 0.014,
  0.06972, 0.07249, 0.014
 ],
 "morphTargets": [],
 "morphColors": [],
 "normals": [],
 "colors": [],
 "uvs": [[]],
  "faces": [
  2, 0, 1, 2, 0,
  2, 1, 3, 2, 0,
  2, 1, 4, 3, 0,
  2, 4, 5, 3, 0,
  2, 4, 6, 5, 0,
  2, 6, 7, 5, 0,
  2, 7, 8, 5, 0,
  2, 7, 9, 8, 0,
  2, 9, 10, 8, 0,
  2, 9, 11, 10, 0,
  2, 9, 12, 11, 0,
  2, 12, 13, 11, 0,
  2, 12, 14, 13, 0,
  2, 14, 15, 13, 0,
  2, 14, 16, 15, 0,
  2, 16, 17, 15, 0,
  2, 16, 18, 17, 0,
  2, 18, 19, 17, 0,
  2, 18, 20, 19, 0,
  2, 20, 21, 19, 0,
  2, 20, 22, 21, 0,
  2, 20, 23, 22, 0,
  2, 23, 2, 22, 0,
  2, 23, 0, 2, 0,
  2, 24, 1, 0, 0,
  2, 24, 4, 1, 0,
  2, 24, 6, 4, 0,
  2, 24, 7, 6, 0,
  2, 24, 25, 7, 0,
  2, 25, 9, 7, 0,
  2, 25, 26, 9, 0,
  2, 26, 27, 9, 0,
  2, 27, 12, 9, 0,
  2, 27, 28, 12, 0,
  2, 28, 14, 12, 0,
  2, 28, 29, 14, 0,
  2, 29, 30, 14, 0,
  2, 30, 31, 14, 0,
  2, 31, 16, 14, 0,
  2, 31, 32, 16, 0,
  2, 32, 18, 16, 0,
  2, 32, 33, 18, 0,
  2, 33, 34, 18, 0,
  2, 34, 20, 18, 0,
  2, 34, 35, 20, 0,
  2, 35, 36, 20, 0,
  2, 36, 23, 20, 0,
  2, 36, 37, 23, 0,
  2, 37, 0, 23, 0,
  2, 37, 38, 0, 0,
  2, 38, 39, 0, 0,
  2, 39, 40, 0, 0,
  2, 40, 41, 0, 0,
  2, 41, 24, 0, 0,
  2, 42, 43, 24, 0,
  2, 43, 44, 24, 0,
  2, 44, 25, 24, 0,
  2, 44, 45, 25, 0,
  2, 45, 26, 25, 0,
  2, 45, 46, 26, 0,
  2, 46, 27, 26, 0,
  2, 46, 28, 27, 0,
  2, 46, 47, 28, 0,
  2, 47, 29, 28, 0,
  2, 47, 48, 29, 0,
  2, 48, 30, 29, 0,
  2, 48, 49, 30, 0,
  2, 49, 31, 30, 0,
  2, 49, 50, 31, 0,
  2, 50, 32, 31, 0,
  2, 50, 51, 32, 0,
  2, 51, 33, 32, 0,
  2, 51, 52, 33, 0,
  2, 52, 34, 33, 0,
  2, 52, 35, 34, 0,
  2, 52, 53, 35, 0,
  2, 53, 36, 35, 0,
  2, 53, 54, 36, 0,
  2, 54, 37, 36, 0,
  2, 54, 55, 37, 0,
  2, 55, 38, 37, 0,
  2, 55, 39, 38, 0,
  2, 55, 56, 39, 0,
  2, 56, 40, 39, 0,
  2, 56, 57, 40, 0,
  2, 57, 41, 40, 0,
  2, 57, 58, 41, 0,
  2, 58, 24, 41, 0,
  2, 58, 59, 24, 0,
  2, 59, 42, 24, 0
]
 }
