 {
  "metadata" :
  {
   "formatVersion" : 3,
   "sourceFile" : "mch002r_022d",
   "generatedBy" : "Tr3 20161112",
   "vertices" : 267,
   "faces" : 492,
   "normals" : 0,
   "colors" : 0,
   "uvs" : 0,
   "materials" : 1
  },
  "scale" : 1.0,
  "materials": [{
    "DbgColor": 0,
    "DbgIndex": 0,
    "DbgName" : "tm_lat_35: Pars tensa",
    "colorAmbient": [0.0, 0.0, 0.0],
    "colorDiffuse": [ 1.000, 1.000, 1.000],
    "colorSpecular": [0.16, 0.16, 0.16]
    }],
  "vertices": [
  0.06226, 0.06899, 0.018,
  0.0621524, 0.069234, 0.018,
  0.06068, 0.0695, 0.0175,
  0.0620447, 0.0694779, 0.018,
  0.0619371, 0.0697219, 0.018,
  0.0618295, 0.0699659, 0.018,
  0.0616702, 0.0701778, 0.018,
  0.0614995, 0.0703827, 0.018,
  0.0604791, 0.0696832, 0.0175,
  0.0613287, 0.0705875, 0.018,
  0.0602781, 0.0698664, 0.0175,
  0.061158, 0.0707924, 0.018,
  0.0609572, 0.0709656, 0.018,
  0.0600772, 0.0700496, 0.0175,
  0.0607446, 0.0711266, 0.018,
  0.0598543, 0.0702026, 0.0175,
  0.0605319, 0.0712875, 0.018,
  0.0596178, 0.0703368, 0.0175,
  0.0603175, 0.0714459, 0.018,
  0.0600975, 0.0715966, 0.018,
  0.0593812, 0.0704709, 0.0175,
  0.059151, 0.0706155, 0.0175,
  0.0598775, 0.0717472, 0.018,
  0.0596574, 0.0718979, 0.018,
  0.0589225, 0.0707629, 0.0175,
  0.058694, 0.0709103, 0.0175,
  0.0594374, 0.0720485, 0.018,
  0.05921, 0.0721831, 0.018,
  0.0584655, 0.0710577, 0.0175,
  0.058952, 0.0722504, 0.018,
  0.058237, 0.0712052, 0.0175,
  0.058694, 0.0723178, 0.018,
  0.0580085, 0.0713526, 0.0175,
  0.058436, 0.0723852, 0.018,
  0.05778, 0.0715, 0.0175,
  0.058178, 0.0724526, 0.018,
  0.05792, 0.07252, 0.018,
  0.06319, 0.06878, 0.0185,
  0.0631015, 0.0690426, 0.0185,
  0.063013, 0.0693052, 0.0185,
  0.0629245, 0.0695678, 0.0185,
  0.0628379, 0.069831, 0.0185,
  0.0627532, 0.0700949, 0.0185,
  0.0626685, 0.0703587, 0.0185,
  0.0625838, 0.0706225, 0.0185,
  0.0624901, 0.0708831, 0.0185,
  0.062381, 0.0711378, 0.0185,
  0.0622718, 0.0713925, 0.0185,
  0.0621626, 0.0716472, 0.0185,
  0.0620279, 0.0718827, 0.0185,
  0.0618136, 0.0720583, 0.0185,
  0.0615993, 0.072234, 0.0185,
  0.061362, 0.0723603, 0.0185,
  0.0610896, 0.0724113, 0.0185,
  0.0608172, 0.0724624, 0.0185,
  0.0605449, 0.0725135, 0.0185,
  0.0602781, 0.0725879, 0.0185,
  0.0600122, 0.0726658, 0.0185,
  0.0597462, 0.0727437, 0.0185,
  0.0594829, 0.0728283, 0.0185,
  0.0592346, 0.0729512, 0.0185,
  0.0589862, 0.0730741, 0.0185,
  0.0587378, 0.073197, 0.0185,
  0.0584904, 0.0733219, 0.0185,
  0.0582452, 0.0734509, 0.0185,
  0.058, 0.07358, 0.0185,
  0.06397, 0.06882, 0.019,
  0.063892, 0.0690846, 0.019,
  0.063814, 0.0693492, 0.019,
  0.0637361, 0.0696137, 0.019,
  0.063654, 0.069877, 0.019,
  0.0635659, 0.0701384, 0.019,
  0.0634779, 0.0703998, 0.019,
  0.0633899, 0.0706612, 0.019,
  0.0633154, 0.0709266, 0.019,
  0.0632478, 0.0711941, 0.019,
  0.0631803, 0.0714615, 0.019,
  0.0631093, 0.0717279, 0.019,
  0.0630105, 0.0719854, 0.019,
  0.0629117, 0.0722429, 0.019,
  0.0628129, 0.0725004, 0.019,
  0.0626452, 0.0727148, 0.019,
  0.0624413, 0.0728937, 0.019,
  0.0621855, 0.072997, 0.019,
  0.0619297, 0.0731003, 0.019,
  0.061674, 0.0732036, 0.019,
  0.0614168, 0.0733028, 0.019,
  0.0611522, 0.0733808, 0.019,
  0.0608876, 0.0734588, 0.019,
  0.0606231, 0.0735369, 0.019,
  0.0603585, 0.0736149, 0.019,
  0.060094, 0.0736929, 0.019,
  0.0598423, 0.0738053, 0.019,
  0.059592, 0.0739212, 0.019,
  0.0593417, 0.074037, 0.019,
  0.0590913, 0.0741528, 0.019,
  0.058841, 0.0742687, 0.019,
  0.0585841, 0.0743679, 0.019,
  0.058322, 0.0744539, 0.019,
  0.05806, 0.07454, 0.019,
  0.06456, 0.06907, 0.0195,
  0.0644712, 0.0693277, 0.0195,
  0.0643824, 0.0695855, 0.0195,
  0.0642936, 0.0698433, 0.0195,
  0.0642048, 0.070101, 0.0195,
  0.0641208, 0.0703603, 0.0195,
  0.0640447, 0.0706221, 0.0195,
  0.0639685, 0.0708839, 0.0195,
  0.0638924, 0.0711456, 0.0195,
  0.0638133, 0.0714064, 0.0195,
  0.0637208, 0.0716629, 0.0195,
  0.0636283, 0.0719194, 0.0195,
  0.0635358, 0.0721758, 0.0195,
  0.0634434, 0.0724323, 0.0195,
  0.0633509, 0.0726888, 0.0195,
  0.0632663, 0.0729478, 0.0195,
  0.0630775, 0.0731094, 0.0195,
  0.0628268, 0.0732164, 0.0195,
  0.062576, 0.0733235, 0.0195,
  0.0623252, 0.0734304, 0.0195,
  0.0620738, 0.0735358, 0.0195,
  0.0618224, 0.0736412, 0.0195,
  0.0615709, 0.0737466, 0.0195,
  0.0613195, 0.0738519, 0.0195,
  0.0610681, 0.0739573, 0.0195,
  0.0608166, 0.0740627, 0.0195,
  0.06057, 0.0741783, 0.0195,
  0.0603292, 0.0743061, 0.0195,
  0.0600884, 0.0744338, 0.0195,
  0.0598475, 0.0745616, 0.0195,
  0.0596067, 0.0746893, 0.0195,
  0.0593597, 0.0748043, 0.0195,
  0.0591097, 0.0749132, 0.0195,
  0.0588598, 0.0750221, 0.0195,
  0.0586099, 0.0751311, 0.0195,
  0.05836, 0.07524, 0.0195,
  0.06495, 0.06949, 0.02,
  0.0648391, 0.0697436, 0.02,
  0.0647281, 0.0699972, 0.02,
  0.0646172, 0.0702508, 0.02,
  0.0645051, 0.0705039, 0.02,
  0.0643889, 0.0707551, 0.02,
  0.0642727, 0.0710064, 0.02,
  0.0641566, 0.0712576, 0.02,
  0.0640498, 0.0715128, 0.02,
  0.063952, 0.0717718, 0.02,
  0.0638542, 0.0720307, 0.02,
  0.0637561, 0.0722896, 0.02,
  0.0636523, 0.0725462, 0.02,
  0.0635484, 0.0728027, 0.02,
  0.0634446, 0.0730593, 0.02,
  0.0632396, 0.0732301, 0.02,
  0.0630034, 0.0733744, 0.02,
  0.0627671, 0.0735186, 0.02,
  0.0625308, 0.0736629, 0.02,
  0.0622931, 0.0738047, 0.02,
  0.0620549, 0.0739456, 0.02,
  0.0618167, 0.0740866, 0.02,
  0.0615784, 0.0742275, 0.02,
  0.0613402, 0.0743685, 0.02,
  0.0611091, 0.0745207, 0.02,
  0.0608811, 0.0746776, 0.02,
  0.0606531, 0.0748345, 0.02,
  0.060425, 0.0749914, 0.02,
  0.060197, 0.0751483, 0.02,
  0.0599602, 0.0752915, 0.02,
  0.0597226, 0.0754336, 0.02,
  0.0594851, 0.0755758, 0.02,
  0.0592475, 0.0757179, 0.02,
  0.05901, 0.07586, 0.02,
  0.06524, 0.07012, 0.0205,
  0.0651291, 0.070366, 0.0205,
  0.0650181, 0.070612, 0.0205,
  0.0649072, 0.0708579, 0.0205,
  0.0647963, 0.0711039, 0.0205,
  0.0646678, 0.0713411, 0.0205,
  0.0645363, 0.0715767, 0.0205,
  0.0644047, 0.0718123, 0.0205,
  0.0642753, 0.072049, 0.0205,
  0.0641539, 0.07229, 0.0205,
  0.0640325, 0.072531, 0.0205,
  0.063911, 0.072772, 0.0205,
  0.0637896, 0.073013, 0.0205,
  0.0636682, 0.073254, 0.0205,
  0.0634693, 0.0734273, 0.0205,
  0.063247, 0.0735802, 0.0205,
  0.0630246, 0.0737331, 0.0205,
  0.0628022, 0.073886, 0.0205,
  0.0625799, 0.0740388, 0.0205,
  0.0623576, 0.0741919, 0.0205,
  0.0621449, 0.0743579, 0.0205,
  0.0619322, 0.0745239, 0.0205,
  0.0617194, 0.0746899, 0.0205,
  0.0615067, 0.0748559, 0.0205,
  0.0612939, 0.0750219, 0.0205,
  0.0610812, 0.0751879, 0.0205,
  0.0608685, 0.0753539, 0.0205,
  0.0606557, 0.0755199, 0.0205,
  0.0604444, 0.0756877, 0.0205,
  0.0602333, 0.0758558, 0.0205,
  0.0600222, 0.0760239, 0.0205,
  0.0598111, 0.0761919, 0.0205,
  0.0596, 0.07636, 0.0205,
  0.06566, 0.07073, 0.021,
  0.0654993, 0.0709471, 0.021,
  0.0653386, 0.0711641, 0.021,
  0.0651779, 0.0713812, 0.021,
  0.0650172, 0.0715982, 0.021,
  0.0648596, 0.0718174, 0.021,
  0.0647138, 0.0720448, 0.021,
  0.0645681, 0.0722722, 0.021,
  0.0644223, 0.0724996, 0.021,
  0.0642766, 0.0727269, 0.021,
  0.0641316, 0.0729547, 0.021,
  0.0639976, 0.0731892, 0.021,
  0.0638636, 0.0734237, 0.021,
  0.0637296, 0.0736582, 0.021,
  0.0635956, 0.0738927, 0.021,
  0.0633879, 0.0740616, 0.021,
  0.0631705, 0.0742219, 0.021,
  0.0629532, 0.0743822, 0.021,
  0.0627358, 0.0745424, 0.021,
  0.0625184, 0.0747027, 0.021,
  0.0623034, 0.0748661, 0.021,
  0.0620914, 0.0750334, 0.021,
  0.0618793, 0.0752006, 0.021,
  0.0616673, 0.0753679, 0.021,
  0.0614552, 0.0755351, 0.021,
  0.0612431, 0.0757023, 0.021,
  0.0610338, 0.0758729, 0.021,
  0.0608259, 0.0760453, 0.021,
  0.0606179, 0.0762176, 0.021,
  0.06041, 0.07639, 0.021,
  0.06571, 0.07169, 0.0215,
  0.0655444, 0.0719003, 0.0215,
  0.0653789, 0.0721106, 0.0215,
  0.0652133, 0.072321, 0.0215,
  0.0650477, 0.0725313, 0.0215,
  0.06489, 0.0727474, 0.0215,
  0.0647393, 0.0729686, 0.0215,
  0.0645886, 0.0731898, 0.0215,
  0.0644379, 0.073411, 0.0215,
  0.0642887, 0.0736333, 0.0215,
