 {
  "metadata" :
  {
   "formatVersion" : 3,
   "sourceFile" : "mch002r_022d",
   "generatedBy" : "Tr3 20161112",
   "vertices" : 61,
   "faces" : 61,
   "normals" : 0,
   "colors" : 0,
   "uvs" : 0,
   "materials" : 1
  },
  "scale" : 1.0,
  "materials": [{
    "DbgColor": 0,
    "DbgIndex": 0,
    "DbgName" : "Join JB1-33-34-1:                 ",
    "colorAmbient": [0.0, 0.0, 0.0],
    "colorDiffuse": [ 1.000, 1.000, 1.000],
    "colorSpecular": [0.16, 0.16, 0.16]
    }],
  "vertices": [
  0.0513275, 0.0809832, 0.0165,
  0.0517324, 0.0839121, 0.017,
  0.0515166, 0.0841471, 0.0165,
  0.05166, 0.08055, 0.017,
  0.051708, 0.0793724, 0.017,
  0.0516501, 0.0778432, 0.0165,
  0.0529743, 0.0870214, 0.017,
  0.05456, 0.08999, 0.017,
  0.054, 0.0899, 0.0165,
  0.052506, 0.0871045, 0.0165,
  0.0541372, 0.0743133, 0.017,
  0.0531926, 0.0749963, 0.017,
  0.0527956, 0.0749283, 0.0165,
  0.0552752, 0.0729595, 0.0165,
  0.0551413, 0.0736934, 0.017,
  0.0561741, 0.073125, 0.017,
  0.0560759, 0.0702016, 0.0165,
  0.0572589, 0.0726648, 0.017,
  0.0582451, 0.0720474, 0.017,
  0.0591225, 0.0712581, 0.017,
  0.0598151, 0.0703146, 0.017,
  0.0590982, 0.0696889, 0.017,
  0.0580097, 0.0692316, 0.017,
  0.0569816, 0.0687125, 0.017,
  0.05549, 0.06709, 0.0165,
  0.05661, 0.0676, 0.017,
  0.0584516, 0.0672282, 0.0165,
  0.0597938, 0.0670656, 0.017,
  0.0614107, 0.0671396, 0.0165,
  0.0631111, 0.0668869, 0.017,
  0.0643391, 0.0666766, 0.0165,
  0.0663891, 0.0662295, 0.017,
  0.0672101, 0.066008, 0.0165,
  0.0696942, 0.0657316, 0.017,
  0.07017, 0.06578, 0.0165,
  0.0730222, 0.0656066, 0.017,
  0.0736461, 0.0658046, 0.0165,
  0.0760369, 0.0666793, 0.017,
  0.0766667, 0.0672384, 0.0165,
  0.0768868, 0.0697416, 0.017,
  0.0775092, 0.0704398, 0.0165,
  0.07574, 0.07284, 0.017,
  0.0759176, 0.073527, 0.0165,
  0.0737424, 0.0755092, 0.017,
  0.073936, 0.0763825, 0.0165,
  0.0716093, 0.0780733, 0.017,
  0.0717592, 0.0790975, 0.0165,
  0.0696253, 0.0807483, 0.017,
  0.0695014, 0.0817433, 0.0165,
  0.067436, 0.0832611, 0.017,
  0.0668321, 0.0839256, 0.0165,
  0.0649634, 0.0854996, 0.017,
  0.0637958, 0.0856157, 0.0165,
  0.0623226, 0.0875341, 0.017,
  0.0606905, 0.0871845, 0.0165,
  0.05984, 0.08976, 0.017,
  0.05858, 0.08995, 0.0165,
  0.0572042, 0.0899652, 0.017,
  0.0524886, 0.075928, 0.017,
  0.0521223, 0.0770504, 0.017,
  0.051882, 0.0782053, 0.017
 ],
 "morphTargets": [],
 "morphColors": [],
 "normals": [],
 "colors": [],
 "uvs": [[]],
  "faces": [
  2, 0, 1, 2, 0,
  2, 3, 1, 0, 0,
  2, 4, 3, 0, 0,
  2, 5, 4, 0, 0,
  2, 6, 7, 8, 0,
  2, 9, 6, 8, 0,
  2, 2, 6, 9, 0,
  2, 1, 6, 2, 0,
  2, 10, 11, 12, 0,
  2, 13, 10, 12, 0,
  2, 14, 10, 13, 0,
  2, 15, 14, 13, 0,
  2, 16, 15, 13, 0,
  2, 17, 15, 16, 0,
  2, 18, 17, 16, 0,
  2, 19, 18, 16, 0,
  2, 20, 19, 16, 0,
  2, 21, 20, 16, 0,
  2, 22, 21, 16, 0,
  2, 23, 22, 16, 0,
  2, 24, 23, 16, 0,
  2, 25, 23, 24, 0,
  2, 26, 25, 24, 0,
  2, 27, 25, 26, 0,
  2, 28, 27, 26, 0,
  2, 29, 27, 28, 0,
  2, 30, 29, 28, 0,
  2, 31, 29, 30, 0,
  2, 32, 31, 30, 0,
  2, 33, 31, 32, 0,
  2, 34, 33, 32, 0,
  2, 35, 33, 34, 0,
  2, 36, 35, 34, 0,
  2, 37, 35, 36, 0,
  2, 38, 37, 36, 0,
  2, 39, 37, 38, 0,
  2, 40, 39, 38, 0,
  2, 41, 39, 40, 0,
  2, 42, 41, 40, 0,
  2, 43, 41, 42, 0,
  2, 44, 43, 42, 0,
  2, 45, 43, 44, 0,
  2, 46, 45, 44, 0,
  2, 47, 45, 46, 0,
  2, 48, 47, 46, 0,
  2, 49, 47, 48, 0,
  2, 50, 49, 48, 0,
  2, 51, 49, 50, 0,
  2, 52, 51, 50, 0,
  2, 53, 51, 52, 0,
  2, 54, 53, 52, 0,
  2, 55, 53, 54, 0,
  2, 56, 55, 54, 0,
  2, 57, 55, 56, 0,
  2, 8, 57, 56, 0,
  2, 7, 57, 8, 0,
  2, 12, 58, 5, 0,
  2, 11, 58, 12, 0,
  2, 59, 60, 5, 0,
  2, 58, 59, 5, 0,
  2, 60, 4, 5, 0
]
 }
