 {
  "metadata" :
  {
   "formatVersion" : 3,
   "sourceFile" : "mch002r_022d",
   "generatedBy" : "Tr3 20161112",
   "vertices" : 19,
   "faces" : 19,
   "normals" : 0,
   "colors" : 0,
   "uvs" : 0,
   "materials" : 1
  },
  "scale" : 1.0,
  "materials": [{
    "DbgColor": 0,
    "DbgIndex": 0,
    "DbgName" : "os_cavmed_35: Cavity wall",
    "colorAmbient": [0.0, 0.0, 0.0],
    "colorDiffuse": [ 1.000, 0.784, 0.588],
    "colorSpecular": [0.16, 0.16, 0.16]
    }],
  "vertices": [
  0.0672, 0.07689, 0.018,
  0.0676004, 0.0769211, 0.018,
  0.06744, 0.07757, 0.0175,
  0.0677378, 0.0772981, 0.018,
  0.0678188, 0.0774493, 0.0175,
  0.0680294, 0.0775709, 0.018,
  0.0681998, 0.0775062, 0.0175,
  0.0682879, 0.0778447, 0.018,
  0.0683412, 0.0778388, 0.0175,
  0.0680907, 0.0781182, 0.0175,
  0.0682425, 0.0782424, 0.018,
  0.0679776, 0.0785062, 0.018,
  0.0677301, 0.07817, 0.0175,
  0.0675842, 0.0785905, 0.018,
  0.0672875, 0.0783475, 0.018,
  0.0674128, 0.0779685, 0.0175,
  0.0670428, 0.0780394, 0.018,
  0.066964, 0.077652, 0.018,
  0.0670353, 0.0772561, 0.018
 ],
 "morphTargets": [],
 "morphColors": [],
 "normals": [],
 "colors": [],
 "uvs": [[]],
  "faces": [
  2, 0, 1, 2, 0,
  2, 1, 3, 2, 0,
  2, 3, 4, 2, 0,
  2, 3, 5, 4, 0,
  2, 5, 6, 4, 0,
  2, 5, 7, 6, 0,
  2, 7, 8, 6, 0,
  2, 7, 9, 8, 0,
  2, 7, 10, 9, 0,
  2, 10, 11, 9, 0,
  2, 11, 12, 9, 0,
  2, 11, 13, 12, 0,
  2, 13, 14, 12, 0,
  2, 14, 15, 12, 0,
  2, 14, 16, 15, 0,
  2, 16, 17, 15, 0,
  2, 17, 2, 15, 0,
  2, 17, 18, 2, 0,
  2, 18, 0, 2, 0
]
 }
