 {
  "metadata" :
  {
   "formatVersion" : 3,
   "sourceFile" : "mch002r_022d",
   "generatedBy" : "Tr3 20161112",
   "vertices" : 20,
   "faces" : 18,
   "normals" : 0,
   "colors" : 0,
   "uvs" : 0,
   "materials" : 1
  },
  "scale" : 1.0,
  "materials": [{
    "DbgColor": 0,
    "DbgIndex": 0,
    "DbgName" : "os_occcond_cut_40: Occipital bone (condylar part)",
    "colorAmbient": [0.0, 0.0, 0.0],
    "colorDiffuse": [ 1.000, 0.784, 0.588],
    "colorSpecular": [0.16, 0.16, 0.16]
    }],
  "vertices": [
  0.06244, 0.09, 0.0205,
  0.0640678, 0.09, 0.0205,
  0.06252, 0.09, 0.02,
  0.0640889, 0.09, 0.02,
  0.0656956, 0.09, 0.0205,
  0.0673233, 0.09, 0.0205,
  0.0656578, 0.09, 0.02,
  0.0689511, 0.09, 0.0205,
  0.0705789, 0.09, 0.0205,
  0.0722067, 0.09, 0.0205,
  0.0672267, 0.09, 0.02,
  0.0738345, 0.09, 0.0205,
  0.0687956, 0.09, 0.02,
  0.0703645, 0.09, 0.02,
  0.0719333, 0.09, 0.02,
  0.0735022, 0.09, 0.02,
  0.0750711, 0.09, 0.02,
  0.0754622, 0.09, 0.0205,
  0.07664, 0.09, 0.02,
  0.07709, 0.09, 0.0205
 ],
 "morphTargets": [],
 "morphColors": [],
 "normals": [],
 "colors": [],
 "uvs": [[]],
  "faces": [
  2, 0, 1, 2, 0,
  2, 1, 3, 2, 0,
  2, 1, 4, 3, 0,
  2, 4, 5, 3, 0,
  2, 5, 6, 3, 0,
  2, 5, 7, 6, 0,
  2, 7, 8, 6, 0,
  2, 8, 9, 6, 0,
  2, 9, 10, 6, 0,
  2, 9, 11, 10, 0,
  2, 11, 12, 10, 0,
  2, 11, 13, 12, 0,
  2, 11, 14, 13, 0,
  2, 11, 15, 14, 0,
  2, 11, 16, 15, 0,
  2, 11, 17, 16, 0,
  2, 17, 18, 16, 0,
  2, 17, 19, 18, 0
]
 }
