 {
  "metadata" :
  {
   "formatVersion" : 3,
   "sourceFile" : "mch002r_022d",
   "generatedBy" : "Tr3 20161112",
   "vertices" : 189,
   "faces" : 340,
   "normals" : 0,
   "colors" : 0,
   "uvs" : 0,
   "materials" : 1
  },
  "scale" : 1.0,
  "materials": [{
    "DbgColor": 0,
    "DbgIndex": 0,
    "DbgName" : "os_occbas_18: Occipital bone (basilar part)",
    "colorAmbient": [0.0, 0.0, 0.0],
    "colorDiffuse": [ 1.000, 0.784, 0.588],
    "colorSpecular": [0.16, 0.16, 0.16]
    }],
  "vertices": [
  0.08832, 0.06737, 0.0095,
  0.0865993, 0.0673856, 0.0095,
  0.08775, 0.06761, 0.009,
  0.0864018, 0.0680775, 0.009,
  0.0849261, 0.0678779, 0.0095,
  0.0849763, 0.0686329, 0.009,
  0.0832089, 0.0681389, 0.0095,
  0.0822129, 0.0694501, 0.0095,
  0.0836507, 0.0698795, 0.0095,
  0.085393, 0.0697497, 0.0095,
  0.0856758, 0.0692559, 0.009,
  0.0871365, 0.0696563, 0.0095,
  0.0872779, 0.0694946, 0.009,
  0.0888023, 0.0701122, 0.0095,
  0.0888768, 0.0697468, 0.009,
  0.0903592, 0.0703432, 0.009,
  0.0904071, 0.0708007, 0.0095,
  0.0918231, 0.0707034, 0.009,
  0.0920862, 0.0711947, 0.0095,
  0.0926329, 0.0696042, 0.0095,
  0.0918529, 0.0692442, 0.009,
  0.0916682, 0.0683541, 0.0095,
  0.0904433, 0.0685813, 0.009,
  0.0900185, 0.0677796, 0.0095,
  0.0888335, 0.06867, 0.009,
  0.08789, 0.06678, 0.01,
  0.0861976, 0.0669741, 0.01,
  0.0845351, 0.0673587, 0.01,
  0.0829181, 0.0678945, 0.01,
  0.0818388, 0.0691252, 0.01,
  0.0823914, 0.0704607, 0.01,
  0.084059, 0.0702427, 0.01,
  0.0857288, 0.0699546, 0.01,
  0.0874352, 0.0700089, 0.01,
  0.0890867, 0.0704194, 0.01,
  0.0905646, 0.0712556, 0.01,
  0.0921446, 0.07163, 0.01,
  0.0928766, 0.0702139, 0.01,
  0.0926461, 0.0685698, 0.01,
  0.0911259, 0.0678652, 0.01,
  0.089517, 0.0672969, 0.01,
  0.08752, 0.06641, 0.0105,
  0.0858452, 0.0667699, 0.0105,
  0.0841853, 0.0671876, 0.0105,
  0.0825112, 0.0674998, 0.0105,
  0.0815926, 0.0688557, 0.0105,
  0.0817696, 0.0704746, 0.0105,
  0.0834025, 0.0707353, 0.0105,
  0.0850879, 0.0704286, 0.0105,
  0.0867901, 0.0703664, 0.0105,
  0.088461, 0.0707137, 0.0105,
  0.0900453, 0.0713598, 0.0105,
  0.0916202, 0.07202, 0.0105,
  0.0929606, 0.0712447, 0.0105,
  0.0930812, 0.0695412, 0.0105,
  0.0923104, 0.0681008, 0.0105,
  0.0908129, 0.067279, 0.0105,
  0.0892027, 0.0667045, 0.0105,
  0.08733, 0.06607, 0.011,
  0.0856326, 0.0663645, 0.011,
  0.0839705, 0.0668178, 0.011,
  0.0823262, 0.0672974, 0.011,
  0.0814512, 0.0686964, 0.011,
  0.081296, 0.0703946, 0.011,
  0.082666, 0.0710168, 0.011,
  0.0843633, 0.0707196, 0.011,
  0.0860817, 0.070611, 0.011,
  0.0878018, 0.0706928, 0.011,
  0.0894067, 0.0712801, 0.011,
  0.0909537, 0.0720346, 0.011,
  0.0926069, 0.0723788, 0.011,
  0.0930953, 0.0708177, 0.011,
  0.09304, 0.0690998, 0.011,
  0.0922203, 0.0676303, 0.011,
  0.0906643, 0.0669034, 0.011,
  0.0890165, 0.0663989, 0.011,
  0.08732, 0.066, 0.0115,
  0.0856153, 0.0661008, 0.0115,
  0.0839299, 0.0663706, 0.0115,
  0.08237, 0.0670062, 0.0115,
  0.0815591, 0.0684416, 0.0115,
  0.0812928, 0.0701279, 0.0115,
  0.0820677, 0.0713926, 0.0115,
  0.0837435, 0.0711212, 0.0115,
  0.0854144, 0.0708041, 0.0115,
  0.0871176, 0.0708131, 0.0115,
  0.0887524, 0.0712199, 0.0115,
  0.0902665, 0.0720078, 0.0115,
  0.0918152, 0.0727149, 0.0115,
  0.0930903, 0.0721458, 0.0115,
  0.0930995, 0.0704417, 0.0115,
  0.093056, 0.068744, 0.0115,
  0.0921731, 0.0673316, 0.0115,
  0.0906854, 0.0665167, 0.0115,
  0.0890196, 0.0661655, 0.0115,
  0.08833, 0.06572, 0.012,
  0.0865989, 0.0657959, 0.012,
  0.0848884, 0.0660318, 0.012,
  0.0832023, 0.0664279, 0.012,
  0.0818476, 0.0673991, 0.012,
  0.0814467, 0.069074, 0.012,
  0.0811937, 0.0707871, 0.012,
  0.082149, 0.0719123, 0.012,
  0.0838219, 0.0714606, 0.012,
  0.0855037, 0.0710825, 0.012,
  0.0872327, 0.0710796, 0.012,
  0.0888981, 0.0714504, 0.012,
  0.090386, 0.0723359, 0.012,
  0.0918847, 0.0732021, 0.012,
  0.0933763, 0.0729407, 0.012,
  0.0931152, 0.071284, 0.012,
  0.0930017, 0.0695729, 0.012,
  0.0927953, 0.0678728, 0.012,
  0.0916398, 0.066636, 0.012,
  0.0900363, 0.0659986, 0.012,
  0.08762, 0.06545, 0.0125,
  0.0859288, 0.0654726, 0.0125,
  0.084258, 0.0657183, 0.0125,
  0.0827003, 0.0663437, 0.0125,
  0.0818348, 0.0677723, 0.0125,
  0.0813945, 0.0694047, 0.0125,
  0.0809, 0.0710207, 0.0125,
  0.0815217, 0.0723425, 0.0125,
  0.0831721, 0.0720668, 0.0125,
  0.0847501, 0.0714552, 0.0125,
  0.0863909, 0.07118, 0.0125,
  0.0880726, 0.0713279, 0.0125,
  0.0895944, 0.0719829, 0.0125,
  0.0909037, 0.0730548, 0.0125,
  0.0922841, 0.0740207, 0.0125,
  0.093639, 0.0735372, 0.0125,
  0.0935732, 0.0719328, 0.0125,
  0.0930258, 0.070344, 0.0125,
  0.0928483, 0.0686615, 0.0125,
  0.0922889, 0.0670833, 0.0125,
  0.090916, 0.06614, 0.0125,
  0.0892971, 0.0656653, 0.0125,
  0.08762, 0.06522, 0.013,
  0.0858743, 0.0652404, 0.013,
  0.0841465, 0.0654307, 0.013,
  0.0827812, 0.0664184, 0.013,
  0.0819669, 0.0679543, 0.013,
  0.0813269, 0.069578, 0.013,
  0.0807332, 0.0712184, 0.013,
  0.0809372, 0.0728752, 0.013,
  0.0825564, 0.0730655, 0.013,
  0.0840688, 0.0722006, 0.013,
  0.0856492, 0.0714854, 0.013,
  0.0873761, 0.0713862, 0.013,
  0.0890327, 0.0718782, 0.013,
  0.0904425, 0.0728828, 0.013,
  0.091646, 0.0741443, 0.013,
  0.0928059, 0.0754491, 0.013,
  0.0939837, 0.0767088, 0.013,
  0.0944735, 0.0755069, 0.013,
  0.0942136, 0.0737806, 0.013,
  0.0937819, 0.0721027, 0.013,
  0.0931245, 0.0704855, 0.013,
  0.0927429, 0.0687881, 0.013,
  0.0922703, 0.0671195, 0.013,
  0.0910207, 0.0659634, 0.013,
  0.0893411, 0.0655125, 0.013,
  0.0877, 0.0656, 0.0135,
  0.0860425, 0.0651828, 0.0135,
  0.0843712, 0.0653475, 0.0135,
  0.0830831, 0.0664399, 0.0135,
  0.0823026, 0.067965, 0.0135,
  0.0815537, 0.0695071, 0.0135,
  0.0806847, 0.0709866, 0.0135,
  0.0801635, 0.0726051, 0.0135,
  0.0805876, 0.0741331, 0.0135,
  0.0821666, 0.0736207, 0.0135,
  0.083639, 0.0727398, 0.0135,
  0.0851532, 0.0719335, 0.0135,
  0.0868317, 0.0716546, 0.0135,
  0.0885172, 0.0719382, 0.0135,
  0.0899904, 0.0727894, 0.0135,
  0.0910447, 0.074141, 0.0135,
  0.0919177, 0.0756175, 0.0135,
  0.0930057, 0.0769325, 0.0135,
  0.0945146, 0.0766354, 0.0135,
  0.0943263, 0.0751038, 0.0135,
  0.094537, 0.0735357, 0.0135,
  0.0938833, 0.0719529, 0.0135,
  0.0931319, 0.0704104, 0.0135,
  0.0925623, 0.0688006, 0.0135,
  0.0920819, 0.0671567, 0.0135,
  0.091032, 0.0658424, 0.0135,
  0.0894045, 0.065414, 0.0135
 ],
 "morphTargets": [],
 "morphColors": [],
 "normals": [],
 "colors": [],
 "uvs": [[]],