 {
  "metadata" :
  {
   "formatVersion" : 3,
   "sourceFile" : "mch002r_022d",
   "generatedBy" : "Tr3 20161112",
   "vertices" : 18,
   "faces" : 26,
   "normals" : 0,
   "colors" : 0,
   "uvs" : 0,
   "materials" : 1
  },
  "scale" : 1.0,
  "materials": [{
    "DbgColor": 0,
    "DbgIndex": 0,
    "DbgName" : "os_temp_13: Temporal bone",
    "colorAmbient": [0.0, 0.0, 0.0],
    "colorDiffuse": [ 1.000, 0.784, 0.588],
    "colorSpecular": [0.16, 0.16, 0.16]
    }],
  "vertices": [
  0.0622, 0.08111, 0.007,
  0.0611462, 0.0803077, 0.007,
  0.06148, 0.08092, 0.0065,
  0.0603168, 0.0803595, 0.0065,
  0.0606287, 0.0793108, 0.0065,
  0.0612221, 0.0792022, 0.007,
  0.0617078, 0.0799587, 0.0065,
  0.0622427, 0.0800187, 0.007,
  0.06246, 0.08142, 0.0075,
  0.0613662, 0.0802281, 0.0075,
  0.0614552, 0.0789538, 0.0075,
  0.062469, 0.0800627, 0.0075,
  0.06248, 0.08172, 0.008,
  0.061634, 0.0804711, 0.008,
  0.0606105, 0.0792502, 0.008,
  0.060935, 0.078373, 0.008,
  0.062261, 0.0790068, 0.008,
  0.0629478, 0.0804565, 0.008
 ],
 "morphTargets": [],
 "morphColors": [],
 "normals": [],
 "colors": [],
 "uvs": [[]],
  "faces": [
  2, 0, 1, 2, 0,
  2, 1, 3, 2, 0,
  2, 1, 4, 3, 0,
  2, 1, 5, 4, 0,
  2, 5, 6, 4, 0,
  2, 5, 7, 6, 0,
  2, 7, 2, 6, 0,
  2, 7, 0, 2, 0,
  2, 8, 9, 0, 0,
  2, 9, 1, 0, 0,
  2, 9, 5, 1, 0,
  2, 9, 10, 5, 0,
  2, 10, 7, 5, 0,
  2, 10, 11, 7, 0,
  2, 11, 0, 7, 0,
  2, 11, 8, 0, 0,
  2, 12, 13, 8, 0,
  2, 13, 9, 8, 0,
  2, 13, 14, 9, 0,
  2, 14, 10, 9, 0,
  2, 14, 15, 10, 0,
  2, 15, 16, 10, 0,
  2, 16, 11, 10, 0,
  2, 16, 17, 11, 0,
  2, 17, 8, 11, 0,
  2, 17, 12, 8, 0
]
 }
