 {
  "metadata" :
  {
   "formatVersion" : 3,
   "sourceFile" : "mch002r_022d",
   "generatedBy" : "Tr3 20161112",
   "vertices" : 32,
   "faces" : 39,
   "normals" : 0,
   "colors" : 0,
   "uvs" : 0,
   "materials" : 1
  },
  "scale" : 1.0,
  "materials": [{
    "DbgColor": 0,
    "DbgIndex": 0,
    "DbgName" : "1b_2aa36: (no description)",
    "colorAmbient": [0.0, 0.0, 0.0],
    "colorDiffuse": [ 1.000, 1.000, 1.000],
    "colorSpecular": [0.16, 0.16, 0.16]
    }],
  "vertices": [
  0.05771, 0.07389, 0.0185,
  0.059782, 0.0754265, 0.018,
  0.0581, 0.0727, 0.018,
  0.0597721, 0.0761625, 0.0185,
  0.0618885, 0.0774946, 0.018,
  0.0624135, 0.077532, 0.0185,
  0.062694, 0.0796279, 0.018,
  0.0652048, 0.0778335, 0.018,
  0.0656365, 0.0779948, 0.0185,
  0.0677586, 0.0769395, 0.0185,
  0.0665526, 0.0763564, 0.0185,
  0.0640423, 0.0762272, 0.018,
  0.0639531, 0.0752701, 0.0185,
  0.0647065, 0.0735508, 0.018,
  0.065686, 0.0730784, 0.0185,
  0.0670311, 0.0718785, 0.018,
  0.0669004, 0.0712524, 0.0185,
  0.0677982, 0.0689295, 0.018,
  0.0666136, 0.0687433, 0.0185,
  0.0654649, 0.0682493, 0.018,
  0.0634, 0.06897, 0.0185,
  0.06238, 0.06917, 0.018,
  0.05819, 0.07476, 0.019,
  0.0603487, 0.0769589, 0.019,
  0.0634019, 0.0774336, 0.019,
  0.066505, 0.0775674, 0.019,
  0.0683266, 0.0762954, 0.019,
  0.0654573, 0.0760569, 0.019,
  0.0640885, 0.0742134, 0.019,
  0.0664773, 0.0727426, 0.019,
  0.0664904, 0.0704259, 0.019,
  0.06421, 0.06907, 0.019
 ],
 "morphTargets": [],
 "morphColors": [],
 "normals": [],
 "colors": [],
 "uvs": [[]],
  "faces": [
  2, 0, 1, 2, 0,
  2, 0, 3, 1, 0,
  2, 3, 4, 1, 0,
  2, 3, 5, 4, 0,
  2, 5, 6, 4, 0,
  2, 5, 7, 6, 0,
  2, 5, 8, 7, 0,
  2, 8, 9, 7, 0,
  2, 9, 10, 7, 0,
  2, 10, 11, 7, 0,
  2, 10, 12, 11, 0,
  2, 12, 13, 11, 0,
  2, 12, 14, 13, 0,
  2, 14, 15, 13, 0,
  2, 14, 16, 15, 0,
  2, 16, 17, 15, 0,
  2, 16, 18, 17, 0,
  2, 18, 19, 17, 0,
  2, 18, 20, 19, 0,
  2, 20, 21, 19, 0,
  2, 22, 3, 0, 0,
  2, 22, 23, 3, 0,
  2, 23, 5, 3, 0,
  2, 23, 24, 5, 0,
  2, 24, 8, 5, 0,
  2, 24, 25, 8, 0,
  2, 25, 9, 8, 0,
  2, 25, 26, 9, 0,
  2, 26, 10, 9, 0,
  2, 26, 27, 10, 0,
  2, 27, 12, 10, 0,
  2, 27, 28, 12, 0,
  2, 28, 14, 12, 0,
  2, 28, 29, 14, 0,
  2, 29, 16, 14, 0,
  2, 29, 30, 16, 0,
  2, 30, 18, 16, 0,
  2, 30, 31, 18, 0,
  2, 31, 20, 18, 0
]
 }
