 {
  "metadata" :
  {
   "formatVersion" : 3,
   "sourceFile" : "mch002r_022d",
   "generatedBy" : "Tr3 20161112",
   "vertices" : 42,
   "faces" : 52,
   "normals" : 0,
   "colors" : 0,
   "uvs" : 0,
   "materials" : 1
  },
  "scale" : 1.0,
  "materials": [{
    "DbgColor": 0,
    "DbgIndex": 0,
    "DbgName" : "skin_ext_post_24: Skin",
    "colorAmbient": [0.0, 0.0, 0.0],
    "colorDiffuse": [ 1.000, 0.753, 0.796],
    "colorSpecular": [0.16, 0.16, 0.16]
    }],
  "vertices": [
  0.04214, 0.09, 0.0125,
  0.0423018, 0.091593, 0.012,
  0.0419, 0.09, 0.012,
  0.0424618, 0.0916092, 0.0125,
  0.0427347, 0.093178, 0.012,
  0.0428635, 0.0931987, 0.0125,
  0.0431865, 0.0947575, 0.012,
  0.0433253, 0.0947735, 0.0125,
  0.043653, 0.0963328, 0.012,
  0.0438128, 0.0963404, 0.0125,
  0.0441386, 0.0979024, 0.012,
  0.0443123, 0.0979035, 0.0125,
  0.0446417, 0.0994664, 0.012,
  0.0448348, 0.0994592, 0.0125,
  0.0452344, 0.100996, 0.012,
  0.0453993, 0.101, 0.0125,
  0.0458909, 0.102502, 0.012,
  0.0460006, 0.102527, 0.0125,
  0.0465011, 0.104028, 0.012,
  0.0466234, 0.104045, 0.0125,
  0.0471425, 0.10554, 0.012,
  0.0472688, 0.105553, 0.0125,
  0.047839, 0.107028, 0.012,
  0.0479441, 0.107049, 0.0125,
  0.0485387, 0.108514, 0.012,
  0.04866, 0.108525, 0.0125,
  0.04924, 0.11, 0.012,
  0.04938, 0.11, 0.0125,
  0.04239, 0.09, 0.013,
  0.0425772, 0.0916303, 0.013,
  0.0429385, 0.0932271, 0.013,
  0.0434003, 0.0948015, 0.013,
  0.0438905, 0.0963675, 0.013,
  0.04441, 0.0979241, 0.013,
  0.0449462, 0.0994748, 0.013,
  0.0455207, 0.101012, 0.013,
  0.046117, 0.10254, 0.013,
  0.0467524, 0.104053, 0.013,
  0.0473949, 0.105563, 0.013,
  0.0480492, 0.107068, 0.013,
  0.0487471, 0.108553, 0.013,
  0.04952, 0.11, 0.013
 ],
 "morphTargets": [],
 "morphColors": [],
 "normals": [],
 "colors": [],
 "uvs": [[]],
  "faces": [
  2, 0, 1, 2, 0,
  2, 0, 3, 1, 0,
  2, 3, 4, 1, 0,
  2, 3, 5, 4, 0,
  2, 5, 6, 4, 0,
  2, 5, 7, 6, 0,
  2, 7, 8, 6, 0,
  2, 7, 9, 8, 0,
  2, 9, 10, 8, 0,
  2, 9, 11, 10, 0,
  2, 11, 12, 10, 0,
  2, 11, 13, 12, 0,
  2, 13, 14, 12, 0,
  2, 13, 15, 14, 0,
  2, 15, 16, 14, 0,
  2, 15, 17, 16, 0,
  2, 17, 18, 16, 0,
  2, 17, 19, 18, 0,
  2, 19, 20, 18, 0,
  2, 19, 21, 20, 0,
  2, 21, 22, 20, 0,
  2, 21, 23, 22, 0,
  2, 23, 24, 22, 0,
  2, 23, 25, 24, 0,
  2, 25, 26, 24, 0,
  2, 25, 27, 26, 0,
  2, 28, 3, 0, 0,
  2, 28, 29, 3, 0,
  2, 29, 5, 3, 0,
  2, 29, 30, 5, 0,
  2, 30, 31, 5, 0,
  2, 31, 7, 5, 0,
  2, 31, 9, 7, 0,
  2, 31, 32, 9, 0,
  2, 32, 11, 9, 0,
  2, 32, 33, 11, 0,
  2, 33, 13, 11, 0,
  2, 33, 34, 13, 0,
  2, 34, 15, 13, 0,
  2, 34, 35, 15, 0,
  2, 35, 17, 15, 0,
  2, 35, 36, 17, 0,
  2, 36, 19, 17, 0,
  2, 36, 37, 19, 0,
  2, 37, 21, 19, 0,
  2, 37, 38, 21, 0,
  2, 38, 23, 21, 0,
  2, 38, 39, 23, 0,
  2, 39, 25, 23, 0,
  2, 39, 40, 25, 0,
  2, 40, 27, 25, 0,
  2, 40, 41, 27, 0
]
 }
