 {
  "metadata" :
  {
   "formatVersion" : 3,
   "sourceFile" : "mch002r_022d",
   "generatedBy" : "Tr3 20161112",
   "vertices" : 48,
   "faces" : 46,
   "normals" : 0,
   "colors" : 0,
   "uvs" : 0,
   "materials" : 1
  },
  "scale" : 1.0,
  "materials": [{
    "DbgColor": 0,
    "DbgIndex": 0,
    "DbgName" : "Join labvest_ant_26: Vestibule",
    "colorAmbient": [0.0, 0.0, 0.0],
    "colorDiffuse": [ 0.678, 0.847, 0.902],
    "colorSpecular": [0.16, 0.16, 0.16]
    }],
  "vertices": [
  0.06285, 0.07497, 0.013,
  0.0633, 0.07463, 0.013,
  0.06278, 0.07452, 0.0125,
  0.06524, 0.07437, 0.013,
  0.06566, 0.07474, 0.0125,
  0.06521, 0.07444, 0.0125,
  0.06588, 0.07463, 0.013,
  0.06337, 0.07433, 0.0125,
  0.06375, 0.07444, 0.013,
  0.06423, 0.07444, 0.0125,
  0.06446, 0.0743, 0.013,
  0.0664, 0.07646, 0.013,
  0.06569, 0.07669, 0.0125,
  0.06581, 0.07624, 0.0125,
  0.06618, 0.0771, 0.013,
  0.06569, 0.07736, 0.0125,
  0.06603, 0.07774, 0.013,
  0.06569, 0.07792, 0.0125,
  0.06595, 0.07837, 0.0125,
  0.06603, 0.0786, 0.013,
  0.06588, 0.07882, 0.0125,
  0.06584, 0.07942, 0.013,
  0.06569, 0.07916, 0.0125,
  0.06573, 0.07527, 0.0125,
  0.06625, 0.07527, 0.013,
  0.0664, 0.07583, 0.013,
  0.06588, 0.07583, 0.0125,
  0.06218, 0.07474, 0.0125,
  0.06468, 0.08013, 0.013,
  0.06412, 0.08002, 0.013,
  0.0645, 0.08032, 0.0125,
  0.06412, 0.08005, 0.0125,
  0.06397, 0.07968, 0.0125,
  0.06322, 0.07923, 0.013,
  0.06382, 0.07912, 0.0125,
  0.06333, 0.07873, 0.013,
  0.06367, 0.0783, 0.0125,
  0.06333, 0.07838, 0.013,
  0.06345, 0.07792, 0.0125,
  0.06327, 0.07795, 0.013,
  0.06308, 0.07755, 0.0125,
  0.06305, 0.07748, 0.013,
  0.06283, 0.07704, 0.013,
  0.0627, 0.07691, 0.0125,
  0.06528, 0.07998, 0.013,
  0.06521, 0.08035, 0.0125,
  0.06483, 0.08047, 0.0125,
  0.06551, 0.07983, 0.0125
 ],
 "morphTargets": [],
 "morphColors": [],
 "normals": [],
 "colors": [],
 "uvs": [[]],
  "faces": [
  2, 0, 1, 2, 0,
  2, 3, 4, 5, 0,
  2, 3, 6, 4, 0,
  2, 1, 7, 2, 0,
  2, 1, 8, 7, 0,
  2, 8, 9, 7, 0,
  2, 8, 10, 9, 0,
  2, 10, 5, 9, 0,
  2, 10, 3, 5, 0,
  2, 11, 12, 13, 0,
  2, 11, 14, 12, 0,
  2, 14, 15, 12, 0,
  2, 14, 16, 15, 0,
  2, 16, 17, 15, 0,
  2, 16, 18, 17, 0,
  2, 16, 19, 18, 0,
  2, 19, 20, 18, 0,
  2, 19, 21, 20, 0,
  2, 21, 22, 20, 0,
  2, 6, 23, 4, 0,
  2, 6, 24, 23, 0,
  2, 24, 25, 23, 0,
  2, 25, 26, 23, 0,
  2, 25, 13, 26, 0,
  2, 25, 11, 13, 0,
  2, 0, 2, 27, 0,
  2, 28, 29, 30, 0,
  2, 29, 31, 30, 0,
  2, 29, 32, 31, 0,
  2, 29, 33, 32, 0,
  2, 33, 34, 32, 0,
  2, 33, 35, 34, 0,
  2, 35, 36, 34, 0,
  2, 35, 37, 36, 0,
  2, 37, 38, 36, 0,
  2, 37, 39, 38, 0,
  2, 39, 40, 38, 0,
  2, 39, 41, 40, 0,
  2, 41, 42, 40, 0,
  2, 42, 43, 40, 0,
  2, 44, 28, 45, 0,
  2, 28, 46, 45, 0,
  2, 28, 30, 46, 0,
  2, 44, 45, 47, 0,
  2, 21, 44, 47, 0,
  2, 21, 47, 22, 0
]
 }
