 {
  "metadata" :
  {
   "formatVersion" : 3,
   "sourceFile" : "mch002r_022d",
   "generatedBy" : "Tr3 20161112",
   "vertices" : 20,
   "faces" : 23,
   "normals" : 0,
   "colors" : 0,
   "uvs" : 0,
   "materials" : 1
  },
  "scale" : 1.0,
  "materials": [{
    "DbgColor": 0,
    "DbgIndex": 0,
    "DbgName" : "inc_27: Incus",
    "colorAmbient": [0.0, 0.0, 0.0],
    "colorDiffuse": [ 1.000, 0.784, 0.588],
    "colorSpecular": [0.16, 0.16, 0.16]
    }],
  "vertices": [
  0.05837, 0.07121, 0.014,
  0.0570264, 0.0714553, 0.014,
  0.05802, 0.07112, 0.0135,
  0.0569187, 0.0717285, 0.0135,
  0.0568285, 0.0728699, 0.014,
  0.0571271, 0.073044, 0.0135,
  0.057501, 0.0740076, 0.014,
  0.0587909, 0.0733633, 0.014,
  0.0584205, 0.0730706, 0.0135,
  0.05935, 0.07202, 0.0135,
  0.0602142, 0.0730751, 0.014,
  0.06009, 0.07177, 0.014,
  0.05833, 0.07122, 0.0145,
  0.0569569, 0.0718389, 0.0145,
  0.0567219, 0.0735211, 0.0145,
  0.0567291, 0.0752312, 0.0145,
  0.0579893, 0.0747043, 0.0145,
  0.0594271, 0.0738011, 0.0145,
  0.0608895, 0.0731338, 0.0145,
  0.06005, 0.07181, 0.0145
 ],
 "morphTargets": [],
 "morphColors": [],
 "normals": [],
 "colors": [],
 "uvs": [[]],
  "faces": [
  2, 0, 1, 2, 0,
  2, 1, 3, 2, 0,
  2, 1, 4, 3, 0,
  2, 4, 5, 3, 0,
  2, 4, 6, 5, 0,
  2, 6, 7, 5, 0,
  2, 7, 8, 5, 0,
  2, 7, 9, 8, 0,
  2, 7, 10, 9, 0,
  2, 10, 11, 9, 0,
  2, 12, 1, 0, 0,
  2, 12, 13, 1, 0,
  2, 13, 14, 1, 0,
  2, 14, 4, 1, 0,
  2, 14, 6, 4, 0,
  2, 14, 15, 6, 0,
  2, 15, 16, 6, 0,
  2, 16, 7, 6, 0,
  2, 16, 17, 7, 0,
  2, 17, 10, 7, 0,
  2, 17, 18, 10, 0,
  2, 18, 11, 10, 0,
  2, 18, 19, 11, 0
]
 }
