 {
  "metadata" :
  {
   "formatVersion" : 3,
   "sourceFile" : "mch002r_022d",
   "generatedBy" : "Tr3 20161112",
   "vertices" : 47,
   "faces" : 47,
   "normals" : 0,
   "colors" : 0,
   "uvs" : 0,
   "materials" : 1
  },
  "scale" : 1.0,
  "materials": [{
    "DbgColor": 0,
    "DbgIndex": 0,
    "DbgName" : "Join JB1-39-40-1:                 ",
    "colorAmbient": [0.0, 0.0, 0.0],
    "colorDiffuse": [ 1.000, 1.000, 1.000],
    "colorSpecular": [0.16, 0.16, 0.16]
    }],
  "vertices": [
  0.0572681, 0.0880429, 0.02,
  0.05875, 0.09009, 0.02,
  0.05807, 0.09004, 0.0195,
  0.0565306, 0.0854309, 0.02,
  0.0564713, 0.0870135, 0.0195,
  0.0561038, 0.0766952, 0.02,
  0.05502, 0.08022, 0.02,
  0.0551607, 0.077701, 0.0195,
  0.056251, 0.0752801, 0.0195,
  0.05858, 0.07544, 0.0195,
  0.055405, 0.0837219, 0.0195,
  0.0558533, 0.082804, 0.02,
  0.05488, 0.08032, 0.0195,
  0.0661229, 0.0761757, 0.0195,
  0.0655176, 0.0761218, 0.02,
  0.0646611, 0.0773587, 0.0195,
  0.0652317, 0.0736442, 0.0195,
  0.067094, 0.0726051, 0.02,
  0.0669269, 0.0715608, 0.0195,
  0.06514, 0.06974, 0.02,
  0.06476, 0.06934, 0.0195,
  0.0677849, 0.0683894, 0.02,
  0.0640289, 0.0675338, 0.0195,
  0.0673413, 0.0672671, 0.0195,
  0.070564, 0.0677822, 0.0195,
  0.0720395, 0.0696052, 0.02,
  0.0732327, 0.0696345, 0.0195,
  0.07246, 0.07265, 0.02,
  0.0733, 0.07284, 0.0195,
  0.0719245, 0.0755546, 0.02,
  0.0717021, 0.0756083, 0.0195,
  0.0718246, 0.0785706, 0.02,
  0.0693911, 0.0778755, 0.0195,
  0.0713382, 0.0815445, 0.02,
  0.067596, 0.0805388, 0.0195,
  0.0667465, 0.0836252, 0.0195,
  0.0709716, 0.0845399, 0.02,
  0.0664231, 0.0868491, 0.0195,
  0.0702029, 0.0874469, 0.02,
  0.06928, 0.09032, 0.02,
  0.06634, 0.09009, 0.0195,
  0.0657719, 0.0901165, 0.02,
  0.0622053, 0.0900508, 0.0195,
  0.0622584, 0.0900544, 0.02,
  0.0625485, 0.0774875, 0.02,
  0.0613238, 0.0772034, 0.0195,
  0.05923, 0.07605, 0.02
 ],
 "morphTargets": [],
 "morphColors": [],
 "normals": [],
 "colors": [],
 "uvs": [[]],
  "faces": [
  2, 0, 1, 2, 0,
  2, 3, 0, 4, 0,
  2, 4, 0, 2, 0,
  2, 5, 6, 7, 0,
  2, 8, 5, 7, 0,
  2, 9, 5, 8, 0,
  2, 10, 3, 4, 0,
  2, 11, 3, 10, 0,
  2, 12, 11, 10, 0,
  2, 6, 11, 12, 0,
  2, 7, 6, 12, 0,
  2, 13, 14, 15, 0,
  2, 16, 14, 13, 0,
  2, 17, 14, 16, 0,
  2, 18, 17, 16, 0,
  2, 19, 17, 18, 0,
  2, 20, 19, 18, 0,
  2, 21, 19, 20, 0,
  2, 22, 21, 20, 0,
  2, 23, 21, 22, 0,
  2, 24, 21, 23, 0,
  2, 25, 21, 24, 0,
  2, 26, 25, 24, 0,
  2, 27, 25, 26, 0,
  2, 28, 27, 26, 0,
  2, 29, 27, 28, 0,
  2, 30, 29, 28, 0,
  2, 31, 29, 30, 0,
  2, 32, 31, 30, 0,
  2, 33, 31, 32, 0,
  2, 34, 33, 32, 0,
  2, 35, 33, 34, 0,
  2, 36, 33, 35, 0,
  2, 37, 36, 35, 0,
  2, 38, 36, 37, 0,
  2, 39, 38, 37, 0,
  2, 40, 39, 37, 0,
  2, 41, 39, 40, 0,
  2, 42, 41, 40, 0,
  2, 43, 41, 42, 0,
  2, 1, 43, 42, 0,
  2, 2, 1, 42, 0,
  2, 15, 44, 45, 0,
  2, 14, 44, 15, 0,
  2, 45, 46, 9, 0,
  2, 44, 46, 45, 0,
  2, 46, 5, 9, 0
]
 }
