 {
  "metadata" :
  {
   "formatVersion" : 3,
   "sourceFile" : "mch002r_022d",
   "generatedBy" : "Tr3 20161112",
   "vertices" : 10,
   "faces" : 8,
   "normals" : 0,
   "colors" : 0,
   "uvs" : 0,
   "materials" : 1
  },
  "scale" : 1.0,
  "materials": [{
    "DbgColor": 0,
    "DbgIndex": 0,
    "DbgName" : "Join cavpro_029: cav",
    "colorAmbient": [0.0, 0.0, 0.0],
    "colorDiffuse": [ 1.000, 1.000, 1.000],
    "colorSpecular": [0.16, 0.16, 0.16]
    }],
  "vertices": [
  0.0548176, 0.0713294, 0.015,
  0.0535155, 0.0704425, 0.0145,
  0.05454, 0.06913, 0.0145,
  0.05373, 0.07209, 0.0145,
  0.05373, 0.07234, 0.015,
  0.05573, 0.07561, 0.015,
  0.05541, 0.07299, 0.015,
  0.05545, 0.07471, 0.0145,
  0.05501, 0.07259, 0.0145,
  0.05482, 0.07094, 0.0145
 ],
 "morphTargets": [],
 "morphColors": [],
 "normals": [],
 "colors": [],
 "uvs": [[]],
  "faces": [
  2, 0, 1, 2, 0,
  2, 0, 3, 1, 0,
  2, 0, 4, 3, 0,
  2, 5, 6, 7, 0,
  2, 6, 8, 7, 0,
  2, 6, 0, 8, 0,
  2, 0, 9, 8, 0,
  2, 0, 2, 9, 0
]
 }
