 {
  "metadata" :
  {
   "formatVersion" : 3,
   "sourceFile" : "mch002r_022d",
   "generatedBy" : "Tr3 20161112",
   "vertices" : 33,
   "faces" : 40,
   "normals" : 0,
   "colors" : 0,
   "uvs" : 0,
   "materials" : 1
  },
  "scale" : 1.0,
  "materials": [{
    "DbgColor": 0,
    "DbgIndex": 0,
    "DbgName" : "skin_ext_ant_24: Skin",
    "colorAmbient": [0.0, 0.0, 0.0],
    "colorDiffuse": [ 1.000, 0.753, 0.796],
    "colorSpecular": [0.16, 0.16, 0.16]
    }],
  "vertices": [
  0.04588, 0.034, 0.0125,
  0.0450988, 0.0355378, 0.0125,
  0.04586, 0.034, 0.012,
  0.0450523, 0.03552, 0.012,
  0.0443177, 0.0370755, 0.0125,
  0.0442618, 0.0370493, 0.012,
  0.0434923, 0.0385889, 0.012,
  0.0435661, 0.0386277, 0.0125,
  0.0427719, 0.0401526, 0.012,
  0.0428383, 0.0401914, 0.0125,
  0.0421218, 0.0417471, 0.012,
  0.0421501, 0.0417721, 0.0125,
  0.0414994, 0.0433518, 0.012,
  0.0415154, 0.0433759, 0.0125,
  0.0409446, 0.0449819, 0.012,
  0.0409315, 0.0449975, 0.0125,
  0.0404719, 0.0466357, 0.012,
  0.0404258, 0.0466465, 0.0125,
  0.0400741, 0.0483109, 0.012,
  0.0399574, 0.0483047, 0.0125,
  0.03974, 0.05, 0.012,
  0.03964, 0.05, 0.0125,
  0.0459, 0.034, 0.013,
  0.0450909, 0.0355297, 0.013,
  0.0442939, 0.0370656, 0.013,
  0.0435139, 0.0386103, 0.013,
  0.0427684, 0.0401715, 0.013,
  0.04206, 0.0417504, 0.013,
  0.0413942, 0.0433473, 0.013,
  0.0408205, 0.0449784, 0.013,
  0.0403239, 0.0466361, 0.013,
  0.0399262, 0.0483186, 0.013,
  0.03952, 0.05, 0.013
 ],
 "morphTargets": [],
 "morphColors": [],
 "normals": [],
 "colors": [],
 "uvs": [[]],
  "faces": [
  2, 0, 1, 2, 0,
  2, 1, 3, 2, 0,
  2, 1, 4, 3, 0,
  2, 4, 5, 3, 0,
  2, 4, 6, 5, 0,
  2, 4, 7, 6, 0,
  2, 7, 8, 6, 0,
  2, 7, 9, 8, 0,
  2, 9, 10, 8, 0,
  2, 9, 11, 10, 0,
  2, 11, 12, 10, 0,
  2, 11, 13, 12, 0,
  2, 13, 14, 12, 0,
  2, 13, 15, 14, 0,
  2, 15, 16, 14, 0,
  2, 15, 17, 16, 0,
  2, 17, 18, 16, 0,
  2, 17, 19, 18, 0,
  2, 19, 20, 18, 0,
  2, 19, 21, 20, 0,
  2, 22, 23, 0, 0,
  2, 23, 1, 0, 0,
  2, 23, 24, 1, 0,
  2, 24, 4, 1, 0,
  2, 24, 7, 4, 0,
  2, 24, 25, 7, 0,
  2, 25, 9, 7, 0,
  2, 25, 26, 9, 0,
  2, 26, 11, 9, 0,
  2, 26, 27, 11, 0,
  2, 27, 13, 11, 0,
  2, 27, 28, 13, 0,
  2, 28, 15, 13, 0,
  2, 28, 29, 15, 0,
  2, 29, 17, 15, 0,
  2, 29, 30, 17, 0,
  2, 30, 19, 17, 0,
  2, 30, 31, 19, 0,
  2, 31, 21, 19, 0,
  2, 31, 32, 21, 0
]
 }
