 {
  "metadata" :
  {
   "formatVersion" : 3,
   "sourceFile" : "mch002r_022d",
   "generatedBy" : "Tr3 20161112",
   "vertices" : 40,
   "faces" : 50,
   "normals" : 0,
   "colors" : 0,
   "uvs" : 0,
   "materials" : 1
  },
  "scale" : 1.0,
  "materials": [{
    "DbgColor": 0,
    "DbgIndex": 0,
    "DbgName" : "Cap labscc_lat_27_head: Semicircular canals",
    "colorAmbient": [0.0, 0.0, 0.0],
    "colorDiffuse": [ 1.000, 0.667, 1.000],
    "colorSpecular": [0.16, 0.16, 0.16]
    }],
  "vertices": [
  0.05919, 0.07691, 0.0135,
  0.05907, 0.07654, 0.0135,
  0.0587413, 0.0768326, 0.0135,
  0.05911, 0.07721, 0.0135,
  0.0586203, 0.0772884, 0.0135,
  0.05904, 0.07755, 0.0135,
  0.0585607, 0.077748, 0.0135,
  0.05896, 0.078, 0.0135,
  0.0585441, 0.0781796, 0.0135,
  0.05892, 0.07848, 0.0135,
  0.05889, 0.08069, 0.0135,
  0.05926, 0.08121, 0.0135,
  0.059489, 0.0807884, 0.0135,
  0.0591839, 0.0802551, 0.0135,
  0.05859, 0.08017, 0.0135,
  0.0589784, 0.0798147, 0.0135,
  0.0586691, 0.0793984, 0.0135,
  0.05829, 0.07946, 0.0135,
  0.05818, 0.07901, 0.0135,
  0.06109, 0.08136, 0.0135,
  0.0606651, 0.0809389, 0.0135,
  0.06038, 0.08151, 0.0135,
  0.05814, 0.07807, 0.0135,
  0.05814, 0.0786, 0.0135,
  0.05806, 0.0774, 0.0135,
  0.05821, 0.07699, 0.0135,
  0.0585741, 0.0789006, 0.0135,
  0.05911, 0.07942, 0.0135,
  0.05896, 0.07901, 0.0135,
  0.05934, 0.07983, 0.0135,
  0.05982, 0.08024, 0.0135,
  0.0600738, 0.0808978, 0.0135,
  0.06038, 0.08047, 0.0135,
  0.06094, 0.0805, 0.0135,
  0.061127, 0.0808958, 0.0135,
  0.06147, 0.08039, 0.0135,
  0.06147, 0.08129, 0.0135,
  0.05971, 0.08144, 0.0135,
  0.05866, 0.07639, 0.0135,
  0.05833, 0.0765, 0.0135
 ],
 "morphTargets": [],
 "morphColors": [],
 "normals": [],
 "colors": [],
 "uvs": [[]],
  "faces": [
  2, 0, 1, 2, 0,
  2, 3, 0, 2, 0,
  2, 4, 3, 2, 0,
  2, 5, 3, 4, 0,
  2, 6, 5, 4, 0,
  2, 7, 5, 6, 0,
  2, 8, 7, 6, 0,
  2, 9, 7, 8, 0,
  2, 10, 11, 12, 0,
  2, 13, 10, 12, 0,
  2, 14, 10, 13, 0,
  2, 15, 14, 13, 0,
  2, 16, 14, 15, 0,
  2, 17, 14, 16, 0,
  2, 18, 17, 16, 0,
  2, 19, 20, 21, 0,
  2, 22, 23, 8, 0,
  2, 6, 22, 8, 0,
  2, 24, 22, 6, 0,
  2, 4, 24, 6, 0,
  2, 25, 24, 4, 0,
  2, 23, 18, 26, 0,
  2, 27, 28, 16, 0,
  2, 15, 27, 16, 0,
  2, 29, 27, 15, 0,
  2, 13, 29, 15, 0,
  2, 30, 29, 13, 0,
  2, 12, 30, 13, 0,
  2, 31, 30, 12, 0,
  2, 32, 30, 31, 0,
  2, 20, 32, 31, 0,
  2, 33, 32, 20, 0,
  2, 34, 33, 20, 0,
  2, 35, 33, 34, 0,
  2, 36, 35, 34, 0,
  2, 19, 36, 34, 0,
  2, 31, 21, 20, 0,
  2, 37, 21, 31, 0,
  2, 12, 37, 31, 0,
  2, 11, 37, 12, 0,
  2, 1, 38, 2, 0,
  2, 2, 38, 39, 0,
  2, 16, 26, 18, 0,
  2, 28, 26, 16, 0,
  2, 9, 26, 28, 0,
  2, 9, 23, 26, 0,
  2, 9, 8, 23, 0,
  2, 2, 25, 4, 0,
  2, 2, 39, 25, 0,
  2, 34, 20, 19, 0
]
 }
