 {
  "metadata" :
  {
   "formatVersion" : 3,
   "sourceFile" : "mch002r_022d",
   "generatedBy" : "Tr3 20161112",
   "vertices" : 17,
   "faces" : 15,
   "normals" : 0,
   "colors" : 0,
   "uvs" : 0,
   "materials" : 1
  },
  "scale" : 1.0,
  "materials": [{
    "DbgColor": 0,
    "DbgIndex": 0,
    "DbgName" : "Join os_temp_ext_32: Temporal bone",
    "colorAmbient": [0.0, 0.0, 0.0],
    "colorDiffuse": [ 1.000, 0.784, 0.588],
    "colorSpecular": [0.16, 0.16, 0.16]
    }],
  "vertices": [
  0.05334, 0.09, 0.016,
  0.0537971, 0.0916041, 0.016,
  0.0533087, 0.0915121, 0.0155,
  0.05295, 0.09, 0.0155,
  0.0549971, 0.0946135, 0.016,
  0.0558641, 0.0944658, 0.0155,
  0.0550945, 0.095505, 0.0155,
  0.0563526, 0.0948094, 0.016,
  0.05652, 0.0932092, 0.016,
  0.05569, 0.0929247, 0.0155,
  0.056709, 0.091563, 0.016,
  0.0560291, 0.0914344, 0.0155,
  0.0566, 0.09, 0.0155,
  0.05729, 0.09, 0.016,
  0.0540804, 0.0932345, 0.016,
  0.053464, 0.0930592, 0.0155,
  0.0540889, 0.0944707, 0.0155
 ],
 "morphTargets": [],
 "morphColors": [],
 "normals": [],
 "colors": [],
 "uvs": [[]],
  "faces": [
  2, 0, 1, 2, 0,
  2, 0, 2, 3, 0,
  2, 4, 5, 6, 0,
  2, 4, 7, 5, 0,
  2, 7, 8, 5, 0,
  2, 8, 9, 5, 0,
  2, 8, 10, 9, 0,
  2, 10, 11, 9, 0,
  2, 10, 12, 11, 0,
  2, 10, 13, 12, 0,
  2, 1, 14, 15, 0,
  2, 14, 16, 15, 0,
  2, 14, 4, 16, 0,
  2, 1, 15, 2, 0,
  2, 4, 6, 16, 0
]
 }
