 {
  "metadata" :
  {
   "formatVersion" : 3,
   "sourceFile" : "mch002r_022d",
   "generatedBy" : "Tr3 20161112",
   "vertices" : 98,
   "faces" : 100,
   "normals" : 0,
   "colors" : 0,
   "uvs" : 0,
   "materials" : 1
  },
  "scale" : 1.0,
  "materials": [{
    "DbgColor": 0,
    "DbgIndex": 0,
    "DbgName" : "Join os_temp_lat_09: Temporal bone",
    "colorAmbient": [0.0, 0.0, 0.0],
    "colorDiffuse": [ 1.000, 0.784, 0.588],
    "colorSpecular": [0.16, 0.16, 0.16]
    }],
  "vertices": [
  0.0485692, 0.0580415, 0.004,
  0.0481403, 0.0597164, 0.004,
  0.0478755, 0.0587637, 0.0035,
  0.0474155, 0.0604339, 0.0035,
  0.0478228, 0.0614151, 0.004,
  0.0472175, 0.0648195, 0.004,
  0.0465023, 0.0655413, 0.0035,
  0.0467018, 0.0638224, 0.0035,
  0.0469015, 0.0665194, 0.004,
  0.0463174, 0.0672622, 0.0035,
  0.0465326, 0.0682083, 0.004,
  0.047029, 0.0621212, 0.0035,
  0.047531, 0.0631192, 0.004,
  0.0458264, 0.0715927, 0.004,
  0.0452956, 0.0723578, 0.0035,
  0.0456362, 0.0706592, 0.0035,
  0.0455456, 0.0732981, 0.004,
  0.0449549, 0.0740563, 0.0035,
  0.0452977, 0.0750079, 0.004,
  0.0446579, 0.0757628, 0.0035,
  0.0448787, 0.0766851, 0.004,
  0.0446959, 0.0774926, 0.0035,
  0.0447326, 0.0784079, 0.004,
  0.0448369, 0.0792192, 0.0035,
  0.04469, 0.0801351, 0.004,
  0.0451233, 0.0809239, 0.0035,
  0.04507, 0.08181, 0.004,
  0.0459768, 0.0689607, 0.0035,
  0.046151, 0.0698946, 0.004,
  0.048442, 0.057129, 0.0035,
  0.0472622, 0.0710845, 0.004,
  0.0471049, 0.070212, 0.0035,
  0.0467993, 0.0719171, 0.0035,
  0.047544, 0.0693786, 0.004,
  0.0474068, 0.0685061, 0.0035,
  0.0480183, 0.0677183, 0.004,
  0.0477063, 0.0667999, 0.0035,
  0.0485098, 0.0660612, 0.004,
  0.0482054, 0.0651452, 0.0035,
  0.0489175, 0.064381, 0.004,
  0.0487696, 0.0635073, 0.0035,
  0.0493524, 0.0627078, 0.004,
  0.0490753, 0.061813, 0.0035,
  0.0498073, 0.0610398, 0.004,
  0.0492027, 0.0600923, 0.0035,
  0.0502442, 0.059367, 0.004,
  0.049803, 0.0584719, 0.0035,
  0.0507504, 0.0577209, 0.004,
  0.0504924, 0.0568826, 0.0035,
  0.0515266, 0.0561759, 0.004,
  0.0510908, 0.0552613, 0.0035,
  0.0519396, 0.0545024, 0.004,
  0.0514907, 0.0535843, 0.0035,
  0.0519023, 0.0528034, 0.004,
  0.0511429, 0.0520176, 0.0035,
  0.0506155, 0.0518582, 0.004,
  0.0494549, 0.052149, 0.0035,
  0.0495974, 0.0529623, 0.004,
  0.0491783, 0.0537914, 0.0035,
  0.04933, 0.0546692, 0.004,
  0.0490432, 0.0555064, 0.0035,
  0.0489801, 0.0563624, 0.004,
  0.0464594, 0.0884214, 0.004,
  0.0472443, 0.0900058, 0.0035,
  0.04816, 0.08861, 0.0035,
  0.0461662, 0.0901253, 0.004,
  0.046822, 0.0916231, 0.0035,
  0.0461, 0.0918486, 0.004,
  0.0467464, 0.0933881, 0.004,
  0.0475258, 0.0929818, 0.0035,
  0.0482782, 0.0939089, 0.004,
  0.0491314, 0.0928141, 0.0035,
  0.0493067, 0.09528, 0.004,
  0.0504533, 0.0943614, 0.004,
  0.0506831, 0.0927072, 0.004,
  0.049639, 0.0913107, 0.0035,
  0.0503979, 0.0910134, 0.004,
  0.049223, 0.0896859, 0.0035,
  0.0498331, 0.0893793, 0.004,
  0.0493531, 0.0877187, 0.004,
  0.0485478, 0.0861987, 0.004,
  0.047749, 0.0846819, 0.004,
  0.04619, 0.08209, 0.0035,
  0.0475057, 0.0829701, 0.004,
  0.0469639, 0.0813289, 0.004,
  0.0461638, 0.0803652, 0.0035,
  0.0465852, 0.0796478, 0.004,
  0.045937, 0.0786479, 0.0035,
  0.0464325, 0.0779383, 0.004,
  0.0457551, 0.0769251, 0.0035,
  0.0466513, 0.0762232, 0.004,
  0.0458046, 0.0752283, 0.0035,
  0.0467897, 0.0745014, 0.004,
  0.0463639, 0.0735888, 0.0035,
  0.0469402, 0.0727831, 0.004,
  0.04647, 0.0866933, 0.004,
  0.0459359, 0.0833065, 0.004,
  0.0463036, 0.0849765, 0.004
 ],
 "morphTargets": [],
 "morphColors": [],
 "normals": [],
 "colors": [],
 "uvs": [[]],
  "faces": [
  2, 0, 1, 2, 0,
  2, 1, 3, 2, 0,
  2, 1, 4, 3, 0,
  2, 5, 6, 7, 0,
  2, 5, 8, 6, 0,
  2, 8, 9, 6, 0,
  2, 8, 10, 9, 0,
  2, 4, 11, 3, 0,
  2, 4, 12, 11, 0,
  2, 12, 7, 11, 0,
  2, 12, 5, 7, 0,
  2, 13, 14, 15, 0,
  2, 13, 16, 14, 0,
  2, 16, 17, 14, 0,
  2, 16, 18, 17, 0,
  2, 18, 19, 17, 0,
  2, 18, 20, 19, 0,
  2, 20, 21, 19, 0,
  2, 20, 22, 21, 0,
  2, 22, 23, 21, 0,
  2, 22, 24, 23, 0,
  2, 24, 25, 23, 0,
  2, 24, 26, 25, 0,
  2, 10, 27, 9, 0,
  2, 10, 28, 27, 0,
  2, 28, 15, 27, 0,
  2, 28, 13, 15, 0,
  2, 0, 2, 29, 0,
  2, 30, 31, 32, 0,
  2, 30, 33, 31, 0,
  2, 33, 34, 31, 0,
  2, 33, 35, 34, 0,
  2, 35, 36, 34, 0,
  2, 35, 37, 36, 0,
  2, 37, 38, 36, 0,
  2, 37, 39, 38, 0,
  2, 39, 40, 38, 0,
  2, 39, 41, 40, 0,
  2, 41, 42, 40, 0,
  2, 41, 43, 42, 0,
  2, 43, 44, 42, 0,
  2, 43, 45, 44, 0,
  2, 45, 46, 44, 0,
  2, 45, 47, 46, 0,
  2, 47, 48, 46, 0,
  2, 47, 49, 48, 0,
  2, 49, 50, 48, 0,
  2, 49, 51, 50, 0,
  2, 51, 52, 50, 0,
  2, 51, 53, 52, 0,
  2, 53, 54, 52, 0,
  2, 53, 55, 54, 0,
  2, 55, 56, 54, 0,
  2, 55, 57, 56, 0,
  2, 57, 58, 56, 0,
  2, 57, 59, 58, 0,
  2, 59, 60, 58, 0,
  2, 59, 61, 60, 0,
  2, 61, 29, 60, 0,
  2, 61, 0, 29, 0,
  2, 62, 63, 64, 0,
  2, 62, 65, 63, 0,
  2, 65, 66, 63, 0,
  2, 65, 67, 66, 0,
  2, 67, 68, 66, 0,
  2, 68, 69, 66, 0,
  2, 68, 70, 69, 0,
  2, 70, 71, 69, 0,
  2, 70, 72, 71, 0,
  2, 72, 73, 71, 0,
  2, 73, 74, 71, 0,
  2, 74, 75, 71, 0,
  2, 74, 76, 75, 0,
  2, 76, 77, 75, 0,
  2, 76, 78, 77, 0,
  2, 78, 64, 77, 0,
  2, 78, 79, 64, 0,
  2, 79, 80, 64, 0,
  2, 80, 81, 64, 0,
  2, 81, 82, 64, 0,
  2, 81, 83, 82, 0,
  2, 83, 84, 82, 0,
  2, 84, 85, 82, 0,
  2, 84, 86, 85, 0,
  2, 86, 87, 85, 0,
  2, 86, 88, 87, 0,
  2, 88, 89, 87, 0,
  2, 88, 90, 89, 0,
  2, 90, 91, 89, 0,
  2, 90, 92, 91, 0,
  2, 92, 93, 91, 0,
  2, 92, 94, 93, 0,
  2, 94, 32, 93, 0,
  2, 94, 30, 32, 0,
  2, 95, 62, 64, 0,
  2, 96, 97, 82, 0,
  2, 97, 64, 82, 0,
  2, 26, 82, 25, 0,
  2, 26, 96, 82, 0,
  2, 97, 95, 64, 0
]
 }
