 {
  "metadata" :
  {
   "formatVersion" : 3,
   "sourceFile" : "mch002r_022d",
   "generatedBy" : "Tr3 20161112",
   "vertices" : 89,
   "faces" : 87,
   "normals" : 0,
   "colors" : 0,
   "uvs" : 0,
   "materials" : 1
  },
  "scale" : 1.0,
  "materials": [{
    "DbgColor": 0,
    "DbgIndex": 0,
    "DbgName" : "Join os_temp_antmed_32: Temporal bone",
    "colorAmbient": [0.0, 0.0, 0.0],
    "colorDiffuse": [ 1.000, 0.784, 0.588],
    "colorSpecular": [0.16, 0.16, 0.16]
    }],
  "vertices": [
  0.0670678, 0.0656956, 0.016,
  0.065924, 0.0646388, 0.016,
  0.0660368, 0.065443, 0.0155,
  0.06503, 0.06816, 0.016,
  0.0657414, 0.0676312, 0.0155,
  0.06476, 0.06907, 0.0155,
  0.0663321, 0.067139, 0.016,
  0.0668464, 0.0663177, 0.0155,
  0.0638036, 0.0629358, 0.016,
  0.06377, 0.0612553, 0.016,
  0.0637729, 0.0627164, 0.0155,
  0.0633426, 0.0610571, 0.0155,
  0.0634633, 0.0596681, 0.016,
  0.063059, 0.0593418, 0.0155,
  0.0626, 0.0582603, 0.016,
  0.0625906, 0.0576624, 0.0155,
  0.0625277, 0.0565852, 0.016,
  0.0622226, 0.0559686, 0.0155,
  0.0611514, 0.0565158, 0.016,
  0.0615687, 0.0543516, 0.0155,
  0.06084, 0.0549166, 0.0155,
  0.0601727, 0.0564441, 0.0155,
  0.0600216, 0.0577564, 0.016,
  0.0588519, 0.057575, 0.0155,
  0.0584998, 0.0579533, 0.016,
  0.0572952, 0.05825, 0.0155,
  0.0571164, 0.0570225, 0.016,
  0.0557066, 0.0576229, 0.0155,
  0.0557851, 0.0560001, 0.016,
  0.0543884, 0.0564851, 0.0155,
  0.0546784, 0.0548326, 0.016,
  0.0538287, 0.0549099, 0.0155,
  0.0540285, 0.0532846, 0.016,
  0.0531117, 0.0542803, 0.0155,
  0.0535908, 0.0516749, 0.016,
  0.0648917, 0.0641609, 0.0155,
  0.064358, 0.06414, 0.016,
  0.0632922, 0.0646578, 0.0155,
  0.0630935, 0.0643901, 0.016,
  0.0628676, 0.0640287, 0.0155,
  0.05273, 0.0534064, 0.016,
  0.0527776, 0.0551169, 0.016,
  0.05289, 0.0559924, 0.0155,
  0.0528397, 0.056827, 0.016,
  0.0526938, 0.0577205, 0.0155,
  0.0530846, 0.0585085, 0.016,
  0.0524515, 0.0594406, 0.0155,
  0.0537447, 0.0600853, 0.016,
  0.0528087, 0.0611057, 0.0155,
  0.0542901, 0.0617036, 0.016,
  0.0539954, 0.0623353, 0.0155,
  0.0546, 0.0633848, 0.016,
  0.0540255, 0.0639873, 0.0155,
  0.0546507, 0.0650894, 0.016,
  0.05439, 0.0656597, 0.0155,
  0.0550993, 0.0667375, 0.016,
  0.0543464, 0.0673952, 0.0155,
  0.0551378, 0.0684269, 0.016,
  0.0540903, 0.0691118, 0.0155,
  0.0550984, 0.0700961, 0.016,
  0.053853, 0.0708189, 0.0155,
  0.0552754, 0.0717613, 0.016,
  0.0534174, 0.0724772, 0.0155,
  0.0541324, 0.0730268, 0.016,
  0.0529457, 0.0742571, 0.016,
  0.0522349, 0.0736737, 0.0155,
  0.0516958, 0.0751366, 0.016,
  0.0512964, 0.0750192, 0.0155,
  0.0508291, 0.0766997, 0.0155,
  0.0515189, 0.0768403, 0.016,
  0.0508458, 0.0784025, 0.0155,
  0.0515487, 0.0785338, 0.016,
  0.0513, 0.0800732, 0.0155,
  0.0514341, 0.0802331, 0.016,
  0.0508675, 0.0817506, 0.0155,
  0.0512021, 0.0819296, 0.016,
  0.0508493, 0.083402, 0.0155,
  0.0511466, 0.083602, 0.016,
  0.0512027, 0.0850991, 0.0155,
  0.0513862, 0.0852865, 0.016,
  0.0516973, 0.0867674, 0.0155,
  0.0519707, 0.0868964, 0.016,
  0.0521524, 0.0884508, 0.0155,
  0.0525521, 0.0885075, 0.016,
  0.05295, 0.09, 0.0155,
  0.05334, 0.09, 0.016,
  0.05369, 0.05, 0.016,
  0.05306, 0.05, 0.016,
  0.0528812, 0.0517025, 0.016
 ],
 "morphTargets": [],
 "morphColors": [],
 "normals": [],
 "colors": [],
 "uvs": [[]],
  "faces": [
  2, 0, 1, 2, 0,
  2, 3, 4, 5, 0,
  2, 3, 6, 4, 0,
  2, 6, 7, 4, 0,
  2, 6, 0, 7, 0,
  2, 0, 2, 7, 0,
  2, 8, 9, 10, 0,
  2, 9, 11, 10, 0,
  2, 9, 12, 11, 0,
  2, 12, 13, 11, 0,
  2, 12, 14, 13, 0,
  2, 14, 15, 13, 0,
  2, 14, 16, 15, 0,
  2, 16, 17, 15, 0,
  2, 16, 18, 17, 0,
  2, 18, 19, 17, 0,
  2, 18, 20, 19, 0,
  2, 18, 21, 20, 0,
  2, 18, 22, 21, 0,
  2, 22, 23, 21, 0,
  2, 22, 24, 23, 0,
  2, 24, 25, 23, 0,
  2, 24, 26, 25, 0,
  2, 26, 27, 25, 0,
  2, 26, 28, 27, 0,
  2, 28, 29, 27, 0,
  2, 28, 30, 29, 0,
  2, 30, 31, 29, 0,
  2, 30, 32, 31, 0,
  2, 32, 33, 31, 0,
  2, 32, 34, 33, 0,
  2, 1, 35, 2, 0,
  2, 1, 36, 35, 0,
  2, 36, 37, 35, 0,
  2, 36, 38, 37, 0,
  2, 38, 39, 37, 0,
  2, 38, 8, 39, 0,
  2, 8, 10, 39, 0,
  2, 40, 41, 33, 0,
  2, 41, 42, 33, 0,
  2, 41, 43, 42, 0,
  2, 43, 44, 42, 0,
  2, 43, 45, 44, 0,
  2, 45, 46, 44, 0,
  2, 45, 47, 46, 0,
  2, 47, 48, 46, 0,
  2, 47, 49, 48, 0,
  2, 49, 50, 48, 0,
  2, 49, 51, 50, 0,
  2, 51, 52, 50, 0,
  2, 51, 53, 52, 0,
  2, 53, 54, 52, 0,
  2, 53, 55, 54, 0,
  2, 55, 56, 54, 0,
  2, 55, 57, 56, 0,
  2, 57, 58, 56, 0,
  2, 57, 59, 58, 0,
  2, 59, 60, 58, 0,
  2, 59, 61, 60, 0,
  2, 61, 62, 60, 0,
  2, 61, 63, 62, 0,
  2, 63, 64, 62, 0,
  2, 64, 65, 62, 0,
  2, 64, 66, 65, 0,
  2, 66, 67, 65, 0,
  2, 66, 68, 67, 0,
  2, 66, 69, 68, 0,
  2, 69, 70, 68, 0,
  2, 69, 71, 70, 0,
  2, 71, 72, 70, 0,
  2, 71, 73, 72, 0,
  2, 73, 74, 72, 0,
  2, 73, 75, 74, 0,
  2, 75, 76, 74, 0,
  2, 75, 77, 76, 0,
  2, 77, 78, 76, 0,
  2, 77, 79, 78, 0,
  2, 79, 80, 78, 0,
  2, 79, 81, 80, 0,
  2, 81, 82, 80, 0,
  2, 81, 83, 82, 0,
  2, 83, 84, 82, 0,
  2, 83, 85, 84, 0,
  2, 34, 86, 33, 0,
  2, 86, 87, 33, 0,
  2, 87, 88, 33, 0,
  2, 88, 40, 33, 0
]
 }
