 {
  "metadata" :
  {
   "formatVersion" : 3,
   "sourceFile" : "mch002r_022d",
   "generatedBy" : "Tr3 20161112",
   "vertices" : 86,
   "faces" : 84,
   "normals" : 0,
   "colors" : 0,
   "uvs" : 0,
   "materials" : 1
  },
  "scale" : 1.0,
  "materials": [{
    "DbgColor": 0,
    "DbgIndex": 0,
    "DbgName" : "Join skin_41: Skin",
    "colorAmbient": [0.0, 0.0, 0.0],
    "colorDiffuse": [ 1.000, 0.753, 0.796],
    "colorSpecular": [0.16, 0.16, 0.16]
    }],
  "vertices": [
  0.0412842, 0.0534026, 0.0225,
  0.0410142, 0.0551296, 0.0225,
  0.0407293, 0.0550359, 0.022,
  0.0406341, 0.0568345, 0.0225,
  0.0399594, 0.0584009, 0.022,
  0.0403475, 0.0567191, 0.022,
  0.0402197, 0.0585327, 0.0225,
  0.0397378, 0.0601048, 0.022,
  0.0399115, 0.0602504, 0.0225,
  0.0397068, 0.0618297, 0.022,
  0.0397495, 0.0619863, 0.0225,
  0.0399813, 0.0637092, 0.0225,
  0.0402785, 0.0652152, 0.022,
  0.0398582, 0.0635409, 0.022,
  0.0404882, 0.065382, 0.0225,
  0.0407266, 0.0668821, 0.022,
  0.0411146, 0.0670093, 0.0225,
  0.0413037, 0.0684223, 0.022,
  0.0422425, 0.0682951, 0.0225,
  0.0428912, 0.0689025, 0.022,
  0.0438387, 0.0688366, 0.0225,
  0.0446157, 0.0688423, 0.022,
  0.0455481, 0.0685111, 0.0225,
  0.04634, 0.06879, 0.022,
  0.047197, 0.0688106, 0.0225,
  0.0472841, 0.0702147, 0.0225,
  0.04677, 0.07042, 0.022,
  0.04208, 0.05, 0.0225,
  0.0417008, 0.0517063, 0.0225,
  0.04193, 0.05, 0.022,
  0.0414911, 0.0516695, 0.022,
  0.0411318, 0.0533575, 0.022,
  0.0447414, 0.0734374, 0.0225,
  0.043497, 0.0722184, 0.0225,
  0.0435, 0.0724178, 0.022,
  0.0421185, 0.0714101, 0.022,
  0.0421049, 0.0711664, 0.0225,
  0.0404682, 0.0710397, 0.022,
  0.0404138, 0.0709864, 0.0225,
  0.0392607, 0.0721729, 0.0225,
  0.0390671, 0.0720181, 0.022,
  0.0381199, 0.0734311, 0.022,
  0.0384303, 0.0736984, 0.0225,
  0.038116, 0.0751454, 0.022,
  0.0382477, 0.0753801, 0.0225,
  0.0381565, 0.0768298, 0.022,
  0.0382369, 0.0769606, 0.0225,
  0.0369018, 0.0780106, 0.022,
  0.0369791, 0.0781715, 0.0225,
  0.0356419, 0.0791927, 0.022,
  0.0356375, 0.079292, 0.0225,
  0.0344741, 0.0804638, 0.022,
  0.0344575, 0.0805806, 0.0225,
  0.0335741, 0.0818803, 0.022,
  0.033768, 0.0821101, 0.0225,
  0.0338728, 0.0835023, 0.022,
  0.0346792, 0.0834872, 0.0225,
  0.0353849, 0.0841, 0.022,
  0.0363835, 0.0836511, 0.0225,
  0.0370591, 0.083763, 0.022,
  0.0380461, 0.0831391, 0.0225,
  0.0386617, 0.0831168, 0.022,
  0.0395894, 0.0823406, 0.0225,
  0.0402493, 0.0824334, 0.022,
  0.041094, 0.0815309, 0.0225,
  0.0419013, 0.0819503, 0.022,
  0.0427799, 0.081092, 0.0225,
  0.0435935, 0.0818538, 0.022,
  0.044368, 0.081614, 0.0225,
  0.0451946, 0.0823125, 0.022,
  0.0459604, 0.0820491, 0.0225,
  0.0460995, 0.0835491, 0.022,
  0.0467435, 0.0835091, 0.0225,
  0.0469846, 0.0849209, 0.022,
  0.0473571, 0.0848928, 0.0225,
  0.0468413, 0.086526, 0.0225,
  0.0465929, 0.08657, 0.022,
  0.0466457, 0.088263, 0.0225,
  0.0463339, 0.0882727, 0.022,
  0.04645, 0.09, 0.0225,
  0.0464, 0.09, 0.022,
  0.0447446, 0.073616, 0.022,
  0.0460592, 0.0737557, 0.022,
  0.0461469, 0.0733529, 0.0225,
  0.0461783, 0.0720315, 0.022,
  0.0463507, 0.0716223, 0.0225
 ],
 "morphTargets": [],
 "morphColors": [],
 "normals": [],
 "colors": [],
 "uvs": [[]],
  "faces": [
  2, 0, 1, 2, 0,
  2, 3, 4, 5, 0,
  2, 3, 6, 4, 0,
  2, 6, 7, 4, 0,
  2, 6, 8, 7, 0,
  2, 8, 9, 7, 0,
  2, 8, 10, 9, 0,
  2, 1, 5, 2, 0,
  2, 1, 3, 5, 0,
  2, 11, 12, 13, 0,
  2, 11, 14, 12, 0,
  2, 14, 15, 12, 0,
  2, 14, 16, 15, 0,
  2, 16, 17, 15, 0,
  2, 16, 18, 17, 0,
  2, 18, 19, 17, 0,
  2, 18, 20, 19, 0,
  2, 20, 21, 19, 0,
  2, 20, 22, 21, 0,
  2, 22, 23, 21, 0,
  2, 22, 24, 23, 0,
  2, 24, 25, 23, 0,
  2, 25, 26, 23, 0,
  2, 10, 13, 9, 0,
  2, 10, 11, 13, 0,
  2, 27, 28, 29, 0,
  2, 28, 30, 29, 0,
  2, 28, 0, 30, 0,
  2, 0, 31, 30, 0,
  2, 0, 2, 31, 0,
  2, 32, 33, 34, 0,
  2, 33, 35, 34, 0,
  2, 33, 36, 35, 0,
  2, 36, 37, 35, 0,
  2, 36, 38, 37, 0,
  2, 38, 39, 37, 0,
  2, 39, 40, 37, 0,
  2, 39, 41, 40, 0,
  2, 39, 42, 41, 0,
  2, 42, 43, 41, 0,
  2, 42, 44, 43, 0,
  2, 44, 45, 43, 0,
  2, 44, 46, 45, 0,
  2, 46, 47, 45, 0,
  2, 46, 48, 47, 0,
  2, 48, 49, 47, 0,
  2, 48, 50, 49, 0,
  2, 50, 51, 49, 0,
  2, 50, 52, 51, 0,
  2, 52, 53, 51, 0,
  2, 52, 54, 53, 0,
  2, 54, 55, 53, 0,
  2, 54, 56, 55, 0,
  2, 56, 57, 55, 0,
  2, 56, 58, 57, 0,
  2, 58, 59, 57, 0,
  2, 58, 60, 59, 0,
  2, 60, 61, 59, 0,
  2, 60, 62, 61, 0,
  2, 62, 63, 61, 0,
  2, 62, 64, 63, 0,
  2, 64, 65, 63, 0,
  2, 64, 66, 65, 0,
  2, 66, 67, 65, 0,
  2, 66, 68, 67, 0,
  2, 68, 69, 67, 0,
  2, 68, 70, 69, 0,
  2, 70, 71, 69, 0,
  2, 70, 72, 71, 0,
  2, 72, 73, 71, 0,
  2, 72, 74, 73, 0,
  2, 74, 75, 73, 0,
  2, 75, 76, 73, 0,
  2, 75, 77, 76, 0,
  2, 77, 78, 76, 0,
  2, 77, 79, 78, 0,
  2, 79, 80, 78, 0,
  2, 32, 81, 82, 0,
  2, 32, 34, 81, 0,
  2, 83, 82, 84, 0,
  2, 25, 85, 26, 0,
  2, 85, 84, 26, 0,
  2, 85, 83, 84, 0,
  2, 83, 32, 82, 0
]
 }
