 {
  "metadata" :
  {
   "formatVersion" : 3,
   "sourceFile" : "mch002r_022d",
   "generatedBy" : "Tr3 20161112",
   "vertices" : 9,
   "faces" : 7,
   "normals" : 0,
   "colors" : 0,
   "uvs" : 0,
   "materials" : 1
  },
  "scale" : 1.0,
  "materials": [{
    "DbgColor": 0,
    "DbgIndex": 0,
    "DbgName" : "Join JEAC38-39-1: sf",
    "colorAmbient": [0.0, 0.0, 0.0],
    "colorDiffuse": [ 1.000, 1.000, 1.000],
    "colorSpecular": [0.16, 0.16, 0.16]
    }],
  "vertices": [
  0.0517833, 0.0702803, 0.0195,
  0.0529123, 0.0731803, 0.019,
  0.05819, 0.07476, 0.019,
  0.0594, 0.07122, 0.019,
  0.053296, 0.0697399, 0.019,
  0.04769, 0.06785, 0.0195,
  0.04702, 0.0677, 0.019,
  0.04795, 0.07113, 0.0195,
  0.04789, 0.07102, 0.019
 ],
 "morphTargets": [],
 "morphColors": [],
 "normals": [],
 "colors": [],
 "uvs": [[]],
  "faces": [
  2, 0, 1, 2, 0,
  2, 0, 3, 4, 0,
  2, 0, 2, 3, 0,
  2, 5, 0, 6, 0,
  2, 0, 4, 6, 0,
  2, 0, 7, 8, 0,
  2, 0, 8, 1, 0
]
 }
