 {
  "metadata" :
  {
   "formatVersion" : 3,
   "sourceFile" : "mch002r_022d",
   "generatedBy" : "Tr3 20161112",
   "vertices" : 15,
   "faces" : 16,
   "normals" : 0,
   "colors" : 0,
   "uvs" : 0,
   "materials" : 1
  },
  "scale" : 1.0,
  "materials": [{
    "DbgColor": 0,
    "DbgIndex": 0,
    "DbgName" : "10_a36: (no description)",
    "colorAmbient": [0.0, 0.0, 0.0],
    "colorDiffuse": [ 1.000, 1.000, 1.000],
    "colorSpecular": [0.16, 0.16, 0.16]
    }],
  "vertices": [
  0.06213, 0.09013, 0.0185,
  0.06663, 0.0901612, 0.0185,
  0.06218, 0.09004, 0.018,
  0.0666673, 0.0901054, 0.018,
  0.07113, 0.0901975, 0.0185,
  0.0711549, 0.0901603, 0.018,
  0.07563, 0.0902337, 0.0185,
  0.0756425, 0.0902151, 0.018,
  0.08013, 0.09027, 0.0185,
  0.08013, 0.09027, 0.018,
  0.06452, 0.08948, 0.019,
  0.0681762, 0.0901439, 0.019,
  0.0721608, 0.0901859, 0.019,
  0.0761454, 0.090228, 0.019,
  0.08013, 0.09027, 0.019
 ],
 "morphTargets": [],
 "morphColors": [],
 "normals": [],
 "colors": [],
 "uvs": [[]],
  "faces": [
  2, 0, 1, 2, 0,
  2, 1, 3, 2, 0,
  2, 1, 4, 3, 0,
  2, 4, 5, 3, 0,
  2, 4, 6, 5, 0,
  2, 6, 7, 5, 0,
  2, 6, 8, 7, 0,
  2, 8, 9, 7, 0,
  2, 10, 1, 0, 0,
  2, 10, 11, 1, 0,
  2, 11, 4, 1, 0,
  2, 11, 12, 4, 0,
  2, 12, 6, 4, 0,
  2, 12, 13, 6, 0,
  2, 13, 8, 6, 0,
  2, 13, 14, 8, 0
]
 }
