 {
  "metadata" :
  {
   "formatVersion" : 3,
   "sourceFile" : "mch002r_022d",
   "generatedBy" : "Tr3 20161112",
   "vertices" : 18,
   "faces" : 20,
   "normals" : 0,
   "colors" : 0,
   "uvs" : 0,
   "materials" : 1
  },
  "scale" : 1.0,
  "materials": [{
    "DbgColor": 0,
    "DbgIndex": 0,
    "DbgName" : "1temp_36: (no description)",
    "colorAmbient": [0.0, 0.0, 0.0],
    "colorDiffuse": [ 1.000, 1.000, 1.000],
    "colorSpecular": [0.16, 0.16, 0.16]
    }],
  "vertices": [
  0.07452, 0.07288, 0.0185,
  0.0703287, 0.074701, 0.018,
  0.07471, 0.07293, 0.018,
  0.0703543, 0.0746665, 0.0185,
  0.0662171, 0.0765163, 0.0185,
  0.0659587, 0.0765014, 0.018,
  0.062064, 0.0783142, 0.0185,
  0.0615601, 0.0782291, 0.018,
  0.0577266, 0.0796187, 0.0185,
  0.0570711, 0.0797035, 0.018,
  0.05329, 0.08055, 0.0185,
  0.05245, 0.08069, 0.018,
  0.07405, 0.07302, 0.019,
  0.0700144, 0.0743649, 0.019,
  0.0662728, 0.0765204, 0.019,
  0.0623033, 0.0782216, 0.019,
  0.0581799, 0.0794852, 0.019,
  0.05395, 0.08036, 0.019
 ],
 "morphTargets": [],
 "morphColors": [],
 "normals": [],
 "colors": [],
 "uvs": [[]],
  "faces": [
  2, 0, 1, 2, 0,
  2, 0, 3, 1, 0,
  2, 3, 4, 1, 0,
  2, 4, 5, 1, 0,
  2, 4, 6, 5, 0,
  2, 6, 7, 5, 0,
  2, 6, 8, 7, 0,
  2, 8, 9, 7, 0,
  2, 8, 10, 9, 0,
  2, 10, 11, 9, 0,
  2, 12, 3, 0, 0,
  2, 12, 13, 3, 0,
  2, 13, 4, 3, 0,
  2, 13, 14, 4, 0,
  2, 14, 15, 4, 0,
  2, 15, 6, 4, 0,
  2, 15, 16, 6, 0,
  2, 16, 8, 6, 0,
  2, 16, 17, 8, 0,
  2, 17, 10, 8, 0
]
 }
