 {
  "metadata" :
  {
   "formatVersion" : 3,
   "sourceFile" : "mch002r_022d",
   "generatedBy" : "Tr3 20161112",
   "vertices" : 16,
   "faces" : 16,
   "normals" : 0,
   "colors" : 0,
   "uvs" : 0,
   "materials" : 1
  },
  "scale" : 1.0,
  "materials": [{
    "DbgColor": 0,
    "DbgIndex": 0,
    "DbgName" : "os_cavmid_19: Cavity wall",
    "colorAmbient": [0.0, 0.0, 0.0],
    "colorDiffuse": [ 1.000, 0.784, 0.588],
    "colorSpecular": [0.16, 0.16, 0.16]
    }],
  "vertices": [
  0.05306, 0.07585, 0.01,
  0.0527216, 0.0757909, 0.0095,
  0.05311, 0.07592, 0.0095,
  0.0528986, 0.075468, 0.01,
  0.0526508, 0.0753705, 0.0095,
  0.0529292, 0.0750583, 0.01,
  0.0528499, 0.0750315, 0.0095,
  0.0532415, 0.0749228, 0.0095,
  0.0532351, 0.0748337, 0.01,
  0.0535976, 0.0749749, 0.01,
  0.0534733, 0.0752541, 0.0095,
  0.0537547, 0.0753513, 0.01,
  0.053433, 0.0756354, 0.0095,
  0.05379, 0.0757676, 0.01,
  0.0537035, 0.0761621, 0.01,
  0.0533513, 0.0761473, 0.01
 ],
 "morphTargets": [],
 "morphColors": [],
 "normals": [],
 "colors": [],
 "uvs": [[]],
  "faces": [
  2, 0, 1, 2, 0,
  2, 0, 3, 1, 0,
  2, 3, 4, 1, 0,
  2, 3, 5, 4, 0,
  2, 5, 6, 4, 0,
  2, 5, 7, 6, 0,
  2, 5, 8, 7, 0,
  2, 8, 9, 7, 0,
  2, 9, 10, 7, 0,
  2, 9, 11, 10, 0,
  2, 11, 12, 10, 0,
  2, 11, 13, 12, 0,
  2, 13, 14, 12, 0,
  2, 14, 15, 12, 0,
  2, 15, 2, 12, 0,
  2, 15, 0, 2, 0
]
 }
