 {
  "metadata" :
  {
   "formatVersion" : 3,
   "sourceFile" : "mch002r_022d",
   "generatedBy" : "Tr3 20161112",
   "vertices" : 57,
   "faces" : 55,
   "normals" : 0,
   "colors" : 0,
   "uvs" : 0,
   "materials" : 1
  },
  "scale" : 1.0,
  "materials": [{
    "DbgColor": 0,
    "DbgIndex": 0,
    "DbgName" : "Join os_cavlat_30: Cavity wall",
    "colorAmbient": [0.0, 0.0, 0.0],
    "colorDiffuse": [ 1.000, 0.784, 0.588],
    "colorSpecular": [0.16, 0.16, 0.16]
    }],
  "vertices": [
  0.0569379, 0.0771969, 0.015,
  0.0561481, 0.0772219, 0.015,
  0.0568314, 0.0772923, 0.0145,
  0.05647, 0.0787039, 0.015,
  0.05661, 0.0789476, 0.0145,
  0.0566386, 0.0780934, 0.0145,
  0.0564464, 0.0795453, 0.015,
  0.0564619, 0.0797913, 0.0145,
  0.0562379, 0.0803433, 0.015,
  0.0560197, 0.0805161, 0.0145,
  0.0561729, 0.0779495, 0.015,
  0.05729, 0.07589, 0.015,
  0.05728, 0.0767318, 0.015,
  0.0573563, 0.0759626, 0.0145,
  0.0567203, 0.076536, 0.0145,
  0.0536444, 0.082444, 0.015,
  0.0533761, 0.0826619, 0.0145,
  0.0540288, 0.0821099, 0.0145,
  0.0530433, 0.0829643, 0.015,
  0.0526444, 0.0831125, 0.0145,
  0.0522407, 0.082862, 0.015,
  0.0518301, 0.0833475, 0.0145,
  0.0516042, 0.0823517, 0.015,
  0.0511019, 0.0828912, 0.0145,
  0.0510069, 0.0820546, 0.0145,
  0.0516576, 0.0815412, 0.015,
  0.0511987, 0.0812215, 0.0145,
  0.0518208, 0.0807168, 0.015,
  0.0514125, 0.0804089, 0.0145,
  0.0519574, 0.079886, 0.015,
  0.0519302, 0.0797268, 0.0145,
  0.0524518, 0.0792112, 0.015,
  0.0526138, 0.0792354, 0.0145,
  0.0531364, 0.078793, 0.015,
  0.0533193, 0.0787687, 0.0145,
  0.0537883, 0.078354, 0.015,
  0.0537908, 0.0780685, 0.0145,
  0.0543748, 0.0778203, 0.015,
  0.0536092, 0.0772778, 0.0145,
  0.0545267, 0.0769937, 0.015,
  0.0538363, 0.0766875, 0.0145,
  0.0545905, 0.0765895, 0.0145,
  0.0556706, 0.0809651, 0.015,
  0.0554453, 0.0811542, 0.0145,
  0.0549699, 0.0814171, 0.015,
  0.0547291, 0.0816143, 0.0145,
  0.0543039, 0.0819211, 0.015,
  0.0557923, 0.0759181, 0.015,
  0.0550668, 0.0751102, 0.0145,
  0.0542211, 0.0750228, 0.0145,
  0.0558982, 0.0749861, 0.0145,
  0.05619, 0.07524, 0.015,
  0.0551688, 0.0764809, 0.015,
  0.0543666, 0.0760069, 0.0145,
  0.0535518, 0.0757673, 0.0145,
  0.0528643, 0.0753071, 0.0145,
  0.0533722, 0.0748943, 0.0145
 ],
 "morphTargets": [],
 "morphColors": [],
 "normals": [],
 "colors": [],
 "uvs": [[]],
  "faces": [
  2, 0, 1, 2, 0,
  2, 3, 4, 5, 0,
  2, 3, 6, 4, 0,
  2, 6, 7, 4, 0,
  2, 6, 8, 7, 0,
  2, 8, 9, 7, 0,
  2, 1, 10, 2, 0,
  2, 10, 5, 2, 0,
  2, 10, 3, 5, 0,
  2, 11, 12, 13, 0,
  2, 12, 14, 13, 0,
  2, 12, 0, 14, 0,
  2, 0, 2, 14, 0,
  2, 15, 16, 17, 0,
  2, 15, 18, 16, 0,
  2, 18, 19, 16, 0,
  2, 18, 20, 19, 0,
  2, 20, 21, 19, 0,
  2, 20, 22, 21, 0,
  2, 22, 23, 21, 0,
  2, 22, 24, 23, 0,
  2, 22, 25, 24, 0,
  2, 25, 26, 24, 0,
  2, 25, 27, 26, 0,
  2, 27, 28, 26, 0,
  2, 27, 29, 28, 0,
  2, 29, 30, 28, 0,
  2, 29, 31, 30, 0,
  2, 31, 32, 30, 0,
  2, 31, 33, 32, 0,
  2, 33, 34, 32, 0,
  2, 33, 35, 34, 0,
  2, 35, 36, 34, 0,
  2, 35, 37, 36, 0,
  2, 37, 38, 36, 0,
  2, 37, 39, 38, 0,
  2, 39, 40, 38, 0,
  2, 39, 41, 40, 0,
  2, 8, 42, 9, 0,
  2, 42, 43, 9, 0,
  2, 42, 44, 43, 0,
  2, 44, 45, 43, 0,
  2, 44, 46, 45, 0,
  2, 46, 17, 45, 0,
  2, 46, 15, 17, 0,
  2, 47, 48, 49, 0,
  2, 47, 50, 48, 0,
  2, 47, 51, 50, 0,
  2, 52, 53, 41, 0,
  2, 52, 47, 53, 0,
  2, 47, 54, 53, 0,
  2, 47, 55, 54, 0,
  2, 47, 56, 55, 0,
  2, 47, 49, 56, 0,
  2, 39, 52, 41, 0
]
 }
