 {
  "metadata" :
  {
   "formatVersion" : 3,
   "sourceFile" : "mch002r_022d",
   "generatedBy" : "Tr3 20161112",
   "vertices" : 17,
   "faces" : 15,
   "normals" : 0,
   "colors" : 0,
   "uvs" : 0,
   "materials" : 1
  },
  "scale" : 1.0,
  "materials": [{
    "DbgColor": 0,
    "DbgIndex": 0,
    "DbgName" : "Cap tm_med_40_tail: Pars tensa",
    "colorAmbient": [0.0, 0.0, 0.0],
    "colorDiffuse": [ 1.000, 1.000, 1.000],
    "colorSpecular": [0.16, 0.16, 0.16]
    }],
  "vertices": [
  0.064455, 0.074365, 0.022,
  0.0641933, 0.07465, 0.022,
  0.06418, 0.07431, 0.022,
  0.06401, 0.0745, 0.022,
  0.0639317, 0.074935, 0.022,
  0.0649783, 0.073795, 0.022,
  0.0647167, 0.07408, 0.022,
  0.06469, 0.07374, 0.022,
  0.06452, 0.07393, 0.022,
  0.06435, 0.07412, 0.022,
  0.06524, 0.07351, 0.022,
  0.06503, 0.07336, 0.022,
  0.06486, 0.07355, 0.022,
  0.0635, 0.07507, 0.022,
  0.06367, 0.07488, 0.022,
  0.06367, 0.07522, 0.022,
  0.06384, 0.07469, 0.022
 ],
 "morphTargets": [],
 "morphColors": [],
 "normals": [],
 "colors": [],
 "uvs": [[]],
  "faces": [
  2, 0, 1, 2, 0,
  2, 2, 1, 3, 0,
  2, 1, 4, 3, 0,
  2, 5, 6, 7, 0,
  2, 7, 6, 8, 0,
  2, 6, 0, 8, 0,
  2, 8, 0, 9, 0,
  2, 9, 0, 2, 0,
  2, 10, 5, 11, 0,
  2, 11, 5, 12, 0,
  2, 12, 5, 7, 0,
  2, 13, 14, 15, 0,
  2, 3, 4, 16, 0,
  2, 16, 4, 14, 0,
  2, 4, 15, 14, 0
]
 }
