 {
  "metadata" :
  {
   "formatVersion" : 3,
   "sourceFile" : "mch002r_022d",
   "generatedBy" : "Tr3 20161112",
   "vertices" : 16,
   "faces" : 14,
   "normals" : 0,
   "colors" : 0,
   "uvs" : 0,
   "materials" : 1
  },
  "scale" : 1.0,
  "materials": [{
    "DbgColor": 0,
    "DbgIndex": 0,
    "DbgName" : "Join os_cavlat_29b: Cavity wall",
    "colorAmbient": [0.0, 0.0, 0.0],
    "colorDiffuse": [ 1.000, 0.784, 0.588],
    "colorSpecular": [0.16, 0.16, 0.16]
    }],
  "vertices": [
  0.062185, 0.0764852, 0.0145,
  0.06222, 0.0756577, 0.0145,
  0.06327, 0.07589, 0.014,
  0.0620058, 0.0748568, 0.0145,
  0.0646891, 0.0725953, 0.0145,
  0.0636496, 0.0745063, 0.014,
  0.0647692, 0.0733755, 0.0145,
  0.064059, 0.0745197, 0.014,
  0.0631301, 0.0754947, 0.014,
  0.063118, 0.075081, 0.014,
  0.0633016, 0.0747184, 0.014,
  0.06375, 0.07636, 0.0145,
  0.062978, 0.076685, 0.0145,
  0.0648218, 0.0741562, 0.0145,
  0.06442, 0.07472, 0.014,
  0.06486, 0.07494, 0.0145
 ],
 "morphTargets": [],
 "morphColors": [],
 "normals": [],
 "colors": [],
 "uvs": [[]],
  "faces": [
  2, 0, 1, 2, 0,
  2, 3, 4, 5, 0,
  2, 4, 6, 5, 0,
  2, 6, 7, 5, 0,
  2, 1, 8, 2, 0,
  2, 1, 9, 8, 0,
  2, 1, 3, 9, 0,
  2, 3, 10, 9, 0,
  2, 3, 5, 10, 0,
  2, 11, 12, 2, 0,
  2, 12, 0, 2, 0,
  2, 13, 14, 7, 0,
  2, 6, 13, 7, 0,
  2, 13, 15, 14, 0
]
 }
