 {
  "metadata" :
  {
   "formatVersion" : 3,
   "sourceFile" : "mch002r_022d",
   "generatedBy" : "Tr3 20161112",
   "vertices" : 190,
   "faces" : 299,
   "normals" : 0,
   "colors" : 0,
   "uvs" : 0,
   "materials" : 1
  },
  "scale" : 1.0,
  "materials": [{
    "DbgColor": 0,
    "DbgIndex": 0,
    "DbgName" : "blk_medpost_22: Block boundary",
    "colorAmbient": [0.0, 0.0, 0.0],
    "colorDiffuse": [ 1.000, 0.000, 1.000],
    "colorSpecular": [0.16, 0.16, 0.16]
    }],
  "vertices": [
  0.08, 0.09, 0.0115,
  0.08, 0.0872333, 0.011,
  0.08, 0.09, 0.011,
  0.0800067, 0.0872333, 0.0115,
  0.08, 0.0844667, 0.011,
  0.0800133, 0.0844667, 0.0115,
  0.08, 0.0817, 0.011,
  0.08002, 0.0817, 0.0115,
  0.08, 0.0789333, 0.011,
  0.0800267, 0.0789333, 0.0115,
  0.08, 0.0761667, 0.011,
  0.0800333, 0.0761667, 0.0115,
  0.08, 0.0734, 0.011,
  0.08004, 0.0734, 0.0115,
  0.08, 0.09, 0.012,
  0.0800067, 0.0872333, 0.012,
  0.0800133, 0.0844667, 0.012,
  0.08002, 0.0817, 0.012,
  0.0800267, 0.0789333, 0.012,
  0.0800333, 0.0761667, 0.012,
  0.08004, 0.0734, 0.012,
  0.08, 0.09, 0.0125,
  0.08, 0.0872367, 0.0125,
  0.08, 0.0844733, 0.0125,
  0.08, 0.08171, 0.0125,
  0.08, 0.0789467, 0.0125,
  0.08, 0.0761833, 0.0125,
  0.08, 0.07342, 0.0125,
  0.08, 0.09, 0.013,
  0.0800067, 0.0872333, 0.013,
  0.0800133, 0.0844667, 0.013,
  0.08002, 0.0817, 0.013,
  0.0800267, 0.0789333, 0.013,
  0.0800333, 0.0761667, 0.013,
  0.08004, 0.0734, 0.013,
  0.08, 0.09, 0.0135,
  0.0800067, 0.087315, 0.0135,
  0.0800133, 0.08463, 0.0135,
  0.08002, 0.081945, 0.0135,
  0.0800267, 0.07926, 0.0135,
  0.0800333, 0.076575, 0.0135,
  0.08004, 0.07389, 0.0135,
  0.08, 0.09, 0.014,
  0.080009, 0.0871239, 0.014,
  0.080018, 0.0842478, 0.014,
  0.080027, 0.0813717, 0.014,
  0.080036, 0.0784956, 0.014,
  0.08, 0.07562, 0.014,
  0.08, 0.09, 0.0145,
  0.0800091, 0.0871959, 0.0145,
  0.0800182, 0.0843918, 0.0145,
  0.0800274, 0.0815877, 0.0145,
  0.0800365, 0.0787836, 0.0145,
  0.08, 0.07598, 0.0145,
  0.08, 0.09, 0.015,
  0.0800091, 0.0872639, 0.015,
  0.0800182, 0.0845278, 0.015,
  0.0800273, 0.0817917, 0.015,
  0.0800364, 0.0790556, 0.015,
  0.08, 0.07632, 0.015,
  0.08, 0.09, 0.0155,
  0.0800089, 0.0873899, 0.0155,
  0.0800178, 0.0847798, 0.0155,
  0.0800267, 0.0821696, 0.0155,
  0.0800356, 0.0795595, 0.0155,
  0.08, 0.07695, 0.0155,
  0.08, 0.09, 0.016,
  0.0800097, 0.0874779, 0.016,
  0.0800193, 0.0849559, 0.016,
  0.080029, 0.0824338, 0.016,
  0.0800387, 0.0799117, 0.016,
  0.08, 0.07739, 0.016,
  0.08, 0.09, 0.0165,
  0.0800091, 0.0875339, 0.0165,
  0.0800183, 0.0850678, 0.0165,
  0.0800274, 0.0826017, 0.0165,
  0.0800365, 0.0801356, 0.0165,
  0.08, 0.07767, 0.0165,
  0.08, 0.09, 0.017,
  0.0800092, 0.0875719, 0.017,
  0.0800185, 0.0851438, 0.017,
  0.0800277, 0.0827157, 0.017,
  0.0800369, 0.0802876, 0.017,
  0.08, 0.07786, 0.017,
  0.08, 0.09, 0.0175,
  0.0800097, 0.0876379, 0.0175,
  0.0800193, 0.0852758, 0.0175,
  0.080029, 0.0829138, 0.0175,
  0.0800386, 0.0805517, 0.0175,
  0.08, 0.07819, 0.0175,
  0.08, 0.09, 0.018,
  0.0800121, 0.0871599, 0.018,
  0.0800242, 0.0843198, 0.018,
  0.0800363, 0.0814797, 0.018,
  0.08, 0.07864, 0.018,
  0.08, 0.09, 0.0185,
  0.0800122, 0.0872999, 0.0185,
  0.0800244, 0.0845998, 0.0185,
  0.0800367, 0.0818997, 0.0185,
  0.08, 0.0792, 0.0185,
  0.08, 0.09, 0.019,
  0.080012, 0.0873099, 0.019,
  0.0800241, 0.0846198, 0.019,
  0.0800361, 0.0819297, 0.019,
  0.08, 0.07924, 0.019,
  0.08, 0.09, 0.0195,
  0.0800126, 0.0873324, 0.0195,
  0.0800252, 0.0846648, 0.0195,
  0.0800378, 0.0819973, 0.0195,
  0.08, 0.07933, 0.0195,
  0.08, 0.09, 0.02,
  0.0800127, 0.0872749, 0.02,
  0.0800255, 0.0845498, 0.02,
  0.0800382, 0.0818248, 0.02,
  0.08, 0.0791, 0.02,
  0.08, 0.09, 0.0205,
  0.08, 0.08723, 0.0205,
  0.08, 0.08446, 0.0205,
  0.08, 0.08169, 0.0205,
  0.08, 0.07892, 0.0205,
  0.08, 0.09, 0.021,
  0.08, 0.0871425, 0.021,
  0.08, 0.084285, 0.021,
  0.08, 0.0814275, 0.021,
  0.08, 0.07857, 0.021,
  0.08, 0.09, 0.0215,
  0.08, 0.087526, 0.0215,
  0.08, 0.085052, 0.0215,
  0.08, 0.082578, 0.0215,
  0.08, 0.080104, 0.0215,
  0.08, 0.07763, 0.0215,
  0.08, 0.09, 0.022,
  0.08, 0.08724, 0.022,
  0.08, 0.08448, 0.022,
  0.08, 0.08172, 0.022,
  0.08, 0.07896, 0.022,
  0.08, 0.09, 0.0225,
  0.08001, 0.0875775, 0.0225,
  0.08002, 0.085155, 0.0225,
  0.08003, 0.0827325, 0.0225,
  0.08004, 0.08031, 0.0225,
  0.08, 0.09, 0.023,
  0.08001, 0.0876375, 0.023,
  0.08002, 0.085275, 0.023,
  0.08003, 0.0829125, 0.023,
  0.08004, 0.08055, 0.023,
  0.08, 0.09, 0.0235,
  0.0800133, 0.0871467, 0.0235,
  0.0800267, 0.0842933, 0.0235,
  0.08004, 0.08144, 0.0235,
  0.08, 0.09, 0.024,
  0.0800133, 0.0871467, 0.024,
  0.0800267, 0.0842933, 0.024,
  0.08004, 0.08144, 0.024,
  0.08, 0.09, 0.0245,
  0.0800133, 0.0871467, 0.0245,
  0.0800267, 0.0842933, 0.0245,
  0.08004, 0.08144, 0.0245,
  0.08, 0.09, 0.025,
  0.0800133, 0.0871467, 0.025,
  0.0800267, 0.0842933, 0.025,
  0.08004, 0.08144, 0.025,
  0.08, 0.09, 0.0255,
  0.0800133, 0.0871467, 0.0255,
  0.0800267, 0.0842933, 0.0255,
  0.08004, 0.08144, 0.0255,
  0.08, 0.09, 0.026,
  0.0800133, 0.0871467, 0.026,
  0.0800267, 0.0842933, 0.026,
  0.08004, 0.08144, 0.026,
  0.08, 0.09, 0.0265,
  0.0800133, 0.0871467, 0.0265,
  0.0800267, 0.0842933, 0.0265,
  0.08004, 0.08144, 0.0265,
  0.08, 0.09, 0.027,
  0.0800133, 0.0871467, 0.027,
  0.0800267, 0.0842933, 0.027,
  0.08004, 0.08144, 0.027,
  0.08, 0.09, 0.0275,
  0.0800133, 0.0871467, 0.0275,
  0.0800267, 0.0842933, 0.0275,
  0.08004, 0.08144, 0.0275,
  0.08, 0.09, 0.028,
  0.0800133, 0.0871467, 0.028,
  0.0800267, 0.0842933, 0.028,
  0.08004, 0.08144, 0.028,
  0.08, 0.09, 0.0285,
  0.0800133, 0.0871467, 0.0285,
  0.0800267, 0.0842933, 0.0285,
  0.08004, 0.08144, 0.0285
 ],
 "morphTargets": [],
 "morphColors": [],
 "normals": [],
 "colors": [],
 "uvs": [[]],