 {
  "metadata" :
  {
   "formatVersion" : 3,
   "sourceFile" : "mch002r_022d",
   "generatedBy" : "Tr3 20161112",
   "vertices" : 8,
   "faces" : 7,
   "normals" : 0,
   "colors" : 0,
   "uvs" : 0,
   "materials" : 1
  },
  "scale" : 1.0,
  "materials": [{
    "DbgColor": 0,
    "DbgIndex": 0,
    "DbgName" : "Cap os_cavmid_34_tail: Cavity wall",
    "colorAmbient": [0.0, 0.0, 0.0],
    "colorDiffuse": [ 1.000, 0.784, 0.588],
    "colorSpecular": [0.16, 0.16, 0.16]
    }],
  "vertices": [
  0.0577437, 0.0767647, 0.0175,
  0.0582402, 0.0769708, 0.0175,
  0.0580715, 0.076561, 0.0175,
  0.0578868, 0.0771137, 0.0175,
  0.0585, 0.07661, 0.0175,
  0.05872, 0.0769839, 0.0175,
  0.0585657, 0.0773543, 0.0175,
  0.0581936, 0.0774085, 0.0175
 ],
 "morphTargets": [],
 "morphColors": [],
 "normals": [],
 "colors": [],
 "uvs": [[]],
  "faces": [
  2, 0, 1, 2, 0,
  2, 3, 1, 0, 0,
  2, 4, 1, 5, 0,
  2, 5, 1, 6, 0,
  2, 6, 1, 7, 0,
  2, 7, 1, 3, 0,
  2, 2, 1, 4, 0
]
 }
