 {
  "metadata" :
  {
   "formatVersion" : 3,
   "sourceFile" : "mch002r_022d",
   "generatedBy" : "Tr3 20161112",
   "vertices" : 258,
   "faces" : 431,
   "normals" : 0,
   "colors" : 0,
   "uvs" : 0,
   "materials" : 1
  },
  "scale" : 1.0,
  "materials": [{
    "DbgColor": 0,
    "DbgIndex": 0,
    "DbgName" : "blk_postlat_22: Block boundary",
    "colorAmbient": [0.0, 0.0, 0.0],
    "colorDiffuse": [ 1.000, 0.000, 1.000],
    "colorSpecular": [0.16, 0.16, 0.16]
    }],
  "vertices": [
  0.0417, 0.09, 0.0115,
  0.04389, 0.09, 0.011,
  0.04151, 0.09, 0.011,
  0.0442233, 0.09, 0.0115,
  0.04627, 0.09, 0.011,
  0.0467467, 0.09, 0.0115,
  0.04865, 0.09, 0.011,
  0.04927, 0.09, 0.0115,
  0.0419, 0.09, 0.012,
  0.0445133, 0.09, 0.012,
  0.0471267, 0.09, 0.012,
  0.04974, 0.09, 0.012,
  0.04214, 0.09, 0.0125,
  0.0447833, 0.09, 0.0125,
  0.0474267, 0.09, 0.0125,
  0.05007, 0.09, 0.0125,
  0.04239, 0.09, 0.013,
  0.04512, 0.09, 0.013,
  0.04785, 0.09, 0.013,
  0.05058, 0.09, 0.013,
  0.04266, 0.09, 0.0135,
  0.0454733, 0.09, 0.0135,
  0.0482867, 0.09, 0.0135,
  0.0511, 0.09, 0.0135,
  0.04294, 0.09, 0.014,
  0.0457833, 0.09, 0.014,
  0.0486267, 0.09, 0.014,
  0.05147, 0.09, 0.014,
  0.04324, 0.09, 0.0145,
  0.045435, 0.09, 0.0145,
  0.04763, 0.09, 0.0145,
  0.049825, 0.09, 0.0145,
  0.05202, 0.09, 0.0145,
  0.04355, 0.09, 0.015,
  0.0457575, 0.09, 0.015,
  0.047965, 0.09, 0.015,
  0.0501725, 0.09, 0.015,
  0.05238, 0.09, 0.015,
  0.04387, 0.09, 0.0155,
  0.04614, 0.09, 0.0155,
  0.04841, 0.09, 0.0155,
  0.05068, 0.09, 0.0155,
  0.05295, 0.09, 0.0155,
  0.04418, 0.09, 0.016,
  0.04647, 0.09, 0.016,
  0.04876, 0.09, 0.016,
  0.05105, 0.09, 0.016,
  0.05334, 0.09, 0.016,
  0.0445, 0.09, 0.0165,
  0.046885, 0.09, 0.0165,
  0.04927, 0.09, 0.0165,
  0.051655, 0.09, 0.0165,
  0.05404, 0.09, 0.0165,
  0.04479, 0.09, 0.017,
  0.047205, 0.09, 0.017,
  0.04962, 0.09, 0.017,
  0.052035, 0.09, 0.017,
  0.05445, 0.09, 0.017,
  0.04508, 0.09, 0.0175,
  0.04764, 0.09, 0.0175,
  0.0502, 0.09, 0.0175,
  0.05276, 0.09, 0.0175,
  0.05532, 0.09, 0.0175,
  0.04533, 0.09, 0.018,
  0.0479925, 0.09, 0.018,
  0.050655, 0.09, 0.018,
  0.0533175, 0.09, 0.018,
  0.05598, 0.09, 0.018,
  0.04557, 0.09, 0.0185,
  0.04832, 0.09, 0.0185,
  0.05107, 0.09, 0.0185,
  0.05382, 0.09, 0.0185,
  0.05657, 0.09, 0.0185,
  0.04578, 0.09, 0.019,
  0.048665, 0.09, 0.019,
  0.05155, 0.09, 0.019,
  0.054435, 0.09, 0.019,
  0.05732, 0.09, 0.019,
  0.04596, 0.09, 0.0195,
  0.04887, 0.09, 0.0195,
  0.05178, 0.09, 0.0195,
  0.05469, 0.09, 0.0195,
  0.0576, 0.09, 0.0195,
  0.0461, 0.09, 0.02,
  0.048598, 0.09, 0.02,
  0.051096, 0.09, 0.02,
  0.053594, 0.09, 0.02,
  0.056092, 0.09, 0.02,
  0.05859, 0.09, 0.02,
  0.04622, 0.09, 0.0205,
  0.0489233, 0.09, 0.0205,
  0.0516267, 0.09, 0.0205,
  0.05433, 0.09, 0.0205,
  0.0570333, 0.09, 0.0205,
  0.0597367, 0.09, 0.0205,
  0.06244, 0.09, 0.0205,
  0.0463, 0.09, 0.021,
  0.0489733, 0.09, 0.021,
  0.0516467, 0.09, 0.021,
  0.05432, 0.09, 0.021,
  0.0569933, 0.09, 0.021,
  0.0596667, 0.09, 0.021,
  0.06234, 0.09, 0.021,
  0.04636, 0.09, 0.0215,
  0.04908, 0.09, 0.0215,
  0.0518, 0.09, 0.0215,
  0.05452, 0.09, 0.0215,
  0.05724, 0.09, 0.0215,
  0.05996, 0.09, 0.0215,
  0.06268, 0.09, 0.0215,
  0.0464, 0.09, 0.022,
  0.04917, 0.09, 0.022,
  0.05194, 0.09, 0.022,
  0.05471, 0.09, 0.022,
  0.05748, 0.09, 0.022,
  0.06025, 0.09, 0.022,
  0.06302, 0.09, 0.022,
  0.04645, 0.09, 0.0225,
  0.0490162, 0.09, 0.0225,
  0.0515825, 0.09, 0.0225,
  0.0541487, 0.09, 0.0225,
  0.056715, 0.09, 0.0225,
  0.0592812, 0.09, 0.0225,
  0.0618475, 0.09, 0.0225,
  0.0644137, 0.09, 0.0225,
  0.06698, 0.09, 0.0225,
  0.04649, 0.09, 0.023,
  0.04922, 0.09, 0.023,
  0.05195, 0.09, 0.023,
  0.05468, 0.09, 0.023,
  0.05741, 0.09, 0.023,
  0.06014, 0.09, 0.023,
  0.06287, 0.09, 0.023,
  0.0656, 0.09, 0.023,
  0.06833, 0.09, 0.023,
  0.07106, 0.09, 0.023,
  0.07379, 0.09, 0.023,
  0.04656, 0.09, 0.0235,
  0.049304, 0.09, 0.0235,
  0.052048, 0.09, 0.0235,
  0.054792, 0.09, 0.0235,
  0.057536, 0.09, 0.0235,
  0.06028, 0.09, 0.0235,
  0.063024, 0.09, 0.0235,
  0.065768, 0.09, 0.0235,
  0.068512, 0.09, 0.0235,
  0.071256, 0.09, 0.0235,
  0.074, 0.09, 0.0235,
  0.04656, 0.09, 0.024,
  0.049304, 0.09, 0.024,
  0.052048, 0.09, 0.024,
  0.054792, 0.09, 0.024,
  0.057536, 0.09, 0.024,
  0.06028, 0.09, 0.024,
  0.063024, 0.09, 0.024,
  0.065768, 0.09, 0.024,
  0.068512, 0.09, 0.024,
  0.071256, 0.09, 0.024,
  0.074, 0.09, 0.024,
  0.04656, 0.09, 0.0245,
  0.049304, 0.09, 0.0245,
  0.052048, 0.09, 0.0245,
  0.054792, 0.09, 0.0245,
  0.057536, 0.09, 0.0245,
  0.06028, 0.09, 0.0245,
  0.063024, 0.09, 0.0245,
  0.065768, 0.09, 0.0245,
  0.068512, 0.09, 0.0245,
  0.071256, 0.09, 0.0245,
  0.074, 0.09, 0.0245,
  0.04656, 0.09, 0.025,
  0.049304, 0.09, 0.025,
  0.052048, 0.09, 0.025,
  0.054792, 0.09, 0.025,
  0.057536, 0.09, 0.025,
  0.06028, 0.09, 0.025,
  0.063024, 0.09, 0.025,
  0.065768, 0.09, 0.025,
  0.068512, 0.09, 0.025,
  0.071256, 0.09, 0.025,
  0.074, 0.09, 0.025,
  0.04656, 0.09, 0.0255,
  0.049304, 0.09, 0.0255,
  0.052048, 0.09, 0.0255,
  0.054792, 0.09, 0.0255,
  0.057536, 0.09, 0.0255,
  0.06028, 0.09, 0.0255,
  0.063024, 0.09, 0.0255,
  0.065768, 0.09, 0.0255,
  0.068512, 0.09, 0.0255,
  0.071256, 0.09, 0.0255,
  0.074, 0.09, 0.0255,
  0.04656, 0.09, 0.026,
  0.049304, 0.09, 0.026,
  0.052048, 0.09, 0.026,
  0.054792, 0.09, 0.026,
  0.057536, 0.09, 0.026,
  0.06028, 0.09, 0.026,
  0.063024, 0.09, 0.026,
  0.065768, 0.09, 0.026,
  0.068512, 0.09, 0.026,
  0.071256, 0.09, 0.026,
  0.074, 0.09, 0.026,
  0.04656, 0.09, 0.0265,
  0.049304, 0.09, 0.0265,
  0.052048, 0.09, 0.0265,
  0.054792, 0.09, 0.0265,
  0.057536, 0.09, 0.0265,
  0.06028, 0.09, 0.0265,
  0.063024, 0.09, 0.0265,
  0.065768, 0.09, 0.0265,
  0.068512, 0.09, 0.0265,
  0.071256, 0.09, 0.0265,
  0.074, 0.09, 0.0265,
  0.04656, 0.09, 0.027,
  0.049304, 0.09, 0.027,
  0.052048, 0.09, 0.027,
  0.054792, 0.09, 0.027,
  0.057536, 0.09, 0.027,
  0.06028, 0.09, 0.027,
  0.063024, 0.09, 0.027,
  0.065768, 0.09, 0.027,
  0.068512, 0.09, 0.027,
  0.071256, 0.09, 0.027,
  0.074, 0.09, 0.027,
  0.04656, 0.09, 0.0275,
  0.049304, 0.09, 0.0275,
  0.052048, 0.09, 0.0275,
  0.054792, 0.09, 0.0275,
  0.057536, 0.09, 0.0275,
  0.06028, 0.09, 0.0275,
  0.063024, 0.09, 0.0275,
  0.065768, 0.09, 0.0275,
  0.068512, 0.09, 0.0275,
  0.071256, 0.09, 0.0275,
  0.074, 0.09, 0.0275,
  0.04656, 0.09, 0.028,
  0.049304, 0.09, 0.028,
  0.052048, 0.09, 0.028,
  0.054792, 0.09, 0.028,
  0.057536, 0.09, 0.028,
  0.06028, 0.09, 0.028,
  0.063024, 0.09, 0.028,
  0.065768, 0.09, 0.028,
  0.068512, 0.09, 0.028,
  0.071256, 0.09, 0.028,
  0.074, 0.09, 0.028,
  0.04656, 0.09, 0.0285,
  0.049304, 0.09, 0.0285,
  0.052048, 0.09, 0.0285,
  0.054792, 0.09, 0.0285,
  0.057536, 0.09, 0.0285,
  0.06028, 0.09, 0.0285,
  0.063024, 0.09, 0.0285,
  0.065768, 0.09, 0.0285,
  0.068512, 0.09, 0.0285,
  0.071256, 0.09, 0.0285,
  0.074, 0.09, 0.0285
 ],
 "morphTargets": [],
 "morphColors": [],
 "normals": [],
 "colors": [],
 "uvs": [[]],