 {
  "metadata" :
  {
   "formatVersion" : 3,
   "sourceFile" : "mch002r_022d",
   "generatedBy" : "Tr3 20161112",
   "vertices" : 125,
   "faces" : 163,
   "normals" : 0,
   "colors" : 0,
   "uvs" : 0,
   "materials" : 1
  },
  "scale" : 1.0,
  "materials": [{
    "DbgColor": 0,
    "DbgIndex": 0,
    "DbgName" : "skin_45: Skin",
    "colorAmbient": [0.0, 0.0, 0.0],
    "colorDiffuse": [ 1.000, 0.753, 0.796],
    "colorSpecular": [0.16, 0.16, 0.16]
    }],
  "vertices": [
  0.04212, 0.05, 0.023,
  0.0417248, 0.0516734, 0.023,
  0.04208, 0.05, 0.0225,
  0.0417008, 0.0517063, 0.0225,
  0.0413573, 0.053353, 0.023,
  0.0412842, 0.0534026, 0.0225,
  0.0410849, 0.0550506, 0.023,
  0.0410142, 0.0551296, 0.0225,
  0.040746, 0.0567347, 0.023,
  0.0406341, 0.0568345, 0.0225,
  0.0403332, 0.0584038, 0.023,
  0.0402197, 0.0585327, 0.0225,
  0.0399662, 0.0600816, 0.023,
  0.0399115, 0.0602504, 0.0225,
  0.0397432, 0.0617865, 0.023,
  0.0397495, 0.0619863, 0.0225,
  0.0398237, 0.0634993, 0.023,
  0.0399813, 0.0637092, 0.0225,
  0.040218, 0.0651619, 0.023,
  0.0404882, 0.065382, 0.0225,
  0.0408953, 0.0667423, 0.023,
  0.0411146, 0.0670093, 0.0225,
  0.0419003, 0.0681102, 0.023,
  0.0422425, 0.0682951, 0.0225,
  0.0433738, 0.0689963, 0.023,
  0.0438387, 0.0688366, 0.0225,
  0.0450887, 0.0688905, 0.023,
  0.0455481, 0.0685111, 0.0225,
  0.0467991, 0.0689798, 0.023,
  0.047197, 0.0688106, 0.0225,
  0.0472841, 0.0702147, 0.0225,
  0.0469016, 0.0701584, 0.023,
  0.0463507, 0.0716223, 0.0225,
  0.0460484, 0.0716256, 0.023,
  0.0461469, 0.0733529, 0.0225,
  0.0447971, 0.0724953, 0.023,
  0.0447414, 0.0734374, 0.0225,
  0.043497, 0.0722184, 0.0225,
  0.0434413, 0.0714378, 0.023,
  0.0421049, 0.0711664, 0.0225,
  0.0419445, 0.0706258, 0.023,
  0.0404138, 0.0709864, 0.0225,
  0.040275, 0.0708538, 0.023,
  0.0392607, 0.0721729, 0.0225,
  0.0391674, 0.0721234, 0.023,
  0.0384687, 0.0736918, 0.023,
  0.0384303, 0.0736984, 0.0225,
  0.0379268, 0.0753135, 0.023,
  0.0382477, 0.0753801, 0.0225,
  0.0379674, 0.0768756, 0.023,
  0.0382369, 0.0769606, 0.0225,
  0.0369791, 0.0781715, 0.0225,
  0.0368043, 0.0781391, 0.023,
  0.0356375, 0.079292, 0.0225,
  0.0354807, 0.0792367, 0.023,
  0.0344575, 0.0805806, 0.0225,
  0.034333, 0.0805136, 0.023,
  0.033945, 0.0820899, 0.023,
  0.033768, 0.0821101, 0.0225,
  0.0346792, 0.0834872, 0.0225,
  0.0349746, 0.0834062, 0.023,
  0.0363835, 0.0836511, 0.0225,
  0.0365961, 0.0834122, 0.023,
  0.0380461, 0.0831391, 0.0225,
  0.0382272, 0.0828899, 0.023,
  0.0395894, 0.0823406, 0.0225,
  0.0397577, 0.0821092, 0.023,
  0.041094, 0.0815309, 0.0225,
  0.041267, 0.0812863, 0.023,
  0.0427799, 0.081092, 0.0225,
  0.0428997, 0.0807906, 0.023,
  0.044368, 0.081614, 0.0225,
  0.0444626, 0.0813603, 0.023,
  0.0459079, 0.0819535, 0.023,
  0.0459604, 0.0820491, 0.0225,
  0.0467964, 0.0834076, 0.023,
  0.0467435, 0.0835091, 0.0225,
  0.0471575, 0.0849281, 0.023,
  0.0473571, 0.0848928, 0.0225,
  0.0468413, 0.086526, 0.0225,
  0.0467258, 0.0865925, 0.023,
  0.0466457, 0.088263, 0.0225,
  0.046483, 0.0882806, 0.023,
  0.04645, 0.09, 0.0225,
  0.04649, 0.09, 0.023,
  0.04226, 0.05, 0.0235,
  0.0419747, 0.0517113, 0.0235,
  0.0417, 0.0534161, 0.0235,
  0.0412899, 0.0550849, 0.0235,
  0.04095, 0.0567651, 0.0235,
  0.0405953, 0.0584622, 0.0235,
  0.0402224, 0.0601573, 0.0235,
  0.0400086, 0.0618787, 0.0235,
  0.0399975, 0.0636077, 0.0235,
  0.0404821, 0.0652637, 0.0235,
  0.0409807, 0.0669139, 0.0235,
  0.0421321, 0.0681523, 0.0235,
  0.0436233, 0.0690317, 0.0235,
  0.0453153, 0.069068, 0.0235,
  0.0468026, 0.0697152, 0.0235,
  0.0462596, 0.0712372, 0.0235,
  0.0448417, 0.0719852, 0.0235,
  0.0433398, 0.0711154, 0.0235,
  0.041706, 0.0706506, 0.0235,
  0.0402066, 0.0713662, 0.0235,
  0.0393148, 0.0728552, 0.0235,
  0.038423, 0.0743442, 0.0235,
  0.0380528, 0.0760004, 0.0235,
  0.0375072, 0.0775631, 0.0235,
  0.0362879, 0.0787925, 0.0235,
  0.0351034, 0.0800525, 0.0235,
  0.0344145, 0.0815909, 0.0235,
  0.0355376, 0.0828036, 0.0235,
  0.037218, 0.0828518, 0.0235,
  0.0387786, 0.0821128, 0.0235,
  0.0402614, 0.0812108, 0.0235,
  0.0417442, 0.0803087, 0.0235,
  0.0434057, 0.0803431, 0.0235,
  0.0450366, 0.0806893, 0.0235,
  0.0461543, 0.0817988, 0.0235,
  0.0470911, 0.0832116, 0.0235,
  0.047161, 0.0848435, 0.0235,
  0.0467965, 0.0865404, 0.0235,
  0.0466535, 0.0882669, 0.0235,
  0.04656, 0.09, 0.0235
 ],
 "morphTargets": [],
 "morphColors": [],
 "normals": [],
 "colors": [],
 "uvs": [[]],
  "faces": [
  2, 0, 1, 2, 0,
  2, 1, 3, 2, 0,
  2, 1, 4, 3, 0,
  2, 4, 5, 3, 0,
  2, 4, 6, 5, 0,
  2, 6, 7, 5, 0,
  2, 6, 8, 7, 0,
  2, 8, 9, 7, 0,
  2, 8, 10, 9, 0,
  2, 10, 11, 9, 0,
  2, 10, 12, 11, 0,
  2, 12, 13, 11, 0,
  2, 12, 14, 13, 0,
  2, 14, 15, 13, 0,
  2, 14, 16, 15, 0,
  2, 16, 17, 15, 0,
  2, 16, 18, 17, 0,
  2, 18, 19, 17, 0,
  2, 18, 20, 19, 0,
  2, 20, 21, 19, 0,
  2, 20, 22, 21, 0,
  2, 22, 23, 21, 0,
  2, 22, 24, 23, 0,
  2, 24, 25, 23, 0,
  2, 24, 26, 25, 0,
  2, 26, 27, 25, 0,
  2, 26, 28, 27, 0,
  2, 28, 29, 27, 0,
  2, 28, 30, 29, 0,
  2, 28, 31, 30, 0,
  2, 31, 32, 30, 0,
  2, 31, 33, 32, 0,
  2, 33, 34, 32, 0,
  2, 33, 35, 34, 0,
  2, 35, 36, 34, 0,
  2, 35, 37, 36, 0,
  2, 35, 38, 37, 0,
  2, 38, 39, 37, 0,
  2, 38, 40, 39, 0,
  2, 40, 41, 39, 0,
  2, 40, 42, 41, 0,
  2, 42, 43, 41, 0,
  2, 42, 44, 43, 0,
  2, 44, 45, 43, 0,
  2, 45, 46, 43, 0,
  2, 45, 47, 46, 0,
  2, 47, 48, 46, 0,
  2, 47, 49, 48, 0,
  2, 49, 50, 48, 0,
  2, 49, 51, 50, 0,
  2, 49, 52, 51, 0,
  2, 52, 53, 51, 0,
  2, 52, 54, 53, 0,
  2, 54, 55, 53, 0,
  2, 54, 56, 55, 0,
  2, 56, 57, 55, 0,
  2, 57, 58, 55, 0,
  2, 57, 59, 58, 0,
  2, 57, 60, 59, 0,
  2, 60, 61, 59, 0,
  2, 60, 62, 61, 0,
  2, 62, 63, 61, 0,
  2, 62, 64, 63, 0,
  2, 64, 65, 63, 0,
  2, 64, 66, 65, 0,
  2, 66, 67, 65, 0,
  2, 66, 68, 67, 0,
  2, 68, 69, 67, 0,
  2, 68, 70, 69, 0,
  2, 70, 71, 69, 0,
  2, 70, 72, 71, 0,
  2, 72, 73, 71, 0,
  2, 73, 74, 71, 0,
  2, 73, 75, 74, 0,
  2, 75, 76, 74, 0,
  2, 75, 77, 76, 0,
  2, 77, 78, 76, 0,
  2, 77, 79, 78, 0,
  2, 77, 80, 79, 0,
  2, 80, 81, 79, 0,
  2, 80, 82, 81, 0,
  2, 82, 83, 81, 0,
  2, 82, 84, 83, 0,
  2, 85, 86, 0, 0,
  2, 86, 1, 0, 0,
  2, 86, 87, 1, 0,
  2, 87, 4, 1, 0,
  2, 87, 88, 4, 0,
  2, 88, 6, 4, 0,
  2, 88, 89, 6, 0,
  2, 89, 8, 6, 0,
  2, 89, 90, 8, 0,
  2, 90, 10, 8, 0,
  2, 90, 12, 10, 0,
  2, 90, 91, 12, 0,
  2, 91, 14, 12, 0,
  2, 91, 92, 14, 0,
  2, 92, 16, 14, 0,
  2, 92, 93, 16, 0,
  2, 93, 18, 16, 0,
  2, 93, 94, 18, 0,
  2, 94, 20, 18, 0,
  2, 94, 95, 20, 0,
  2, 95, 22, 20, 0,
  2, 95, 96, 22, 0,
  2, 96, 24, 22, 0,
  2, 96, 97, 24, 0,
  2, 97, 26, 24, 0,
  2, 97, 98, 26, 0,
  2, 98, 28, 26, 0,
  2, 98, 99, 28, 0,
  2, 99, 31, 28, 0,
  2, 99, 100, 31, 0,
  2, 100, 33, 31, 0,
  2, 100, 101, 33, 0,
  2, 101, 35, 33, 0,
  2, 101, 38, 35, 0,
  2, 101, 102, 38, 0,
  2, 102, 40, 38, 0,
  2, 102, 103, 40, 0,
  2, 103, 42, 40, 0,
  2, 103, 104, 42, 0,
  2, 104, 44, 42, 0,
  2, 104, 105, 44, 0,
  2, 105, 45, 44, 0,
  2, 105, 106, 45, 0,
  2, 106, 47, 45, 0,
  2, 106, 107, 47, 0,
  2, 107, 49, 47, 0,
  2, 107, 108, 49, 0,
  2, 108, 52, 49, 0,
  2, 108, 109, 52, 0,
  2, 109, 54, 52, 0,
  2, 109, 110, 54, 0,
  2, 110, 56, 54, 0,
  2, 110, 111, 56, 0,
  2, 111, 57, 56, 0,
  2, 111, 112, 57, 0,
  2, 112, 60, 57, 0,
  2, 112, 62, 60, 0,
  2, 112, 113, 62, 0,
  2, 113, 64, 62, 0,
  2, 113, 114, 64, 0,
  2, 114, 66, 64, 0,
  2, 114, 115, 66, 0,
  2, 115, 68, 66, 0,
  2, 115, 116, 68, 0,
  2, 116, 70, 68, 0,
  2, 116, 117, 70, 0,
  2, 117, 72, 70, 0,
  2, 117, 118, 72, 0,
  2, 118, 73, 72, 0,
  2, 118, 119, 73, 0,
  2, 119, 120, 73, 0,
  2, 120, 75, 73, 0,
  2, 120, 121, 75, 0,
  2, 121, 77, 75, 0,
  2, 121, 122, 77, 0,
  2, 122, 80, 77, 0,
  2, 122, 123, 80, 0,
  2, 123, 82, 80, 0,
  2, 123, 124, 82, 0,
  2, 124, 84, 82, 0
]
 }
