 {
  "metadata" :
  {
   "formatVersion" : 3,
   "sourceFile" : "mch002r_022d",
   "generatedBy" : "Tr3 20161112",
   "vertices" : 23,
   "faces" : 24,
   "normals" : 0,
   "colors" : 0,
   "uvs" : 0,
   "materials" : 1
  },
  "scale" : 1.0,
  "materials": [{
    "DbgColor": 0,
    "DbgIndex": 0,
    "DbgName" : "Cap csft-34H: sf",
    "colorAmbient": [0.0, 0.0, 0.0],
    "colorDiffuse": [ 1.000, 1.000, 1.000],
    "colorSpecular": [0.16, 0.16, 0.16]
    }],
  "vertices": [
  0.0503815, 0.0690979, 0.017,
  0.0515167, 0.0694034, 0.017,
  0.0508752, 0.070242, 0.017,
  0.0525013, 0.0719161, 0.017,
  0.0513868, 0.0714894, 0.017,
  0.0520785, 0.0705903, 0.017,
  0.054768, 0.0726633, 0.017,
  0.0536339, 0.0722919, 0.017,
  0.0550179, 0.0718178, 0.017,
  0.0590755, 0.0709515, 0.017,
  0.0583107, 0.0705258, 0.017,
  0.0594762, 0.0702693, 0.017,
  0.0559376, 0.0725043, 0.017,
  0.0581412, 0.071691, 0.017,
  0.0559691, 0.0708693, 0.017,
  0.0547808, 0.07076, 0.017,
  0.0536318, 0.0705064, 0.017,
  0.052559, 0.0699846, 0.017,
  0.0494685, 0.0700746, 0.017,
  0.0492, 0.06893, 0.017,
  0.0504192, 0.0707959, 0.017,
  0.0571452, 0.0707824, 0.017,
  0.0571111, 0.0722872, 0.017
 ],
 "morphTargets": [],
 "morphColors": [],
 "normals": [],
 "colors": [],
 "uvs": [[]],
  "faces": [
  2, 0, 1, 2, 0,
  2, 3, 4, 5, 0,
  2, 6, 7, 8, 0,
  2, 9, 10, 11, 0,
  2, 8, 12, 6, 0,
  2, 13, 10, 9, 0,
  2, 8, 14, 12, 0,
  2, 8, 15, 14, 0,
  2, 7, 15, 8, 0,
  2, 7, 16, 15, 0,
  2, 3, 16, 7, 0,
  2, 5, 16, 3, 0,
  2, 5, 17, 16, 0,
  2, 5, 1, 17, 0,
  2, 5, 2, 1, 0,
  2, 0, 18, 19, 0,
  2, 2, 18, 0, 0,
  2, 2, 20, 18, 0,
  2, 13, 21, 10, 0,
  2, 22, 21, 13, 0,
  2, 22, 14, 21, 0,
  2, 12, 14, 22, 0,
  2, 4, 20, 2, 0,
  2, 4, 2, 5, 0
]
 }
