 {
  "metadata" :
  {
   "formatVersion" : 3,
   "sourceFile" : "mch002r_022d",
   "generatedBy" : "Tr3 20161112",
   "vertices" : 20,
   "faces" : 20,
   "normals" : 0,
   "colors" : 0,
   "uvs" : 0,
   "materials" : 1
  },
  "scale" : 1.0,
  "materials": [{
    "DbgColor": 0,
    "DbgIndex": 0,
    "DbgName" : "Join Jnewb44-45:                 ",
    "colorAmbient": [0.0, 0.0, 0.0],
    "colorDiffuse": [ 1.000, 1.000, 1.000],
    "colorSpecular": [0.16, 0.16, 0.16]
    }],
  "vertices": [
  0.06035, 0.07957, 0.0225,
  0.0594638, 0.0767111, 0.0225,
  0.06012, 0.07976, 0.022,
  0.06295, 0.07584, 0.022,
  0.0587047, 0.0763652, 0.022,
  0.0645027, 0.0731045, 0.0225,
  0.0667458, 0.0708455, 0.0225,
  0.06579, 0.07291, 0.022,
  0.066952, 0.0698574, 0.022,
  0.06872, 0.0727, 0.0225,
  0.06969, 0.07274, 0.022,
  0.0678942, 0.075136, 0.022,
  0.0675598, 0.0752704, 0.0225,
  0.0656325, 0.0771927, 0.022,
  0.0654607, 0.0772522, 0.0225,
  0.0629878, 0.078701, 0.022,
  0.0630626, 0.0788899, 0.0225,
  0.0619403, 0.0749911, 0.0225,
  0.064556, 0.077009, 0.022,
  0.0671776, 0.0744179, 0.022
 ],
 "morphTargets": [],
 "morphColors": [],
 "normals": [],
 "colors": [],
 "uvs": [[]],
  "faces": [
  2, 0, 1, 2, 0,
  2, 1, 3, 4, 0,
  2, 1, 4, 2, 0,
  2, 5, 6, 7, 0,
  2, 6, 8, 7, 0,
  2, 6, 9, 8, 0,
  2, 9, 10, 8, 0,
  2, 9, 11, 10, 0,
  2, 9, 12, 11, 0,
  2, 12, 13, 11, 0,
  2, 12, 14, 13, 0,
  2, 14, 15, 13, 0,
  2, 14, 16, 15, 0,
  2, 16, 0, 15, 0,
  2, 0, 2, 15, 0,
  2, 1, 17, 3, 0,
  2, 17, 5, 3, 0,
  2, 5, 18, 3, 0,
  2, 5, 19, 18, 0,
  2, 5, 7, 19, 0
]
 }
