 {
  "metadata" :
  {
   "formatVersion" : 3,
   "sourceFile" : "mch002r_022d",
   "generatedBy" : "Tr3 20161112",
   "vertices" : 12,
   "faces" : 12,
   "normals" : 0,
   "colors" : 0,
   "uvs" : 0,
   "materials" : 1
  },
  "scale" : 1.0,
  "materials": [{
    "DbgColor": 0,
    "DbgIndex": 0,
    "DbgName" : "1_36: (no description)",
    "colorAmbient": [0.0, 0.0, 0.0],
    "colorDiffuse": [ 1.000, 1.000, 1.000],
    "colorSpecular": [0.16, 0.16, 0.16]
    }],
  "vertices": [
  0.04042, 0.05082, 0.0185,
  0.0395906, 0.057288, 0.0185,
  0.04032, 0.05086, 0.018,
  0.0393074, 0.0572931, 0.018,
  0.04006, 0.063697, 0.018,
  0.040031, 0.0637828, 0.0185,
  0.04172, 0.06945, 0.018,
  0.04168, 0.06956, 0.0185,
  0.04046, 0.05089, 0.019,
  0.0394154, 0.0575088, 0.019,
  0.0399269, 0.0641281, 0.019,
  0.04208, 0.06989, 0.019
 ],
 "morphTargets": [],
 "morphColors": [],
 "normals": [],
 "colors": [],
 "uvs": [[]],
  "faces": [
  2, 0, 1, 2, 0,
  2, 1, 3, 2, 0,
  2, 1, 4, 3, 0,
  2, 1, 5, 4, 0,
  2, 5, 6, 4, 0,
  2, 5, 7, 6, 0,
  2, 8, 1, 0, 0,
  2, 8, 9, 1, 0,
  2, 9, 5, 1, 0,
  2, 9, 10, 5, 0,
  2, 10, 7, 5, 0,
  2, 10, 11, 7, 0
]
 }
