 {
  "metadata" :
  {
   "formatVersion" : 3,
   "sourceFile" : "mch002r_022d",
   "generatedBy" : "Tr3 20161112",
   "vertices" : 19,
   "faces" : 18,
   "normals" : 0,
   "colors" : 0,
   "uvs" : 0,
   "materials" : 1
  },
  "scale" : 1.0,
  "materials": [{
    "DbgColor": 0,
    "DbgIndex": 0,
    "DbgName" : "Join labscc_lat_27b: Semicircular canals",
    "colorAmbient": [0.0, 0.0, 0.0],
    "colorDiffuse": [ 1.000, 0.667, 1.000],
    "colorSpecular": [0.16, 0.16, 0.16]
    }],
  "vertices": [
  0.05911, 0.07721, 0.0135,
  0.05904, 0.07755, 0.0135,
  0.05866, 0.07726, 0.013,
  0.05922, 0.07721, 0.013,
  0.05907, 0.07654, 0.0135,
  0.05997, 0.07661, 0.013,
  0.06034, 0.07646, 0.013,
  0.05967, 0.0768, 0.013,
  0.05919, 0.07691, 0.0135,
  0.05833, 0.0765, 0.0135,
  0.05866, 0.07639, 0.0135,
  0.05859, 0.0762, 0.013,
  0.05903, 0.07583, 0.013,
  0.05956, 0.07542, 0.013,
  0.05896, 0.078, 0.0135,
  0.05814, 0.07807, 0.0135,
  0.05806, 0.0774, 0.0135,
  0.05821, 0.07699, 0.0135,
  0.05844, 0.0768, 0.013
 ],
 "morphTargets": [],
 "morphColors": [],
 "normals": [],
 "colors": [],
 "uvs": [[]],
  "faces": [
  2, 0, 1, 2, 0,
  2, 0, 2, 3, 0,
  2, 4, 5, 6, 0,
  2, 4, 7, 5, 0,
  2, 4, 8, 7, 0,
  2, 8, 3, 7, 0,
  2, 8, 0, 3, 0,
  2, 9, 10, 11, 0,
  2, 10, 4, 11, 0,
  2, 4, 12, 11, 0,
  2, 4, 13, 12, 0,
  2, 14, 15, 2, 0,
  2, 15, 16, 2, 0,
  2, 16, 17, 2, 0,
  2, 17, 18, 2, 0,
  2, 17, 9, 18, 0,
  2, 9, 11, 18, 0,
  2, 1, 14, 2, 0
]
 }
