 {
  "metadata" :
  {
   "formatVersion" : 3,
   "sourceFile" : "mch002r_022d",
   "generatedBy" : "Tr3 20161112",
   "vertices" : 17,
   "faces" : 21,
   "normals" : 0,
   "colors" : 0,
   "uvs" : 0,
   "materials" : 1
  },
  "scale" : 1.0,
  "materials": [{
    "DbgColor": 0,
    "DbgIndex": 0,
    "DbgName" : "et_33: Eustachian tube opening",
    "colorAmbient": [0.0, 0.0, 0.0],
    "colorDiffuse": [ 1.000, 0.412, 0.706],
    "colorSpecular": [0.16, 0.16, 0.16]
    }],
  "vertices": [
  0.06408, 0.06844, 0.017,
  0.0660773, 0.0678302, 0.017,
  0.06509, 0.06809, 0.0165,
  0.0669389, 0.0675998, 0.0165,
  0.0679104, 0.0667377, 0.017,
  0.06875, 0.06698, 0.0165,
  0.06978, 0.06595, 0.017,
  0.06458, 0.06825, 0.0175,
  0.0667237, 0.0677153, 0.0175,
  0.0684652, 0.0663835, 0.0175,
  0.07037, 0.0657, 0.0175,
  0.06514, 0.06794, 0.018,
  0.0670948, 0.0676791, 0.018,
  0.068782, 0.066587, 0.018,
  0.07041, 0.06601, 0.018,
  0.06508, 0.06816, 0.0185,
  0.06773, 0.0685, 0.0185
 ],
 "morphTargets": [],
 "morphColors": [],
 "normals": [],
 "colors": [],
 "uvs": [[]],
  "faces": [
  2, 0, 1, 2, 0,
  2, 1, 3, 2, 0,
  2, 1, 4, 3, 0,
  2, 4, 5, 3, 0,
  2, 4, 6, 5, 0,
  2, 7, 1, 0, 0,
  2, 7, 8, 1, 0,
  2, 8, 4, 1, 0,
  2, 8, 9, 4, 0,
  2, 9, 6, 4, 0,
  2, 9, 10, 6, 0,
  2, 11, 8, 7, 0,
  2, 11, 12, 8, 0,
  2, 12, 9, 8, 0,
  2, 12, 13, 9, 0,
  2, 13, 10, 9, 0,
  2, 13, 14, 10, 0,
  2, 15, 12, 11, 0,
  2, 15, 16, 12, 0,
  2, 16, 13, 12, 0,
  2, 16, 14, 13, 0
]
 }
