 {
  "metadata" :
  {
   "formatVersion" : 3,
   "sourceFile" : "mch002r_022d",
   "generatedBy" : "Tr3 20161112",
   "vertices" : 49,
   "faces" : 74,
   "normals" : 0,
   "colors" : 0,
   "uvs" : 0,
   "materials" : 1
  },
  "scale" : 1.0,
  "materials": [{
    "DbgColor": 0,
    "DbgIndex": 0,
    "DbgName" : "labcoc_lat_25: Cochlea",
    "colorAmbient": [0.0, 0.0, 0.0],
    "colorDiffuse": [ 0.565, 0.933, 0.565],
    "colorSpecular": [0.16, 0.16, 0.16]
    }],
  "vertices": [
  0.067, 0.07231, 0.013,
  0.06738, 0.07243, 0.013,
  0.06711, 0.07216, 0.0125,
  0.06751, 0.07223, 0.0125,
  0.06766, 0.07256, 0.013,
  0.06797, 0.07237, 0.0125,
  0.06801, 0.07274, 0.013,
  0.06824, 0.07265, 0.0125,
  0.06831, 0.07284, 0.0125,
  0.06829, 0.07299, 0.013,
  0.0682, 0.07329, 0.0125,
  0.06839, 0.07325, 0.013,
  0.06809, 0.07351, 0.013,
  0.06802, 0.07358, 0.0125,
  0.06775, 0.0737, 0.013,
  0.06764, 0.07377, 0.0125,
  0.06726, 0.07388, 0.013,
  0.06715, 0.07377, 0.0125,
  0.06674, 0.07377, 0.013,
  0.06652, 0.07362, 0.0125,
  0.06652, 0.07343, 0.013,
  0.06637, 0.07295, 0.013,
  0.06637, 0.07314, 0.0125,
  0.06644, 0.07269, 0.0125,
  0.06659, 0.0725, 0.013,
  0.0667, 0.07239, 0.0125,
  0.06685, 0.07246, 0.0135,
  0.06726, 0.07265, 0.0135,
  0.06775, 0.07284, 0.0135,
  0.06809, 0.07299, 0.0135,
  0.06824, 0.07321, 0.0135,
  0.06809, 0.07351, 0.0135,
  0.06756, 0.07377, 0.0135,
  0.06711, 0.07385, 0.0135,
  0.06685, 0.07377, 0.0135,
  0.06655, 0.07358, 0.0135,
  0.0664, 0.07314, 0.0135,
  0.06652, 0.07269, 0.0135,
  0.06676, 0.07268, 0.014,
  0.06726, 0.07268, 0.014,
  0.06782, 0.07287, 0.014,
  0.06813, 0.07302, 0.014,
  0.06835, 0.07334, 0.014,
  0.06807, 0.07371, 0.014,
  0.06754, 0.07402, 0.014,
  0.06691, 0.07402, 0.014,
  0.06654, 0.07371, 0.014,
  0.06651, 0.07334, 0.014,
  0.06654, 0.07305, 0.014
 ],
 "morphTargets": [],
 "morphColors": [],
 "normals": [],
 "colors": [],
 "uvs": [[]],
  "faces": [
  2, 0, 1, 2, 0,
  2, 1, 3, 2, 0,
  2, 1, 4, 3, 0,
  2, 4, 5, 3, 0,
  2, 4, 6, 5, 0,
  2, 6, 7, 5, 0,
  2, 6, 8, 7, 0,
  2, 6, 9, 8, 0,
  2, 9, 10, 8, 0,
  2, 9, 11, 10, 0,
  2, 11, 12, 10, 0,
  2, 12, 13, 10, 0,
  2, 12, 14, 13, 0,
  2, 14, 15, 13, 0,
  2, 14, 16, 15, 0,
  2, 16, 17, 15, 0,
  2, 16, 18, 17, 0,
  2, 18, 19, 17, 0,
  2, 18, 20, 19, 0,
  2, 20, 21, 19, 0,
  2, 21, 22, 19, 0,
  2, 21, 23, 22, 0,
  2, 21, 24, 23, 0,
  2, 24, 25, 23, 0,
  2, 24, 0, 25, 0,
  2, 0, 2, 25, 0,
  2, 26, 27, 0, 0,
  2, 27, 1, 0, 0,
  2, 27, 4, 1, 0,
  2, 27, 28, 4, 0,
  2, 28, 6, 4, 0,
  2, 28, 29, 6, 0,
  2, 29, 9, 6, 0,
  2, 29, 30, 9, 0,
  2, 30, 11, 9, 0,
  2, 30, 12, 11, 0,
  2, 30, 31, 12, 0,
  2, 31, 14, 12, 0,
  2, 31, 32, 14, 0,
  2, 32, 16, 14, 0,
  2, 32, 33, 16, 0,
  2, 33, 18, 16, 0,
  2, 33, 34, 18, 0,
  2, 34, 35, 18, 0,
  2, 35, 20, 18, 0,
  2, 35, 36, 20, 0,
  2, 36, 21, 20, 0,
  2, 36, 37, 21, 0,
  2, 37, 24, 21, 0,
  2, 37, 26, 24, 0,
  2, 26, 0, 24, 0,
  2, 38, 39, 26, 0,
  2, 39, 27, 26, 0,
  2, 39, 28, 27, 0,
  2, 39, 40, 28, 0,
  2, 40, 29, 28, 0,
  2, 40, 41, 29, 0,
  2, 41, 30, 29, 0,
  2, 41, 42, 30, 0,
  2, 42, 31, 30, 0,
  2, 42, 43, 31, 0,
  2, 43, 32, 31, 0,
  2, 43, 44, 32, 0,
  2, 44, 33, 32, 0,
  2, 44, 45, 33, 0,
  2, 45, 34, 33, 0,
  2, 45, 46, 34, 0,
  2, 46, 35, 34, 0,
  2, 46, 47, 35, 0,
  2, 47, 36, 35, 0,
  2, 47, 48, 36, 0,
  2, 48, 37, 36, 0,
  2, 48, 38, 37, 0,
  2, 38, 26, 37, 0
]
 }
