 {
  "metadata" :
  {
   "formatVersion" : 3,
   "sourceFile" : "mch002r_022d",
   "generatedBy" : "Tr3 20161112",
   "vertices" : 8,
   "faces" : 6,
   "normals" : 0,
   "colors" : 0,
   "uvs" : 0,
   "materials" : 1
  },
  "scale" : 1.0,
  "materials": [{
    "DbgColor": 0,
    "DbgIndex": 0,
    "DbgName" : "tip_med2_35: Probe tip",
    "colorAmbient": [0.0, 0.0, 0.0],
    "colorDiffuse": [ 1.000, 1.000, 1.000],
    "colorSpecular": [0.16, 0.16, 0.16]
    }],
  "vertices": [
  0.05156, 0.06847, 0.018,
  0.05, 0.07126, 0.0175,
  0.05151, 0.06857, 0.0175,
  0.04988, 0.07148, 0.018,
  0.05156, 0.06848, 0.0185,
  0.04992, 0.07141, 0.0185,
  0.05149, 0.0686, 0.019,
  0.04996, 0.07139, 0.019
 ],
 "morphTargets": [],
 "morphColors": [],
 "normals": [],
 "colors": [],
 "uvs": [[]],
  "faces": [
  2, 0, 1, 2, 0,
  2, 0, 3, 1, 0,
  2, 4, 5, 0, 0,
  2, 5, 3, 0, 0,
  2, 6, 5, 4, 0,
  2, 6, 7, 5, 0
]
 }
