 {
  "metadata" :
  {
   "formatVersion" : 3,
   "sourceFile" : "mch002r_022d",
   "generatedBy" : "Tr3 20161112",
   "vertices" : 17,
   "faces" : 18,
   "normals" : 0,
   "colors" : 0,
   "uvs" : 0,
   "materials" : 1
  },
  "scale" : 1.0,
  "materials": [{
    "DbgColor": 0,
    "DbgIndex": 0,
    "DbgName" : "Cap labscc_11_head: Semicircular canals",
    "colorAmbient": [0.0, 0.0, 0.0],
    "colorDiffuse": [ 1.000, 0.667, 1.000],
    "colorSpecular": [0.16, 0.16, 0.16]
    }],
  "vertices": [
  0.0612, 0.07803, 0.0055,
  0.0616775, 0.0781042, 0.0055,
  0.06148, 0.07854, 0.0055,
  0.06101, 0.07746, 0.0055,
  0.06143, 0.07728, 0.0055,
  0.06162, 0.07761, 0.0055,
  0.0611, 0.07718, 0.0055,
  0.0625938, 0.0789016, 0.0055,
  0.06264, 0.0784, 0.0055,
  0.06302, 0.07873, 0.0055,
  0.0620469, 0.078451, 0.0055,
  0.06185, 0.07887, 0.0055,
  0.06246, 0.07924, 0.0055,
  0.06204, 0.07789, 0.0055,
  0.06321, 0.07905, 0.0055,
  0.06293, 0.07957, 0.0055,
  0.06321, 0.07957, 0.0055
 ],
 "morphTargets": [],
 "morphColors": [],
 "normals": [],
 "colors": [],
 "uvs": [[]],
  "faces": [
  2, 0, 1, 2, 0,
  2, 3, 4, 5, 0,
  2, 6, 4, 3, 0,
  2, 7, 8, 9, 0,
  2, 7, 10, 8, 0,
  2, 7, 11, 10, 0,
  2, 7, 12, 11, 0,
  2, 0, 5, 1, 0,
  2, 3, 5, 0, 0,
  2, 13, 10, 1, 0,
  2, 13, 8, 10, 0,
  2, 11, 2, 10, 0,
  2, 9, 14, 7, 0,
  2, 1, 5, 13, 0,
  2, 2, 1, 10, 0,
  2, 15, 14, 16, 0,
  2, 15, 7, 14, 0,
  2, 15, 12, 7, 0
]
 }
