 {
  "metadata" :
  {
   "formatVersion" : 3,
   "sourceFile" : "mch002r_022d",
   "generatedBy" : "Tr3 20161112",
   "vertices" : 85,
   "faces" : 83,
   "normals" : 0,
   "colors" : 0,
   "uvs" : 0,
   "materials" : 1
  },
  "scale" : 1.0,
  "materials": [{
    "DbgColor": 0,
    "DbgIndex": 0,
    "DbgName" : "Join skin_ant_35: Skin",
    "colorAmbient": [0.0, 0.0, 0.0],
    "colorDiffuse": [ 1.000, 0.753, 0.796],
    "colorSpecular": [0.16, 0.16, 0.16]
    }],
  "vertices": [
  0.0380314, 0.0837539, 0.0175,
  0.039033, 0.0837946, 0.017,
  0.0373588, 0.0840881, 0.017,
  0.0431448, 0.0830597, 0.0175,
  0.0441081, 0.0836371, 0.017,
  0.0424859, 0.083327, 0.017,
  0.0444962, 0.0839463, 0.0175,
  0.04516, 0.0848177, 0.017,
  0.039752, 0.0835818, 0.0175,
  0.0407611, 0.0835737, 0.017,
  0.0414748, 0.0834349, 0.0175,
  0.0365371, 0.0845724, 0.0175,
  0.0358277, 0.0848807, 0.017,
  0.04039, 0.0653503, 0.0175,
  0.0403257, 0.0670686, 0.0175,
  0.0402104, 0.0654775, 0.017,
  0.0403506, 0.0671961, 0.017,
  0.041181, 0.0685163, 0.0175,
  0.0411624, 0.0687089, 0.017,
  0.0427105, 0.0692443, 0.0175,
  0.0427396, 0.0694449, 0.017,
  0.0444441, 0.06919, 0.0175,
  0.0439715, 0.0705823, 0.017,
  0.04617, 0.06905, 0.0175,
  0.04642, 0.07005, 0.0175,
  0.0461295, 0.0717523, 0.0175,
  0.0447271, 0.0721498, 0.017,
  0.0458408, 0.0734432, 0.0175,
  0.0451603, 0.0738206, 0.017,
  0.0464547, 0.0750301, 0.0175,
  0.0459332, 0.0753821, 0.017,
  0.046962, 0.0766427, 0.0175,
  0.0463632, 0.0770572, 0.017,
  0.0465733, 0.0783109, 0.0175,
  0.0458965, 0.0787215, 0.017,
  0.0455301, 0.0796863, 0.0175,
  0.0447352, 0.0799826, 0.017,
  0.0440569, 0.0805837, 0.0175,
  0.0431259, 0.0806106, 0.017,
  0.042392, 0.0810369, 0.0175,
  0.0414166, 0.0809285, 0.017,
  0.0406681, 0.08116, 0.0175,
  0.03969, 0.0809602, 0.017,
  0.0390183, 0.0808836, 0.0175,
  0.0380654, 0.0804466, 0.017,
  0.0375524, 0.0799665, 0.0175,
  0.0365619, 0.0795672, 0.017,
  0.036051, 0.0791088, 0.0175,
  0.034933, 0.0791046, 0.017,
  0.0344049, 0.0791618, 0.0175,
  0.033419, 0.0798691, 0.017,
  0.0332671, 0.080437, 0.0175,
  0.0324156, 0.0812866, 0.017,
  0.0322471, 0.0818193, 0.0175,
  0.0316592, 0.0827546, 0.017,
  0.0321398, 0.0833742, 0.0175,
  0.0326282, 0.084172, 0.017,
  0.0333542, 0.0845678, 0.0175,
  0.0341171, 0.0850272, 0.017,
  0.0349112, 0.08508, 0.0175,
  0.04063, 0.05, 0.0175,
  0.04039, 0.0517016, 0.0175,
  0.04035, 0.05, 0.017,
  0.040019, 0.0517106, 0.017,
  0.0399501, 0.0533758, 0.0175,
  0.0396881, 0.0534212, 0.017,
  0.0396554, 0.0550763, 0.0175,
  0.03946, 0.0551417, 0.017,
  0.0395279, 0.0568061, 0.0175,
  0.03946, 0.0568841, 0.017,
  0.0395796, 0.0585359, 0.0175,
  0.03946, 0.0586264, 0.017,
  0.0397071, 0.0602656, 0.0175,
  0.0396875, 0.0603504, 0.017,
  0.040141, 0.0619417, 0.0175,
  0.0399913, 0.0620656, 0.017,
  0.0405235, 0.0636309, 0.0175,
  0.0403785, 0.0637601, 0.017,
  0.045188, 0.0882869, 0.0175,
  0.04508, 0.09, 0.0175,
  0.04479, 0.09, 0.017,
  0.0450391, 0.0865771, 0.0175,
  0.0447564, 0.0882589, 0.017,
  0.0448113, 0.0865175, 0.017,
  0.0453737, 0.0848866, 0.0175
 ],
 "morphTargets": [],
 "morphColors": [],
 "normals": [],
 "colors": [],
 "uvs": [[]],
  "faces": [
  2, 0, 1, 2, 0,
  2, 3, 4, 5, 0,
  2, 3, 6, 4, 0,
  2, 6, 7, 4, 0,
  2, 0, 8, 1, 0,
  2, 8, 9, 1, 0,
  2, 8, 10, 9, 0,
  2, 10, 5, 9, 0,
  2, 10, 3, 5, 0,
  2, 11, 2, 12, 0,
  2, 11, 0, 2, 0,
  2, 13, 14, 15, 0,
  2, 14, 16, 15, 0,
  2, 14, 17, 16, 0,
  2, 17, 18, 16, 0,
  2, 17, 19, 18, 0,
  2, 19, 20, 18, 0,
  2, 19, 21, 20, 0,
  2, 21, 22, 20, 0,
  2, 21, 23, 22, 0,
  2, 23, 24, 22, 0,
  2, 24, 25, 22, 0,
  2, 25, 26, 22, 0,
  2, 25, 27, 26, 0,
  2, 27, 28, 26, 0,
  2, 27, 29, 28, 0,
  2, 29, 30, 28, 0,
  2, 29, 31, 30, 0,
  2, 31, 32, 30, 0,
  2, 31, 33, 32, 0,
  2, 33, 34, 32, 0,
  2, 33, 35, 34, 0,
  2, 35, 36, 34, 0,
  2, 35, 37, 36, 0,
  2, 37, 38, 36, 0,
  2, 37, 39, 38, 0,
  2, 39, 40, 38, 0,
  2, 39, 41, 40, 0,
  2, 41, 42, 40, 0,
  2, 41, 43, 42, 0,
  2, 43, 44, 42, 0,
  2, 43, 45, 44, 0,
  2, 45, 46, 44, 0,
  2, 45, 47, 46, 0,
  2, 47, 48, 46, 0,
  2, 47, 49, 48, 0,
  2, 49, 50, 48, 0,
  2, 49, 51, 50, 0,
  2, 51, 52, 50, 0,
  2, 51, 53, 52, 0,
  2, 53, 54, 52, 0,
  2, 53, 55, 54, 0,
  2, 55, 56, 54, 0,
  2, 55, 57, 56, 0,
  2, 57, 58, 56, 0,
  2, 57, 59, 58, 0,
  2, 59, 12, 58, 0,
  2, 59, 11, 12, 0,
  2, 60, 61, 62, 0,
  2, 61, 63, 62, 0,
  2, 61, 64, 63, 0,
  2, 64, 65, 63, 0,
  2, 64, 66, 65, 0,
  2, 66, 67, 65, 0,
  2, 66, 68, 67, 0,
  2, 68, 69, 67, 0,
  2, 68, 70, 69, 0,
  2, 70, 71, 69, 0,
  2, 70, 72, 71, 0,
  2, 72, 73, 71, 0,
  2, 72, 74, 73, 0,
  2, 74, 75, 73, 0,
  2, 74, 76, 75, 0,
  2, 76, 77, 75, 0,
  2, 76, 13, 77, 0,
  2, 13, 15, 77, 0,
  2, 78, 79, 80, 0,
  2, 81, 82, 83, 0,
  2, 6, 84, 7, 0,
  2, 84, 81, 7, 0,
  2, 81, 83, 7, 0,
  2, 78, 80, 82, 0,
  2, 81, 78, 82, 0
]
 }
