 {
  "metadata" :
  {
   "formatVersion" : 3,
   "sourceFile" : "mch002r_022d",
   "generatedBy" : "Tr3 20161112",
   "vertices" : 10,
   "faces" : 8,
   "normals" : 0,
   "colors" : 0,
   "uvs" : 0,
   "materials" : 1
  },
  "scale" : 1.0,
  "materials": [{
    "DbgColor": 0,
    "DbgIndex": 0,
    "DbgName" : "construct4: Construction line for probe tip",
    "colorAmbient": [0.0, 0.0, 0.0],
    "colorDiffuse": [ 1.000, 0.000, 0.000],
    "colorSpecular": [0.16, 0.16, 0.16]
    }],
  "vertices": [
  0.05451, 0.06907, 0.018,
  0.0528, 0.07402, 0.018,
  0.05451, 0.06907, 0.0175,
  0.0528, 0.07402, 0.0175,
  0.05451, 0.06907, 0.0185,
  0.0528, 0.07402, 0.0185,
  0.05451, 0.06907, 0.019,
  0.0528, 0.07402, 0.019,
  0.05451, 0.06907, 0.0195,
  0.0528, 0.07402, 0.0195
 ],
 "morphTargets": [],
 "morphColors": [],
 "normals": [],
 "colors": [],
 "uvs": [[]],
  "faces": [
  2, 0, 1, 2, 0,
  2, 1, 3, 2, 0,
  2, 4, 5, 0, 0,
  2, 5, 1, 0, 0,
  2, 6, 7, 4, 0,
  2, 7, 5, 4, 0,
  2, 8, 9, 6, 0,
  2, 9, 7, 6, 0
]
 }
