 {
  "metadata" :
  {
   "formatVersion" : 3,
   "sourceFile" : "mch002r_022d",
   "generatedBy" : "Tr3 20161112",
   "vertices" : 110,
   "faces" : 180,
   "normals" : 0,
   "colors" : 0,
   "uvs" : 0,
   "materials" : 1
  },
  "scale" : 1.0,
  "materials": [{
    "DbgColor": 0,
    "DbgIndex": 0,
    "DbgName" : "skin_ext_ant_35: Skin",
    "colorAmbient": [0.0, 0.0, 0.0],
    "colorDiffuse": [ 1.000, 0.753, 0.796],
    "colorSpecular": [0.16, 0.16, 0.16]
    }],
  "vertices": [
  0.04636, 0.034, 0.018,
  0.0456885, 0.0355641, 0.018,
  0.0463, 0.034, 0.0175,
  0.0456169, 0.0355593, 0.0175,
  0.045017, 0.0371282, 0.018,
  0.0449451, 0.0371236, 0.0175,
  0.0443648, 0.0387003, 0.018,
  0.0442795, 0.0386905, 0.0175,
  0.0437279, 0.0402788, 0.018,
  0.0436171, 0.0402588, 0.0175,
  0.0430911, 0.0418573, 0.018,
  0.0429563, 0.0418277, 0.0175,
  0.0425056, 0.0434556, 0.018,
  0.0424112, 0.0434403, 0.0175,
  0.0419203, 0.045054, 0.018,
  0.0418672, 0.0450534, 0.0175,
  0.0413712, 0.0466625, 0.018,
  0.0413559, 0.0466764, 0.0175,
  0.0410356, 0.0483313, 0.018,
  0.0409269, 0.0483239, 0.0175,
  0.0407, 0.05, 0.018,
  0.04063, 0.05, 0.0175,
  0.04643, 0.034, 0.0185,
  0.0457155, 0.0355547, 0.0185,
  0.0450178, 0.0371169, 0.0185,
  0.0443378, 0.0386871, 0.0185,
  0.0437048, 0.0402763, 0.0185,
  0.0431016, 0.0418774, 0.0185,
  0.042519, 0.0434862, 0.0185,
  0.042004, 0.0451174, 0.0185,
  0.0414913, 0.0467497, 0.0185,
  0.0409396, 0.0483692, 0.0185,
  0.04073, 0.05, 0.0185,
  0.0465, 0.034, 0.019,
  0.0457772, 0.035541, 0.019,
  0.045064, 0.0370864, 0.019,
  0.044395, 0.038651, 0.019,
  0.0437632, 0.0402312, 0.019,
  0.0432018, 0.041838, 0.019,
  0.0426687, 0.0434542, 0.019,
  0.0421571, 0.0450775, 0.019,
  0.0416449, 0.0467007, 0.019,
  0.0411759, 0.0483364, 0.019,
  0.04083, 0.05, 0.019,
  0.04657, 0.034, 0.0195,
  0.0458501, 0.0355427, 0.0195,
  0.0451517, 0.0370951, 0.0195,
  0.0444802, 0.0386596, 0.0195,
  0.0438886, 0.0402559, 0.0195,
  0.0433444, 0.0418685, 0.0195,
  0.0427777, 0.0434726, 0.0195,
  0.0423011, 0.0451034, 0.0195,
  0.0418025, 0.0467306, 0.0195,
  0.0412795, 0.0483508, 0.0195,
  0.04099, 0.05, 0.0195,
  0.04665, 0.034, 0.02,
  0.0459143, 0.0355268, 0.02,
  0.0452496, 0.037086, 0.02,
  0.044632, 0.0386641, 0.02,
  0.0440433, 0.0402532, 0.02,
  0.0434913, 0.0418557, 0.02,
  0.0429664, 0.0434672, 0.02,
  0.0424657, 0.0450863, 0.02,
  0.0420269, 0.046722, 0.02,
  0.0417083, 0.0483867, 0.02,
  0.04119, 0.05, 0.02,
  0.04673, 0.034, 0.0205,
  0.0460306, 0.0355405, 0.0205,
  0.0453682, 0.0370973, 0.0205,
  0.0447272, 0.0386629, 0.0205,
  0.0441412, 0.0402495, 0.0205,
  0.043619, 0.0418587, 0.0205,
  0.0431196, 0.0434752, 0.0205,
  0.0426353, 0.0450962, 0.0205,
  0.042153, 0.0467179, 0.0205,
  0.041656, 0.0483351, 0.0205,
  0.0414, 0.05, 0.0205,
  0.04682, 0.034, 0.021,
  0.0461477, 0.0355469, 0.021,
  0.0454854, 0.037098, 0.021,
  0.0448719, 0.0386693, 0.021,
  0.0442855, 0.0402502, 0.021,
  0.0437587, 0.0418525, 0.021,
  0.0432599, 0.0434636, 0.021,
  0.0427928, 0.0450843, 0.021,
  0.0423483, 0.0467114, 0.021,
  0.0419137, 0.0483411, 0.021,
  0.04161, 0.05, 0.021,
  0.04691, 0.034, 0.0215,
  0.0462004, 0.035529, 0.0215,
  0.0455298, 0.0370755, 0.0215,
  0.0449029, 0.0386397, 0.0215,
  0.0443256, 0.0402232, 0.0215,
  0.0437933, 0.0418226, 0.0215,
  0.0433128, 0.0434383, 0.0215,
  0.0428514, 0.0450594, 0.0215,
  0.0424226, 0.0466895, 0.0215,
  0.0420652, 0.0483353, 0.0215,
  0.0418, 0.05, 0.0215,
  0.047, 0.034, 0.022,
  0.0462691, 0.0355256, 0.022,
  0.0455823, 0.0370709, 0.022,
  0.0448779, 0.0386083, 0.022,
  0.0443915, 0.0402254, 0.022,
  0.0438749, 0.0418359, 0.022,
  0.0433981, 0.0434589, 0.022,
  0.0429401, 0.0450873, 0.022,
  0.0424491, 0.0467057, 0.022,
  0.0419273, 0.0483148, 0.022,
  0.04193, 0.05, 0.022
 ],
 "morphTargets": [],
 "morphColors": [],
 "normals": [],
 "colors": [],
 "uvs": [[]],
  "faces": [
  2, 0, 1, 2, 0,
  2, 1, 3, 2, 0,
  2, 1, 4, 3, 0,
  2, 4, 5, 3, 0,
  2, 4, 6, 5, 0,
  2, 6, 7, 5, 0,
  2, 6, 8, 7, 0,
  2, 8, 9, 7, 0,
  2, 8, 10, 9, 0,
  2, 10, 11, 9, 0,
  2, 10, 12, 11, 0,
  2, 12, 13, 11, 0,
  2, 12, 14, 13, 0,
  2, 14, 15, 13, 0,
  2, 14, 16, 15, 0,
  2, 16, 17, 15, 0,
  2, 16, 18, 17, 0,
  2, 18, 19, 17, 0,
  2, 18, 20, 19, 0,
  2, 20, 21, 19, 0,
  2, 22, 23, 0, 0,
  2, 23, 1, 0, 0,
  2, 23, 24, 1, 0,
  2, 24, 4, 1, 0,
  2, 24, 25, 4, 0,
  2, 25, 6, 4, 0,
  2, 25, 26, 6, 0,
  2, 26, 8, 6, 0,
  2, 26, 10, 8, 0,
  2, 26, 27, 10, 0,
  2, 27, 12, 10, 0,
  2, 27, 28, 12, 0,
  2, 28, 14, 12, 0,
  2, 28, 29, 14, 0,
  2, 29, 16, 14, 0,
  2, 29, 30, 16, 0,
  2, 30, 18, 16, 0,
  2, 30, 31, 18, 0,
  2, 31, 20, 18, 0,
  2, 31, 32, 20, 0,
  2, 33, 34, 22, 0,
  2, 34, 23, 22, 0,
  2, 34, 35, 23, 0,
  2, 35, 24, 23, 0,
  2, 35, 36, 24, 0,
  2, 36, 25, 24, 0,
  2, 36, 37, 25, 0,
  2, 37, 26, 25, 0,
  2, 37, 38, 26, 0,
  2, 38, 27, 26, 0,
  2, 38, 39, 27, 0,
  2, 39, 28, 27, 0,
  2, 39, 40, 28, 0,
  2, 40, 41, 28, 0,
  2, 41, 29, 28, 0,
  2, 41, 30, 29, 0,
  2, 41, 42, 30, 0,
  2, 42, 31, 30, 0,
  2, 42, 43, 31, 0,
  2, 43, 32, 31, 0,
  2, 44, 45, 33, 0,
  2, 45, 34, 33, 0,
  2, 45, 46, 34, 0,
  2, 46, 35, 34, 0,
  2, 46, 47, 35, 0,
  2, 47, 36, 35, 0,
  2, 47, 48, 36, 0,
  2, 48, 37, 36, 0,
  2, 48, 49, 37, 0,
  2, 49, 38, 37, 0,
  2, 49, 50, 38, 0,
  2, 50, 39, 38, 0,
  2, 50, 51, 39, 0,
  2, 51, 40, 39, 0,
  2, 51, 52, 40, 0,
  2, 52, 41, 40, 0,
  2, 52, 53, 41, 0,
  2, 53, 42, 41, 0,
  2, 53, 54, 42, 0,
  2, 54, 43, 42, 0,
  2, 55, 56, 44, 0,
  2, 56, 45, 44, 0,
  2, 56, 57, 45, 0,
  2, 57, 46, 45, 0,
  2, 57, 58, 46, 0,
  2, 58, 47, 46, 0,
  2, 58, 59, 47, 0,
  2, 59, 48, 47, 0,
  2, 59, 60, 48, 0,
  2, 60, 49, 48, 0,
  2, 60, 61, 49, 0,
  2, 61, 50, 49, 0,
  2, 61, 62, 50, 0,
  2, 62, 51, 50, 0,
  2, 62, 63, 51, 0,
  2, 63, 52, 51, 0,
  2, 63, 64, 52, 0,
  2, 64, 53, 52, 0,
  2, 64, 65, 53, 0,
  2, 65, 54, 53, 0,
  2, 66, 67, 55, 0,
  2, 67, 56, 55, 0,
  2, 67, 68, 56, 0,
  2, 68, 57, 56, 0,
  2, 68, 69, 57, 0,
  2, 69, 58, 57, 0,
  2, 69, 59, 58, 0,
  2, 69, 70, 59, 0,
  2, 70, 71, 59, 0,
  2, 71, 60, 59, 0,
  2, 71, 72, 60, 0,
  2, 72, 61, 60, 0,
  2, 72, 73, 61, 0,
  2, 73, 62, 61, 0,
  2, 73, 74, 62, 0,
  2, 74, 63, 62, 0,
  2, 74, 75, 63, 0,
  2, 75, 64, 63, 0,
  2, 75, 76, 64, 0,
  2, 76, 65, 64, 0,
  2, 77, 78, 66, 0,
  2, 78, 67, 66, 0,
  2, 78, 79, 67, 0,
  2, 79, 68, 67, 0,
  2, 79, 80, 68, 0,
  2, 80, 69, 68, 0,
  2, 80, 81, 69, 0,
  2, 81, 70, 69, 0,
  2, 81, 82, 70, 0,
  2, 82, 71, 70, 0,
  2, 82, 83, 71, 0,
  2, 83, 72, 71, 0,
  2, 83, 84, 72, 0,
  2, 84, 73, 72, 0,
  2, 84, 85, 73, 0,
  2, 85, 74, 73, 0,
  2, 85, 86, 74, 0,
  2, 86, 75, 74, 0,
  2, 86, 87, 75, 0,
  2, 87, 76, 75, 0,
  2, 88, 89, 77, 0,
  2, 89, 78, 77, 0,
  2, 89, 90, 78, 0,
  2, 90, 79, 78, 0,
  2, 90, 91, 79, 0,
  2, 91, 80, 79, 0,
  2, 91, 92, 80, 0,
  2, 92, 81, 80, 0,
  2, 92, 93, 81, 0,
  2, 93, 82, 81, 0,
  2, 93, 94, 82, 0,
  2, 94, 83, 82, 0,
  2, 94, 95, 83, 0,
  2, 95, 84, 83, 0,
  2, 95, 96, 84, 0,
  2, 96, 85, 84, 0,
  2, 96, 97, 85, 0,
  2, 97, 86, 85, 0,
  2, 97, 98, 86, 0,
  2, 98, 87, 86, 0,
  2, 99, 100, 88, 0,
  2, 100, 89, 88, 0,
  2, 100, 101, 89, 0,
  2, 101, 90, 89, 0,
  2, 101, 102, 90, 0,
  2, 102, 91, 90, 0,
  2, 102, 103, 91, 0,
  2, 103, 92, 91, 0,
  2, 103, 104, 92, 0,
  2, 104, 93, 92, 0,
  2, 104, 105, 93, 0,
  2, 105, 94, 93, 0,
  2, 105, 106, 94, 0,
  2, 106, 95, 94, 0,
  2, 106, 96, 95, 0,
  2, 106, 107, 96, 0,
  2, 107, 97, 96, 0,
  2, 107, 108, 97, 0,
  2, 108, 109, 97, 0,
  2, 109, 98, 97, 0
]
 }
