 {
  "metadata" :
  {
   "formatVersion" : 3,
   "sourceFile" : "mch002r_022d",
   "generatedBy" : "Tr3 20161112",
   "vertices" : 20,
   "faces" : 18,
   "normals" : 0,
   "colors" : 0,
   "uvs" : 0,
   "materials" : 1
  },
  "scale" : 1.0,
  "materials": [{
    "DbgColor": 0,
    "DbgIndex": 0,
    "DbgName" : "construct1: Construction line for probe tip",
    "colorAmbient": [0.0, 0.0, 0.0],
    "colorDiffuse": [ 1.000, 0.000, 0.000],
    "colorSpecular": [0.16, 0.16, 0.16]
    }],
  "vertices": [
  0.04582, 0.06761, 0.018,
  0.047, 0.0722, 0.018,
  0.0458, 0.06763, 0.0175,
  0.04697, 0.0722, 0.0175,
  0.04584, 0.06758, 0.0185,
  0.04703, 0.0722, 0.0185,
  0.04586, 0.06756, 0.019,
  0.04706, 0.07221, 0.019,
  0.04588, 0.06753, 0.0195,
  0.04709, 0.07221, 0.0195,
  0.04589, 0.06751, 0.02,
  0.04712, 0.07221, 0.02,
  0.04591, 0.06749, 0.0205,
  0.04716, 0.07222, 0.0205,
  0.04593, 0.06746, 0.021,
  0.04719, 0.07222, 0.021,
  0.04595, 0.06744, 0.0215,
  0.04722, 0.07223, 0.0215,
  0.04597, 0.06741, 0.022,
  0.04725, 0.07223, 0.022
 ],
 "morphTargets": [],
 "morphColors": [],
 "normals": [],
 "colors": [],
 "uvs": [[]],
  "faces": [
  2, 0, 1, 2, 0,
  2, 1, 3, 2, 0,
  2, 4, 5, 0, 0,
  2, 5, 1, 0, 0,
  2, 6, 7, 4, 0,
  2, 7, 5, 4, 0,
  2, 8, 7, 6, 0,
  2, 8, 9, 7, 0,
  2, 10, 11, 8, 0,
  2, 11, 9, 8, 0,
  2, 12, 11, 10, 0,
  2, 12, 13, 11, 0,
  2, 14, 15, 12, 0,
  2, 15, 13, 12, 0,
  2, 16, 17, 14, 0,
  2, 17, 15, 14, 0,
  2, 18, 19, 16, 0,
  2, 19, 17, 16, 0
]
 }
