 {
  "metadata" :
  {
   "formatVersion" : 3,
   "sourceFile" : "mch002r_022d",
   "generatedBy" : "Tr3 20161112",
   "vertices" : 31,
   "faces" : 41,
   "normals" : 0,
   "colors" : 0,
   "uvs" : 0,
   "materials" : 1
  },
  "scale" : 1.0,
  "materials": [{
    "DbgColor": 0,
    "DbgIndex": 0,
    "DbgName" : "Cap labscc_latant_24_tail: Semicircular canals",
    "colorAmbient": [0.0, 0.0, 0.0],
    "colorDiffuse": [ 1.000, 0.667, 1.000],
    "colorSpecular": [0.16, 0.16, 0.16]
    }],
  "vertices": [
  0.0606196, 0.0754618, 0.013,
  0.0607506, 0.0759655, 0.013,
  0.0601491, 0.075865, 0.013,
  0.0611687, 0.0754725, 0.013,
  0.0613564, 0.0760744, 0.013,
  0.0616854, 0.0755562, 0.013,
  0.0619699, 0.0759868, 0.013,
  0.0621618, 0.075359, 0.013,
  0.0623654, 0.0757414, 0.013,
  0.06177, 0.07654, 0.013,
  0.06248, 0.07665, 0.013,
  0.06285, 0.07497, 0.013,
  0.0602, 0.07512, 0.013,
  0.06083, 0.07489, 0.013,
  0.06177, 0.07489, 0.013,
  0.0593074, 0.0763721, 0.013,
  0.05967, 0.0768, 0.013,
  0.0589812, 0.0767737, 0.013,
  0.06233, 0.07501, 0.013,
  0.06128, 0.07654, 0.013,
  0.06087, 0.07646, 0.013,
  0.06034, 0.07646, 0.013,
  0.05997, 0.07661, 0.013,
  0.0596033, 0.0760192, 0.013,
  0.05903, 0.07583, 0.013,
  0.05956, 0.07542, 0.013,
  0.05922, 0.07721, 0.013,
  0.05866, 0.07726, 0.013,
  0.05844, 0.0768, 0.013,
  0.05859, 0.0762, 0.013,
  0.06283, 0.07704, 0.013
 ],
 "morphTargets": [],
 "morphColors": [],
 "normals": [],
 "colors": [],
 "uvs": [[]],
  "faces": [
  2, 0, 1, 2, 0,
  2, 3, 4, 1, 0,
  2, 0, 3, 1, 0,
  2, 5, 6, 4, 0,
  2, 5, 7, 6, 0,
  2, 7, 8, 6, 0,
  2, 3, 5, 4, 0,
  2, 9, 6, 10, 0,
  2, 6, 8, 10, 0,
  2, 10, 8, 11, 0,
  2, 8, 7, 11, 0,
  2, 12, 0, 2, 0,
  2, 13, 14, 3, 0,
  2, 14, 5, 3, 0,
  2, 15, 16, 17, 0,
  2, 0, 12, 13, 0,
  2, 0, 13, 3, 0,
  2, 5, 14, 7, 0,
  2, 7, 14, 18, 0,
  2, 7, 18, 11, 0,
  2, 6, 9, 4, 0,
  2, 4, 9, 19, 0,
  2, 4, 19, 20, 0,
  2, 4, 20, 1, 0,
  2, 1, 20, 21, 0,
  2, 1, 21, 2, 0,
  2, 2, 21, 22, 0,
  2, 2, 22, 23, 0,
  2, 23, 22, 15, 0,
  2, 15, 22, 16, 0,
  2, 23, 24, 25, 0,
  2, 17, 16, 26, 0,
  2, 17, 26, 27, 0,
  2, 17, 27, 28, 0,
  2, 17, 28, 29, 0,
  2, 17, 29, 15, 0,
  2, 15, 29, 24, 0,
  2, 15, 24, 23, 0,
  2, 2, 25, 12, 0,
  2, 23, 25, 2, 0,
  2, 30, 10, 11, 0
]
 }
