 {
  "metadata" :
  {
   "formatVersion" : 3,
   "sourceFile" : "mch002r_022d",
   "generatedBy" : "Tr3 20161112",
   "vertices" : 233,
   "faces" : 379,
   "normals" : 0,
   "colors" : 0,
   "uvs" : 0,
   "materials" : 1
  },
  "scale" : 1.0,
  "materials": [{
    "DbgColor": 0,
    "DbgIndex": 0,
    "DbgName" : "Cap os_temp_a_22_head: Temporal bone",
    "colorAmbient": [0.0, 0.0, 0.0],
    "colorDiffuse": [ 1.000, 0.784, 0.588],
    "colorSpecular": [0.16, 0.16, 0.16]
    }],
  "vertices": [
  0.0498437, 0.0872815, 0.011,
  0.0510447, 0.0857567, 0.011,
  0.0493721, 0.0855174, 0.011,
  0.0517902, 0.0872176, 0.011,
  0.0527772, 0.0857994, 0.011,
  0.0520425, 0.0843948, 0.011,
  0.0537461, 0.0844294, 0.011,
  0.0545013, 0.0857957, 0.011,
  0.055516, 0.0844776, 0.011,
  0.0564565, 0.0831191, 0.011,
  0.0546736, 0.0830626, 0.011,
  0.0504266, 0.0843177, 0.011,
  0.0491052, 0.0841978, 0.011,
  0.0589808, 0.0816751, 0.011,
  0.0606573, 0.0817312, 0.011,
  0.0597908, 0.0802445, 0.011,
  0.0615186, 0.0803063, 0.011,
  0.0624994, 0.0820076, 0.011,
  0.0632367, 0.0802714, 0.011,
  0.0643017, 0.0815729, 0.011,
  0.0648219, 0.0801391, 0.011,
  0.0656037, 0.0812482, 0.011,
  0.0662964, 0.0801459, 0.011,
  0.0496862, 0.0830089, 0.011,
  0.0512852, 0.0830134, 0.011,
  0.0504493, 0.0816528, 0.011,
  0.0521259, 0.08165, 0.011,
  0.0529524, 0.0830358, 0.011,
  0.0538188, 0.081648, 0.011,
  0.055541, 0.0816564, 0.011,
  0.0572731, 0.0816654, 0.011,
  0.0582178, 0.0831096, 0.011,
  0.0598758, 0.0830842, 0.011,
  0.0612889, 0.0830716, 0.011,
  0.051186, 0.0683368, 0.011,
  0.0525784, 0.0683746, 0.011,
  0.0519276, 0.0669262, 0.011,
  0.0727958, 0.0683832, 0.011,
  0.0747045, 0.0686706, 0.011,
  0.0740897, 0.0674158, 0.011,
  0.0755481, 0.0673479, 0.011,
  0.0764446, 0.0686979, 0.011,
  0.0772678, 0.0672669, 0.011,
  0.0782524, 0.0686502, 0.011,
  0.0504638, 0.0699381, 0.011,
  0.0520625, 0.0697657, 0.011,
  0.068683, 0.070103, 0.011,
  0.0703067, 0.070232, 0.011,
  0.0695141, 0.0690172, 0.011,
  0.0708983, 0.0687324, 0.011,
  0.0719989, 0.0701252, 0.011,
  0.0737907, 0.0700759, 0.011,
  0.075558, 0.0701098, 0.011,
  0.0773375, 0.0701459, 0.011,
  0.0511586, 0.0714291, 0.011,
  0.0531647, 0.0712297, 0.011,
  0.0678334, 0.0715877, 0.011,
  0.0695168, 0.0717124, 0.011,
  0.0712261, 0.0717148, 0.011,
  0.0729747, 0.071624, 0.011,
  0.0747129, 0.0715508, 0.011,
  0.0763584, 0.0715229, 0.011,
  0.0778903, 0.0716405, 0.011,
  0.050219, 0.0730304, 0.011,
  0.052041, 0.0729185, 0.011,
  0.0537622, 0.0729638, 0.011,
  0.054589, 0.0718196, 0.011,
  0.055356, 0.0729779, 0.011,
  0.0559406, 0.0714969, 0.011,
  0.057027, 0.072813, 0.011,
  0.0578096, 0.0710645, 0.011,
  0.0588249, 0.0726972, 0.011,
  0.0595423, 0.0713314, 0.011,
  0.0608123, 0.0724763, 0.011,
  0.0668686, 0.0732922, 0.011,
  0.0664765, 0.0715543, 0.011,
  0.0686608, 0.0732831, 0.011,
  0.0703892, 0.0733624, 0.011,
  0.0721699, 0.0732408, 0.011,
  0.07395, 0.073043, 0.011,
  0.075646, 0.072934, 0.011,
  0.0770064, 0.0727591, 0.011,
  0.0495444, 0.0743576, 0.011,
  0.0510727, 0.0744359, 0.011,
  0.0528428, 0.0744235, 0.011,
  0.0545572, 0.0744096, 0.011,
  0.0562483, 0.0743555, 0.011,
  0.0579831, 0.0742768, 0.011,
  0.0597855, 0.0742163, 0.011,
  0.0615947, 0.0742912, 0.011,
  0.0626717, 0.0729669, 0.011,
  0.0633175, 0.0744512, 0.011,
  0.0640568, 0.0732724, 0.011,
  0.0651602, 0.0743833, 0.011,
  0.0732367, 0.0745364, 0.011,
  0.07496, 0.074375, 0.011,
  0.0498619, 0.0759628, 0.011,
  0.0519039, 0.0759283, 0.011,
  0.0536961, 0.0758864, 0.011,
  0.0554228, 0.0758469, 0.011,
  0.0571425, 0.0758037, 0.011,
  0.0588833, 0.0757724, 0.011,
  0.0606374, 0.0757863, 0.011,
  0.0623698, 0.0758555, 0.011,
  0.0640733, 0.0759427, 0.011,
  0.0657047, 0.0761752, 0.011,
  0.0742207, 0.0757491, 0.011,
  0.0493764, 0.0777936, 0.011,
  0.0510797, 0.0774845, 0.011,
  0.0528499, 0.0773822, 0.011,
  0.054586, 0.0773304, 0.011,
  0.0563053, 0.0772963, 0.011,
  0.0580257, 0.0772764, 0.011,
  0.059752, 0.0772797, 0.011,
  0.0614712, 0.0773098, 0.011,
  0.0631555, 0.0773576, 0.011,
  0.0647549, 0.0774375, 0.011,
  0.0661131, 0.0775549, 0.011,
  0.0490434, 0.0791443, 0.011,
  0.0504126, 0.0789809, 0.011,
  0.0520574, 0.0788642, 0.011,
  0.0537635, 0.0788031, 0.011,
  0.0554767, 0.0787702, 0.011,
  0.0571906, 0.0787548, 0.011,
  0.0589058, 0.0787582, 0.011,
  0.060622, 0.0787827, 0.011,
  0.0623242, 0.0788039, 0.011,
  0.063968, 0.0788006, 0.011,
  0.0655339, 0.0787968, 0.011,
  0.0672593, 0.0787042, 0.011,
  0.0496302, 0.0803127, 0.011,
  0.0512742, 0.0802862, 0.011,
  0.0529513, 0.0802473, 0.011,
  0.0546538, 0.080224, 0.011,
  0.0563679, 0.0802146, 0.011,
  0.0580818, 0.0802181, 0.011,
  0.0779717, 0.0660142, 0.011,
  0.0762469, 0.06592, 0.011,
  0.0791433, 0.0669733, 0.011,
  0.0798, 0.0685627, 0.011,
  0.0795215, 0.0702558, 0.011,
  0.0788692, 0.0718173, 0.011,
  0.078249, 0.0733429, 0.011,
  0.0768885, 0.0743549, 0.011,
  0.0758184, 0.0756327, 0.011,
  0.0749602, 0.0771257, 0.011,
  0.0734721, 0.077181, 0.011,
  0.0728765, 0.0756438, 0.011,
  0.0712432, 0.0751675, 0.011,
  0.069518, 0.075058, 0.011,
  0.0678389, 0.0746881, 0.011,
  0.0668188, 0.0750732, 0.011,
  0.0652943, 0.0724785, 0.011,
  0.0655927, 0.0708287, 0.011,
  0.066793, 0.0695883, 0.011,
  0.0681299, 0.068492, 0.011,
  0.0695478, 0.0675394, 0.011,
  0.0712233, 0.0671098, 0.011,
  0.0728642, 0.0665629, 0.011,
  0.0540845, 0.0517664, 0.011,
  0.0539031, 0.053487, 0.011,
  0.0548762, 0.0538376, 0.011,
  0.0535269, 0.0871936, 0.011,
  0.0495744, 0.088854, 0.011,
  0.0509531, 0.0886606, 0.011,
  0.0525887, 0.088609, 0.011,
  0.0501878, 0.0666561, 0.011,
  0.0498893, 0.0683594, 0.011,
  0.0508821, 0.0650947, 0.011,
  0.0528283, 0.0655364, 0.011,
  0.053968, 0.0658415, 0.011,
  0.0546151, 0.0642369, 0.011,
  0.0539, 0.0675584, 0.011,
  0.0538126, 0.0692858, 0.011,
  0.0547053, 0.0704222, 0.011,
  0.0561502, 0.0698737, 0.011,
  0.0577826, 0.0694178, 0.011,
  0.0594022, 0.0698123, 0.011,
  0.0608679, 0.0706022, 0.011,
  0.0638501, 0.0720847, 0.011,
  0.0624153, 0.0712293, 0.011,
  0.0673204, 0.0766616, 0.011,
  0.0686621, 0.0777537, 0.011,
  0.0676214, 0.0802652, 0.011,
  0.0692704, 0.0797516, 0.011,
  0.0669404, 0.0817222, 0.011,
  0.0656581, 0.0826609, 0.011,
  0.0639927, 0.0831106, 0.011,
  0.0625064, 0.0839905, 0.011,
  0.0609054, 0.0845446, 0.011,
  0.0592071, 0.0843738, 0.011,
  0.0575165, 0.0847405, 0.011,
  0.056198, 0.0857158, 0.011,
  0.0552404, 0.0871559, 0.011,
  0.0542618, 0.0885825, 0.011,
  0.05327, 0.09, 0.011,
  0.05173, 0.09, 0.011,
  0.05019, 0.09, 0.011,
  0.04865, 0.09, 0.011,
  0.0482331, 0.0883265, 0.011,
  0.04787, 0.0849104, 0.011,
  0.0479301, 0.0866319, 0.011,
  0.048156, 0.0832238, 0.011,
  0.04867, 0.08163, 0.011,
  0.0479203, 0.0801774, 0.011,
  0.04787, 0.0784584, 0.011,
  0.047978, 0.0767363, 0.011,
  0.0484949, 0.0733521, 0.011,
  0.04806, 0.0750109, 0.011,
  0.048981, 0.0716934, 0.011,
  0.049497, 0.0700445, 0.011,
  0.0745349, 0.0661209, 0.011,
  0.0516763, 0.0635604, 0.011,
  0.0536233, 0.0627775, 0.011,
  0.0536982, 0.0552047, 0.011,
  0.0554347, 0.0556741, 0.011,
  0.0563184, 0.0542741, 0.011,
  0.0558186, 0.052619, 0.011,
  0.0548786, 0.0512867, 0.011,
  0.0700774, 0.0786205, 0.011,
  0.0553369, 0.0626661, 0.011,
  0.0523482, 0.0619661, 0.011,
  0.0541399, 0.0614582, 0.011,
  0.0528707, 0.0603265, 0.011,
  0.054594, 0.0599075, 0.011,
  0.0531966, 0.0586274, 0.011,
  0.0550181, 0.0585396, 0.011,
  0.0545491, 0.0571059, 0.011,
  0.0534686, 0.0569195, 0.011,
  0.0564785, 0.0576698, 0.011,
  0.0562723, 0.0593876, 0.011,
  0.0560662, 0.0611053, 0.011,
  0.0566878, 0.0559524, 0.011
 ],
 "morphTargets": [],
 "morphColors": [],
 "normals": [],
 "colors": [],
 "uvs": [[]],