 {
  "metadata" :
  {
   "formatVersion" : 3,
   "sourceFile" : "mch002r_022d",
   "generatedBy" : "Tr3 20161112",
   "vertices" : 13,
   "faces" : 15,
   "normals" : 0,
   "colors" : 0,
   "uvs" : 0,
   "materials" : 1
  },
  "scale" : 1.0,
  "materials": [{
    "DbgColor": 0,
    "DbgIndex": 0,
    "DbgName" : "Cap cs43T2-2: (no description)",
    "colorAmbient": [0.0, 0.0, 0.0],
    "colorDiffuse": [ 1.000, 1.000, 1.000],
    "colorSpecular": [0.16, 0.16, 0.16]
    }],
  "vertices": [
  0.0554964, 0.0857894, 0.0215,
  0.0523615, 0.0829271, 0.0215,
  0.0507649, 0.0865148, 0.0215,
  0.05834, 0.07943, 0.0215,
  0.04652, 0.07863, 0.0215,
  0.056869, 0.0830221, 0.0215,
  0.0535093, 0.0899813, 0.0215,
  0.06079, 0.09013, 0.0215,
  0.0600909, 0.0874728, 0.0215,
  0.0462298, 0.0841629, 0.0215,
  0.04624, 0.08971, 0.0215,
  0.0587772, 0.0821426, 0.0215,
  0.0593826, 0.0848181, 0.0215
 ],
 "morphTargets": [],
 "morphColors": [],
 "normals": [],
 "colors": [],
 "uvs": [[]],
  "faces": [
  2, 0, 1, 2, 0,
  2, 3, 4, 1, 0,
  2, 5, 3, 1, 0,
  2, 6, 7, 8, 0,
  2, 6, 8, 0, 0,
  2, 1, 9, 2, 0,
  2, 6, 0, 2, 0,
  2, 6, 2, 10, 0,
  2, 5, 1, 0, 0,
  2, 9, 1, 4, 0,
  2, 3, 5, 11, 0,
  2, 11, 5, 12, 0,
  2, 12, 5, 0, 0,
  2, 12, 0, 8, 0,
  2, 10, 2, 9, 0
]
 }
