 {
  "metadata" :
  {
   "formatVersion" : 3,
   "sourceFile" : "mch002r_022d",
   "generatedBy" : "Tr3 20161112",
   "vertices" : 60,
   "faces" : 60,
   "normals" : 0,
   "colors" : 0,
   "uvs" : 0,
   "materials" : 1
  },
  "scale" : 1.0,
  "materials": [{
    "DbgColor": 0,
    "DbgIndex": 0,
    "DbgName" : "Join os_cavmed2_32: Cavity wall",
    "colorAmbient": [0.0, 0.0, 0.0],
    "colorDiffuse": [ 1.000, 0.784, 0.588],
    "colorSpecular": [0.16, 0.16, 0.16]
    }],
  "vertices": [
  0.0673661, 0.0690256, 0.016,
  0.0672777, 0.0687795, 0.0155,
  0.0670793, 0.0691445, 0.0155,
  0.06685, 0.06969, 0.016,
  0.0671557, 0.069393, 0.016,
  0.06707, 0.06956, 0.0155,
  0.0685757, 0.0678472, 0.016,
  0.068477, 0.0675951, 0.0155,
  0.0681651, 0.0678804, 0.0155,
  0.0688895, 0.0675588, 0.016,
  0.0687915, 0.0673126, 0.0155,
  0.0692154, 0.0672841, 0.016,
  0.0690897, 0.0670158, 0.0155,
  0.0695373, 0.0670049, 0.016,
  0.0693212, 0.0666628, 0.0155,
  0.0698404, 0.0667055, 0.016,
  0.0695278, 0.066294, 0.0155,
  0.0701392, 0.0664016, 0.016,
  0.0698103, 0.0659797, 0.0155,
  0.0704975, 0.066175, 0.016,
  0.0701092, 0.0656808, 0.0155,
  0.0704589, 0.0654812, 0.0155,
  0.0708703, 0.0659697, 0.016,
  0.0708707, 0.0654402, 0.0155,
  0.0712235, 0.065673, 0.0155,
  0.0712738, 0.0658323, 0.016,
  0.07131, 0.0660491, 0.0155,
  0.0714297, 0.0661516, 0.016,
  0.0711168, 0.0664134, 0.0155,
  0.0711611, 0.0664821, 0.016,
  0.0707758, 0.0666625, 0.0155,
  0.0708675, 0.066791, 0.016,
  0.0704693, 0.0669536, 0.0155,
  0.067635, 0.0686986, 0.016,
  0.0675468, 0.068454, 0.0155,
  0.0679517, 0.0684187, 0.016,
  0.0678397, 0.06815, 0.0155,
  0.0682833, 0.068157, 0.016,
  0.0694734, 0.0677669, 0.016,
  0.0691401, 0.0680325, 0.016,
  0.0694126, 0.0676319, 0.0155,
  0.0690835, 0.0678972, 0.0155,
  0.0687832, 0.068194, 0.0155,
  0.0688256, 0.0683178, 0.016,
  0.0686123, 0.0685683, 0.0155,
  0.0685418, 0.0686358, 0.016,
  0.0684808, 0.0689698, 0.0155,
  0.0682596, 0.0689552, 0.016,
  0.0682576, 0.0693156, 0.0155,
  0.0680027, 0.069295, 0.016,
  0.0678924, 0.0695202, 0.0155,
  0.0677338, 0.0696255, 0.016,
  0.0674887, 0.0696186, 0.0155,
  0.0674023, 0.0698931, 0.016,
  0.06707, 0.07016, 0.016,
  0.0701575, 0.0672607, 0.016,
  0.0697331, 0.0673562, 0.0155,
  0.0701011, 0.0671542, 0.0155,
  0.0705149, 0.0670286, 0.016,
  0.0698018, 0.0674956, 0.016
 ],
 "morphTargets": [],
 "morphColors": [],
 "normals": [],
 "colors": [],
 "uvs": [[]],
  "faces": [
  2, 0, 1, 2, 0,
  2, 3, 4, 5, 0,
  2, 4, 2, 5, 0,
  2, 4, 0, 2, 0,
  2, 6, 7, 8, 0,
  2, 6, 9, 7, 0,
  2, 9, 10, 7, 0,
  2, 9, 11, 10, 0,
  2, 11, 12, 10, 0,
  2, 11, 13, 12, 0,
  2, 13, 14, 12, 0,
  2, 13, 15, 14, 0,
  2, 15, 16, 14, 0,
  2, 15, 17, 16, 0,
  2, 17, 18, 16, 0,
  2, 17, 19, 18, 0,
  2, 19, 20, 18, 0,
  2, 19, 21, 20, 0,
  2, 19, 22, 21, 0,
  2, 22, 23, 21, 0,
  2, 22, 24, 23, 0,
  2, 22, 25, 24, 0,
  2, 25, 26, 24, 0,
  2, 25, 27, 26, 0,
  2, 27, 28, 26, 0,
  2, 27, 29, 28, 0,
  2, 29, 30, 28, 0,
  2, 29, 31, 30, 0,
  2, 31, 32, 30, 0,
  2, 0, 33, 1, 0,
  2, 33, 34, 1, 0,
  2, 33, 35, 34, 0,
  2, 35, 36, 34, 0,
  2, 35, 37, 36, 0,
  2, 37, 8, 36, 0,
  2, 37, 6, 8, 0,
  2, 38, 39, 40, 0,
  2, 39, 41, 40, 0,
  2, 39, 42, 41, 0,
  2, 39, 43, 42, 0,
  2, 43, 44, 42, 0,
  2, 43, 45, 44, 0,
  2, 45, 46, 44, 0,
  2, 45, 47, 46, 0,
  2, 47, 48, 46, 0,
  2, 47, 49, 48, 0,
  2, 49, 50, 48, 0,
  2, 49, 51, 50, 0,
  2, 51, 52, 50, 0,
  2, 51, 53, 52, 0,
  2, 53, 5, 52, 0,
  2, 53, 54, 5, 0,
  2, 54, 3, 5, 0,
  2, 55, 56, 57, 0,
  2, 31, 58, 32, 0,
  2, 58, 57, 32, 0,
  2, 58, 55, 57, 0,
  2, 59, 40, 56, 0,
  2, 55, 59, 56, 0,
  2, 59, 38, 40, 0
]
 }
