 {
  "metadata" :
  {
   "formatVersion" : 3,
   "sourceFile" : "mch002r_022d",
   "generatedBy" : "Tr3 20161112",
   "vertices" : 28,
   "faces" : 34,
   "normals" : 0,
   "colors" : 0,
   "uvs" : 0,
   "materials" : 1
  },
  "scale" : 1.0,
  "materials": [{
    "DbgColor": 0,
    "DbgIndex": 0,
    "DbgName" : "Cap cSft25: (no description)",
    "colorAmbient": [0.0, 0.0, 0.0],
    "colorDiffuse": [ 1.000, 1.000, 1.000],
    "colorSpecular": [0.16, 0.16, 0.16]
    }],
  "vertices": [
  0.0518141, 0.0845554, 0.023,
  0.0463656, 0.0826388, 0.023,
  0.050989, 0.0790142, 0.023,
  0.04633, 0.07896, 0.023,
  0.0660528, 0.0840135, 0.023,
  0.0630574, 0.0787259, 0.023,
  0.0680211, 0.0788929, 0.023,
  0.0654573, 0.0771715, 0.023,
  0.07284, 0.09, 0.023,
  0.0710692, 0.0820004, 0.023,
  0.07852, 0.07279, 0.023,
  0.0725595, 0.0763079, 0.023,
  0.0752527, 0.0727402, 0.023,
  0.0617455, 0.0844599, 0.023,
  0.0699357, 0.0751089, 0.023,
  0.0675603, 0.0752252, 0.023,
  0.06872, 0.0727, 0.023,
  0.0719853, 0.0726904, 0.023,
  0.0684216, 0.0899983, 0.023,
  0.0640033, 0.0899966, 0.023,
  0.059585, 0.0899949, 0.023,
  0.057396, 0.0846195, 0.023,
  0.0551666, 0.0899932, 0.023,
  0.0507483, 0.0899915, 0.023,
  0.0463478, 0.0863194, 0.023,
  0.055686, 0.0793075, 0.023,
  0.06038, 0.0794, 0.023,
  0.04633, 0.09, 0.023
 ],
 "morphTargets": [],
 "morphColors": [],
 "normals": [],
 "colors": [],
 "uvs": [[]],
  "faces": [
  2, 0, 1, 2, 0,
  2, 3, 2, 1, 0,
  2, 4, 5, 6, 0,
  2, 5, 7, 6, 0,
  2, 8, 9, 10, 0,
  2, 9, 11, 10, 0,
  2, 10, 11, 12, 0,
  2, 13, 5, 4, 0,
  2, 14, 11, 6, 0,
  2, 6, 9, 4, 0,
  2, 6, 11, 9, 0,
  2, 6, 7, 14, 0,
  2, 14, 7, 15, 0,
  2, 14, 15, 16, 0,
  2, 14, 16, 17, 0,
  2, 14, 17, 12, 0,
  2, 9, 8, 18, 0,
  2, 9, 18, 4, 0,
  2, 4, 18, 19, 0,
  2, 4, 19, 13, 0,
  2, 13, 19, 20, 0,
  2, 13, 20, 21, 0,
  2, 21, 20, 22, 0,
  2, 21, 22, 0, 0,
  2, 0, 22, 23, 0,
  2, 0, 24, 1, 0,
  2, 0, 2, 25, 0,
  2, 0, 25, 21, 0,
  2, 21, 25, 26, 0,
  2, 21, 26, 13, 0,
  2, 13, 26, 5, 0,
  2, 0, 23, 24, 0,
  2, 12, 11, 14, 0,
  2, 23, 27, 24, 0
]
 }
