 {
  "metadata" :
  {
   "formatVersion" : 3,
   "sourceFile" : "mch002r_022d",
   "generatedBy" : "Tr3 20161112",
   "vertices" : 96,
   "faces" : 151,
   "normals" : 0,
   "colors" : 0,
   "uvs" : 0,
   "materials" : 1
  },
  "scale" : 1.0,
  "materials": [{
    "DbgColor": 0,
    "DbgIndex": 0,
    "DbgName" : "os_occbas_ext_a_28: Occipital bone (basilar part)",
    "colorAmbient": [0.0, 0.0, 0.0],
    "colorDiffuse": [ 1.000, 0.784, 0.588],
    "colorSpecular": [0.16, 0.16, 0.16]
    }],
  "vertices": [
  0.08752, 0.06639, 0.0145,
  0.0861129, 0.0657547, 0.0145,
  0.0877, 0.06601, 0.014,
  0.0861387, 0.0654822, 0.014,
  0.0846572, 0.0656364, 0.0145,
  0.0845471, 0.0652958, 0.014,
  0.0833055, 0.0663349, 0.014,
  0.0835156, 0.0666883, 0.0145,
  0.0824868, 0.0677749, 0.014,
  0.082632, 0.0679743, 0.0145,
  0.0817481, 0.0692638, 0.014,
  0.0817956, 0.0692924, 0.0145,
  0.0808415, 0.070525, 0.0145,
  0.0808261, 0.0706466, 0.014,
  0.08, 0.07183, 0.0145,
  0.08, 0.07209, 0.014,
  0.08733, 0.06684, 0.015,
  0.0858291, 0.0661517, 0.015,
  0.0843588, 0.0666382, 0.015,
  0.0831239, 0.0677334, 0.015,
  0.0820498, 0.0689941, 0.015,
  0.0810243, 0.0702966, 0.015,
  0.08, 0.0716, 0.015,
  0.08737, 0.06733, 0.0155,
  0.0858694, 0.0669347, 0.0155,
  0.0843484, 0.0671434, 0.0155,
  0.0830373, 0.0679517, 0.0155,
  0.0819907, 0.0690941, 0.0155,
  0.0809973, 0.0702886, 0.0155,
  0.08, 0.07148, 0.0155,
  0.0877, 0.06776, 0.016,
  0.0861682, 0.0673957, 0.016,
  0.0846265, 0.0674427, 0.016,
  0.0832249, 0.0681405, 0.016,
  0.0820354, 0.0691722, 0.016,
  0.0809616, 0.0703132, 0.016,
  0.08, 0.07156, 0.016,
  0.08733, 0.0683, 0.0165,
  0.0858949, 0.0679548, 0.0165,
  0.0844552, 0.068118, 0.0165,
  0.083113, 0.0687235, 0.0165,
  0.0819416, 0.0696216, 0.0165,
  0.0808988, 0.0706489, 0.0165,
  0.08, 0.07182, 0.0165,
  0.08752, 0.06934, 0.017,
  0.0858333, 0.0691625, 0.017,
  0.084158, 0.0693351, 0.017,
  0.0826193, 0.0700403, 0.017,
  0.0812372, 0.0710185, 0.017,
  0.08, 0.07218, 0.017,
  0.0875, 0.07037, 0.0175,
  0.0858727, 0.0699565, 0.0175,
  0.0842256, 0.0699932, 0.0175,
  0.0826782, 0.0706338, 0.0175,
  0.0812921, 0.0715818, 0.0175,
  0.08, 0.07265, 0.0175,
  0.08742, 0.07132, 0.018,
  0.0857843, 0.0710722, 0.018,
  0.0841516, 0.0707932, 0.018,
  0.0825973, 0.0712779, 0.018,
  0.081257, 0.072256, 0.018,
  0.08, 0.07334, 0.018,
  0.08768, 0.07207, 0.0185,
  0.0860372, 0.0719596, 0.0185,
  0.084414, 0.072254, 0.0185,
  0.0828623, 0.0728195, 0.0185,
  0.0814166, 0.073616, 0.0185,
  0.08, 0.07447, 0.0185,
  0.08724, 0.07289, 0.019,
  0.0856659, 0.0730235, 0.019,
  0.0841342, 0.0734386, 0.019,
  0.0826358, 0.0739687, 0.019,
  0.0812247, 0.0746922, 0.019,
  0.08, 0.0757, 0.019,
  0.08677, 0.07347, 0.0195,
  0.0852584, 0.0736283, 0.0195,
  0.0837821, 0.0739995, 0.0195,
  0.0823629, 0.0745432, 0.0195,
  0.0810468, 0.0753073, 0.0195,
  0.07999, 0.07639, 0.0195,
  0.08614, 0.07437, 0.02,
  0.084422, 0.0743925, 0.02,
  0.0827513, 0.0747802, 0.02,
  0.0813295, 0.0757298, 0.02,
  0.08, 0.07682, 0.02,
  0.08695, 0.07515, 0.0205,
  0.0854599, 0.0749465, 0.0205,
  0.0839615, 0.0748958, 0.0205,
  0.0825231, 0.0752562, 0.0205,
  0.0812374, 0.0760362, 0.0205,
  0.08, 0.07689, 0.0205,
  0.08569, 0.07584, 0.021,
  0.0842398, 0.0754488, 0.021,
  0.0827002, 0.0754879, 0.021,
  0.081276, 0.0759724, 0.021,
  0.08, 0.07683, 0.021
 ],
 "morphTargets": [],
 "morphColors": [],
 "normals": [],
 "colors": [],
 "uvs": [[]],
  "faces": [
  2, 0, 1, 2, 0,
  2, 1, 3, 2, 0,
  2, 1, 4, 3, 0,
  2, 4, 5, 3, 0,
  2, 4, 6, 5, 0,
  2, 4, 7, 6, 0,
  2, 7, 8, 6, 0,
  2, 7, 9, 8, 0,
  2, 9, 10, 8, 0,
  2, 9, 11, 10, 0,
  2, 11, 12, 10, 0,
  2, 12, 13, 10, 0,
  2, 12, 14, 13, 0,
  2, 14, 15, 13, 0,
  2, 16, 1, 0, 0,
  2, 16, 17, 1, 0,
  2, 17, 4, 1, 0,
  2, 17, 18, 4, 0,
  2, 18, 7, 4, 0,
  2, 18, 19, 7, 0,
  2, 19, 9, 7, 0,
  2, 19, 20, 9, 0,
  2, 20, 11, 9, 0,
  2, 20, 21, 11, 0,
  2, 21, 12, 11, 0,
  2, 21, 22, 12, 0,
  2, 22, 14, 12, 0,
  2, 23, 24, 16, 0,
  2, 24, 17, 16, 0,
  2, 24, 18, 17, 0,
  2, 24, 25, 18, 0,
  2, 25, 19, 18, 0,
  2, 25, 26, 19, 0,
  2, 26, 20, 19, 0,
  2, 26, 27, 20, 0,
  2, 27, 21, 20, 0,
  2, 27, 28, 21, 0,
  2, 28, 29, 21, 0,
  2, 29, 22, 21, 0,
  2, 30, 31, 23, 0,
  2, 31, 24, 23, 0,
  2, 31, 32, 24, 0,
  2, 32, 25, 24, 0,
  2, 32, 33, 25, 0,
  2, 33, 26, 25, 0,
  2, 33, 27, 26, 0,
  2, 33, 34, 27, 0,
  2, 34, 28, 27, 0,
  2, 34, 35, 28, 0,
  2, 35, 29, 28, 0,
  2, 35, 36, 29, 0,
  2, 37, 31, 30, 0,
  2, 37, 38, 31, 0,
  2, 38, 32, 31, 0,
  2, 38, 39, 32, 0,
  2, 39, 33, 32, 0,
  2, 39, 40, 33, 0,
  2, 40, 34, 33, 0,
  2, 40, 41, 34, 0,
  2, 41, 35, 34, 0,
  2, 41, 42, 35, 0,
  2, 42, 36, 35, 0,
  2, 42, 43, 36, 0,
  2, 44, 45, 37, 0,
  2, 45, 38, 37, 0,
  2, 45, 39, 38, 0,
  2, 45, 46, 39, 0,
  2, 46, 40, 39, 0,
  2, 46, 47, 40, 0,
  2, 47, 41, 40, 0,
  2, 47, 48, 41, 0,
  2, 48, 42, 41, 0,
  2, 48, 43, 42, 0,
  2, 48, 49, 43, 0,
  2, 50, 51, 44, 0,
  2, 51, 45, 44, 0,
  2, 51, 52, 45, 0,
  2, 52, 46, 45, 0,
  2, 52, 47, 46, 0,
  2, 52, 53, 47, 0,
  2, 53, 48, 47, 0,
  2, 53, 54, 48, 0,
  2, 54, 49, 48, 0,
  2, 54, 55, 49, 0,
  2, 56, 57, 50, 0,
  2, 57, 51, 50, 0,
  2, 57, 52, 51, 0,
  2, 57, 58, 52, 0,
  2, 58, 53, 52, 0,
  2, 58, 59, 53, 0,
  2, 59, 54, 53, 0,
  2, 59, 60, 54, 0,
  2, 60, 55, 54, 0,
  2, 60, 61, 55, 0,
  2, 62, 63, 56, 0,
  2, 63, 57, 56, 0,
  2, 63, 64, 57, 0,
  2, 64, 58, 57, 0,
  2, 64, 59, 58, 0,
  2, 64, 65, 59, 0,
  2, 65, 60, 59, 0,
  2, 65, 66, 60, 0,
  2, 66, 61, 60, 0,
  2, 66, 67, 61, 0,
  2, 68, 63, 62, 0,
  2, 68, 69, 63, 0,
  2, 69, 64, 63, 0,
  2, 69, 70, 64, 0,
  2, 70, 65, 64, 0,
  2, 70, 71, 65, 0,
  2, 71, 66, 65, 0,
  2, 71, 72, 66, 0,
  2, 72, 67, 66, 0,
  2, 72, 73, 67, 0,
  2, 74, 69, 68, 0,
  2, 74, 75, 69, 0,
  2, 75, 70, 69, 0,
  2, 75, 76, 70, 0,
  2, 76, 71, 70, 0,
  2, 76, 77, 71, 0,
  2, 77, 72, 71, 0,
  2, 77, 78, 72, 0,
  2, 78, 73, 72, 0,
  2, 78, 79, 73, 0,
  2, 80, 75, 74, 0,
  2, 80, 81, 75, 0,
  2, 81, 76, 75, 0,
  2, 81, 82, 76, 0,
  2, 82, 77, 76, 0,
  2, 82, 83, 77, 0,
  2, 83, 78, 77, 0,
  2, 83, 79, 78, 0,
  2, 83, 84, 79, 0,
  2, 85, 86, 80, 0,
  2, 86, 81, 80, 0,
  2, 86, 87, 81, 0,
  2, 87, 82, 81, 0,
  2, 87, 88, 82, 0,
  2, 88, 83, 82, 0,
  2, 88, 89, 83, 0,
  2, 89, 84, 83, 0,
  2, 89, 90, 84, 0,
  2, 91, 86, 85, 0,
  2, 91, 92, 86, 0,
  2, 92, 87, 86, 0,
  2, 92, 93, 87, 0,
  2, 93, 88, 87, 0,
  2, 93, 94, 88, 0,
  2, 94, 89, 88, 0,
  2, 94, 95, 89, 0,
  2, 95, 90, 89, 0
]
 }
