 {
  "metadata" :
  {
   "formatVersion" : 3,
   "sourceFile" : "mch002r_022d",
   "generatedBy" : "Tr3 20161112",
   "vertices" : 9,
   "faces" : 9,
   "normals" : 0,
   "colors" : 0,
   "uvs" : 0,
   "materials" : 1
  },
  "scale" : 1.0,
  "materials": [{
    "DbgColor": 0,
    "DbgIndex": 0,
    "DbgName" : "Cap os_cavmid_19_head: Cavity wall",
    "colorAmbient": [0.0, 0.0, 0.0],
    "colorDiffuse": [ 1.000, 0.784, 0.588],
    "colorSpecular": [0.16, 0.16, 0.16]
    }],
  "vertices": [
  0.0531089, 0.0753031, 0.0095,
  0.0532415, 0.0749228, 0.0095,
  0.0534733, 0.0752541, 0.0095,
  0.053433, 0.0756354, 0.0095,
  0.0530049, 0.075604, 0.0095,
  0.05311, 0.07592, 0.0095,
  0.0527216, 0.0757909, 0.0095,
  0.0526508, 0.0753705, 0.0095,
  0.0528499, 0.0750315, 0.0095
 ],
 "morphTargets": [],
 "morphColors": [],
 "normals": [],
 "colors": [],
 "uvs": [[]],
  "faces": [
  2, 0, 1, 2, 0,
  2, 2, 3, 0, 0,
  2, 3, 4, 0, 0,
  2, 3, 5, 4, 0,
  2, 5, 6, 4, 0,
  2, 6, 7, 4, 0,
  2, 7, 0, 4, 0,
  2, 0, 8, 1, 0,
  2, 8, 0, 7, 0
]
 }
