 {
  "metadata" :
  {
   "formatVersion" : 3,
   "sourceFile" : "mch002r_022d",
   "generatedBy" : "Tr3 20161112",
   "vertices" : 81,
   "faces" : 79,
   "normals" : 0,
   "colors" : 0,
   "uvs" : 0,
   "materials" : 1
  },
  "scale" : 1.0,
  "materials": [{
    "DbgColor": 0,
    "DbgIndex": 0,
    "DbgName" : "Join os_cav_33: Cavity wall",
    "colorAmbient": [0.0, 0.0, 0.0],
    "colorDiffuse": [ 1.000, 0.784, 0.588],
    "colorSpecular": [0.16, 0.16, 0.16]
    }],
  "vertices": [
  0.0662748, 0.0715171, 0.0165,
  0.0659927, 0.0715061, 0.016,
  0.066478, 0.0707951, 0.016,
  0.0668769, 0.0708963, 0.0165,
  0.06707, 0.07016, 0.016,
  0.06785, 0.0695, 0.0165,
  0.0673633, 0.0701935, 0.0165,
  0.0603637, 0.0696827, 0.0165,
  0.06092, 0.0698, 0.016,
  0.0600698, 0.0696689, 0.016,
  0.0612058, 0.0696257, 0.0165,
  0.0594987, 0.0696659, 0.0165,
  0.0642629, 0.0742299, 0.0165,
  0.0642717, 0.0744581, 0.016,
  0.0647743, 0.0737567, 0.016,
  0.0637766, 0.0749435, 0.0165,
  0.0637511, 0.0751378, 0.016,
  0.063446, 0.0757318, 0.0165,
  0.0633479, 0.0759065, 0.016,
  0.0632231, 0.076555, 0.0165,
  0.0630905, 0.0767172, 0.016,
  0.0633118, 0.0773991, 0.0165,
  0.0632956, 0.0775531, 0.016,
  0.063647, 0.0781885, 0.0165,
  0.0635611, 0.0783701, 0.016,
  0.0636774, 0.0790516, 0.0165,
  0.0635692, 0.0792372, 0.016,
  0.0634234, 0.079871, 0.0165,
  0.0633108, 0.0800569, 0.016,
  0.0629249, 0.080571, 0.0165,
  0.0626745, 0.080537, 0.016,
  0.0620727, 0.0806508, 0.0165,
  0.0618078, 0.0805524, 0.016,
  0.0612773, 0.0803409, 0.0165,
  0.0611061, 0.0801495, 0.016,
  0.0610398, 0.0795969, 0.0165,
  0.061317, 0.079363, 0.016,
  0.0615936, 0.0789497, 0.0165,
  0.0618686, 0.0786967, 0.016,
  0.06196, 0.0782054, 0.0165,
  0.0621731, 0.0779611, 0.016,
  0.0618488, 0.0773499, 0.0165,
  0.0618496, 0.0771779, 0.016,
  0.06183, 0.0764897, 0.0165,
  0.0620083, 0.076325, 0.016,
  0.061275, 0.0759865, 0.0165,
  0.0617398, 0.0756372, 0.016,
  0.0611351, 0.0760137, 0.016,
  0.0604488, 0.07617, 0.0165,
  0.0606437, 0.0766736, 0.016,
  0.0598205, 0.0766607, 0.016,
  0.0596304, 0.0763868, 0.0165,
  0.0590148, 0.0764918, 0.016,
  0.0588553, 0.07676, 0.0165,
  0.05841, 0.0760986, 0.016,
  0.0580405, 0.0765845, 0.0165,
  0.058227, 0.0759175, 0.0165,
  0.0578524, 0.0757359, 0.016,
  0.0589023, 0.075446, 0.0165,
  0.0585802, 0.0748751, 0.0165,
  0.0578903, 0.0743706, 0.0165,
  0.0571939, 0.0753223, 0.016,
  0.0571092, 0.0744758, 0.016,
  0.0575415, 0.0737699, 0.016,
  0.0584308, 0.0738392, 0.0165,
  0.0582159, 0.073306, 0.016,
  0.0585049, 0.0730666, 0.0165,
  0.0581811, 0.0724416, 0.016,
  0.05813, 0.0723295, 0.0165,
  0.0579961, 0.0715951, 0.016,
  0.0580179, 0.0714715, 0.0165,
  0.0581055, 0.0707433, 0.016,
  0.0657512, 0.0722073, 0.0165,
  0.0655316, 0.0722335, 0.016,
  0.0654748, 0.0730238, 0.0165,
  0.0652726, 0.0730572, 0.016,
  0.0648271, 0.07358, 0.0165,
  0.0581323, 0.0706379, 0.0165,
  0.0588031, 0.0700989, 0.0165,
  0.0584527, 0.0699724, 0.016,
  0.0592166, 0.0696251, 0.016
 ],
 "morphTargets": [],
 "morphColors": [],
 "normals": [],
 "colors": [],
 "uvs": [[]],
  "faces": [
  2, 0, 1, 2, 0,
  2, 3, 2, 4, 0,
  2, 3, 0, 2, 0,
  2, 5, 6, 4, 0,
  2, 6, 3, 4, 0,
  2, 7, 8, 9, 0,
  2, 7, 10, 8, 0,
  2, 11, 7, 9, 0,
  2, 12, 13, 14, 0,
  2, 12, 15, 13, 0,
  2, 15, 16, 13, 0,
  2, 15, 17, 16, 0,
  2, 17, 18, 16, 0,
  2, 17, 19, 18, 0,
  2, 19, 20, 18, 0,
  2, 19, 21, 20, 0,
  2, 21, 22, 20, 0,
  2, 21, 23, 22, 0,
  2, 23, 24, 22, 0,
  2, 23, 25, 24, 0,
  2, 25, 26, 24, 0,
  2, 25, 27, 26, 0,
  2, 27, 28, 26, 0,
  2, 27, 29, 28, 0,
  2, 29, 30, 28, 0,
  2, 29, 31, 30, 0,
  2, 31, 32, 30, 0,
  2, 31, 33, 32, 0,
  2, 33, 34, 32, 0,
  2, 33, 35, 34, 0,
  2, 35, 36, 34, 0,
  2, 35, 37, 36, 0,
  2, 37, 38, 36, 0,
  2, 37, 39, 38, 0,
  2, 39, 40, 38, 0,
  2, 39, 41, 40, 0,
  2, 41, 42, 40, 0,
  2, 41, 43, 42, 0,
  2, 43, 44, 42, 0,
  2, 43, 45, 44, 0,
  2, 45, 46, 44, 0,
  2, 45, 47, 46, 0,
  2, 45, 48, 47, 0,
  2, 48, 49, 47, 0,
  2, 48, 50, 49, 0,
  2, 48, 51, 50, 0,
  2, 51, 52, 50, 0,
  2, 51, 53, 52, 0,
  2, 53, 54, 52, 0,
  2, 53, 55, 54, 0,
  2, 55, 56, 54, 0,
  2, 56, 57, 54, 0,
  2, 56, 58, 57, 0,
  2, 58, 59, 57, 0,
  2, 59, 60, 57, 0,
  2, 60, 61, 57, 0,
  2, 60, 62, 61, 0,
  2, 60, 63, 62, 0,
  2, 60, 64, 63, 0,
  2, 64, 65, 63, 0,
  2, 64, 66, 65, 0,
  2, 66, 67, 65, 0,
  2, 66, 68, 67, 0,
  2, 68, 69, 67, 0,
  2, 68, 70, 69, 0,
  2, 70, 71, 69, 0,
  2, 0, 72, 1, 0,
  2, 72, 73, 1, 0,
  2, 72, 74, 73, 0,
  2, 74, 75, 73, 0,
  2, 74, 76, 75, 0,
  2, 76, 14, 75, 0,
  2, 76, 12, 14, 0,
  2, 77, 78, 79, 0,
  2, 78, 80, 79, 0,
  2, 70, 77, 71, 0,
  2, 77, 79, 71, 0,
  2, 78, 11, 80, 0,
  2, 11, 9, 80, 0
]
 }
