 {
  "metadata" :
  {
   "formatVersion" : 3,
   "sourceFile" : "mch002r_022d",
   "generatedBy" : "Tr3 20161112",
   "vertices" : 25,
   "faces" : 23,
   "normals" : 0,
   "colors" : 0,
   "uvs" : 0,
   "materials" : 1
  },
  "scale" : 1.0,
  "materials": [{
    "DbgColor": 0,
    "DbgIndex": 0,
    "DbgName" : "Join os_temp_mid_34: Temporal bone",
    "colorAmbient": [0.0, 0.0, 0.0],
    "colorDiffuse": [ 1.000, 0.784, 0.588],
    "colorSpecular": [0.16, 0.16, 0.16]
    }],
  "vertices": [
  0.0618758, 0.059, 0.017,
  0.0610276, 0.0603769, 0.017,
  0.0570531, 0.0615791, 0.0165,
  0.0554679, 0.060969, 0.0165,
  0.0618944, 0.0651144, 0.017,
  0.0627858, 0.0665101, 0.017,
  0.0587391, 0.0643831, 0.0165,
  0.0629218, 0.0680263, 0.017,
  0.0613956, 0.0676515, 0.017,
  0.0581066, 0.0628003, 0.0165,
  0.0608843, 0.0620341, 0.017,
  0.0610487, 0.063677, 0.017,
  0.056696, 0.0684329, 0.017,
  0.0559085, 0.0674151, 0.0165,
  0.0574397, 0.066737, 0.0165,
  0.0557226, 0.0690751, 0.0165,
  0.0570098, 0.0699972, 0.017,
  0.0563489, 0.0706113, 0.0165,
  0.05867, 0.07008, 0.017,
  0.05852, 0.0703067, 0.017,
  0.05837, 0.0705333, 0.017,
  0.05822, 0.07076, 0.017,
  0.0580572, 0.0677593, 0.017,
  0.0597325, 0.0676518, 0.017,
  0.0587916, 0.0659568, 0.0165
 ],
 "morphTargets": [],
 "morphColors": [],
 "normals": [],
 "colors": [],
 "uvs": [[]],
  "faces": [
  2, 0, 1, 2, 0,
  2, 0, 2, 3, 0,
  2, 4, 5, 6, 0,
  2, 5, 7, 6, 0,
  2, 7, 8, 6, 0,
  2, 1, 9, 2, 0,
  2, 1, 10, 9, 0,
  2, 10, 11, 9, 0,
  2, 11, 6, 9, 0,
  2, 11, 4, 6, 0,
  2, 12, 13, 14, 0,
  2, 12, 15, 13, 0,
  2, 12, 16, 15, 0,
  2, 16, 17, 15, 0,
  2, 16, 18, 17, 0,
  2, 18, 19, 17, 0,
  2, 19, 20, 17, 0,
  2, 20, 21, 17, 0,
  2, 22, 12, 14, 0,
  2, 8, 23, 24, 0,
  2, 23, 22, 24, 0,
  2, 22, 14, 24, 0,
  2, 8, 24, 6, 0
]
 }
