 {
  "metadata" :
  {
   "formatVersion" : 3,
   "sourceFile" : "mch002r_022d",
   "generatedBy" : "Tr3 20161112",
   "vertices" : 16,
   "faces" : 16,
   "normals" : 0,
   "colors" : 0,
   "uvs" : 0,
   "materials" : 1
  },
  "scale" : 1.0,
  "materials": [{
    "DbgColor": 0,
    "DbgIndex": 0,
    "DbgName" : "Join mal_33: Malleus",
    "colorAmbient": [0.0, 0.0, 0.0],
    "colorDiffuse": [ 1.000, 0.784, 0.588],
    "colorSpecular": [0.16, 0.16, 0.16]
    }],
  "vertices": [
  0.0595759, 0.0713437, 0.0165,
  0.0593417, 0.0718394, 0.016,
  0.0594281, 0.070587, 0.016,
  0.0598366, 0.0719208, 0.0165,
  0.0604578, 0.0721235, 0.0165,
  0.0597742, 0.0707212, 0.0165,
  0.0611186, 0.07216, 0.0165,
  0.0610039, 0.0718891, 0.016,
  0.0617624, 0.0720857, 0.0165,
  0.0622351, 0.0716588, 0.0165,
  0.06141, 0.07059, 0.016,
  0.0620616, 0.0710441, 0.0165,
  0.0615627, 0.070614, 0.0165,
  0.06096, 0.07034, 0.0165,
  0.0603022, 0.0703659, 0.0165,
  0.06109, 0.07021, 0.016
 ],
 "morphTargets": [],
 "morphColors": [],
 "normals": [],
 "colors": [],
 "uvs": [[]],
  "faces": [
  2, 0, 1, 2, 0,
  2, 0, 3, 1, 0,
  2, 3, 4, 1, 0,
  2, 5, 0, 2, 0,
  2, 4, 6, 7, 0,
  2, 6, 8, 7, 0,
  2, 8, 9, 7, 0,
  2, 9, 10, 7, 0,
  2, 9, 11, 10, 0,
  2, 11, 12, 10, 0,
  2, 12, 13, 10, 0,
  2, 4, 7, 1, 0,
  2, 13, 14, 15, 0,
  2, 14, 2, 15, 0,
  2, 14, 5, 2, 0,
  2, 13, 15, 10, 0
]
 }
