 {
  "metadata" :
  {
   "formatVersion" : 3,
   "sourceFile" : "mch002r_022d",
   "generatedBy" : "Tr3 20161112",
   "vertices" : 11,
   "faces" : 9,
   "normals" : 0,
   "colors" : 0,
   "uvs" : 0,
   "materials" : 1
  },
  "scale" : 1.0,
  "materials": [{
    "DbgColor": 0,
    "DbgIndex": 0,
    "DbgName" : "3b_45: bone",
    "colorAmbient": [0.0, 0.0, 0.0],
    "colorDiffuse": [ 1.000, 1.000, 1.000],
    "colorSpecular": [0.16, 0.16, 0.16]
    }],
  "vertices": [
  0.06038, 0.0794, 0.023,
  0.0594638, 0.0767111, 0.0225,
  0.06035, 0.07957, 0.0225,
  0.0605167, 0.0763131, 0.023,
  0.0619403, 0.0749911, 0.0225,
  0.0631428, 0.074242, 0.023,
  0.0645027, 0.0731045, 0.0225,
  0.0657667, 0.0721966, 0.023,
  0.0667458, 0.0708455, 0.0225,
  0.06872, 0.0727, 0.023,
  0.06872, 0.0727, 0.0225
 ],
 "morphTargets": [],
 "morphColors": [],
 "normals": [],
 "colors": [],
 "uvs": [[]],
  "faces": [
  2, 0, 1, 2, 0,
  2, 0, 3, 1, 0,
  2, 3, 4, 1, 0,
  2, 3, 5, 4, 0,
  2, 5, 6, 4, 0,
  2, 5, 7, 6, 0,
  2, 7, 8, 6, 0,
  2, 7, 9, 8, 0,
  2, 9, 10, 8, 0
]
 }
