 {
  "metadata" :
  {
   "formatVersion" : 3,
   "sourceFile" : "mch002r_022d",
   "generatedBy" : "Tr3 20161112",
   "vertices" : 9,
   "faces" : 8,
   "normals" : 0,
   "colors" : 0,
   "uvs" : 0,
   "materials" : 1
  },
  "scale" : 1.0,
  "materials": [{
    "DbgColor": 0,
    "DbgIndex": 0,
    "DbgName" : "6_a40: (no description)",
    "colorAmbient": [0.0, 0.0, 0.0],
    "colorDiffuse": [ 1.000, 1.000, 1.000],
    "colorSpecular": [0.16, 0.16, 0.16]
    }],
  "vertices": [
  0.04624, 0.08976, 0.0205,
  0.0524008, 0.0899069, 0.02,
  0.04605, 0.08981, 0.02,
  0.0528347, 0.0898839, 0.0205,
  0.05875, 0.09009, 0.02,
  0.05943, 0.08995, 0.0205,
  0.04628, 0.08976, 0.021,
  0.0531944, 0.0899434, 0.021,
  0.06011, 0.09009, 0.021
 ],
 "morphTargets": [],
 "morphColors": [],
 "normals": [],
 "colors": [],
 "uvs": [[]],
  "faces": [
  2, 0, 1, 2, 0,
  2, 0, 3, 1, 0,
  2, 3, 4, 1, 0,
  2, 3, 5, 4, 0,
  2, 6, 3, 0, 0,
  2, 6, 7, 3, 0,
  2, 7, 5, 3, 0,
  2, 7, 8, 5, 0
]
 }
