 {
  "metadata" :
  {
   "formatVersion" : 3,
   "sourceFile" : "mch002r_022d",
   "generatedBy" : "Tr3 20161112",
   "vertices" : 9,
   "faces" : 7,
   "normals" : 0,
   "colors" : 0,
   "uvs" : 0,
   "materials" : 1
  },
  "scale" : 1.0,
  "materials": [{
    "DbgColor": 0,
    "DbgIndex": 0,
    "DbgName" : "Cap cocc3_032: coc",
    "colorAmbient": [0.0, 0.0, 0.0],
    "colorDiffuse": [ 0.565, 0.933, 0.565],
    "colorSpecular": [0.16, 0.16, 0.16]
    }],
  "vertices": [
  0.0681, 0.07106, 0.016,
  0.0681, 0.07162, 0.016,
  0.06754, 0.07122, 0.016,
  0.06878, 0.07115, 0.016,
  0.0686, 0.07143, 0.016,
  0.06854, 0.07094, 0.016,
  0.06769, 0.07181, 0.016,
  0.06729, 0.0715, 0.016,
  0.06744, 0.07187, 0.016
 ],
 "morphTargets": [],
 "morphColors": [],
 "normals": [],
 "colors": [],
 "uvs": [[]],
  "faces": [
  2, 0, 1, 2, 0,
  2, 3, 4, 5, 0,
  2, 5, 4, 0, 0,
  2, 4, 1, 0, 0,
  2, 2, 6, 7, 0,
  2, 1, 6, 2, 0,
  2, 6, 8, 7, 0
]
 }
