 {
  "metadata" :
  {
   "formatVersion" : 3,
   "sourceFile" : "mch002r_022d",
   "generatedBy" : "Tr3 20161112",
   "vertices" : 153,
   "faces" : 153,
   "normals" : 0,
   "colors" : 0,
   "uvs" : 0,
   "materials" : 1
  },
  "scale" : 1.0,
  "materials": [{
    "DbgColor": 0,
    "DbgIndex": 0,
    "DbgName" : "os_temp_lat_13: Temporal bone",
    "colorAmbient": [0.0, 0.0, 0.0],
    "colorDiffuse": [ 1.000, 0.784, 0.588],
    "colorSpecular": [0.16, 0.16, 0.16]
    }],
  "vertices": [
  0.04578, 0.08237, 0.007,
  0.0461184, 0.0840224, 0.0065,
  0.04578, 0.08231, 0.0065,
  0.0460471, 0.0840782, 0.007,
  0.0463274, 0.0857559, 0.0065,
  0.0462465, 0.0857946, 0.007,
  0.0460383, 0.0874732, 0.0065,
  0.0460275, 0.0874981, 0.007,
  0.0457923, 0.0891995, 0.0065,
  0.04578, 0.0892035, 0.007,
  0.04578, 0.0909324, 0.007,
  0.0456678, 0.0909399, 0.0065,
  0.0460172, 0.0926375, 0.007,
  0.0458194, 0.0926794, 0.0065,
  0.0463776, 0.0943204, 0.0065,
  0.0466126, 0.0942452, 0.007,
  0.0470691, 0.0959235, 0.0065,
  0.0473498, 0.0958086, 0.007,
  0.0479678, 0.0973974, 0.0065,
  0.0481904, 0.0973067, 0.007,
  0.0491776, 0.0986431, 0.0065,
  0.0492557, 0.0986614, 0.007,
  0.0506622, 0.0985991, 0.0065,
  0.0508628, 0.0987509, 0.007,
  0.0513291, 0.0972808, 0.007,
  0.0512895, 0.0970465, 0.0065,
  0.05133, 0.0955519, 0.007,
  0.0514411, 0.0953071, 0.0065,
  0.0517103, 0.093871, 0.007,
  0.0517552, 0.0935984, 0.0065,
  0.0524095, 0.0922898, 0.007,
  0.0527881, 0.0921906, 0.0065,
  0.0532483, 0.0907795, 0.007,
  0.0538005, 0.090768, 0.0065,
  0.0542157, 0.0893576, 0.007,
  0.0548424, 0.0893681, 0.0065,
  0.0553829, 0.0880821, 0.007,
  0.055945, 0.0880142, 0.0065,
  0.0566051, 0.0868604, 0.007,
  0.0571077, 0.0867133, 0.0065,
  0.0579204, 0.0857425, 0.007,
  0.0583176, 0.0854544, 0.0065,
  0.0591276, 0.0845218, 0.007,
  0.0596119, 0.084309, 0.0065,
  0.0605813, 0.0837127, 0.007,
  0.0609783, 0.0832688, 0.0065,
  0.0621843, 0.0830766, 0.007,
  0.0624734, 0.0823812, 0.0065,
  0.0637276, 0.0823928, 0.007,
  0.063864, 0.0813348, 0.0065,
  0.0649922, 0.0812625, 0.007,
  0.0649601, 0.0800795, 0.0065,
  0.0647364, 0.079673, 0.007,
  0.0641115, 0.0787049, 0.0065,
  0.0635716, 0.0784034, 0.007,
  0.0629091, 0.0776705, 0.0065,
  0.0641197, 0.0775198, 0.007,
  0.0639527, 0.0763818, 0.007,
  0.0622869, 0.0762184, 0.0065,
  0.0623443, 0.0757477, 0.007,
  0.0607265, 0.0754967, 0.0065,
  0.0607035, 0.0752339, 0.007,
  0.0591626, 0.0757164, 0.007,
  0.0590836, 0.0759066, 0.0065,
  0.0577781, 0.0765353, 0.007,
  0.0578519, 0.0770342, 0.0065,
  0.0571052, 0.0780991, 0.007,
  0.0574004, 0.0787167, 0.0065,
  0.0566263, 0.0797596, 0.007,
  0.05732, 0.080456, 0.0065,
  0.0559584, 0.0812011, 0.007,
  0.0571166, 0.0821868, 0.0065,
  0.0557717, 0.0827463, 0.0065,
  0.0542562, 0.0812739, 0.007,
  0.0540631, 0.0824039, 0.0065,
  0.0525542, 0.0813972, 0.007,
  0.0523362, 0.0823518, 0.0065,
  0.0508498, 0.0816831, 0.007,
  0.0506215, 0.0826705, 0.0065,
  0.0502697, 0.0813909, 0.0065,
  0.0504641, 0.0804857, 0.007,
  0.0504832, 0.0797329, 0.0065,
  0.0506031, 0.0788236, 0.007,
  0.0500419, 0.0780481, 0.0065,
  0.0501831, 0.0771465, 0.007,
  0.0496605, 0.0763513, 0.0065,
  0.0496914, 0.0754904, 0.007,
  0.0490474, 0.0747164, 0.0065,
  0.0491075, 0.0738633, 0.007,
  0.0484682, 0.0730773, 0.0065,
  0.0488329, 0.0722282, 0.007,
  0.0486638, 0.0713423, 0.0065,
  0.0491192, 0.0705232, 0.007,
  0.0488895, 0.0696133, 0.0065,
  0.0495758, 0.0688567, 0.007,
  0.0493865, 0.0679395, 0.0065,
  0.0500528, 0.0671949, 0.007,
  0.0499354, 0.0662837, 0.0065,
  0.0506389, 0.0655686, 0.007,
  0.050581, 0.0646614, 0.0065,
  0.0513249, 0.0639917, 0.007,
  0.0512266, 0.0630391, 0.0065,
  0.0522824, 0.0625521, 0.007,
  0.051772, 0.0613807, 0.0065,
  0.0527444, 0.0609045, 0.007,
  0.0522506, 0.0597059, 0.0065,
  0.0530427, 0.0592029, 0.007,
  0.052557, 0.0579915, 0.0065,
  0.053288, 0.0574917, 0.007,
  0.0531045, 0.0563335, 0.0065,
  0.0535497, 0.0557827, 0.007,
  0.053413, 0.0546428, 0.0065,
  0.0537433, 0.054069, 0.007,
  0.0532108, 0.0529195, 0.0065,
  0.0533374, 0.0524362, 0.007,
  0.0525015, 0.0514383, 0.0065,
  0.0521715, 0.0513359, 0.007,
  0.0509211, 0.0514615, 0.0065,
  0.0509839, 0.0518328, 0.007,
  0.0505736, 0.0531726, 0.0065,
  0.0507202, 0.0535415, 0.007,
  0.0502262, 0.0548837, 0.0065,
  0.0504565, 0.0552502, 0.007,
  0.0498787, 0.0565948, 0.0065,
  0.0501463, 0.0569504, 0.007,
  0.0495446, 0.0583086, 0.0065,
  0.0497931, 0.0586429, 0.007,
  0.0492166, 0.0600235, 0.0065,
  0.04944, 0.0603354, 0.007,
  0.0488886, 0.0617385, 0.0065,
  0.0490868, 0.0620278, 0.007,
  0.0487583, 0.0637252, 0.007,
  0.0485547, 0.0634522, 0.0065,
  0.0481605, 0.0651531, 0.0065,
  0.0484344, 0.0654235, 0.007,
  0.0477663, 0.0668541, 0.0065,
  0.0481106, 0.0671219, 0.007,
  0.0473721, 0.068555, 0.0065,
  0.0476182, 0.0687786, 0.007,
  0.0469961, 0.07026, 0.0065,
  0.0471144, 0.0704324, 0.007,
  0.0466415, 0.0719697, 0.0065,
  0.04665, 0.0720968, 0.007,
  0.0462868, 0.0736793, 0.0065,
  0.0462635, 0.073782, 0.007,
  0.0458675, 0.0753728, 0.0065,
  0.045877, 0.0754672, 0.007,
  0.0456286, 0.0770885, 0.0065,
  0.0457385, 0.0771844, 0.007,
  0.0455742, 0.0788337, 0.0065,
  0.04572, 0.0789131, 0.007,
  0.0455696, 0.0805767, 0.0065,
  0.0457279, 0.0806419, 0.007
 ],
 "morphTargets": [],
 "morphColors": [],
 "normals": [],
 "colors": [],
 "uvs": [[]],