 {
  "metadata" :
  {
   "formatVersion" : 3,
   "sourceFile" : "mch002r_022d",
   "generatedBy" : "Tr3 20161112",
   "vertices" : 87,
   "faces" : 111,
   "normals" : 0,
   "colors" : 0,
   "uvs" : 0,
   "materials" : 1
  },
  "scale" : 1.0,
  "materials": [{
    "DbgColor": 0,
    "DbgIndex": 0,
    "DbgName" : "os_temp_b_38: Temporal bone",
    "colorAmbient": [0.0, 0.0, 0.0],
    "colorDiffuse": [ 1.000, 0.784, 0.588],
    "colorSpecular": [0.16, 0.16, 0.16]
    }],
  "vertices": [
  0.0618, 0.09, 0.0195,
  0.0624458, 0.0884293, 0.0195,
  0.06187, 0.09, 0.019,
  0.0627487, 0.0885073, 0.019,
  0.0632154, 0.0869116, 0.0195,
  0.0635957, 0.0869997, 0.019,
  0.0639146, 0.0853607, 0.0195,
  0.0644042, 0.0854683, 0.019,
  0.0649961, 0.0841919, 0.0195,
  0.0655536, 0.0842548, 0.019,
  0.0659845, 0.0829546, 0.0195,
  0.0662, 0.0826677, 0.019,
  0.065526, 0.0814312, 0.0195,
  0.0655997, 0.0811992, 0.019,
  0.0649574, 0.0799771, 0.0195,
  0.0657115, 0.0796028, 0.019,
  0.0661775, 0.0788673, 0.0195,
  0.0672526, 0.0789109, 0.019,
  0.0677414, 0.0782095, 0.0195,
  0.0688653, 0.0784814, 0.019,
  0.0690127, 0.0773191, 0.0195,
  0.0695243, 0.0769299, 0.019,
  0.0701421, 0.0762996, 0.0195,
  0.0709656, 0.0760205, 0.019,
  0.0714085, 0.0753789, 0.0195,
  0.0724311, 0.0751247, 0.019,
  0.0727681, 0.0748773, 0.0195,
  0.0735863, 0.0760502, 0.019,
  0.073635, 0.076174, 0.0195,
  0.0744053, 0.0750631, 0.0195,
  0.0746282, 0.0750306, 0.019,
  0.0748755, 0.0734524, 0.0195,
  0.0752318, 0.0734492, 0.019,
  0.07536, 0.0718273, 0.019,
  0.07446, 0.071848, 0.0195,
  0.0749068, 0.0701775, 0.019,
  0.0739588, 0.070245, 0.0195,
  0.0741033, 0.0687198, 0.019,
  0.073249, 0.0687599, 0.0195,
  0.0729326, 0.0674426, 0.019,
  0.0720576, 0.0675454, 0.0195,
  0.071647, 0.0664578, 0.019,
  0.0706833, 0.0667393, 0.0195,
  0.0699406, 0.0666748, 0.019,
  0.0689978, 0.0666001, 0.0195,
  0.0683035, 0.0661983, 0.019,
  0.067459, 0.06601, 0.0195,
  0.0665952, 0.0662224, 0.019,
  0.0659224, 0.0666437, 0.0195,
  0.0650418, 0.0669852, 0.019,
  0.0644447, 0.067433, 0.0195,
  0.0633967, 0.0675305, 0.019,
  0.0631642, 0.0683118, 0.0195,
  0.0616798, 0.0676735, 0.019,
  0.0599532, 0.0677185, 0.019,
  0.0605148, 0.0685806, 0.019,
  0.0622454, 0.06869, 0.019,
  0.06397, 0.06882, 0.019,
  0.06456, 0.06907, 0.0195,
  0.06151, 0.09, 0.02,
  0.0622427, 0.0884289, 0.02,
  0.0629067, 0.0868273, 0.02,
  0.0638061, 0.0853754, 0.02,
  0.0643491, 0.0837628, 0.02,
  0.0657371, 0.0827782, 0.02,
  0.0653381, 0.0814226, 0.02,
  0.0647815, 0.0801538, 0.02,
  0.0658407, 0.0788098, 0.02,
  0.0674045, 0.0781536, 0.02,
  0.0686123, 0.0772051, 0.02,
  0.0694732, 0.0759238, 0.02,
  0.0693225, 0.074407, 0.02,
  0.0684994, 0.0728928, 0.02,
  0.0694667, 0.0715969, 0.02,
  0.0709046, 0.0719646, 0.02,
  0.0720993, 0.0732213, 0.02,
  0.0734954, 0.0739104, 0.02,
  0.0733165, 0.0722874, 0.02,
  0.0724552, 0.0709321, 0.02,
  0.0725586, 0.0692308, 0.02,
  0.071648, 0.0679353, 0.02,
  0.070158, 0.0671165, 0.02,
  0.0685409, 0.0665349, 0.02,
  0.0668921, 0.0663726, 0.02,
  0.0655266, 0.0674121, 0.02,
  0.0640871, 0.0682127, 0.02,
  0.06495, 0.06949, 0.02
 ],
 "morphTargets": [],
 "morphColors": [],
 "normals": [],
 "colors": [],
 "uvs": [[]],
  "faces": [
  2, 0, 1, 2, 0,
  2, 1, 3, 2, 0,
  2, 1, 4, 3, 0,
  2, 4, 5, 3, 0,
  2, 4, 6, 5, 0,
  2, 6, 7, 5, 0,
  2, 6, 8, 7, 0,
  2, 8, 9, 7, 0,
  2, 8, 10, 9, 0,
  2, 10, 11, 9, 0,
  2, 10, 12, 11, 0,
  2, 12, 13, 11, 0,
  2, 12, 14, 13, 0,
  2, 14, 15, 13, 0,
  2, 14, 16, 15, 0,
  2, 16, 17, 15, 0,
  2, 16, 18, 17, 0,
  2, 18, 19, 17, 0,
  2, 18, 20, 19, 0,
  2, 20, 21, 19, 0,
  2, 20, 22, 21, 0,
  2, 22, 23, 21, 0,
  2, 22, 24, 23, 0,
  2, 24, 25, 23, 0,
  2, 24, 26, 25, 0,
  2, 26, 27, 25, 0,
  2, 26, 28, 27, 0,
  2, 28, 29, 27, 0,
  2, 29, 30, 27, 0,
  2, 29, 31, 30, 0,
  2, 31, 32, 30, 0,
  2, 31, 33, 32, 0,
  2, 31, 34, 33, 0,
  2, 34, 35, 33, 0,
  2, 34, 36, 35, 0,
  2, 36, 37, 35, 0,
  2, 36, 38, 37, 0,
  2, 38, 39, 37, 0,
  2, 38, 40, 39, 0,
  2, 40, 41, 39, 0,
  2, 40, 42, 41, 0,
  2, 42, 43, 41, 0,
  2, 42, 44, 43, 0,
  2, 44, 45, 43, 0,
  2, 44, 46, 45, 0,
  2, 46, 47, 45, 0,
  2, 46, 48, 47, 0,
  2, 48, 49, 47, 0,
  2, 48, 50, 49, 0,
  2, 50, 51, 49, 0,
  2, 50, 52, 51, 0,
  2, 52, 53, 51, 0,
  2, 52, 54, 53, 0,
  2, 52, 55, 54, 0,
  2, 52, 56, 55, 0,
  2, 52, 57, 56, 0,
  2, 52, 58, 57, 0,
  2, 59, 60, 0, 0,
  2, 60, 1, 0, 0,
  2, 60, 61, 1, 0,
  2, 61, 4, 1, 0,
  2, 61, 62, 4, 0,
  2, 62, 6, 4, 0,
  2, 62, 63, 6, 0,
  2, 63, 8, 6, 0,
  2, 63, 64, 8, 0,
  2, 64, 10, 8, 0,
  2, 64, 12, 10, 0,
  2, 64, 65, 12, 0,
  2, 65, 66, 12, 0,
  2, 66, 14, 12, 0,
  2, 66, 67, 14, 0,
  2, 67, 16, 14, 0,
  2, 67, 68, 16, 0,
  2, 68, 18, 16, 0,
  2, 68, 69, 18, 0,
  2, 69, 20, 18, 0,
  2, 69, 70, 20, 0,
  2, 70, 22, 20, 0,
  2, 70, 24, 22, 0,
  2, 70, 71, 24, 0,
  2, 71, 72, 24, 0,
  2, 72, 73, 24, 0,
  2, 73, 74, 24, 0,
  2, 74, 75, 24, 0,
  2, 75, 26, 24, 0,
  2, 75, 76, 26, 0,
  2, 76, 28, 26, 0,
  2, 76, 29, 28, 0,
  2, 76, 31, 29, 0,
  2, 76, 77, 31, 0,
  2, 77, 34, 31, 0,
  2, 77, 36, 34, 0,
  2, 77, 78, 36, 0,
  2, 78, 79, 36, 0,
  2, 79, 38, 36, 0,
  2, 79, 40, 38, 0,
  2, 79, 80, 40, 0,
  2, 80, 42, 40, 0,
  2, 80, 81, 42, 0,
  2, 81, 44, 42, 0,
  2, 81, 82, 44, 0,
  2, 82, 46, 44, 0,
  2, 82, 83, 46, 0,
  2, 83, 48, 46, 0,
  2, 83, 84, 48, 0,
  2, 84, 50, 48, 0,
  2, 84, 85, 50, 0,
  2, 85, 52, 50, 0,
  2, 85, 58, 52, 0,
  2, 85, 86, 58, 0
]
 }
