 {
  "metadata" :
  {
   "formatVersion" : 3,
   "sourceFile" : "mch002r_022d",
   "generatedBy" : "Tr3 20161112",
   "vertices" : 14,
   "faces" : 15,
   "normals" : 0,
   "colors" : 0,
   "uvs" : 0,
   "materials" : 1
  },
  "scale" : 1.0,
  "materials": [{
    "DbgColor": 0,
    "DbgIndex": 0,
    "DbgName" : "1btemp_40: bone",
    "colorAmbient": [0.0, 0.0, 0.0],
    "colorDiffuse": [ 1.000, 1.000, 1.000],
    "colorSpecular": [0.16, 0.16, 0.16]
    }],
  "vertices": [
  0.07658, 0.09032, 0.0205,
  0.0722916, 0.0902208, 0.0205,
  0.06928, 0.09032, 0.02,
  0.0680031, 0.0901327, 0.0205,
  0.0657719, 0.0901165, 0.02,
  0.0637143, 0.0900519, 0.0205,
  0.0622584, 0.0900544, 0.02,
  0.05943, 0.08995, 0.0205,
  0.05875, 0.09009, 0.02,
  0.07732, 0.09032, 0.021,
  0.0730176, 0.0902371, 0.021,
  0.0687147, 0.0901936, 0.021,
  0.0644117, 0.0901647, 0.021,
  0.06011, 0.09009, 0.021
 ],
 "morphTargets": [],
 "morphColors": [],
 "normals": [],
 "colors": [],
 "uvs": [[]],
  "faces": [
  2, 0, 1, 2, 0,
  2, 1, 3, 2, 0,
  2, 3, 4, 2, 0,
  2, 3, 5, 4, 0,
  2, 5, 6, 4, 0,
  2, 5, 7, 6, 0,
  2, 7, 8, 6, 0,
  2, 9, 10, 0, 0,
  2, 10, 1, 0, 0,
  2, 10, 11, 1, 0,
  2, 11, 3, 1, 0,
  2, 11, 12, 3, 0,
  2, 12, 5, 3, 0,
  2, 12, 13, 5, 0,
  2, 13, 7, 5, 0
]
 }
