 {
  "metadata" :
  {
   "formatVersion" : 3,
   "sourceFile" : "mch002r_022d",
   "generatedBy" : "Tr3 20161112",
   "vertices" : 33,
   "faces" : 40,
   "normals" : 0,
   "colors" : 0,
   "uvs" : 0,
   "materials" : 1
  },
  "scale" : 1.0,
  "materials": [{
    "DbgColor": 0,
    "DbgIndex": 0,
    "DbgName" : "skin_ext_ant_45: Skin",
    "colorAmbient": [0.0, 0.0, 0.0],
    "colorDiffuse": [ 1.000, 0.753, 0.796],
    "colorSpecular": [0.16, 0.16, 0.16]
    }],
  "vertices": [
  0.0472, 0.034, 0.023,
  0.0464649, 0.0355141, 0.023,
  0.0471, 0.034, 0.0225,
  0.0463674, 0.0355168, 0.0225,
  0.0458088, 0.0370625, 0.023,
  0.0456884, 0.0370583, 0.0225,
  0.0452485, 0.0386495, 0.023,
  0.0450817, 0.0386297, 0.0225,
  0.0447201, 0.0402477, 0.023,
  0.0445045, 0.0402122, 0.0225,
  0.0442477, 0.041863, 0.023,
  0.0440445, 0.0418316, 0.0225,
  0.0437925, 0.0434835, 0.023,
  0.0435954, 0.0434551, 0.0225,
  0.0433553, 0.0451089, 0.023,
  0.043184, 0.0450881, 0.0225,
  0.0429492, 0.0467424, 0.023,
  0.0427579, 0.046717, 0.0225,
  0.0426002, 0.0483889, 0.023,
  0.0423252, 0.0483444, 0.0225,
  0.04212, 0.05, 0.023,
  0.04208, 0.05, 0.0225,
  0.04731, 0.034, 0.0235,
  0.0464849, 0.0354728, 0.0235,
  0.0458085, 0.0370158, 0.0235,
  0.0453272, 0.0386251, 0.0235,
  0.0448986, 0.0402554, 0.0235,
  0.0444151, 0.0418728, 0.0235,
  0.0439301, 0.0434898, 0.0235,
  0.043477, 0.045115, 0.0235,
  0.0432, 0.0467732, 0.0235,
  0.0427838, 0.0483952, 0.0235,
  0.04226, 0.05, 0.0235
 ],
 "morphTargets": [],
 "morphColors": [],
 "normals": [],
 "colors": [],
 "uvs": [[]],
  "faces": [
  2, 0, 1, 2, 0,
  2, 1, 3, 2, 0,
  2, 1, 4, 3, 0,
  2, 4, 5, 3, 0,
  2, 4, 6, 5, 0,
  2, 6, 7, 5, 0,
  2, 6, 8, 7, 0,
  2, 8, 9, 7, 0,
  2, 8, 10, 9, 0,
  2, 10, 11, 9, 0,
  2, 10, 12, 11, 0,
  2, 12, 13, 11, 0,
  2, 12, 14, 13, 0,
  2, 14, 15, 13, 0,
  2, 14, 16, 15, 0,
  2, 16, 17, 15, 0,
  2, 16, 18, 17, 0,
  2, 18, 19, 17, 0,
  2, 18, 20, 19, 0,
  2, 20, 21, 19, 0,
  2, 22, 23, 0, 0,
  2, 23, 1, 0, 0,
  2, 23, 24, 1, 0,
  2, 24, 4, 1, 0,
  2, 24, 25, 4, 0,
  2, 25, 6, 4, 0,
  2, 25, 26, 6, 0,
  2, 26, 8, 6, 0,
  2, 26, 27, 8, 0,
  2, 27, 10, 8, 0,
  2, 27, 28, 10, 0,
  2, 28, 12, 10, 0,
  2, 28, 29, 12, 0,
  2, 29, 14, 12, 0,
  2, 29, 30, 14, 0,
  2, 30, 16, 14, 0,
  2, 30, 31, 16, 0,
  2, 31, 18, 16, 0,
  2, 31, 32, 18, 0,
  2, 32, 20, 18, 0
]
 }
