 {
  "metadata" :
  {
   "formatVersion" : 3,
   "sourceFile" : "mch002r_022d",
   "generatedBy" : "Tr3 20161112",
   "vertices" : 84,
   "faces" : 82,
   "normals" : 0,
   "colors" : 0,
   "uvs" : 0,
   "materials" : 1
  },
  "scale" : 1.0,
  "materials": [{
    "DbgColor": 0,
    "DbgIndex": 0,
    "DbgName" : "Join skin_27: Skin",
    "colorAmbient": [0.0, 0.0, 0.0],
    "colorDiffuse": [ 1.000, 0.753, 0.796],
    "colorSpecular": [0.16, 0.16, 0.16]
    }],
  "vertices": [
  0.0409599, 0.0833334, 0.0135,
  0.0426176, 0.0834107, 0.0135,
  0.0411277, 0.083124, 0.013,
  0.0394003, 0.0832944, 0.013,
  0.0360305, 0.0846285, 0.0135,
  0.0376122, 0.0839854, 0.0135,
  0.0362851, 0.08461, 0.013,
  0.0378017, 0.0837962, 0.013,
  0.0392378, 0.0834495, 0.0135,
  0.0426305, 0.0882742, 0.0135,
  0.0422262, 0.0882732, 0.013,
  0.0424134, 0.0865475, 0.013,
  0.04239, 0.09, 0.013,
  0.04266, 0.09, 0.0135,
  0.0384559, 0.0632903, 0.0135,
  0.0377237, 0.0648192, 0.0135,
  0.0383587, 0.0633483, 0.013,
  0.0377632, 0.0649447, 0.013,
  0.0373202, 0.0664955, 0.0135,
  0.0373891, 0.0666233, 0.013,
  0.0377908, 0.0681178, 0.0135,
  0.0378042, 0.0682997, 0.013,
  0.0386045, 0.0696397, 0.0135,
  0.0388776, 0.0695819, 0.013,
  0.0398097, 0.0708024, 0.0135,
  0.0402075, 0.0706973, 0.013,
  0.0410317, 0.0719844, 0.0135,
  0.0415387, 0.0718108, 0.013,
  0.0422075, 0.0732475, 0.0135,
  0.0431106, 0.0724991, 0.013,
  0.0433344, 0.0745489, 0.0135,
  0.0441651, 0.0713387, 0.013,
  0.0440252, 0.0696407, 0.013,
  0.0448551, 0.0710179, 0.013,
  0.0444902, 0.0726981, 0.013,
  0.04388, 0.0743215, 0.013,
  0.0439444, 0.0760439, 0.013,
  0.0438321, 0.076179, 0.0135,
  0.04394, 0.0777796, 0.013,
  0.0425567, 0.083646, 0.013,
  0.0432392, 0.08495, 0.0135,
  0.0432318, 0.0850712, 0.013,
  0.042601, 0.0865485, 0.0135,
  0.0399067, 0.0805801, 0.0135,
  0.0382229, 0.0803188, 0.013,
  0.0399117, 0.0805753, 0.013,
  0.0382284, 0.0802264, 0.0135,
  0.0369004, 0.0791946, 0.013,
  0.0369307, 0.0791391, 0.0135,
  0.0354186, 0.0784264, 0.0135,
  0.0354769, 0.0782957, 0.013,
  0.0338779, 0.0787218, 0.013,
  0.0338129, 0.0788214, 0.0135,
  0.0325636, 0.0798557, 0.013,
  0.0326639, 0.080059, 0.0135,
  0.03123, 0.0808672, 0.013,
  0.0312589, 0.0809622, 0.0135,
  0.0319083, 0.0822853, 0.013,
  0.0316239, 0.0824476, 0.0135,
  0.0329213, 0.0835854, 0.0135,
  0.0332418, 0.0833965, 0.013,
  0.0343401, 0.0845164, 0.0135,
  0.0345753, 0.0845077, 0.013,
  0.0395, 0.05, 0.0135,
  0.0393116, 0.0517157, 0.0135,
  0.03952, 0.05, 0.013,
  0.0394243, 0.0517332, 0.013,
  0.0391568, 0.0534345, 0.0135,
  0.0391425, 0.0534365, 0.013,
  0.0390338, 0.0551561, 0.0135,
  0.0390557, 0.0551639, 0.013,
  0.0389109, 0.0568777, 0.0135,
  0.0391134, 0.0568961, 0.013,
  0.0391988, 0.0585747, 0.0135,
  0.0393057, 0.0586174, 0.013,
  0.0396413, 0.0602384, 0.0135,
  0.0397831, 0.0602734, 0.013,
  0.0393602, 0.0618324, 0.0135,
  0.0392999, 0.0618902, 0.013,
  0.0438442, 0.0778985, 0.0135,
  0.0429281, 0.0791793, 0.013,
  0.0430612, 0.0794115, 0.0135,
  0.0415567, 0.0802171, 0.013,
  0.041596, 0.0803118, 0.0135
 ],
 "morphTargets": [],
 "morphColors": [],
 "normals": [],
 "colors": [],
 "uvs": [[]],
  "faces": [
  2, 0, 1, 2, 0,
  2, 0, 2, 3, 0,
  2, 4, 5, 6, 0,
  2, 5, 7, 6, 0,
  2, 5, 8, 7, 0,
  2, 8, 3, 7, 0,
  2, 8, 0, 3, 0,
  2, 9, 10, 11, 0,
  2, 9, 12, 10, 0,
  2, 9, 13, 12, 0,
  2, 14, 15, 16, 0,
  2, 15, 17, 16, 0,
  2, 15, 18, 17, 0,
  2, 18, 19, 17, 0,
  2, 18, 20, 19, 0,
  2, 20, 21, 19, 0,
  2, 20, 22, 21, 0,
  2, 22, 23, 21, 0,
  2, 22, 24, 23, 0,
  2, 24, 25, 23, 0,
  2, 24, 26, 25, 0,
  2, 26, 27, 25, 0,
  2, 26, 28, 27, 0,
  2, 28, 29, 27, 0,
  2, 28, 30, 29, 0,
  2, 30, 31, 29, 0,
  2, 30, 32, 31, 0,
  2, 30, 33, 32, 0,
  2, 30, 34, 33, 0,
  2, 30, 35, 34, 0,
  2, 30, 36, 35, 0,
  2, 30, 37, 36, 0,
  2, 37, 38, 36, 0,
  2, 1, 39, 2, 0,
  2, 1, 40, 39, 0,
  2, 40, 41, 39, 0,
  2, 40, 42, 41, 0,
  2, 42, 11, 41, 0,
  2, 42, 9, 11, 0,
  2, 43, 44, 45, 0,
  2, 43, 46, 44, 0,
  2, 46, 47, 44, 0,
  2, 46, 48, 47, 0,
  2, 48, 49, 47, 0,
  2, 49, 50, 47, 0,
  2, 49, 51, 50, 0,
  2, 49, 52, 51, 0,
  2, 52, 53, 51, 0,
  2, 52, 54, 53, 0,
  2, 54, 55, 53, 0,
  2, 54, 56, 55, 0,
  2, 56, 57, 55, 0,
  2, 56, 58, 57, 0,
  2, 58, 59, 57, 0,
  2, 59, 60, 57, 0,
  2, 59, 61, 60, 0,
  2, 61, 62, 60, 0,
  2, 61, 4, 62, 0,
  2, 4, 6, 62, 0,
  2, 63, 64, 65, 0,
  2, 64, 66, 65, 0,
  2, 64, 67, 66, 0,
  2, 67, 68, 66, 0,
  2, 67, 69, 68, 0,
  2, 69, 70, 68, 0,
  2, 69, 71, 70, 0,
  2, 71, 72, 70, 0,
  2, 71, 73, 72, 0,
  2, 73, 74, 72, 0,
  2, 73, 75, 74, 0,
  2, 75, 76, 74, 0,
  2, 75, 77, 76, 0,
  2, 77, 78, 76, 0,
  2, 77, 14, 78, 0,
  2, 14, 16, 78, 0,
  2, 79, 80, 38, 0,
  2, 79, 81, 80, 0,
  2, 81, 82, 80, 0,
  2, 81, 83, 82, 0,
  2, 83, 43, 82, 0,
  2, 43, 45, 82, 0,
  2, 37, 79, 38, 0
]
 }
