 {
  "metadata" :
  {
   "formatVersion" : 3,
   "sourceFile" : "mch002r_022d",
   "generatedBy" : "Tr3 20161112",
   "vertices" : 24,
   "faces" : 24,
   "normals" : 0,
   "colors" : 0,
   "uvs" : 0,
   "materials" : 1
  },
  "scale" : 1.0,
  "materials": [{
    "DbgColor": 0,
    "DbgIndex": 0,
    "DbgName" : "os_temp_med_13: Temporal bone",
    "colorAmbient": [0.0, 0.0, 0.0],
    "colorDiffuse": [ 1.000, 0.784, 0.588],
    "colorSpecular": [0.16, 0.16, 0.16]
    }],
  "vertices": [
  0.06639, 0.0769, 0.007,
  0.0679744, 0.077155, 0.007,
  0.07228, 0.07415, 0.0065,
  0.0694868, 0.0764316, 0.007,
  0.0709594, 0.0756243, 0.007,
  0.0723947, 0.0747498, 0.007,
  0.0737522, 0.073759, 0.007,
  0.073759, 0.073241, 0.0065,
  0.0752125, 0.0729416, 0.007,
  0.0751365, 0.0722665, 0.0065,
  0.0767485, 0.0722596, 0.007,
  0.0777528, 0.0709957, 0.007,
  0.0784579, 0.0694721, 0.007,
  0.0780281, 0.0682641, 0.007,
  0.0768092, 0.0693809, 0.007,
  0.0754372, 0.0702724, 0.007,
  0.0741602, 0.0718456, 0.0065,
  0.0738365, 0.0707824, 0.007,
  0.0723761, 0.0715691, 0.007,
  0.0728519, 0.0729694, 0.0065,
  0.0714234, 0.072933, 0.007,
  0.0698902, 0.0736217, 0.007,
  0.0683929, 0.0743771, 0.007,
  0.0671697, 0.0755283, 0.007
 ],
 "morphTargets": [],
 "morphColors": [],
 "normals": [],
 "colors": [],
 "uvs": [[]],
  "faces": [
  2, 0, 1, 2, 0,
  2, 1, 3, 2, 0,
  2, 3, 4, 2, 0,
  2, 4, 5, 2, 0,
  2, 5, 6, 2, 0,
  2, 6, 7, 2, 0,
  2, 6, 8, 7, 0,
  2, 8, 9, 7, 0,
  2, 8, 10, 9, 0,
  2, 10, 11, 9, 0,
  2, 11, 12, 9, 0,
  2, 12, 13, 9, 0,
  2, 13, 14, 9, 0,
  2, 14, 15, 9, 0,
  2, 15, 16, 9, 0,
  2, 15, 17, 16, 0,
  2, 17, 18, 16, 0,
  2, 18, 19, 16, 0,
  2, 18, 20, 19, 0,
  2, 20, 2, 19, 0,
  2, 20, 21, 2, 0,
  2, 21, 22, 2, 0,
  2, 22, 23, 2, 0,
  2, 23, 0, 2, 0
]
 }
