 {
  "metadata" :
  {
   "formatVersion" : 3,
   "sourceFile" : "mch002r_022d",
   "generatedBy" : "Tr3 20161112",
   "vertices" : 66,
   "faces" : 93,
   "normals" : 0,
   "colors" : 0,
   "uvs" : 0,
   "materials" : 1
  },
  "scale" : 1.0,
  "materials": [{
    "DbgColor": 0,
    "DbgIndex": 0,
    "DbgName" : "os_cavmed2_29: Cavity wall",
    "colorAmbient": [0.0, 0.0, 0.0],
    "colorDiffuse": [ 1.000, 0.784, 0.588],
    "colorSpecular": [0.16, 0.16, 0.16]
    }],
  "vertices": [
  0.06776, 0.06931, 0.015,
  0.06776, 0.068877, 0.015,
  0.06875, 0.06794, 0.0145,
  0.0678485, 0.0684587, 0.015,
  0.0679912, 0.06805, 0.015,
  0.0681601, 0.0676514, 0.015,
  0.0686543, 0.0675616, 0.0145,
  0.0683655, 0.0672715, 0.015,
  0.0687897, 0.0671799, 0.0145,
  0.0686299, 0.0669317, 0.015,
  0.0690474, 0.0669027, 0.0145,
  0.0689548, 0.0666567, 0.015,
  0.0694143, 0.0667796, 0.0145,
  0.0693444, 0.0664756, 0.015,
  0.0697231, 0.0669804, 0.0145,
  0.0695881, 0.0661262, 0.015,
  0.0697131, 0.0657124, 0.015,
  0.0699821, 0.0654305, 0.015,
  0.0703814, 0.0653113, 0.015,
  0.0708052, 0.0654001, 0.015,
  0.0711521, 0.0656319, 0.015,
  0.0711564, 0.0660616, 0.015,
  0.0708321, 0.0663328, 0.015,
  0.0705066, 0.0666135, 0.015,
  0.0702141, 0.0669307, 0.015,
  0.0698891, 0.0672168, 0.015,
  0.0697401, 0.0673512, 0.0145,
  0.0695913, 0.0675306, 0.015,
  0.0694979, 0.0676513, 0.0145,
  0.0692921, 0.0678435, 0.015,
  0.0691379, 0.0678236, 0.0145,
  0.0689725, 0.0681341, 0.015,
  0.0687511, 0.0684777, 0.015,
  0.0687018, 0.0689065, 0.015,
  0.0685308, 0.0692784, 0.015,
  0.0681517, 0.0694501, 0.015,
  0.06707, 0.06956, 0.0155,
  0.0670793, 0.0691445, 0.0155,
  0.0672777, 0.0687795, 0.0155,
  0.0675468, 0.068454, 0.0155,
  0.0678397, 0.06815, 0.0155,
  0.0681651, 0.0678804, 0.0155,
  0.068477, 0.0675951, 0.0155,
  0.0687915, 0.0673126, 0.0155,
  0.0690897, 0.0670158, 0.0155,
  0.0693212, 0.0666628, 0.0155,
  0.0695278, 0.066294, 0.0155,
  0.0698103, 0.0659797, 0.0155,
  0.0701092, 0.0656808, 0.0155,
  0.0704589, 0.0654812, 0.0155,
  0.0708707, 0.0654402, 0.0155,
  0.0712235, 0.065673, 0.0155,
  0.07131, 0.0660491, 0.0155,
  0.0711168, 0.0664134, 0.0155,
  0.0707758, 0.0666625, 0.0155,
  0.0704693, 0.0669536, 0.0155,
  0.0701011, 0.0671542, 0.0155,
  0.0697331, 0.0673562, 0.0155,
  0.0694126, 0.0676319, 0.0155,
  0.0690835, 0.0678972, 0.0155,
  0.0687832, 0.068194, 0.0155,
  0.0686123, 0.0685683, 0.0155,
  0.0684808, 0.0689698, 0.0155,
  0.0682576, 0.0693156, 0.0155,
  0.0678924, 0.0695202, 0.0155,
  0.0674887, 0.0696186, 0.0155
 ],
 "morphTargets": [],
 "morphColors": [],
 "normals": [],
 "colors": [],
 "uvs": [[]],
  "faces": [
  2, 0, 1, 2, 0,
  2, 1, 3, 2, 0,
  2, 3, 4, 2, 0,
  2, 4, 5, 2, 0,
  2, 5, 6, 2, 0,
  2, 5, 7, 6, 0,
  2, 7, 8, 6, 0,
  2, 7, 9, 8, 0,
  2, 9, 10, 8, 0,
  2, 9, 11, 10, 0,
  2, 11, 12, 10, 0,
  2, 11, 13, 12, 0,
  2, 13, 14, 12, 0,
  2, 13, 15, 14, 0,
  2, 15, 16, 14, 0,
  2, 16, 17, 14, 0,
  2, 17, 18, 14, 0,
  2, 18, 19, 14, 0,
  2, 19, 20, 14, 0,
  2, 20, 21, 14, 0,
  2, 21, 22, 14, 0,
  2, 22, 23, 14, 0,
  2, 23, 24, 14, 0,
  2, 24, 25, 14, 0,
  2, 25, 26, 14, 0,
  2, 25, 27, 26, 0,
  2, 27, 28, 26, 0,
  2, 27, 29, 28, 0,
  2, 29, 30, 28, 0,
  2, 29, 31, 30, 0,
  2, 31, 2, 30, 0,
  2, 31, 32, 2, 0,
  2, 32, 33, 2, 0,
  2, 33, 34, 2, 0,
  2, 34, 35, 2, 0,
  2, 35, 0, 2, 0,
  2, 36, 37, 0, 0,
  2, 37, 38, 0, 0,
  2, 38, 1, 0, 0,
  2, 38, 39, 1, 0,
  2, 39, 3, 1, 0,
  2, 39, 40, 3, 0,
  2, 40, 4, 3, 0,
  2, 40, 41, 4, 0,
  2, 41, 5, 4, 0,
  2, 41, 42, 5, 0,
  2, 42, 7, 5, 0,
  2, 42, 43, 7, 0,
  2, 43, 9, 7, 0,
  2, 43, 44, 9, 0,
  2, 44, 11, 9, 0,
  2, 44, 45, 11, 0,
  2, 45, 13, 11, 0,
  2, 45, 46, 13, 0,
  2, 46, 15, 13, 0,
  2, 46, 47, 15, 0,
  2, 47, 16, 15, 0,
  2, 47, 48, 16, 0,
  2, 48, 17, 16, 0,
  2, 48, 18, 17, 0,
  2, 48, 49, 18, 0,
  2, 49, 19, 18, 0,
  2, 49, 50, 19, 0,
  2, 50, 20, 19, 0,
  2, 50, 51, 20, 0,
  2, 51, 21, 20, 0,
  2, 51, 52, 21, 0,
  2, 52, 53, 21, 0,
  2, 53, 22, 21, 0,
  2, 53, 54, 22, 0,
  2, 54, 23, 22, 0,
  2, 54, 55, 23, 0,
  2, 55, 24, 23, 0,
  2, 55, 56, 24, 0,
  2, 56, 25, 24, 0,
  2, 56, 57, 25, 0,
  2, 57, 27, 25, 0,
  2, 57, 58, 27, 0,
  2, 58, 29, 27, 0,
  2, 58, 59, 29, 0,
  2, 59, 31, 29, 0,
  2, 59, 60, 31, 0,
  2, 60, 32, 31, 0,
  2, 60, 61, 32, 0,
  2, 61, 33, 32, 0,
  2, 61, 62, 33, 0,
  2, 62, 34, 33, 0,
  2, 62, 63, 34, 0,
  2, 63, 35, 34, 0,
  2, 63, 64, 35, 0,
  2, 64, 0, 35, 0,
  2, 64, 65, 0, 0,
  2, 65, 36, 0, 0
]
 }
