 {
  "metadata" :
  {
   "formatVersion" : 3,
   "sourceFile" : "mch002r_022d",
   "generatedBy" : "Tr3 20161112",
   "vertices" : 26,
   "faces" : 33,
   "normals" : 0,
   "colors" : 0,
   "uvs" : 0,
   "materials" : 1
  },
  "scale" : 1.0,
  "materials": [{
    "DbgColor": 0,
    "DbgIndex": 0,
    "DbgName" : "Cap tm_med_34_head: Pars flaccida",
    "colorAmbient": [0.0, 0.0, 0.0],
    "colorDiffuse": [ 1.000, 1.000, 1.000],
    "colorSpecular": [0.16, 0.16, 0.16]
    }],
  "vertices": [
  0.0588003, 0.0704568, 0.017,
  0.058755, 0.07084, 0.017,
  0.0589743, 0.0706705, 0.017,
  0.0585865, 0.0705874, 0.017,
  0.0584875, 0.0708, 0.017,
  0.05837, 0.0705333, 0.017,
  0.05867, 0.07008, 0.017,
  0.05852, 0.0703067, 0.017,
  0.058998, 0.0702374, 0.017,
  0.05822, 0.07076, 0.017,
  0.0590989, 0.0704755, 0.017,
  0.0592751, 0.0702756, 0.017,
  0.0593508, 0.070512, 0.017,
  0.0595236, 0.0703086, 0.017,
  0.0591951, 0.0707003, 0.017,
  0.059206, 0.070064, 0.017,
  0.058938, 0.070072, 0.017,
  0.059474, 0.070056, 0.017,
  0.059742, 0.070048, 0.017,
  0.059578, 0.070568, 0.017,
  0.059722, 0.070392, 0.017,
  0.059434, 0.070744, 0.017,
  0.05929, 0.07092, 0.017,
  0.0590225, 0.07088, 0.017,
  0.059866, 0.070216, 0.017,
  0.06001, 0.07004, 0.017
 ],
 "morphTargets": [],
 "morphColors": [],
 "normals": [],
 "colors": [],
 "uvs": [[]],
  "faces": [
  2, 0, 1, 2, 0,
  2, 3, 4, 1, 0,
  2, 3, 5, 4, 0,
  2, 0, 6, 7, 0,
  2, 8, 6, 0, 0,
  2, 7, 5, 3, 0,
  2, 0, 7, 3, 0,
  2, 4, 5, 9, 0,
  2, 3, 1, 0, 0,
  2, 0, 10, 8, 0,
  2, 10, 11, 8, 0,
  2, 10, 12, 11, 0,
  2, 12, 13, 11, 0,
  2, 2, 10, 0, 0,
  2, 2, 14, 10, 0,
  2, 14, 12, 10, 0,
  2, 15, 16, 8, 0,
  2, 11, 15, 8, 0,
  2, 17, 15, 11, 0,
  2, 13, 17, 11, 0,
  2, 18, 17, 13, 0,
  2, 19, 20, 13, 0,
  2, 12, 19, 13, 0,
  2, 21, 19, 12, 0,
  2, 14, 21, 12, 0,
  2, 22, 21, 14, 0,
  2, 23, 22, 14, 0,
  2, 2, 23, 14, 0,
  2, 1, 23, 2, 0,
  2, 8, 16, 6, 0,
  2, 18, 24, 25, 0,
  2, 20, 18, 13, 0,
  2, 20, 24, 18, 0
]
 }
