 {
  "metadata" :
  {
   "formatVersion" : 3,
   "sourceFile" : "mch002r_022d",
   "generatedBy" : "Tr3 20161112",
   "vertices" : 22,
   "faces" : 28,
   "normals" : 0,
   "colors" : 0,
   "uvs" : 0,
   "materials" : 1
  },
  "scale" : 1.0,
  "materials": [{
    "DbgColor": 0,
    "DbgIndex": 0,
    "DbgName" : "Cap labcoc_turn2_32_tail: Cochlea",
    "colorAmbient": [0.0, 0.0, 0.0],
    "colorDiffuse": [ 0.565, 0.933, 0.565],
    "colorSpecular": [0.16, 0.16, 0.16]
    }],
  "vertices": [
  0.06916, 0.07184, 0.016,
  0.069318, 0.0721374, 0.016,
  0.06953, 0.07193, 0.016,
  0.06953, 0.07221, 0.016,
  0.06938, 0.07246, 0.016,
  0.0689897, 0.0722469, 0.016,
  0.06903, 0.07277, 0.016,
  0.0686899, 0.0724879, 0.016,
  0.0685492, 0.0727633, 0.016,
  0.06878, 0.07296, 0.016,
  0.06835, 0.07312, 0.016,
  0.0681346, 0.0727752, 0.016,
  0.068569, 0.0721923, 0.016,
  0.0683108, 0.0724667, 0.016,
  0.06854, 0.07193, 0.016,
  0.06878, 0.07184, 0.016,
  0.0681, 0.07218, 0.016,
  0.06782, 0.0724, 0.016,
  0.06757, 0.07265, 0.016,
  0.067807, 0.0727811, 0.016,
  0.06754, 0.07296, 0.016,
  0.06797, 0.07312, 0.016
 ],
 "morphTargets": [],
 "morphColors": [],
 "normals": [],
 "colors": [],
 "uvs": [[]],
  "faces": [
  2, 0, 1, 2, 0,
  2, 2, 1, 3, 0,
  2, 3, 1, 4, 0,
  2, 4, 1, 5, 0,
  2, 6, 7, 8, 0,
  2, 6, 8, 9, 0,
  2, 9, 8, 10, 0,
  2, 10, 8, 11, 0,
  2, 7, 12, 13, 0,
  2, 5, 12, 7, 0,
  2, 8, 13, 11, 0,
  2, 7, 13, 8, 0,
  2, 14, 12, 15, 0,
  2, 15, 12, 5, 0,
  2, 15, 5, 0, 0,
  2, 0, 5, 1, 0,
  2, 13, 12, 16, 0,
  2, 17, 11, 13, 0,
  2, 13, 16, 17, 0,
  2, 6, 4, 5, 0,
  2, 7, 6, 5, 0,
  2, 18, 19, 17, 0,
  2, 17, 19, 11, 0,
  2, 12, 14, 16, 0,
  2, 20, 19, 18, 0,
  2, 10, 11, 21, 0,
  2, 21, 11, 19, 0,
  2, 21, 19, 20, 0
]
 }
