 {
  "metadata" :
  {
   "formatVersion" : 3,
   "sourceFile" : "mch002r_022d",
   "generatedBy" : "Tr3 20161112",
   "vertices" : 21,
   "faces" : 24,
   "normals" : 0,
   "colors" : 0,
   "uvs" : 0,
   "materials" : 1
  },
  "scale" : 1.0,
  "materials": [{
    "DbgColor": 0,
    "DbgIndex": 0,
    "DbgName" : "2b_aa40: (no description)",
    "colorAmbient": [0.0, 0.0, 0.0],
    "colorDiffuse": [ 1.000, 1.000, 1.000],
    "colorSpecular": [0.16, 0.16, 0.16]
    }],
  "vertices": [
  0.07209, 0.07265, 0.0205,
  0.0719245, 0.0755546, 0.02,
  0.07246, 0.07265, 0.02,
  0.0723559, 0.0757276, 0.0205,
  0.0718246, 0.0785706, 0.02,
  0.0728392, 0.0788026, 0.0205,
  0.0713382, 0.0815445, 0.02,
  0.0746298, 0.0812517, 0.0205,
  0.0709716, 0.0845399, 0.02,
  0.0756354, 0.0841869, 0.0205,
  0.0762301, 0.0872269, 0.0205,
  0.0702029, 0.0874469, 0.02,
  0.07658, 0.09032, 0.0205,
  0.06928, 0.09032, 0.02,
  0.07134, 0.0727, 0.021,
  0.0722194, 0.0757413, 0.021,
  0.0738575, 0.0784166, 0.021,
  0.0756128, 0.081039, 0.021,
  0.0767777, 0.0839863, 0.021,
  0.0770488, 0.0871531, 0.021,
  0.07732, 0.09032, 0.021
 ],
 "morphTargets": [],
 "morphColors": [],
 "normals": [],
 "colors": [],
 "uvs": [[]],
  "faces": [
  2, 0, 1, 2, 0,
  2, 0, 3, 1, 0,
  2, 3, 4, 1, 0,
  2, 3, 5, 4, 0,
  2, 5, 6, 4, 0,
  2, 5, 7, 6, 0,
  2, 7, 8, 6, 0,
  2, 7, 9, 8, 0,
  2, 9, 10, 8, 0,
  2, 10, 11, 8, 0,
  2, 10, 12, 11, 0,
  2, 12, 13, 11, 0,
  2, 14, 15, 0, 0,
  2, 15, 3, 0, 0,
  2, 15, 16, 3, 0,
  2, 16, 5, 3, 0,
  2, 16, 7, 5, 0,
  2, 16, 17, 7, 0,
  2, 17, 9, 7, 0,
  2, 17, 18, 9, 0,
  2, 18, 10, 9, 0,
  2, 18, 19, 10, 0,
  2, 19, 12, 10, 0,
  2, 19, 20, 12, 0
]
 }
