 {
  "metadata" :
  {
   "formatVersion" : 3,
   "sourceFile" : "mch002r_022d",
   "generatedBy" : "Tr3 20161112",
   "vertices" : 24,
   "faces" : 30,
   "normals" : 0,
   "colors" : 0,
   "uvs" : 0,
   "materials" : 1
  },
  "scale" : 1.0,
  "materials": [{
    "DbgColor": 0,
    "DbgIndex": 0,
    "DbgName" : "3aaa_11: (no description)",
    "colorAmbient": [0.0, 0.0, 0.0],
    "colorDiffuse": [ 1.000, 1.000, 1.000],
    "colorSpecular": [0.16, 0.16, 0.16]
    }],
  "vertices": [
  0.0539, 0.08999, 0.0125,
  0.0622941, 0.0901917, 0.0125,
  0.0539, 0.08999, 0.011,
  0.0622941, 0.0901917, 0.011,
  0.0706971, 0.0903009, 0.011,
  0.0706971, 0.0903009, 0.0125,
  0.0791, 0.09041, 0.0125,
  0.0791, 0.09041, 0.011,
  0.05451, 0.09009, 0.014,
  0.0627067, 0.090146, 0.014,
  0.0709033, 0.090208, 0.014,
  0.0791, 0.09027, 0.014,
  0.05536, 0.09, 0.0145,
  0.0632727, 0.0901068, 0.0145,
  0.0711864, 0.0901884, 0.0145,
  0.0791, 0.09027, 0.0145,
  0.05536, 0.09004, 0.015,
  0.0632733, 0.0901068, 0.015,
  0.0711866, 0.0901884, 0.015,
  0.0791, 0.09027, 0.015,
  0.05746, 0.09004, 0.016,
  0.0646556, 0.0901457, 0.016,
  0.0718528, 0.0902079, 0.016,
  0.07905, 0.09027, 0.016
 ],
 "morphTargets": [],
 "morphColors": [],
 "normals": [],
 "colors": [],
 "uvs": [[]],
  "faces": [
  2, 0, 1, 2, 0,
  2, 1, 3, 2, 0,
  2, 1, 4, 3, 0,
  2, 1, 5, 4, 0,
  2, 5, 6, 4, 0,
  2, 6, 7, 4, 0,
  2, 8, 1, 0, 0,
  2, 8, 9, 1, 0,
  2, 9, 5, 1, 0,
  2, 9, 10, 5, 0,
  2, 10, 6, 5, 0,
  2, 10, 11, 6, 0,
  2, 12, 9, 8, 0,
  2, 12, 13, 9, 0,
  2, 13, 10, 9, 0,
  2, 13, 14, 10, 0,
  2, 14, 11, 10, 0,
  2, 14, 15, 11, 0,
  2, 16, 13, 12, 0,
  2, 16, 17, 13, 0,
  2, 17, 14, 13, 0,
  2, 17, 18, 14, 0,
  2, 18, 15, 14, 0,
  2, 18, 19, 15, 0,
  2, 20, 17, 16, 0,
  2, 20, 21, 17, 0,
  2, 21, 18, 17, 0,
  2, 21, 22, 18, 0,
  2, 22, 19, 18, 0,
  2, 22, 23, 19, 0
]
 }
