 {
  "metadata" :
  {
   "formatVersion" : 3,
   "sourceFile" : "mch002r_022d",
   "generatedBy" : "Tr3 20161112",
   "vertices" : 9,
   "faces" : 8,
   "normals" : 0,
   "colors" : 0,
   "uvs" : 0,
   "materials" : 1
  },
  "scale" : 1.0,
  "materials": [{
    "DbgColor": 0,
    "DbgIndex": 0,
    "DbgName" : "1btemp_36: bone",
    "colorAmbient": [0.0, 0.0, 0.0],
    "colorDiffuse": [ 1.000, 1.000, 1.000],
    "colorSpecular": [0.16, 0.16, 0.16]
    }],
  "vertices": [
  0.06213, 0.09013, 0.0185,
  0.0594172, 0.090096, 0.0185,
  0.06218, 0.09004, 0.018,
  0.0590971, 0.09007, 0.018,
  0.05671, 0.09009, 0.0185,
  0.05603, 0.09004, 0.018,
  0.06452, 0.08948, 0.019,
  0.0610409, 0.0901131, 0.019,
  0.05739, 0.08999, 0.019
 ],
 "morphTargets": [],
 "morphColors": [],
 "normals": [],
 "colors": [],
 "uvs": [[]],
  "faces": [
  2, 0, 1, 2, 0,
  2, 1, 3, 2, 0,
  2, 1, 4, 3, 0,
  2, 4, 5, 3, 0,
  2, 6, 7, 0, 0,
  2, 7, 1, 0, 0,
  2, 7, 8, 1, 0,
  2, 8, 4, 1, 0
]
 }
