 {
  "metadata" :
  {
   "formatVersion" : 3,
   "sourceFile" : "mch002r_022d",
   "generatedBy" : "Tr3 20161112",
   "vertices" : 16,
   "faces" : 14,
   "normals" : 0,
   "colors" : 0,
   "uvs" : 0,
   "materials" : 1
  },
  "scale" : 1.0,
  "materials": [{
    "DbgColor": 0,
    "DbgIndex": 0,
    "DbgName" : "os_temp_ext_32: Temporal bone",
    "colorAmbient": [0.0, 0.0, 0.0],
    "colorDiffuse": [ 1.000, 0.784, 0.588],
    "colorSpecular": [0.16, 0.16, 0.16]
    }],
  "vertices": [
  0.05404, 0.09, 0.0165,
  0.0537971, 0.0916041, 0.016,
  0.05334, 0.09, 0.016,
  0.054248, 0.0915755, 0.0165,
  0.0544273, 0.093136, 0.0165,
  0.0540804, 0.0932345, 0.016,
  0.0549971, 0.0946135, 0.016,
  0.0555089, 0.0942975, 0.0165,
  0.0563526, 0.0948094, 0.016,
  0.0567597, 0.0944047, 0.0165,
  0.05652, 0.0932092, 0.016,
  0.0567319, 0.0928246, 0.0165,
  0.056709, 0.091563, 0.016,
  0.0571497, 0.0913185, 0.0165,
  0.05729, 0.09, 0.016,
  0.05803, 0.09, 0.0165
 ],
 "morphTargets": [],
 "morphColors": [],
 "normals": [],
 "colors": [],
 "uvs": [[]],
  "faces": [
  2, 0, 1, 2, 0,
  2, 0, 3, 1, 0,
  2, 3, 4, 1, 0,
  2, 4, 5, 1, 0,
  2, 4, 6, 5, 0,
  2, 4, 7, 6, 0,
  2, 7, 8, 6, 0,
  2, 7, 9, 8, 0,
  2, 9, 10, 8, 0,
  2, 9, 11, 10, 0,
  2, 11, 12, 10, 0,
  2, 11, 13, 12, 0,
  2, 13, 14, 12, 0,
  2, 13, 15, 14, 0
]
 }
