 {
  "metadata" :
  {
   "formatVersion" : 3,
   "sourceFile" : "mch002r_022d",
   "generatedBy" : "Tr3 20161112",
   "vertices" : 149,
   "faces" : 149,
   "normals" : 0,
   "colors" : 0,
   "uvs" : 0,
   "materials" : 1
  },
  "scale" : 1.0,
  "materials": [{
    "DbgColor": 0,
    "DbgIndex": 0,
    "DbgName" : "Join skin_21: Skin",
    "colorAmbient": [0.0, 0.0, 0.0],
    "colorDiffuse": [ 1.000, 0.753, 0.796],
    "colorSpecular": [0.16, 0.16, 0.16]
    }],
  "vertices": [
  0.0398204, 0.0720052, 0.0105,
  0.0410472, 0.0716959, 0.01,
  0.040106, 0.0730832, 0.01,
  0.0448591, 0.0690459, 0.0105,
  0.0445565, 0.0697802, 0.01,
  0.0432939, 0.0692555, 0.01,
  0.0454272, 0.0706682, 0.0105,
  0.0409959, 0.0707265, 0.0105,
  0.0420234, 0.0703333, 0.01,
  0.0421916, 0.0694675, 0.0105,
  0.0434957, 0.0683393, 0.0105,
  0.0443108, 0.0756779, 0.0105,
  0.0436439, 0.0761989, 0.01,
  0.0443693, 0.0747002, 0.01,
  0.0435858, 0.0771653, 0.0105,
  0.0425558, 0.0774443, 0.01,
  0.0422928, 0.0783126, 0.0105,
  0.0410705, 0.078043, 0.01,
  0.0407797, 0.079152, 0.0105,
  0.0395356, 0.0774588, 0.01,
  0.0391294, 0.0791544, 0.0105,
  0.0378793, 0.0779481, 0.0105,
  0.03871, 0.07611, 0.01,
  0.044821, 0.0714134, 0.01,
  0.0452957, 0.0724004, 0.0105,
  0.0447681, 0.0730807, 0.01,
  0.0449554, 0.0740991, 0.0105,
  0.0388412, 0.0734302, 0.0105,
  0.0323665, 0.0781731, 0.0105,
  0.0322586, 0.0779179, 0.01,
  0.0337106, 0.0774917, 0.01,
  0.0315259, 0.0794121, 0.01,
  0.0316188, 0.0796243, 0.0105,
  0.0323754, 0.0808977, 0.01,
  0.0323959, 0.0811207, 0.0105,
  0.0336151, 0.0821239, 0.01,
  0.0336727, 0.0822987, 0.0105,
  0.0350409, 0.0831187, 0.01,
  0.0350996, 0.0832877, 0.0105,
  0.0366505, 0.0836986, 0.01,
  0.0367364, 0.083763, 0.0105,
  0.0382089, 0.0829663, 0.01,
  0.0382621, 0.082979, 0.0105,
  0.0397244, 0.0821031, 0.01,
  0.0398192, 0.0822248, 0.0105,
  0.0413537, 0.0819692, 0.01,
  0.04146, 0.082066, 0.0105,
  0.0413393, 0.0836592, 0.01,
  0.0416872, 0.0836941, 0.0105,
  0.0414618, 0.0854166, 0.0105,
  0.0411, 0.0853774, 0.01,
  0.0410326, 0.0871237, 0.01,
  0.0412704, 0.0871432, 0.0105,
  0.0411549, 0.0888646, 0.01,
  0.0412553, 0.0888739, 0.0105,
  0.0366173, 0.0767544, 0.0105,
  0.0361161, 0.0749608, 0.01,
  0.034879, 0.0761951, 0.01,
  0.0350726, 0.0766225, 0.0105,
  0.0338941, 0.0778987, 0.0105,
  0.04582, 0.034, 0.0105,
  0.0449728, 0.0355163, 0.0105,
  0.04581, 0.034, 0.01,
  0.0448411, 0.0354514, 0.01,
  0.0441352, 0.0370248, 0.0105,
  0.0440171, 0.036992, 0.01,
  0.0431902, 0.0384636, 0.0105,
  0.04314, 0.0385035, 0.01,
  0.0423699, 0.0399949, 0.0105,
  0.0422629, 0.040015, 0.01,
  0.0418492, 0.0416364, 0.0105,
  0.0416153, 0.0416381, 0.01,
  0.0411167, 0.0432116, 0.0105,
  0.0409686, 0.0432616, 0.01,
  0.0405807, 0.0448601, 0.0105,
  0.0405628, 0.0449372, 0.01,
  0.0402, 0.0465439, 0.0105,
  0.0400066, 0.046594, 0.01,
  0.0399586, 0.0482592, 0.0105,
  0.0397105, 0.0482963, 0.01,
  0.0396459, 0.049968, 0.0105,
  0.0394661, 0.0500171, 0.01,
  0.03927, 0.0516572, 0.0105,
  0.0392526, 0.0517443, 0.01,
  0.0391844, 0.0533866, 0.0105,
  0.0389783, 0.0534634, 0.01,
  0.0390742, 0.0551113, 0.0105,
  0.0391029, 0.0552016, 0.01,
  0.0392914, 0.0568335, 0.0105,
  0.0392749, 0.0569406, 0.01,
  0.0395364, 0.0585533, 0.0105,
  0.0394393, 0.0586805, 0.01,
  0.0389771, 0.0600244, 0.0105,
  0.0385611, 0.0601345, 0.01,
  0.0381306, 0.0615414, 0.0105,
  0.0376445, 0.0616143, 0.01,
  0.0373219, 0.0630789, 0.0105,
  0.0369705, 0.0632219, 0.01,
  0.036768, 0.0647076, 0.0105,
  0.0366029, 0.0649077, 0.01,
  0.0368848, 0.0664144, 0.0105,
  0.0369217, 0.0665886, 0.01,
  0.0379604, 0.0677043, 0.0105,
  0.0382219, 0.0676877, 0.01,
  0.0393326, 0.0671165, 0.0105,
  0.0394763, 0.0666794, 0.01,
  0.039613, 0.0654211, 0.0105,
  0.039632, 0.0649453, 0.01,
  0.0404593, 0.0642235, 0.0105,
  0.0407724, 0.0641632, 0.01,
  0.0405532, 0.0658688, 0.01,
  0.0405616, 0.0658131, 0.0105,
  0.0399707, 0.0674458, 0.0105,
  0.0399356, 0.0675023, 0.01,
  0.0393204, 0.0690559, 0.0105,
  0.0392691, 0.0691176, 0.01,
  0.0382626, 0.0704253, 0.0105,
  0.0381845, 0.0704555, 0.01,
  0.0373744, 0.0718875, 0.0105,
  0.0369876, 0.0717192, 0.01,
  0.03647, 0.0733607, 0.01,
  0.0373969, 0.0735004, 0.0105,
  0.0394679, 0.0746183, 0.01,
  0.0423389, 0.0939476, 0.0105,
  0.0426608, 0.0956589, 0.01,
  0.0421115, 0.0939999, 0.01,
  0.0426905, 0.0956488, 0.0105,
  0.043219, 0.0973024, 0.0105,
  0.0432173, 0.0973155, 0.01,
  0.0437727, 0.0989488, 0.0105,
  0.0436108, 0.0990118, 0.01,
  0.0444736, 0.100538, 0.0105,
  0.0443206, 0.100609, 0.01,
  0.0451745, 0.102128, 0.0105,
  0.0450303, 0.102206, 0.01,
  0.0458754, 0.103717, 0.0105,
  0.0454965, 0.103871, 0.01,
  0.0462331, 0.10535, 0.01,
  0.046458, 0.105332, 0.0105,
  0.0470347, 0.106876, 0.01,
  0.0473006, 0.106846, 0.0105,
  0.0476887, 0.108497, 0.01,
  0.0479658, 0.10845, 0.0105,
  0.04858, 0.11, 0.01,
  0.04875, 0.11, 0.0105,
  0.041431, 0.0906002, 0.0105,
  0.0413209, 0.0906043, 0.01,
  0.041625, 0.0923249, 0.01,
  0.0418947, 0.0922707, 0.0105
 ],
 "morphTargets": [],
 "morphColors": [],
 "normals": [],
 "colors": [],
 "uvs": [[]],