 {
  "metadata" :
  {
   "formatVersion" : 3,
   "sourceFile" : "mch002r_022d",
   "generatedBy" : "Tr3 20161112",
   "vertices" : 22,
   "faces" : 20,
   "normals" : 0,
   "colors" : 0,
   "uvs" : 0,
   "materials" : 1
  },
  "scale" : 1.0,
  "materials": [{
    "DbgColor": 0,
    "DbgIndex": 0,
    "DbgName" : "Join skin_ext_ant_48: Skin",
    "colorAmbient": [0.0, 0.0, 0.0],
    "colorDiffuse": [ 1.000, 0.753, 0.796],
    "colorSpecular": [0.16, 0.16, 0.16]
    }],
  "vertices": [
  0.0453241, 0.0386431, 0.024,
  0.0448986, 0.0402554, 0.0235,
  0.0453272, 0.0386251, 0.0235,
  0.0458009, 0.0370353, 0.024,
  0.0448942, 0.0402704, 0.024,
  0.0444114, 0.0418853, 0.024,
  0.0444151, 0.0418728, 0.0235,
  0.0439301, 0.0434898, 0.0235,
  0.0439271, 0.0434998, 0.024,
  0.043477, 0.045115, 0.0235,
  0.0434753, 0.0451227, 0.024,
  0.0432, 0.0467784, 0.024,
  0.0427838, 0.0483952, 0.0235,
  0.0432, 0.0467732, 0.0235,
  0.042783, 0.0483976, 0.024,
  0.04226, 0.05, 0.024,
  0.04226, 0.05, 0.0235,
  0.0458085, 0.0370158, 0.0235,
  0.04731, 0.03403, 0.024,
  0.0464763, 0.0354949, 0.024,
  0.0464849, 0.0354728, 0.0235,
  0.04731, 0.034, 0.0235
 ],
 "morphTargets": [],
 "morphColors": [],
 "normals": [],
 "colors": [],
 "uvs": [[]],
  "faces": [
  2, 0, 1, 2, 0,
  2, 3, 0, 2, 0,
  2, 4, 5, 1, 0,
  2, 5, 6, 1, 0,
  2, 5, 7, 6, 0,
  2, 5, 8, 7, 0,
  2, 8, 9, 7, 0,
  2, 8, 10, 9, 0,
  2, 10, 11, 9, 0,
  2, 0, 4, 1, 0,
  2, 11, 12, 13, 0,
  2, 11, 14, 12, 0,
  2, 14, 15, 12, 0,
  2, 15, 16, 12, 0,
  2, 3, 2, 17, 0,
  2, 18, 19, 20, 0,
  2, 19, 3, 20, 0,
  2, 11, 13, 9, 0,
  2, 18, 20, 21, 0,
  2, 3, 17, 20, 0
]
 }
