 {
  "metadata" :
  {
   "formatVersion" : 3,
   "sourceFile" : "mch002r_022d",
   "generatedBy" : "Tr3 20161112",
   "vertices" : 12,
   "faces" : 12,
   "normals" : 0,
   "colors" : 0,
   "uvs" : 0,
   "materials" : 1
  },
  "scale" : 1.0,
  "materials": [{
    "DbgColor": 0,
    "DbgIndex": 0,
    "DbgName" : "6_36: sf",
    "colorAmbient": [0.0, 0.0, 0.0],
    "colorDiffuse": [ 1.000, 1.000, 1.000],
    "colorSpecular": [0.16, 0.16, 0.16]
    }],
  "vertices": [
  0.05842, 0.07312, 0.018,
  0.0528309, 0.0726991, 0.0175,
  0.05887, 0.07199, 0.0175,
  0.0527856, 0.0733461, 0.018,
  0.04773, 0.0706, 0.018,
  0.04746, 0.06972, 0.0175,
  0.05819, 0.07369, 0.0185,
  0.0527769, 0.072782, 0.0185,
  0.04781, 0.07082, 0.0185,
  0.05819, 0.07476, 0.019,
  0.0529123, 0.0731803, 0.019,
  0.04789, 0.07102, 0.019
 ],
 "morphTargets": [],
 "morphColors": [],
 "normals": [],
 "colors": [],
 "uvs": [[]],
  "faces": [
  2, 0, 1, 2, 0,
  2, 0, 3, 1, 0,
  2, 3, 4, 1, 0,
  2, 4, 5, 1, 0,
  2, 6, 3, 0, 0,
  2, 6, 7, 3, 0,
  2, 7, 4, 3, 0,
  2, 7, 8, 4, 0,
  2, 9, 10, 6, 0,
  2, 10, 7, 6, 0,
  2, 10, 11, 7, 0,
  2, 11, 8, 7, 0
]
 }
