 {
  "metadata" :
  {
   "formatVersion" : 3,
   "sourceFile" : "mch002r_022d",
   "generatedBy" : "Tr3 20161112",
   "vertices" : 13,
   "faces" : 12,
   "normals" : 0,
   "colors" : 0,
   "uvs" : 0,
   "materials" : 1
  },
  "scale" : 1.0,
  "materials": [{
    "DbgColor": 0,
    "DbgIndex": 0,
    "DbgName" : "Join labscc_post_24: Semicircular canals",
    "colorAmbient": [0.0, 0.0, 0.0],
    "colorDiffuse": [ 1.000, 0.667, 1.000],
    "colorSpecular": [0.16, 0.16, 0.16]
    }],
  "vertices": [
  0.06117, 0.08398, 0.012,
  0.06109, 0.08424, 0.0115,
  0.06147, 0.08394, 0.0115,
  0.06109, 0.08353, 0.012,
  0.0618, 0.08357, 0.0115,
  0.06065, 0.08353, 0.012,
  0.06087, 0.08342, 0.0115,
  0.06049, 0.08379, 0.0115,
  0.06143, 0.08323, 0.0115,
  0.06083, 0.08424, 0.012,
  0.06064, 0.08417, 0.0115,
  0.06049, 0.08417, 0.012,
  0.06027, 0.08383, 0.012
 ],
 "morphTargets": [],
 "morphColors": [],
 "normals": [],
 "colors": [],
 "uvs": [[]],
  "faces": [
  2, 0, 1, 2, 0,
  2, 3, 0, 2, 0,
  2, 3, 2, 4, 0,
  2, 5, 6, 7, 0,
  2, 5, 3, 6, 0,
  2, 3, 8, 6, 0,
  2, 9, 10, 1, 0,
  2, 9, 11, 10, 0,
  2, 11, 7, 10, 0,
  2, 11, 12, 7, 0,
  2, 12, 5, 7, 0,
  2, 0, 9, 1, 0
]
 }
