 {
  "metadata" :
  {
   "formatVersion" : 3,
   "sourceFile" : "mch002r_022d",
   "generatedBy" : "Tr3 20161112",
   "vertices" : 172,
   "faces" : 172,
   "normals" : 0,
   "colors" : 0,
   "uvs" : 0,
   "materials" : 1
  },
  "scale" : 1.0,
  "materials": [{
    "DbgColor": 0,
    "DbgIndex": 0,
    "DbgName" : "Join os_temp_b_29: Temporal bone",
    "colorAmbient": [0.0, 0.0, 0.0],
    "colorDiffuse": [ 1.000, 0.784, 0.588],
    "colorSpecular": [0.16, 0.16, 0.16]
    }],
  "vertices": [
  0.0789746, 0.06259, 0.0145,
  0.0777054, 0.0619558, 0.0145,
  0.0784391, 0.0625336, 0.014,
  0.07733, 0.06464, 0.0145,
  0.0744783, 0.0629781, 0.0145,
  0.0731379, 0.0635565, 0.014,
  0.074719, 0.0628184, 0.014,
  0.0729484, 0.0637158, 0.0145,
  0.0716182, 0.0644185, 0.014,
  0.0779714, 0.0615734, 0.014,
  0.0763686, 0.0622663, 0.014,
  0.0760435, 0.0623148, 0.0145,
  0.0686248, 0.0663098, 0.0145,
  0.0675375, 0.0676024, 0.014,
  0.0687354, 0.0663308, 0.014,
  0.0674858, 0.0675698, 0.0145,
  0.0667354, 0.0690746, 0.0145,
  0.0664509, 0.0689314, 0.014,
  0.0659799, 0.0705478, 0.0145,
  0.06489, 0.07185, 0.0145,
  0.0643, 0.06984, 0.0145,
  0.0656382, 0.0687628, 0.0145,
  0.0661773, 0.0682078, 0.014,
  0.0666165, 0.0673381, 0.0145,
  0.0672245, 0.0668181, 0.014,
  0.0713617, 0.0643272, 0.0145,
  0.0700703, 0.0652126, 0.014,
  0.0699081, 0.0651983, 0.0145,
  0.0769399, 0.0633557, 0.014,
  0.0625708, 0.0661943, 0.0145,
  0.0616568, 0.0666203, 0.014,
  0.0632139, 0.06718, 0.014,
  0.0608634, 0.0661969, 0.0145,
  0.0600013, 0.0670972, 0.014,
  0.0597873, 0.0652568, 0.0145,
  0.0587242, 0.0660881, 0.014,
  0.0585719, 0.0651281, 0.014,
  0.05923, 0.0636062, 0.014,
  0.05975, 0.0635324, 0.0145,
  0.0593252, 0.0618625, 0.014,
  0.060467, 0.0621098, 0.0145,
  0.0603249, 0.060722, 0.014,
  0.0621292, 0.0618, 0.0145,
  0.0615325, 0.0602464, 0.014,
  0.0622567, 0.0605867, 0.0145,
  0.0618326, 0.0589309, 0.0145,
  0.0615637, 0.0585149, 0.014,
  0.0614247, 0.0572505, 0.0145,
  0.061006, 0.056864, 0.014,
  0.0612765, 0.0555546, 0.0145,
  0.0607126, 0.0551485, 0.014,
  0.0610545, 0.053862, 0.0145,
  0.0602503, 0.0534799, 0.014,
  0.0601416, 0.0524444, 0.0145,
  0.0589717, 0.0522909, 0.014,
  0.058801, 0.052881, 0.0145,
  0.0580909, 0.0524589, 0.014,
  0.0663354, 0.0668527, 0.014,
  0.0657383, 0.0667028, 0.0145,
  0.0647708, 0.0675643, 0.014,
  0.0641717, 0.0668085, 0.0145,
  0.0556, 0.09, 0.0145,
  0.0558605, 0.088554, 0.014,
  0.05491, 0.09, 0.014,
  0.0566185, 0.0886409, 0.0145,
  0.0570722, 0.087295, 0.014,
  0.0579517, 0.0875858, 0.0145,
  0.0585251, 0.0863819, 0.014,
  0.0593093, 0.0865622, 0.0145,
  0.0600947, 0.0856296, 0.014,
  0.0607378, 0.0856427, 0.0145,
  0.0615474, 0.0846636, 0.014,
  0.0620935, 0.0846166, 0.0145,
  0.062842, 0.0835191, 0.014,
  0.0629833, 0.0831866, 0.0145,
  0.0643931, 0.082983, 0.014,
  0.0644261, 0.0831327, 0.0145,
  0.06611, 0.0832408, 0.014,
  0.0660002, 0.083582, 0.0145,
  0.0675136, 0.0830534, 0.0145,
  0.0677306, 0.0826792, 0.014,
  0.0689364, 0.0822398, 0.0145,
  0.0689961, 0.08151, 0.014,
  0.0701586, 0.0810632, 0.0145,
  0.0705537, 0.0807186, 0.014,
  0.0716086, 0.0801753, 0.0145,
  0.0720097, 0.0797736, 0.014,
  0.0726126, 0.0788364, 0.0145,
  0.0733958, 0.0787296, 0.014,
  0.0737817, 0.0776089, 0.0145,
  0.0743459, 0.0772688, 0.014,
  0.074472, 0.0760818, 0.0145,
  0.0749922, 0.0756922, 0.014,
  0.0755156, 0.0747412, 0.0145,
  0.076021, 0.0742831, 0.014,
  0.0767796, 0.0736226, 0.0145,
  0.0772772, 0.0730685, 0.014,
  0.0777116, 0.0722033, 0.0145,
  0.0780528, 0.0716654, 0.014,
  0.078515, 0.0707048, 0.0145,
  0.0789985, 0.0702547, 0.014,
  0.0788681, 0.0690668, 0.0145,
  0.0788632, 0.06857, 0.014,
  0.07835, 0.0674972, 0.0145,
  0.0783901, 0.0669481, 0.014,
  0.0788703, 0.0659313, 0.0145,
  0.0791434, 0.065382, 0.014,
  0.0791679, 0.0642769, 0.0145,
  0.0783753, 0.0647934, 0.014,
  0.0776157, 0.0663494, 0.014,
  0.0770676, 0.0661016, 0.0145,
  0.0762795, 0.0674448, 0.014,
  0.0758331, 0.0671566, 0.0145,
  0.0745915, 0.06779, 0.014,
  0.0743345, 0.0677811, 0.0145,
  0.0728441, 0.06779, 0.014,
  0.0727236, 0.0679998, 0.0145,
  0.0717675, 0.0672037, 0.0145,
  0.0727135, 0.0664076, 0.014,
  0.0729261, 0.0660801, 0.0145,
  0.0740029, 0.065249, 0.014,
  0.0743153, 0.0652301, 0.0145,
  0.0754832, 0.0643205, 0.014,
  0.075803, 0.0645784, 0.0145,
  0.0573001, 0.057778, 0.0145,
  0.0562528, 0.059128, 0.0145,
  0.0569217, 0.0575506, 0.014,
  0.0563136, 0.0591814, 0.014,
  0.0549899, 0.06019, 0.014,
  0.0545785, 0.05933, 0.0145,
  0.0532045, 0.0602541, 0.0145,
  0.0533968, 0.0607814, 0.014,
  0.0532072, 0.0618846, 0.0145,
  0.0524277, 0.0622105, 0.014,
  0.0532185, 0.0635259, 0.0145,
  0.0522216, 0.0639137, 0.014,
  0.0536128, 0.0651741, 0.0145,
  0.0526755, 0.0655834, 0.014,
  0.0535549, 0.0669013, 0.0145,
  0.052757, 0.0673127, 0.014,
  0.0530289, 0.0685341, 0.0145,
  0.0521569, 0.0689371, 0.014,
  0.052489, 0.0701623, 0.0145,
  0.051787, 0.0706236, 0.014,
  0.0519261, 0.0717552, 0.0145,
  0.0508162, 0.0720568, 0.014,
  0.0513109, 0.0733372, 0.0145,
  0.0508108, 0.0738002, 0.014,
  0.0506697, 0.0749353, 0.0145,
  0.0503544, 0.0754853, 0.014,
  0.0505505, 0.0766535, 0.0145,
  0.0502835, 0.0771718, 0.014,
  0.0504578, 0.0783744, 0.0145,
  0.05026, 0.0789033, 0.014,
  0.0504807, 0.0800925, 0.0145,
  0.0501988, 0.0806479, 0.014,
  0.0502209, 0.0818005, 0.0145,
  0.04998, 0.08237, 0.014,
  0.0500777, 0.0835202, 0.0145,
  0.04998, 0.0839485, 0.014,
  0.0502175, 0.0852382, 0.0145,
  0.0501351, 0.0855129, 0.014,
  0.0506808, 0.0869042, 0.0145,
  0.0506384, 0.0869945, 0.014,
  0.0514711, 0.0884031, 0.0145,
  0.0512081, 0.0884519, 0.014,
  0.05147, 0.09, 0.014,
  0.05202, 0.09, 0.0145,
  0.0579843, 0.0562031, 0.0145,
  0.0572889, 0.0558431, 0.014,
  0.0578201, 0.0541798, 0.014,
  0.0585082, 0.0545673, 0.0145
 ],
 "morphTargets": [],
 "morphColors": [],
 "normals": [],
 "colors": [],
 "uvs": [[]],