 {
  "metadata" :
  {
   "formatVersion" : 3,
   "sourceFile" : "mch002r_022d",
   "generatedBy" : "Tr3 20161112",
   "vertices" : 14,
   "faces" : 14,
   "normals" : 0,
   "colors" : 0,
   "uvs" : 0,
   "materials" : 1
  },
  "scale" : 1.0,
  "materials": [{
    "DbgColor": 0,
    "DbgIndex": 0,
    "DbgName" : "os_cavmid_32: Cavity wall",
    "colorAmbient": [0.0, 0.0, 0.0],
    "colorDiffuse": [ 1.000, 0.784, 0.588],
    "colorSpecular": [0.16, 0.16, 0.16]
    }],
  "vertices": [
  0.06021, 0.07676, 0.0165,
  0.0600773, 0.0769972, 0.016,
  0.05972, 0.07689, 0.016,
  0.0605693, 0.0768987, 0.0165,
  0.0602225, 0.0772978, 0.016,
  0.0605623, 0.0772874, 0.0165,
  0.0603569, 0.0776154, 0.0165,
  0.0599441, 0.077503, 0.016,
  0.0599826, 0.0777, 0.0165,
  0.0596342, 0.0775196, 0.0165,
  0.0595728, 0.0774811, 0.016,
  0.0595522, 0.0771667, 0.0165,
  0.0594652, 0.0771624, 0.016,
  0.0598235, 0.0768769, 0.0165
 ],
 "morphTargets": [],
 "morphColors": [],
 "normals": [],
 "colors": [],
 "uvs": [[]],
  "faces": [
  2, 0, 1, 2, 0,
  2, 0, 3, 1, 0,
  2, 3, 4, 1, 0,
  2, 3, 5, 4, 0,
  2, 5, 6, 4, 0,
  2, 6, 7, 4, 0,
  2, 6, 8, 7, 0,
  2, 8, 9, 7, 0,
  2, 9, 10, 7, 0,
  2, 9, 11, 10, 0,
  2, 11, 12, 10, 0,
  2, 11, 13, 12, 0,
  2, 13, 2, 12, 0,
  2, 13, 0, 2, 0
]
 }
