 {
  "metadata" :
  {
   "formatVersion" : 3,
   "sourceFile" : "mch002r_022d",
   "generatedBy" : "Tr3 20161112",
   "vertices" : 26,
   "faces" : 25,
   "normals" : 0,
   "colors" : 0,
   "uvs" : 0,
   "materials" : 1
  },
  "scale" : 1.0,
  "materials": [{
    "DbgColor": 0,
    "DbgIndex": 0,
    "DbgName" : "Join labscc_postmed_31: Vestibule",
    "colorAmbient": [0.0, 0.0, 0.0],
    "colorDiffuse": [ 0.678, 0.847, 0.902],
    "colorSpecular": [0.16, 0.16, 0.16]
    }],
  "vertices": [
  0.06639, 0.07863, 0.0155,
  0.06645, 0.07901, 0.0155,
  0.06645, 0.07907, 0.015,
  0.06508, 0.0787, 0.0155,
  0.0657, 0.07845, 0.0155,
  0.06595, 0.07823, 0.015,
  0.06589, 0.07835, 0.0155,
  0.06614, 0.07845, 0.0155,
  0.06632, 0.07845, 0.015,
  0.06557, 0.08053, 0.0155,
  0.06498, 0.08038, 0.015,
  0.06561, 0.08035, 0.015,
  0.06489, 0.08066, 0.0155,
  0.06464, 0.0806, 0.0155,
  0.06445, 0.08029, 0.0155,
  0.06461, 0.08007, 0.015,
  0.06452, 0.07944, 0.0155,
  0.06464, 0.07957, 0.015,
  0.0647, 0.07907, 0.0155,
  0.06486, 0.07895, 0.015,
  0.06639, 0.0796, 0.0155,
  0.06632, 0.07963, 0.015,
  0.06626, 0.07988, 0.0155,
  0.06601, 0.08013, 0.015,
  0.06601, 0.08029, 0.0155,
  0.06486, 0.07857, 0.015
 ],
 "morphTargets": [],
 "morphColors": [],
 "normals": [],
 "colors": [],
 "uvs": [[]],
  "faces": [
  2, 0, 1, 2, 0,
  2, 3, 4, 5, 0,
  2, 4, 6, 5, 0,
  2, 6, 7, 5, 0,
  2, 7, 8, 5, 0,
  2, 7, 0, 8, 0,
  2, 0, 2, 8, 0,
  2, 9, 10, 11, 0,
  2, 9, 12, 10, 0,
  2, 12, 13, 10, 0,
  2, 13, 14, 10, 0,
  2, 14, 15, 10, 0,
  2, 14, 16, 15, 0,
  2, 16, 17, 15, 0,
  2, 16, 18, 17, 0,
  2, 18, 19, 17, 0,
  2, 1, 20, 2, 0,
  2, 20, 21, 2, 0,
  2, 20, 22, 21, 0,
  2, 22, 23, 21, 0,
  2, 22, 24, 23, 0,
  2, 24, 11, 23, 0,
  2, 24, 9, 11, 0,
  2, 18, 3, 19, 0,
  2, 3, 25, 19, 0
]
 }
