 {
  "metadata" :
  {
   "formatVersion" : 3,
   "sourceFile" : "mch002r_022d",
   "generatedBy" : "Tr3 20161112",
   "vertices" : 22,
   "faces" : 20,
   "normals" : 0,
   "colors" : 0,
   "uvs" : 0,
   "materials" : 1
  },
  "scale" : 1.0,
  "materials": [{
    "DbgColor": 0,
    "DbgIndex": 0,
    "DbgName" : "Cap c35: Pars tensa",
    "colorAmbient": [0.0, 0.0, 0.0],
    "colorDiffuse": [ 1.000, 1.000, 1.000],
    "colorSpecular": [0.16, 0.16, 0.16]
    }],
  "vertices": [
  0.0594536, 0.0750972, 0.0175,
  0.05887, 0.07199, 0.0175,
  0.05828, 0.07195, 0.0175,
  0.06032, 0.07033, 0.0175,
  0.059515, 0.0710975, 0.0175,
  0.060655, 0.07009, 0.0175,
  0.060025, 0.070565, 0.0175,
  0.05973, 0.0708, 0.0175,
  0.06126, 0.06974, 0.0175,
  0.059085, 0.0716925, 0.0175,
  0.0593, 0.071395, 0.0175,
  0.06099, 0.06985, 0.0175,
  0.061325, 0.06961, 0.0175,
  0.06166, 0.06937, 0.0175,
  0.0643625, 0.0684518, 0.0175,
  0.0669304, 0.0708104, 0.0175,
  0.0675084, 0.0675885, 0.0175,
  0.065262, 0.0776789, 0.0175,
  0.061473, 0.0777297, 0.0175,
  0.0629046, 0.0796959, 0.0175,
  0.0638323, 0.0761038, 0.0175,
  0.0649969, 0.0735253, 0.0175
 ],
 "morphTargets": [],
 "morphColors": [],
 "normals": [],
 "colors": [],
 "uvs": [[]],
  "faces": [
  2, 0, 1, 2, 0,
  2, 3, 4, 5, 0,
  2, 6, 4, 3, 0,
  2, 6, 7, 4, 0,
  2, 8, 9, 1, 0,
  2, 8, 10, 9, 0,
  2, 8, 4, 10, 0,
  2, 11, 4, 8, 0,
  2, 5, 4, 11, 0,
  2, 12, 8, 13, 0,
  2, 11, 8, 12, 0,
  2, 14, 15, 16, 0,
  2, 8, 1, 0, 0,
  2, 17, 18, 19, 0,
  2, 20, 18, 17, 0,
  2, 20, 0, 18, 0,
  2, 14, 21, 15, 0,
  2, 8, 21, 14, 0,
  2, 21, 0, 20, 0,
  2, 8, 0, 21, 0
]
 }
