 {
  "metadata" :
  {
   "formatVersion" : 3,
   "sourceFile" : "mch002r_022d",
   "generatedBy" : "Tr3 20161112",
   "vertices" : 31,
   "faces" : 29,
   "normals" : 0,
   "colors" : 0,
   "uvs" : 0,
   "materials" : 1
  },
  "scale" : 1.0,
  "materials": [{
    "DbgColor": 0,
    "DbgIndex": 0,
    "DbgName" : "Cap os_temp_ant_01_head: Temporal bone (cut surface)",
    "colorAmbient": [0.0, 0.0, 0.0],
    "colorDiffuse": [ 1.000, 0.784, 0.588],
    "colorSpecular": [0.16, 0.16, 0.16]
    }],
  "vertices": [
  0.0481568, 0.0538567, 0.0005,
  0.0487901, 0.0551888, 0.0005,
  0.0494146, 0.0535903, 0.0005,
  0.0462186, 0.0586413, 0.0005,
  0.0472157, 0.0601051, 0.0005,
  0.0477439, 0.0584674, 0.0005,
  0.0456467, 0.060261, 0.0005,
  0.0466685, 0.0617364, 0.0005,
  0.0475108, 0.0554516, 0.0005,
  0.0482721, 0.0568297, 0.0005,
  0.0468647, 0.0570464, 0.0005,
  0.0444123, 0.0751752, 0.0005,
  0.0435977, 0.0753576, 0.0005,
  0.04432, 0.07686, 0.0005,
  0.0488029, 0.0522618, 0.0005,
  0.050109, 0.0520168, 0.0005,
  0.0440122, 0.0686363, 0.0005,
  0.0450314, 0.068404, 0.0005,
  0.0443693, 0.0669582, 0.0005,
  0.0445271, 0.0700472, 0.0005,
  0.0435436, 0.0702921, 0.0005,
  0.0444226, 0.0717601, 0.0005,
  0.043277, 0.0719727, 0.0005,
  0.0442551, 0.0734725, 0.0005,
  0.043486, 0.0736676, 0.0005,
  0.0454028, 0.0619584, 0.0005,
  0.0461574, 0.0633759, 0.0005,
  0.0450621, 0.0636288, 0.0005,
  0.0458394, 0.065067, 0.0005,
  0.0445777, 0.0652501, 0.0005,
  0.0455143, 0.0667568, 0.0005
 ],
 "morphTargets": [],
 "morphColors": [],
 "normals": [],
 "colors": [],
 "uvs": [[]],
  "faces": [
  2, 0, 1, 2, 0,
  2, 3, 4, 5, 0,
  2, 6, 4, 3, 0,
  2, 6, 7, 4, 0,
  2, 8, 1, 0, 0,
  2, 8, 9, 1, 0,
  2, 10, 9, 8, 0,
  2, 10, 5, 9, 0,
  2, 3, 5, 10, 0,
  2, 11, 12, 13, 0,
  2, 14, 2, 15, 0,
  2, 0, 2, 14, 0,
  2, 16, 17, 18, 0,
  2, 16, 19, 17, 0,
  2, 20, 19, 16, 0,
  2, 20, 21, 19, 0,
  2, 22, 21, 20, 0,
  2, 22, 23, 21, 0,
  2, 24, 23, 22, 0,
  2, 24, 11, 23, 0,
  2, 25, 7, 6, 0,
  2, 25, 26, 7, 0,
  2, 27, 26, 25, 0,
  2, 27, 28, 26, 0,
  2, 29, 28, 27, 0,
  2, 29, 30, 28, 0,
  2, 18, 30, 29, 0,
  2, 18, 17, 30, 0,
  2, 11, 24, 12, 0
]
 }
