 {
  "metadata" :
  {
   "formatVersion" : 3,
   "sourceFile" : "mch002r_022d",
   "generatedBy" : "Tr3 20161112",
   "vertices" : 67,
   "faces" : 65,
   "normals" : 0,
   "colors" : 0,
   "uvs" : 0,
   "materials" : 1
  },
  "scale" : 1.0,
  "materials": [{
    "DbgColor": 0,
    "DbgIndex": 0,
    "DbgName" : "Join os_temp_b_32: Temporal bone",
    "colorAmbient": [0.0, 0.0, 0.0],
    "colorDiffuse": [ 1.000, 0.784, 0.588],
    "colorSpecular": [0.16, 0.16, 0.16]
    }],
  "vertices": [
  0.059484, 0.087371, 0.016,
  0.0599849, 0.086151, 0.0155,
  0.0588693, 0.0874454, 0.0155,
  0.0605114, 0.0860083, 0.016,
  0.0620333, 0.0853596, 0.016,
  0.0625999, 0.0840691, 0.0155,
  0.0614748, 0.0853199, 0.0155,
  0.0630604, 0.0840732, 0.016,
  0.0637557, 0.0833854, 0.0155,
  0.0645371, 0.08471, 0.016,
  0.0648717, 0.0844814, 0.0155,
  0.0661586, 0.0842318, 0.016,
  0.05729, 0.09, 0.016,
  0.0576968, 0.0886911, 0.0155,
  0.0566, 0.09, 0.0155,
  0.0584138, 0.0887084, 0.016,
  0.069938, 0.0808321, 0.016,
  0.0705515, 0.0809776, 0.0155,
  0.0693321, 0.0821755, 0.0155,
  0.0706801, 0.0796683, 0.016,
  0.0710073, 0.0797196, 0.0155,
  0.0705754, 0.07882, 0.0155,
  0.0707871, 0.0783095, 0.016,
  0.0721683, 0.0784427, 0.0155,
  0.0723499, 0.077722, 0.016,
  0.0730808, 0.0770636, 0.0155,
  0.0736625, 0.0766282, 0.016,
  0.0743437, 0.0759759, 0.0155,
  0.0745631, 0.075244, 0.016,
  0.075187, 0.0745695, 0.0155,
  0.0756673, 0.0739375, 0.016,
  0.0764652, 0.0734338, 0.0155,
  0.0765809, 0.0724935, 0.016,
  0.0772237, 0.0719306, 0.0155,
  0.0772792, 0.0709327, 0.016,
  0.0779136, 0.0703648, 0.0155,
  0.077805, 0.0693023, 0.016,
  0.0781779, 0.0687032, 0.0155,
  0.07737, 0.0676784, 0.016,
  0.0779138, 0.067068, 0.0155,
  0.0775396, 0.0659807, 0.016,
  0.0783244, 0.0654134, 0.0155,
  0.0780088, 0.0643377, 0.016,
  0.07854, 0.0637258, 0.0155,
  0.066454, 0.0838842, 0.0155,
  0.067566, 0.0832712, 0.016,
  0.068038, 0.0832331, 0.0155,
  0.0687937, 0.0821055, 0.016,
  0.0746927, 0.0647949, 0.016,
  0.0730125, 0.06484, 0.016,
  0.0742311, 0.0641863, 0.0155,
  0.0725872, 0.0646591, 0.0155,
  0.0713172, 0.065047, 0.016,
  0.0709011, 0.0648938, 0.0155,
  0.0697795, 0.0657026, 0.016,
  0.0693592, 0.0656072, 0.0155,
  0.0685758, 0.0668548, 0.016,
  0.0683034, 0.0669253, 0.0155,
  0.0675553, 0.0682182, 0.016,
  0.0672429, 0.0682436, 0.0155,
  0.06685, 0.06969, 0.016,
  0.06663, 0.0698088, 0.0155,
  0.06575, 0.07123, 0.0155,
  0.0776791, 0.0631965, 0.016,
  0.076184, 0.0640156, 0.016,
  0.0774538, 0.0630442, 0.0155,
  0.0758727, 0.0636982, 0.0155
 ],
 "morphTargets": [],
 "morphColors": [],
 "normals": [],
 "colors": [],
 "uvs": [[]],
  "faces": [
  2, 0, 1, 2, 0,
  2, 0, 3, 1, 0,
  2, 4, 5, 6, 0,
  2, 4, 7, 5, 0,
  2, 7, 8, 5, 0,
  2, 7, 9, 8, 0,
  2, 9, 10, 8, 0,
  2, 9, 11, 10, 0,
  2, 3, 6, 1, 0,
  2, 3, 4, 6, 0,
  2, 12, 13, 14, 0,
  2, 12, 15, 13, 0,
  2, 15, 2, 13, 0,
  2, 15, 0, 2, 0,
  2, 16, 17, 18, 0,
  2, 16, 19, 17, 0,
  2, 19, 20, 17, 0,
  2, 19, 21, 20, 0,
  2, 19, 22, 21, 0,
  2, 22, 23, 21, 0,
  2, 22, 24, 23, 0,
  2, 24, 25, 23, 0,
  2, 24, 26, 25, 0,
  2, 26, 27, 25, 0,
  2, 26, 28, 27, 0,
  2, 28, 29, 27, 0,
  2, 28, 30, 29, 0,
  2, 30, 31, 29, 0,
  2, 30, 32, 31, 0,
  2, 32, 33, 31, 0,
  2, 32, 34, 33, 0,
  2, 34, 35, 33, 0,
  2, 34, 36, 35, 0,
  2, 36, 37, 35, 0,
  2, 36, 38, 37, 0,
  2, 38, 39, 37, 0,
  2, 38, 40, 39, 0,
  2, 40, 41, 39, 0,
  2, 40, 42, 41, 0,
  2, 42, 43, 41, 0,
  2, 11, 44, 10, 0,
  2, 11, 45, 44, 0,
  2, 45, 46, 44, 0,
  2, 45, 47, 46, 0,
  2, 47, 18, 46, 0,
  2, 47, 16, 18, 0,
  2, 48, 49, 50, 0,
  2, 49, 51, 50, 0,
  2, 49, 52, 51, 0,
  2, 52, 53, 51, 0,
  2, 52, 54, 53, 0,
  2, 54, 55, 53, 0,
  2, 54, 56, 55, 0,
  2, 56, 57, 55, 0,
  2, 56, 58, 57, 0,
  2, 58, 59, 57, 0,
  2, 58, 60, 59, 0,
  2, 60, 61, 59, 0,
  2, 60, 62, 61, 0,
  2, 63, 64, 65, 0,
  2, 64, 66, 65, 0,
  2, 64, 48, 66, 0,
  2, 48, 50, 66, 0,
  2, 42, 63, 43, 0,
  2, 63, 65, 43, 0
]
 }
