 {
  "metadata" :
  {
   "formatVersion" : 3,
   "sourceFile" : "mch002r_022d",
   "generatedBy" : "Tr3 20161112",
   "vertices" : 28,
   "faces" : 26,
   "normals" : 0,
   "colors" : 0,
   "uvs" : 0,
   "materials" : 1
  },
  "scale" : 1.0,
  "materials": [{
    "DbgColor": 0,
    "DbgIndex": 0,
    "DbgName" : "skin_ext_post_22: Skin",
    "colorAmbient": [0.0, 0.0, 0.0],
    "colorDiffuse": [ 1.000, 0.753, 0.796],
    "colorSpecular": [0.16, 0.16, 0.16]
    }],
  "vertices": [
  0.0417, 0.09, 0.0115,
  0.0418783, 0.0916112, 0.011,
  0.04151, 0.09, 0.011,
  0.0421028, 0.0915946, 0.0115,
  0.0422498, 0.0932207, 0.011,
  0.0425088, 0.093188, 0.0115,
  0.04264, 0.0948204, 0.011,
  0.0429829, 0.0947631, 0.0115,
  0.0430491, 0.0964072, 0.011,
  0.0434046, 0.0963529, 0.0115,
  0.0435703, 0.0979759, 0.011,
  0.0438909, 0.0979238, 0.0115,
  0.0440889, 0.0995456, 0.011,
  0.0444277, 0.0994782, 0.0115,
  0.0447551, 0.101058, 0.011,
  0.0450104, 0.101016, 0.0115,
  0.0454341, 0.102565, 0.011,
  0.045628, 0.102541, 0.0115,
  0.0459116, 0.104142, 0.011,
  0.0462489, 0.104064, 0.0115,
  0.0466521, 0.105606, 0.011,
  0.0469011, 0.105573, 0.0115,
  0.0476469, 0.107039, 0.0115,
  0.0473976, 0.107077, 0.011,
  0.0480566, 0.10859, 0.011,
  0.04837, 0.108516, 0.0115,
  0.04892, 0.11, 0.011,
  0.04908, 0.11, 0.0115
 ],
 "morphTargets": [],
 "morphColors": [],
 "normals": [],
 "colors": [],
 "uvs": [[]],
  "faces": [
  2, 0, 1, 2, 0,
  2, 0, 3, 1, 0,
  2, 3, 4, 1, 0,
  2, 3, 5, 4, 0,
  2, 5, 6, 4, 0,
  2, 5, 7, 6, 0,
  2, 7, 8, 6, 0,
  2, 7, 9, 8, 0,
  2, 9, 10, 8, 0,
  2, 9, 11, 10, 0,
  2, 11, 12, 10, 0,
  2, 11, 13, 12, 0,
  2, 13, 14, 12, 0,
  2, 13, 15, 14, 0,
  2, 15, 16, 14, 0,
  2, 15, 17, 16, 0,
  2, 17, 18, 16, 0,
  2, 17, 19, 18, 0,
  2, 19, 20, 18, 0,
  2, 19, 21, 20, 0,
  2, 21, 22, 20, 0,
  2, 22, 23, 20, 0,
  2, 22, 24, 23, 0,
  2, 22, 25, 24, 0,
  2, 25, 26, 24, 0,
  2, 25, 27, 26, 0
]
 }
