 {
  "metadata" :
  {
   "formatVersion" : 3,
   "sourceFile" : "mch002r_022d",
   "generatedBy" : "Tr3 20161112",
   "vertices" : 43,
   "faces" : 62,
   "normals" : 0,
   "colors" : 0,
   "uvs" : 0,
   "materials" : 1
  },
  "scale" : 1.0,
  "materials": [{
    "DbgColor": 0,
    "DbgIndex": 0,
    "DbgName" : "tm_medant_35: Pars tensa",
    "colorAmbient": [0.0, 0.0, 0.0],
    "colorDiffuse": [ 1.000, 1.000, 1.000],
    "colorSpecular": [0.16, 0.16, 0.16]
    }],
  "vertices": [
  0.0613, 0.07101, 0.018,
  0.0615599, 0.0706842, 0.018,
  0.06032, 0.07033, 0.0175,
  0.060655, 0.07009, 0.0175,
  0.0618198, 0.0703585, 0.018,
  0.06099, 0.06985, 0.0175,
  0.0620658, 0.0700232, 0.018,
  0.061325, 0.06961, 0.0175,
  0.0622738, 0.0696621, 0.018,
  0.06166, 0.06937, 0.0175,
  0.0624819, 0.0693011, 0.018,
  0.06269, 0.06894, 0.018,
  0.06232, 0.07197, 0.0185,
  0.0624317, 0.0715484, 0.0185,
  0.0625434, 0.0711269, 0.0185,
  0.0626693, 0.0707103, 0.0185,
  0.0628443, 0.0703109, 0.0185,
  0.0630193, 0.0699114, 0.0185,
  0.0632277, 0.0695296, 0.0185,
  0.0634589, 0.0691598, 0.0185,
  0.06369, 0.06879, 0.0185,
  0.06303, 0.07265, 0.019,
  0.0631141, 0.0722548, 0.019,
  0.0631981, 0.0718597, 0.019,
  0.0632915, 0.0714667, 0.019,
  0.0633904, 0.071075, 0.019,
  0.0635013, 0.0706873, 0.019,
  0.0636609, 0.0703162, 0.019,
  0.0638205, 0.0699451, 0.019,
  0.0639957, 0.0695812, 0.019,
  0.0641778, 0.0692206, 0.019,
  0.06436, 0.06886, 0.019,
  0.06354, 0.07292, 0.0195,
  0.0636388, 0.0725298, 0.0195,
  0.0637376, 0.0721397, 0.0195,
  0.0638364, 0.0717495, 0.0195,
  0.0639372, 0.0713599, 0.0195,
  0.0640739, 0.0709814, 0.0195,
  0.0642106, 0.0706028, 0.0195,
  0.0643563, 0.0702281, 0.0195,
  0.0645375, 0.0698687, 0.0195,
  0.0647188, 0.0695094, 0.0195,
  0.0649, 0.06915, 0.0195
 ],
 "morphTargets": [],
 "morphColors": [],
 "normals": [],
 "colors": [],
 "uvs": [[]],
  "faces": [
  2, 0, 1, 2, 0,
  2, 1, 3, 2, 0,
  2, 1, 4, 3, 0,
  2, 4, 5, 3, 0,
  2, 4, 6, 5, 0,
  2, 6, 7, 5, 0,
  2, 6, 8, 7, 0,
  2, 8, 9, 7, 0,
  2, 8, 10, 9, 0,
  2, 10, 11, 9, 0,
  2, 12, 13, 0, 0,
  2, 13, 1, 0, 0,
  2, 13, 14, 1, 0,
  2, 14, 4, 1, 0,
  2, 14, 15, 4, 0,
  2, 15, 6, 4, 0,
  2, 15, 16, 6, 0,
  2, 16, 8, 6, 0,
  2, 16, 17, 8, 0,
  2, 17, 10, 8, 0,
  2, 17, 18, 10, 0,
  2, 18, 11, 10, 0,
  2, 18, 19, 11, 0,
  2, 19, 20, 11, 0,
  2, 21, 22, 12, 0,
  2, 22, 23, 12, 0,
  2, 23, 13, 12, 0,
  2, 23, 24, 13, 0,
  2, 24, 14, 13, 0,
  2, 24, 25, 14, 0,
  2, 25, 15, 14, 0,
  2, 25, 26, 15, 0,
  2, 26, 16, 15, 0,
  2, 26, 27, 16, 0,
  2, 27, 17, 16, 0,
  2, 27, 28, 17, 0,
  2, 28, 18, 17, 0,
  2, 28, 29, 18, 0,
  2, 29, 19, 18, 0,
  2, 29, 30, 19, 0,
  2, 30, 20, 19, 0,
  2, 30, 31, 20, 0,
  2, 32, 33, 21, 0,
  2, 33, 22, 21, 0,
  2, 33, 34, 22, 0,
  2, 34, 23, 22, 0,
  2, 34, 35, 23, 0,
  2, 35, 24, 23, 0,
  2, 35, 36, 24, 0,
  2, 36, 25, 24, 0,
  2, 36, 37, 25, 0,
  2, 37, 26, 25, 0,
  2, 37, 38, 26, 0,
  2, 38, 27, 26, 0,
  2, 38, 39, 27, 0,
  2, 39, 28, 27, 0,
  2, 39, 40, 28, 0,
  2, 40, 29, 28, 0,
  2, 40, 41, 29, 0,
  2, 41, 30, 29, 0,
  2, 41, 42, 30, 0,
  2, 42, 31, 30, 0
]
 }
