 {
  "metadata" :
  {
   "formatVersion" : 3,
   "sourceFile" : "mch002r_022d",
   "generatedBy" : "Tr3 20161112",
   "vertices" : 68,
   "faces" : 66,
   "normals" : 0,
   "colors" : 0,
   "uvs" : 0,
   "materials" : 1
  },
  "scale" : 1.0,
  "materials": [{
    "DbgColor": 0,
    "DbgIndex": 0,
    "DbgName" : "Join skin_48: Skin",
    "colorAmbient": [0.0, 0.0, 0.0],
    "colorDiffuse": [ 1.000, 0.753, 0.796],
    "colorSpecular": [0.16, 0.16, 0.16]
    }],
  "vertices": [
  0.04226, 0.05, 0.024,
  0.041978, 0.0516969, 0.024,
  0.04226, 0.05, 0.0235,
  0.04095, 0.0567061, 0.024,
  0.04095, 0.0567651, 0.0235,
  0.0412899, 0.0550849, 0.0235,
  0.0406112, 0.0583901, 0.024,
  0.0405953, 0.0584622, 0.0235,
  0.0402224, 0.0601573, 0.0235,
  0.0402414, 0.0600708, 0.024,
  0.0400201, 0.061776, 0.024,
  0.0400086, 0.0618787, 0.0235,
  0.0399898, 0.0634899, 0.024,
  0.0399975, 0.0636077, 0.0235,
  0.040438, 0.0651384, 0.024,
  0.0419747, 0.0517113, 0.0235,
  0.0417, 0.0533866, 0.024,
  0.0417, 0.0534161, 0.0235,
  0.0413039, 0.0550429, 0.024,
  0.0428915, 0.0695758, 0.024,
  0.0436233, 0.0690317, 0.0235,
  0.0421321, 0.0681523, 0.0235,
  0.0453153, 0.069068, 0.0235,
  0.0468026, 0.0697152, 0.0235,
  0.0462596, 0.0712372, 0.0235,
  0.0448417, 0.0719852, 0.0235,
  0.0433398, 0.0711154, 0.0235,
  0.0432162, 0.0711553, 0.024,
  0.041706, 0.0706506, 0.0235,
  0.0421065, 0.0723651, 0.024,
  0.0402066, 0.0713662, 0.0235,
  0.0406187, 0.0732274, 0.024,
  0.0393148, 0.0728552, 0.0235,
  0.0399177, 0.0747653, 0.024,
  0.038423, 0.0743442, 0.0235,
  0.0380528, 0.0760004, 0.0235,
  0.03983, 0.0764697, 0.024,
  0.0375072, 0.0775631, 0.0235,
  0.0403114, 0.0780453, 0.024,
  0.0362879, 0.0787925, 0.0235,
  0.0351034, 0.0800525, 0.0235,
  0.0344145, 0.0815909, 0.0235,
  0.0355376, 0.0828036, 0.0235,
  0.037218, 0.0828518, 0.0235,
  0.0387786, 0.0821128, 0.0235,
  0.0402614, 0.0812108, 0.0235,
  0.0417442, 0.0803087, 0.0235,
  0.0404821, 0.0652637, 0.0235,
  0.0409088, 0.066785, 0.024,
  0.0409807, 0.0669139, 0.0235,
  0.0418703, 0.068202, 0.024,
  0.0457555, 0.0819643, 0.024,
  0.0461543, 0.0817988, 0.0235,
  0.0450366, 0.0806893, 0.0235,
  0.0467841, 0.0833382, 0.024,
  0.0470911, 0.0832116, 0.0235,
  0.047161, 0.0848435, 0.0235,
  0.0471517, 0.0848868, 0.024,
  0.0467903, 0.0865693, 0.024,
  0.0467965, 0.0865404, 0.0235,
  0.0466535, 0.0882669, 0.0235,
  0.0466527, 0.0882817, 0.024,
  0.04656, 0.09, 0.024,
  0.04656, 0.09, 0.0235,
  0.0417387, 0.0788776, 0.024,
  0.0433013, 0.0795598, 0.024,
  0.0434057, 0.0803431, 0.0235,
  0.0445847, 0.0807062, 0.024
 ],
 "morphTargets": [],
 "morphColors": [],
 "normals": [],
 "colors": [],
 "uvs": [[]],
  "faces": [
  2, 0, 1, 2, 0,
  2, 3, 4, 5, 0,
  2, 3, 6, 4, 0,
  2, 6, 7, 4, 0,
  2, 6, 8, 7, 0,
  2, 6, 9, 8, 0,
  2, 9, 10, 8, 0,
  2, 10, 11, 8, 0,
  2, 10, 12, 11, 0,
  2, 12, 13, 11, 0,
  2, 12, 14, 13, 0,
  2, 1, 15, 2, 0,
  2, 1, 16, 15, 0,
  2, 16, 17, 15, 0,
  2, 16, 18, 17, 0,
  2, 18, 5, 17, 0,
  2, 18, 3, 5, 0,
  2, 19, 20, 21, 0,
  2, 19, 22, 20, 0,
  2, 19, 23, 22, 0,
  2, 19, 24, 23, 0,
  2, 19, 25, 24, 0,
  2, 19, 26, 25, 0,
  2, 19, 27, 26, 0,
  2, 27, 28, 26, 0,
  2, 27, 29, 28, 0,
  2, 29, 30, 28, 0,
  2, 29, 31, 30, 0,
  2, 31, 32, 30, 0,
  2, 31, 33, 32, 0,
  2, 33, 34, 32, 0,
  2, 33, 35, 34, 0,
  2, 33, 36, 35, 0,
  2, 36, 37, 35, 0,
  2, 36, 38, 37, 0,
  2, 38, 39, 37, 0,
  2, 38, 40, 39, 0,
  2, 38, 41, 40, 0,
  2, 38, 42, 41, 0,
  2, 38, 43, 42, 0,
  2, 38, 44, 43, 0,
  2, 38, 45, 44, 0,
  2, 38, 46, 45, 0,
  2, 14, 47, 13, 0,
  2, 14, 48, 47, 0,
  2, 48, 49, 47, 0,
  2, 48, 50, 49, 0,
  2, 50, 21, 49, 0,
  2, 50, 19, 21, 0,
  2, 51, 52, 53, 0,
  2, 51, 54, 52, 0,
  2, 54, 55, 52, 0,
  2, 54, 56, 55, 0,
  2, 54, 57, 56, 0,
  2, 57, 58, 56, 0,
  2, 58, 59, 56, 0,
  2, 58, 60, 59, 0,
  2, 58, 61, 60, 0,
  2, 61, 62, 60, 0,
  2, 62, 63, 60, 0,
  2, 38, 64, 46, 0,
  2, 64, 65, 46, 0,
  2, 65, 66, 46, 0,
  2, 65, 67, 66, 0,
  2, 67, 53, 66, 0,
  2, 67, 51, 53, 0
]
 }
