 {
  "metadata" :
  {
   "formatVersion" : 3,
   "sourceFile" : "mch002r_022d",
   "generatedBy" : "Tr3 20161112",
   "vertices" : 20,
   "faces" : 18,
   "normals" : 0,
   "colors" : 0,
   "uvs" : 0,
   "materials" : 1
  },
  "scale" : 1.0,
  "materials": [{
    "DbgColor": 0,
    "DbgIndex": 0,
    "DbgName" : "Join os_occcond_cut_42: Occipital bone (condylar part)",
    "colorAmbient": [0.0, 0.0, 0.0],
    "colorDiffuse": [ 1.000, 0.784, 0.588],
    "colorSpecular": [0.16, 0.16, 0.16]
    }],
  "vertices": [
  0.0640111, 0.09, 0.021,
  0.0656822, 0.09, 0.021,
  0.06244, 0.09, 0.0205,
  0.0706956, 0.09, 0.021,
  0.0723667, 0.09, 0.021,
  0.0673233, 0.09, 0.0205,
  0.0740378, 0.09, 0.021,
  0.0673533, 0.09, 0.021,
  0.0690245, 0.09, 0.021,
  0.0640678, 0.09, 0.0205,
  0.0656956, 0.09, 0.0205,
  0.0757089, 0.09, 0.021,
  0.07738, 0.09, 0.021,
  0.0754622, 0.09, 0.0205,
  0.07709, 0.09, 0.0205,
  0.0689511, 0.09, 0.0205,
  0.0705789, 0.09, 0.0205,
  0.0722067, 0.09, 0.0205,
  0.0738345, 0.09, 0.0205,
  0.06234, 0.09, 0.021
 ],
 "morphTargets": [],
 "morphColors": [],
 "normals": [],
 "colors": [],
 "uvs": [[]],
  "faces": [
  2, 0, 1, 2, 0,
  2, 3, 4, 5, 0,
  2, 4, 6, 5, 0,
  2, 1, 7, 2, 0,
  2, 7, 8, 2, 0,
  2, 8, 3, 2, 0,
  2, 3, 9, 2, 0,
  2, 3, 10, 9, 0,
  2, 3, 5, 10, 0,
  2, 11, 12, 13, 0,
  2, 12, 14, 13, 0,
  2, 6, 15, 5, 0,
  2, 6, 16, 15, 0,
  2, 6, 17, 16, 0,
  2, 6, 18, 17, 0,
  2, 6, 11, 18, 0,
  2, 11, 13, 18, 0,
  2, 19, 0, 2, 0
]
 }
