 {
  "metadata" :
  {
   "formatVersion" : 3,
   "sourceFile" : "mch002r_022d",
   "generatedBy" : "Tr3 20161112",
   "vertices" : 34,
   "faces" : 45,
   "normals" : 0,
   "colors" : 0,
   "uvs" : 0,
   "materials" : 1
  },
  "scale" : 1.0,
  "materials": [{
    "DbgColor": 0,
    "DbgIndex": 0,
    "DbgName" : "Cap coc_035: coc",
    "colorAmbient": [0.0, 0.0, 0.0],
    "colorDiffuse": [ 0.565, 0.933, 0.565],
    "colorSpecular": [0.16, 0.16, 0.16]
    }],
  "vertices": [
  0.0665659, 0.0748314, 0.018,
  0.06645, 0.07536, 0.018,
  0.0659717, 0.0749155, 0.018,
  0.06598, 0.07549, 0.018,
  0.06557, 0.07511, 0.018,
  0.0680691, 0.0747434, 0.018,
  0.06791, 0.07524, 0.018,
  0.0675193, 0.0747446, 0.018,
  0.06713, 0.0753, 0.018,
  0.0670172, 0.0746872, 0.018,
  0.0687641, 0.0740183, 0.018,
  0.0689677, 0.0744899, 0.018,
  0.0684068, 0.0743764, 0.018,
  0.0693153, 0.0740247, 0.018,
  0.0661551, 0.0744153, 0.018,
  0.0666702, 0.0743084, 0.018,
  0.0671998, 0.0742501, 0.018,
  0.0677894, 0.0742461, 0.018,
  0.069, 0.07355, 0.018,
  0.06978, 0.07343, 0.018,
  0.06991, 0.07411, 0.018,
  0.06947, 0.07455, 0.018,
  0.06913, 0.07486, 0.018,
  0.06872, 0.07511, 0.018,
  0.06679, 0.0738, 0.018,
  0.06741, 0.07371, 0.018,
  0.06813, 0.07365, 0.018,
  0.07019, 0.07386, 0.018,
  0.06551, 0.07474, 0.018,
  0.06557, 0.07446, 0.018,
  0.06586, 0.07411, 0.018,
  0.06629, 0.07386, 0.018,
  0.07019, 0.07346, 0.018,
  0.07041, 0.07355, 0.018
 ],
 "morphTargets": [],
 "morphColors": [],
 "normals": [],
 "colors": [],
 "uvs": [[]],
  "faces": [
  2, 0, 1, 2, 0,
  2, 2, 1, 3, 0,
  2, 2, 3, 4, 0,
  2, 5, 6, 7, 0,
  2, 7, 6, 8, 0,
  2, 7, 8, 9, 0,
  2, 9, 8, 0, 0,
  2, 0, 8, 1, 0,
  2, 10, 11, 12, 0,
  2, 10, 13, 11, 0,
  2, 14, 0, 2, 0,
  2, 14, 15, 0, 0,
  2, 15, 9, 0, 0,
  2, 15, 16, 9, 0,
  2, 16, 7, 9, 0,
  2, 16, 17, 7, 0,
  2, 17, 5, 7, 0,
  2, 17, 12, 5, 0,
  2, 10, 18, 13, 0,
  2, 13, 18, 19, 0,
  2, 13, 20, 21, 0,
  2, 13, 21, 11, 0,
  2, 11, 21, 22, 0,
  2, 11, 22, 23, 0,
  2, 11, 23, 12, 0,
  2, 12, 23, 5, 0,
  2, 5, 23, 6, 0,
  2, 15, 24, 16, 0,
  2, 16, 24, 25, 0,
  2, 16, 25, 17, 0,
  2, 17, 25, 26, 0,
  2, 17, 26, 12, 0,
  2, 18, 10, 26, 0,
  2, 26, 10, 12, 0,
  2, 13, 19, 20, 0,
  2, 20, 19, 27, 0,
  2, 2, 4, 28, 0,
  2, 2, 28, 29, 0,
  2, 2, 29, 14, 0,
  2, 14, 29, 30, 0,
  2, 14, 30, 31, 0,
  2, 14, 31, 15, 0,
  2, 15, 31, 24, 0,
  2, 32, 33, 27, 0,
  2, 19, 32, 27, 0
]
 }
