 {
  "metadata" :
  {
   "formatVersion" : 3,
   "sourceFile" : "mch002r_022d",
   "generatedBy" : "Tr3 20161112",
   "vertices" : 21,
   "faces" : 19,
   "normals" : 0,
   "colors" : 0,
   "uvs" : 0,
   "materials" : 1
  },
  "scale" : 1.0,
  "materials": [{
    "DbgColor": 0,
    "DbgIndex": 0,
    "DbgName" : "Join os_temp_mid_b_34: Temporal bone",
    "colorAmbient": [0.0, 0.0, 0.0],
    "colorDiffuse": [ 1.000, 0.784, 0.588],
    "colorSpecular": [0.16, 0.16, 0.16]
    }],
  "vertices": [
  0.0661851, 0.0646969, 0.017,
  0.0646755, 0.0640193, 0.017,
  0.066094, 0.0643046, 0.0165,
  0.06408, 0.06844, 0.017,
  0.0653844, 0.0673974, 0.017,
  0.06509, 0.06809, 0.0165,
  0.0664174, 0.0670444, 0.0165,
  0.0664947, 0.066154, 0.017,
  0.06708, 0.0655366, 0.0165,
  0.0633076, 0.0597736, 0.017,
  0.0625553, 0.0585827, 0.0165,
  0.0637764, 0.0597288, 0.0165,
  0.0618758, 0.059, 0.017,
  0.0609085, 0.0583848, 0.0165,
  0.0592362, 0.0583289, 0.0165,
  0.0554679, 0.060969, 0.0165,
  0.0640691, 0.0627434, 0.017,
  0.0642331, 0.0611206, 0.017,
  0.0639684, 0.0614088, 0.0165,
  0.0638047, 0.0630991, 0.0165,
  0.064477, 0.0639815, 0.0165
 ],
 "morphTargets": [],
 "morphColors": [],
 "normals": [],
 "colors": [],
 "uvs": [[]],
  "faces": [
  2, 0, 1, 2, 0,
  2, 3, 4, 5, 0,
  2, 4, 6, 5, 0,
  2, 4, 7, 6, 0,
  2, 7, 8, 6, 0,
  2, 7, 0, 8, 0,
  2, 0, 2, 8, 0,
  2, 9, 10, 11, 0,
  2, 9, 12, 10, 0,
  2, 12, 13, 10, 0,
  2, 12, 14, 13, 0,
  2, 12, 15, 14, 0,
  2, 16, 17, 18, 0,
  2, 17, 11, 18, 0,
  2, 17, 9, 11, 0,
  2, 16, 18, 19, 0,
  2, 1, 20, 2, 0,
  2, 1, 16, 20, 0,
  2, 16, 19, 20, 0
]
 }
