 {
  "metadata" :
  {
   "formatVersion" : 3,
   "sourceFile" : "mch002r_022d",
   "generatedBy" : "Tr3 20161112",
   "vertices" : 18,
   "faces" : 20,
   "normals" : 0,
   "colors" : 0,
   "uvs" : 0,
   "materials" : 1
  },
  "scale" : 1.0,
  "materials": [{
    "DbgColor": 0,
    "DbgIndex": 0,
    "DbgName" : "labvest_lat_26: Vestibule",
    "colorAmbient": [0.0, 0.0, 0.0],
    "colorDiffuse": [ 0.678, 0.847, 0.902],
    "colorSpecular": [0.16, 0.16, 0.16]
    }],
  "vertices": [
  0.06341, 0.07912, 0.0135,
  0.06333, 0.07873, 0.013,
  0.06322, 0.07923, 0.013,
  0.06347, 0.07854, 0.0135,
  0.06333, 0.07838, 0.013,
  0.06344, 0.07785, 0.0135,
  0.06327, 0.07795, 0.013,
  0.06305, 0.07748, 0.013,
  0.06342, 0.07729, 0.0135,
  0.06283, 0.07704, 0.013,
  0.06352, 0.07658, 0.0135,
  0.06355, 0.07631, 0.0135,
  0.06352, 0.07926, 0.014,
  0.06358, 0.07859, 0.014,
  0.06358, 0.07798, 0.014,
  0.06366, 0.07746, 0.014,
  0.06378, 0.07693, 0.014,
  0.06405, 0.07669, 0.014
 ],
 "morphTargets": [],
 "morphColors": [],
 "normals": [],
 "colors": [],
 "uvs": [[]],
  "faces": [
  2, 0, 1, 2, 0,
  2, 0, 3, 1, 0,
  2, 3, 4, 1, 0,
  2, 3, 5, 4, 0,
  2, 5, 6, 4, 0,
  2, 5, 7, 6, 0,
  2, 5, 8, 7, 0,
  2, 8, 9, 7, 0,
  2, 8, 10, 9, 0,
  2, 10, 11, 9, 0,
  2, 12, 13, 0, 0,
  2, 13, 3, 0, 0,
  2, 13, 14, 3, 0,
  2, 14, 5, 3, 0,
  2, 14, 15, 5, 0,
  2, 15, 8, 5, 0,
  2, 15, 16, 8, 0,
  2, 16, 10, 8, 0,
  2, 16, 17, 10, 0,
  2, 17, 11, 10, 0
]
 }
