 {
  "metadata" :
  {
   "formatVersion" : 3,
   "sourceFile" : "mch002r_022d",
   "generatedBy" : "Tr3 20161112",
   "vertices" : 29,
   "faces" : 48,
   "normals" : 0,
   "colors" : 0,
   "uvs" : 0,
   "materials" : 1
  },
  "scale" : 1.0,
  "materials": [{
    "DbgColor": 0,
    "DbgIndex": 0,
    "DbgName" : "os_occbas_43: Occipital bone (basilar part)",
    "colorAmbient": [0.0, 0.0, 0.0],
    "colorDiffuse": [ 1.000, 0.784, 0.588],
    "colorSpecular": [0.16, 0.16, 0.16]
    }],
  "vertices": [
  0.08392, 0.07623, 0.022,
  0.0829922, 0.0758197, 0.0215,
  0.08463, 0.07605, 0.0215,
  0.0826272, 0.075992, 0.022,
  0.0814899, 0.0766892, 0.0215,
  0.0811286, 0.0764327, 0.022,
  0.0802628, 0.077705, 0.0215,
  0.0802489, 0.0776516, 0.022,
  0.0804282, 0.0791981, 0.022,
  0.0806223, 0.0793735, 0.0215,
  0.081533, 0.0801763, 0.022,
  0.0818206, 0.0803503, 0.0215,
  0.0825711, 0.0790548, 0.022,
  0.0828787, 0.0790097, 0.0215,
  0.0833196, 0.077664, 0.022,
  0.0838635, 0.0775731, 0.0215,
  0.08317, 0.07642, 0.0225,
  0.0817123, 0.0764035, 0.0225,
  0.0803902, 0.0770834, 0.0225,
  0.0803079, 0.0784914, 0.0225,
  0.0811015, 0.0797463, 0.0225,
  0.0823042, 0.0792878, 0.0225,
  0.0829135, 0.0779067, 0.0225,
  0.08255, 0.07695, 0.023,
  0.0812308, 0.0770171, 0.023,
  0.0805073, 0.0782862, 0.023,
  0.0812676, 0.0794407, 0.023,
  0.082383, 0.0784628, 0.023,
  0.08134, 0.07817, 0.0235
 ],
 "morphTargets": [],
 "morphColors": [],
 "normals": [],
 "colors": [],
 "uvs": [[]],
  "faces": [
  2, 0, 1, 2, 0,
  2, 0, 3, 1, 0,
  2, 3, 4, 1, 0,
  2, 3, 5, 4, 0,
  2, 5, 6, 4, 0,
  2, 5, 7, 6, 0,
  2, 7, 8, 6, 0,
  2, 8, 9, 6, 0,
  2, 8, 10, 9, 0,
  2, 10, 11, 9, 0,
  2, 10, 12, 11, 0,
  2, 12, 13, 11, 0,
  2, 12, 14, 13, 0,
  2, 14, 15, 13, 0,
  2, 14, 0, 15, 0,
  2, 0, 2, 15, 0,
  2, 16, 3, 0, 0,
  2, 16, 17, 3, 0,
  2, 17, 5, 3, 0,
  2, 17, 18, 5, 0,
  2, 18, 7, 5, 0,
  2, 18, 19, 7, 0,
  2, 19, 8, 7, 0,
  2, 19, 20, 8, 0,
  2, 20, 10, 8, 0,
  2, 20, 21, 10, 0,
  2, 21, 12, 10, 0,
  2, 21, 22, 12, 0,
  2, 22, 14, 12, 0,
  2, 22, 16, 14, 0,
  2, 16, 0, 14, 0,
  2, 23, 17, 16, 0,
  2, 23, 24, 17, 0,
  2, 24, 18, 17, 0,
  2, 24, 25, 18, 0,
  2, 25, 19, 18, 0,
  2, 25, 26, 19, 0,
  2, 26, 20, 19, 0,
  2, 26, 21, 20, 0,
  2, 26, 27, 21, 0,
  2, 27, 22, 21, 0,
  2, 27, 23, 22, 0,
  2, 23, 16, 22, 0,
  2, 28, 24, 23, 0,
  2, 28, 25, 24, 0,
  2, 28, 26, 25, 0,
  2, 28, 27, 26, 0,
  2, 28, 23, 27, 0
]
 }
