 {
  "metadata" :
  {
   "formatVersion" : 3,
   "sourceFile" : "mch002r_022d",
   "generatedBy" : "Tr3 20161112",
   "vertices" : 18,
   "faces" : 16,
   "normals" : 0,
   "colors" : 0,
   "uvs" : 0,
   "materials" : 1
  },
  "scale" : 1.0,
  "materials": [{
    "DbgColor": 0,
    "DbgIndex": 0,
    "DbgName" : "1b_45: bone",
    "colorAmbient": [0.0, 0.0, 0.0],
    "colorDiffuse": [ 1.000, 1.000, 1.000],
    "colorSpecular": [0.16, 0.16, 0.16]
    }],
  "vertices": [
  0.07284, 0.09, 0.023,
  0.0683915, 0.0897984, 0.023,
  0.06283, 0.09018, 0.0225,
  0.0639429, 0.0895969, 0.023,
  0.0634459, 0.0857525, 0.0225,
  0.0634786, 0.0857126, 0.023,
  0.0650323, 0.0816148, 0.023,
  0.0650141, 0.0816269, 0.0225,
  0.0691209, 0.0802164, 0.0225,
  0.0691224, 0.0802162, 0.023,
  0.0735795, 0.0798612, 0.0225,
  0.0735607, 0.0798624, 0.023,
  0.0773782, 0.0817218, 0.023,
  0.0773896, 0.0817593, 0.0225,
  0.0774267, 0.0859941, 0.023,
  0.0773677, 0.0860389, 0.0225,
  0.07646, 0.09034, 0.023,
  0.0766, 0.09044, 0.0225
 ],
 "morphTargets": [],
 "morphColors": [],
 "normals": [],
 "colors": [],
 "uvs": [[]],
  "faces": [
  2, 0, 1, 2, 0,
  2, 1, 3, 2, 0,
  2, 3, 4, 2, 0,
  2, 3, 5, 4, 0,
  2, 5, 6, 4, 0,
  2, 6, 7, 4, 0,
  2, 6, 8, 7, 0,
  2, 6, 9, 8, 0,
  2, 9, 10, 8, 0,
  2, 9, 11, 10, 0,
  2, 11, 12, 10, 0,
  2, 12, 13, 10, 0,
  2, 12, 14, 13, 0,
  2, 14, 15, 13, 0,
  2, 14, 16, 15, 0,
  2, 16, 17, 15, 0
]
 }
