 {
  "metadata" :
  {
   "formatVersion" : 3,
   "sourceFile" : "mch002r_022d",
   "generatedBy" : "Tr3 20161112",
   "vertices" : 48,
   "faces" : 73,
   "normals" : 0,
   "colors" : 0,
   "uvs" : 0,
   "materials" : 1
  },
  "scale" : 1.0,
  "materials": [{
    "DbgColor": 0,
    "DbgIndex": 0,
    "DbgName" : "os_temp_45: Temporal bone",
    "colorAmbient": [0.0, 0.0, 0.0],
    "colorDiffuse": [ 1.000, 0.784, 0.588],
    "colorSpecular": [0.16, 0.16, 0.16]
    }],
  "vertices": [
  0.06084, 0.07592, 0.023,
  0.0601096, 0.0769869, 0.0225,
  0.06071, 0.07586, 0.0225,
  0.06065, 0.0772657, 0.023,
  0.06118, 0.0782225, 0.0225,
  0.0608408, 0.0785989, 0.023,
  0.0598106, 0.0789692, 0.0225,
  0.0604047, 0.07988, 0.0225,
  0.0616792, 0.0788291, 0.023,
  0.062081, 0.0796891, 0.0225,
  0.0633591, 0.0786354, 0.0225,
  0.0632536, 0.0782932, 0.023,
  0.0647765, 0.0777435, 0.0225,
  0.0648095, 0.0776653, 0.023,
  0.0661865, 0.0768203, 0.0225,
  0.0661839, 0.0767312, 0.023,
  0.0672196, 0.0755501, 0.0225,
  0.0672821, 0.0754623, 0.023,
  0.0680503, 0.0740895, 0.0225,
  0.06769, 0.0738642, 0.023,
  0.06854, 0.0725071, 0.0225,
  0.0676844, 0.0723424, 0.023,
  0.0676973, 0.0715217, 0.0225,
  0.0668149, 0.0714296, 0.023,
  0.0664864, 0.070784, 0.0225,
  0.0659713, 0.0723588, 0.0225,
  0.0658808, 0.0725351, 0.023,
  0.0650923, 0.0737786, 0.0225,
  0.0647394, 0.0737324, 0.023,
  0.0638906, 0.0749073, 0.0225,
  0.0631889, 0.0736495, 0.023,
  0.0622399, 0.0751586, 0.0225,
  0.0620572, 0.0747923, 0.023,
  0.0618, 0.0762, 0.0235,
  0.0614656, 0.0776762, 0.0235,
  0.0631349, 0.0777019, 0.0235,
  0.0647439, 0.0772534, 0.0235,
  0.0659852, 0.0761334, 0.0235,
  0.06685, 0.0747969, 0.0235,
  0.0665074, 0.0731608, 0.0235,
  0.0651936, 0.0733711, 0.0235,
  0.063813, 0.074051, 0.0235,
  0.062602, 0.07486, 0.0235,
  0.06283, 0.07648, 0.024,
  0.0640052, 0.0767278, 0.024,
  0.0653282, 0.0759183, 0.024,
  0.0652478, 0.0746839, 0.024,
  0.0638297, 0.0752883, 0.024
 ],
 "morphTargets": [],
 "morphColors": [],
 "normals": [],
 "colors": [],
 "uvs": [[]],
  "faces": [
  2, 0, 1, 2, 0,
  2, 0, 3, 1, 0,
  2, 3, 4, 1, 0,
  2, 3, 5, 4, 0,
  2, 5, 6, 4, 0,
  2, 5, 7, 6, 0,
  2, 5, 8, 7, 0,
  2, 8, 9, 7, 0,
  2, 8, 10, 9, 0,
  2, 8, 11, 10, 0,
  2, 11, 12, 10, 0,
  2, 11, 13, 12, 0,
  2, 13, 14, 12, 0,
  2, 13, 15, 14, 0,
  2, 15, 16, 14, 0,
  2, 15, 17, 16, 0,
  2, 17, 18, 16, 0,
  2, 17, 19, 18, 0,
  2, 19, 20, 18, 0,
  2, 19, 21, 20, 0,
  2, 21, 22, 20, 0,
  2, 21, 23, 22, 0,
  2, 23, 24, 22, 0,
  2, 23, 25, 24, 0,
  2, 23, 26, 25, 0,
  2, 26, 27, 25, 0,
  2, 26, 28, 27, 0,
  2, 28, 29, 27, 0,
  2, 28, 30, 29, 0,
  2, 30, 31, 29, 0,
  2, 30, 32, 31, 0,
  2, 32, 0, 31, 0,
  2, 0, 2, 31, 0,
  2, 33, 3, 0, 0,
  2, 33, 34, 3, 0,
  2, 34, 5, 3, 0,
  2, 34, 8, 5, 0,
  2, 34, 35, 8, 0,
  2, 35, 11, 8, 0,
  2, 35, 13, 11, 0,
  2, 35, 36, 13, 0,
  2, 36, 15, 13, 0,
  2, 36, 37, 15, 0,
  2, 37, 17, 15, 0,
  2, 37, 38, 17, 0,
  2, 38, 19, 17, 0,
  2, 38, 39, 19, 0,
  2, 39, 21, 19, 0,
  2, 39, 23, 21, 0,
  2, 39, 26, 23, 0,
  2, 39, 40, 26, 0,
  2, 40, 28, 26, 0,
  2, 40, 41, 28, 0,
  2, 41, 30, 28, 0,
  2, 41, 42, 30, 0,
  2, 42, 32, 30, 0,
  2, 42, 33, 32, 0,
  2, 33, 0, 32, 0,
  2, 43, 34, 33, 0,
  2, 43, 35, 34, 0,
  2, 43, 44, 35, 0,
  2, 44, 36, 35, 0,
  2, 44, 45, 36, 0,
  2, 45, 37, 36, 0,
  2, 45, 46, 37, 0,
  2, 46, 38, 37, 0,
  2, 46, 39, 38, 0,
  2, 46, 40, 39, 0,
  2, 46, 41, 40, 0,
  2, 46, 47, 41, 0,
  2, 47, 42, 41, 0,
  2, 47, 43, 42, 0,
  2, 43, 33, 42, 0
]
 }
