 {
  "metadata" :
  {
   "formatVersion" : 3,
   "sourceFile" : "mch002r_022d",
   "generatedBy" : "Tr3 20161112",
   "vertices" : 15,
   "faces" : 16,
   "normals" : 0,
   "colors" : 0,
   "uvs" : 0,
   "materials" : 1
  },
  "scale" : 1.0,
  "materials": [{
    "DbgColor": 0,
    "DbgIndex": 0,
    "DbgName" : "1temp_40: (no description)",
    "colorAmbient": [0.0, 0.0, 0.0],
    "colorDiffuse": [ 1.000, 1.000, 1.000],
    "colorSpecular": [0.16, 0.16, 0.16]
    }],
  "vertices": [
  0.07209, 0.07265, 0.0205,
  0.0684386, 0.0752963, 0.02,
  0.07246, 0.07265, 0.02,
  0.0684802, 0.0751094, 0.0205,
  0.0647498, 0.0774017, 0.0205,
  0.0641994, 0.0775616, 0.02,
  0.0607336, 0.0790943, 0.0205,
  0.059743, 0.0792916, 0.02,
  0.05647, 0.08008, 0.0205,
  0.05502, 0.08022, 0.02,
  0.07134, 0.0727, 0.021,
  0.0682231, 0.0751696, 0.021,
  0.06484, 0.0772734, 0.021,
  0.0612313, 0.0789542, 0.021,
  0.05736, 0.07964, 0.021
 ],
 "morphTargets": [],
 "morphColors": [],
 "normals": [],
 "colors": [],
 "uvs": [[]],
  "faces": [
  2, 0, 1, 2, 0,
  2, 0, 3, 1, 0,
  2, 3, 4, 1, 0,
  2, 4, 5, 1, 0,
  2, 4, 6, 5, 0,
  2, 6, 7, 5, 0,
  2, 6, 8, 7, 0,
  2, 8, 9, 7, 0,
  2, 10, 3, 0, 0,
  2, 10, 11, 3, 0,
  2, 11, 4, 3, 0,
  2, 11, 12, 4, 0,
  2, 12, 13, 4, 0,
  2, 13, 6, 4, 0,
  2, 13, 14, 6, 0,
  2, 14, 8, 6, 0
]
 }
