 {
  "metadata" :
  {
   "formatVersion" : 3,
   "sourceFile" : "mch002r_022d",
   "generatedBy" : "Tr3 20161112",
   "vertices" : 18,
   "faces" : 16,
   "normals" : 0,
   "colors" : 0,
   "uvs" : 0,
   "materials" : 1
  },
  "scale" : 1.0,
  "materials": [{
    "DbgColor": 0,
    "DbgIndex": 0,
    "DbgName" : "Join tm_lat_35: Pars flaccida",
    "colorAmbient": [0.0, 0.0, 0.0],
    "colorDiffuse": [ 1.000, 1.000, 1.000],
    "colorSpecular": [0.16, 0.16, 0.16]
    }],
  "vertices": [
  0.0596178, 0.0703368, 0.0175,
  0.0593812, 0.0704709, 0.0175,
  0.05867, 0.07008, 0.017,
  0.059151, 0.0706155, 0.0175,
  0.05852, 0.0703067, 0.017,
  0.06068, 0.0695, 0.0175,
  0.0604791, 0.0696832, 0.0175,
  0.0602781, 0.0698664, 0.0175,
  0.0600772, 0.0700496, 0.0175,
  0.0598543, 0.0702026, 0.0175,
  0.0584655, 0.0710577, 0.0175,
  0.058237, 0.0712052, 0.0175,
  0.05822, 0.07076, 0.017,
  0.0580085, 0.0713526, 0.0175,
  0.05778, 0.0715, 0.0175,
  0.0589225, 0.0707629, 0.0175,
  0.05837, 0.0705333, 0.017,
  0.058694, 0.0709103, 0.0175
 ],
 "morphTargets": [],
 "morphColors": [],
 "normals": [],
 "colors": [],
 "uvs": [[]],
  "faces": [
  2, 0, 1, 2, 0,
  2, 1, 3, 2, 0,
  2, 3, 4, 2, 0,
  2, 5, 6, 2, 0,
  2, 6, 7, 2, 0,
  2, 7, 8, 2, 0,
  2, 8, 9, 2, 0,
  2, 9, 0, 2, 0,
  2, 10, 11, 12, 0,
  2, 11, 13, 12, 0,
  2, 13, 14, 12, 0,
  2, 3, 15, 4, 0,
  2, 15, 16, 4, 0,
  2, 15, 17, 16, 0,
  2, 17, 12, 16, 0,
  2, 17, 10, 12, 0
]
 }
