 {
  "metadata" :
  {
   "formatVersion" : 3,
   "sourceFile" : "mch002r_022d",
   "generatedBy" : "Tr3 20161112",
   "vertices" : 67,
   "faces" : 111,
   "normals" : 0,
   "colors" : 0,
   "uvs" : 0,
   "materials" : 1
  },
  "scale" : 1.0,
  "materials": [{
    "DbgColor": 0,
    "DbgIndex": 0,
    "DbgName" : "os_cavant_20: Cavity wall",
    "colorAmbient": [0.0, 0.0, 0.0],
    "colorDiffuse": [ 1.000, 0.784, 0.588],
    "colorSpecular": [0.16, 0.16, 0.16]
    }],
  "vertices": [
  0.05351, 0.07396, 0.01,
  0.0527392, 0.0742767, 0.01,
  0.05257, 0.07419, 0.0095,
  0.0519105, 0.0743277, 0.01,
  0.0517327, 0.0740802, 0.0095,
  0.0510978, 0.0741337, 0.01,
  0.0509338, 0.0737343, 0.0095,
  0.0502921, 0.073921, 0.01,
  0.0508792, 0.0730472, 0.0095,
  0.0495976, 0.0734662, 0.01,
  0.0498308, 0.0728174, 0.01,
  0.0500428, 0.0721929, 0.01,
  0.0504555, 0.07165, 0.01,
  0.0512592, 0.0717772, 0.01,
  0.0516908, 0.0729838, 0.0095,
  0.0520224, 0.0721147, 0.01,
  0.052714, 0.0725742, 0.01,
  0.0524319, 0.0734336, 0.0095,
  0.0532875, 0.0731784, 0.01,
  0.05379, 0.07408, 0.0105,
  0.0529413, 0.07411, 0.0105,
  0.0521097, 0.0742251, 0.0105,
  0.0512623, 0.0741725, 0.0105,
  0.0504225, 0.0740449, 0.0105,
  0.0496215, 0.0737852, 0.0105,
  0.0491586, 0.0731045, 0.0105,
  0.0497229, 0.072647, 0.0105,
  0.0498193, 0.0719683, 0.0105,
  0.050057, 0.0714, 0.0105,
  0.0509036, 0.0714467, 0.0105,
  0.0517324, 0.0716207, 0.0105,
  0.0524553, 0.0720553, 0.0105,
  0.053118, 0.0725865, 0.0105,
  0.0536024, 0.073278, 0.0105,
  0.05451, 0.07377, 0.011,
  0.053712, 0.074112, 0.011,
  0.0528622, 0.0742471, 0.011,
  0.0519973, 0.0742564, 0.011,
  0.0511331, 0.0741737, 0.011,
  0.0502702, 0.0740778, 0.011,
  0.0495478, 0.0736537, 0.011,
  0.0495781, 0.0728412, 0.011,
  0.0500064, 0.0721168, 0.011,
  0.0501385, 0.0713907, 0.011,
  0.050937, 0.0710701, 0.011,
  0.0517345, 0.0714014, 0.011,
  0.0523494, 0.0720055, 0.011,
  0.0530774, 0.0723101, 0.011,
  0.0538257, 0.0726465, 0.011,
  0.0545464, 0.0729747, 0.011,
  0.05507, 0.07312, 0.0115,
  0.0543755, 0.0736085, 0.0115,
  0.0535296, 0.0737953, 0.0115,
  0.0527164, 0.07405, 0.0115,
  0.0518531, 0.0741177, 0.0115,
  0.0509943, 0.07424, 0.0115,
  0.0501256, 0.07424, 0.0115,
  0.0495118, 0.0736979, 0.0115,
  0.0498539, 0.0729661, 0.0115,
  0.0496974, 0.0724019, 0.0115,
  0.0501452, 0.0716822, 0.0115,
  0.0508004, 0.0711384, 0.0115,
  0.0515483, 0.0713153, 0.0115,
  0.0521932, 0.0718973, 0.0115,
  0.052777, 0.0725246, 0.0115,
  0.0536175, 0.0726705, 0.0115,
  0.0544755, 0.0725826, 0.0115
 ],
 "morphTargets": [],
 "morphColors": [],
 "normals": [],
 "colors": [],
 "uvs": [[]],
  "faces": [
  2, 0, 1, 2, 0,
  2, 1, 3, 2, 0,
  2, 3, 4, 2, 0,
  2, 3, 5, 4, 0,
  2, 5, 6, 4, 0,
  2, 5, 7, 6, 0,
  2, 7, 8, 6, 0,
  2, 7, 9, 8, 0,
  2, 9, 10, 8, 0,
  2, 10, 11, 8, 0,
  2, 11, 12, 8, 0,
  2, 12, 13, 8, 0,
  2, 13, 14, 8, 0,
  2, 13, 15, 14, 0,
  2, 15, 16, 14, 0,
  2, 16, 17, 14, 0,
  2, 16, 18, 17, 0,
  2, 18, 0, 17, 0,
  2, 0, 2, 17, 0,
  2, 19, 20, 0, 0,
  2, 20, 1, 0, 0,
  2, 20, 21, 1, 0,
  2, 21, 3, 1, 0,
  2, 21, 22, 3, 0,
  2, 22, 5, 3, 0,
  2, 22, 23, 5, 0,
  2, 23, 7, 5, 0,
  2, 23, 24, 7, 0,
  2, 24, 9, 7, 0,
  2, 24, 25, 9, 0,
  2, 25, 10, 9, 0,
  2, 25, 26, 10, 0,
  2, 26, 11, 10, 0,
  2, 26, 27, 11, 0,
  2, 27, 12, 11, 0,
  2, 27, 28, 12, 0,
  2, 28, 29, 12, 0,
  2, 29, 13, 12, 0,
  2, 29, 30, 13, 0,
  2, 30, 15, 13, 0,
  2, 30, 31, 15, 0,
  2, 31, 16, 15, 0,
  2, 31, 32, 16, 0,
  2, 32, 18, 16, 0,
  2, 32, 33, 18, 0,
  2, 33, 0, 18, 0,
  2, 33, 19, 0, 0,
  2, 34, 35, 19, 0,
  2, 35, 20, 19, 0,
  2, 35, 36, 20, 0,
  2, 36, 21, 20, 0,
  2, 36, 37, 21, 0,
  2, 37, 22, 21, 0,
  2, 37, 38, 22, 0,
  2, 38, 23, 22, 0,
  2, 38, 39, 23, 0,
  2, 39, 24, 23, 0,
  2, 39, 40, 24, 0,
  2, 40, 25, 24, 0,
  2, 40, 41, 25, 0,
  2, 41, 26, 25, 0,
  2, 41, 42, 26, 0,
  2, 42, 27, 26, 0,
  2, 42, 43, 27, 0,
  2, 43, 28, 27, 0,
  2, 43, 29, 28, 0,
  2, 43, 44, 29, 0,
  2, 44, 45, 29, 0,
  2, 45, 30, 29, 0,
  2, 45, 46, 30, 0,
  2, 46, 31, 30, 0,
  2, 46, 47, 31, 0,
  2, 47, 32, 31, 0,
  2, 47, 48, 32, 0,
  2, 48, 33, 32, 0,
  2, 48, 49, 33, 0,
  2, 49, 34, 33, 0,
  2, 34, 19, 33, 0,
  2, 50, 51, 34, 0,
  2, 51, 35, 34, 0,
  2, 51, 52, 35, 0,
  2, 52, 36, 35, 0,
  2, 52, 53, 36, 0,
  2, 53, 37, 36, 0,
  2, 53, 54, 37, 0,
  2, 54, 38, 37, 0,
  2, 54, 55, 38, 0,
  2, 55, 39, 38, 0,
  2, 55, 56, 39, 0,
  2, 56, 40, 39, 0,
  2, 56, 57, 40, 0,
  2, 57, 58, 40, 0,
  2, 58, 41, 40, 0,
  2, 58, 59, 41, 0,
  2, 59, 42, 41, 0,
  2, 59, 60, 42, 0,
  2, 60, 43, 42, 0,
  2, 60, 61, 43, 0,
  2, 61, 44, 43, 0,
  2, 61, 62, 44, 0,
  2, 62, 45, 44, 0,
  2, 62, 63, 45, 0,
  2, 63, 46, 45, 0,
  2, 63, 64, 46, 0,
  2, 64, 47, 46, 0,
  2, 64, 65, 47, 0,
  2, 65, 48, 47, 0,
  2, 65, 66, 48, 0,
  2, 66, 49, 48, 0,
  2, 66, 50, 49, 0,
  2, 50, 34, 49, 0
]
 }
