 {
  "metadata" :
  {
   "formatVersion" : 3,
   "sourceFile" : "mch002r_022d",
   "generatedBy" : "Tr3 20161112",
   "vertices" : 23,
   "faces" : 29,
   "normals" : 0,
   "colors" : 0,
   "uvs" : 0,
   "materials" : 1
  },
  "scale" : 1.0,
  "materials": [{
    "DbgColor": 0,
    "DbgIndex": 0,
    "DbgName" : "Cap os_cav_16_head: Cavity wall",
    "colorAmbient": [0.0, 0.0, 0.0],
    "colorDiffuse": [ 1.000, 0.784, 0.588],
    "colorSpecular": [0.16, 0.16, 0.16]
    }],
  "vertices": [
  0.0534611, 0.0795164, 0.008,
  0.0529398, 0.0790378, 0.008,
  0.0535947, 0.0788934, 0.008,
  0.0531147, 0.0782303, 0.008,
  0.0541635, 0.0783577, 0.008,
  0.0537066, 0.0776272, 0.008,
  0.054531, 0.0774899, 0.008,
  0.0541789, 0.0769391, 0.008,
  0.054921, 0.0765095, 0.008,
  0.0542942, 0.0793247, 0.008,
  0.0560829, 0.0773733, 0.008,
  0.0552981, 0.0774252, 0.008,
  0.0557089, 0.0768078, 0.008,
  0.0565645, 0.076623, 0.008,
  0.0549204, 0.0780834, 0.008,
  0.05568, 0.07611, 0.008,
  0.0565203, 0.0759383, 0.008,
  0.0573552, 0.0760804, 0.008,
  0.057579, 0.0767083, 0.008,
  0.057026, 0.0773435, 0.008,
  0.0562741, 0.0777517, 0.008,
  0.0556255, 0.0782886, 0.008,
  0.0549838, 0.0788558, 0.008
 ],
 "morphTargets": [],
 "morphColors": [],
 "normals": [],
 "colors": [],
 "uvs": [[]],
  "faces": [
  2, 0, 1, 2, 0,
  2, 1, 3, 2, 0,
  2, 3, 4, 2, 0,
  2, 3, 5, 4, 0,
  2, 5, 6, 4, 0,
  2, 5, 7, 6, 0,
  2, 7, 8, 6, 0,
  2, 9, 0, 2, 0,
  2, 10, 11, 12, 0,
  2, 13, 10, 12, 0,
  2, 14, 4, 6, 0,
  2, 11, 14, 6, 0,
  2, 15, 13, 12, 0,
  2, 15, 16, 13, 0,
  2, 16, 17, 13, 0,
  2, 17, 18, 13, 0,
  2, 18, 19, 13, 0,
  2, 19, 10, 13, 0,
  2, 19, 20, 10, 0,
  2, 20, 21, 10, 0,
  2, 21, 11, 10, 0,
  2, 21, 14, 11, 0,
  2, 21, 22, 14, 0,
  2, 22, 4, 14, 0,
  2, 8, 12, 11, 0,
  2, 15, 12, 8, 0,
  2, 9, 4, 22, 0,
  2, 2, 4, 9, 0,
  2, 8, 11, 6, 0
]
 }
