 {
  "metadata" :
  {
   "formatVersion" : 3,
   "sourceFile" : "mch002r_022d",
   "generatedBy" : "Tr3 20161112",
   "vertices" : 46,
   "faces" : 46,
   "normals" : 0,
   "colors" : 0,
   "uvs" : 0,
   "materials" : 1
  },
  "scale" : 1.0,
  "materials": [{
    "DbgColor": 0,
    "DbgIndex": 0,
    "DbgName" : "Join JB1-42-43-1:                 ",
    "colorAmbient": [0.0, 0.0, 0.0],
    "colorDiffuse": [ 1.000, 1.000, 1.000],
    "colorSpecular": [0.16, 0.16, 0.16]
    }],
  "vertices": [
  0.0587772, 0.0821426, 0.0215,
  0.0593826, 0.0848181, 0.0215,
  0.0585274, 0.0849304, 0.021,
  0.0600909, 0.0874728, 0.0215,
  0.0591151, 0.0875725, 0.021,
  0.0578973, 0.0766404, 0.021,
  0.05834, 0.07943, 0.0215,
  0.05736, 0.07964, 0.021,
  0.0586254, 0.0763295, 0.0215,
  0.0606, 0.07654, 0.021,
  0.06158, 0.07637, 0.0215,
  0.0639895, 0.0773685, 0.021,
  0.0579841, 0.0822768, 0.021,
  0.067515, 0.0729742, 0.0215,
  0.0662382, 0.07517, 0.0215,
  0.0667234, 0.07529, 0.021,
  0.0684823, 0.0723567, 0.021,
  0.06595, 0.07186, 0.0215,
  0.06582, 0.07096, 0.021,
  0.0659197, 0.0682503, 0.0215,
  0.0667865, 0.0683561, 0.021,
  0.0699449, 0.0690869, 0.0215,
  0.0701797, 0.0689785, 0.021,
  0.07134, 0.0727, 0.021,
  0.07083, 0.07284, 0.0215,
  0.0722194, 0.0757413, 0.021,
  0.0714961, 0.0759192, 0.0215,
  0.0736951, 0.07822, 0.0215,
  0.064206, 0.0772396, 0.0215,
  0.06079, 0.09013, 0.0215,
  0.06011, 0.09009, 0.021,
  0.0770964, 0.086886, 0.0215,
  0.0769779, 0.0836573, 0.0215,
  0.0767777, 0.0839863, 0.021,
  0.0770488, 0.0871531, 0.021,
  0.07737, 0.09013, 0.0215,
  0.07732, 0.09032, 0.021,
  0.073225, 0.09013, 0.0215,
  0.0730176, 0.0902371, 0.021,
  0.06908, 0.09013, 0.0215,
  0.0687147, 0.0901936, 0.021,
  0.064935, 0.09013, 0.0215,
  0.0644117, 0.0901647, 0.021,
  0.0738575, 0.0784166, 0.021,
  0.0758278, 0.0806329, 0.0215,
  0.0756128, 0.081039, 0.021
 ],
 "morphTargets": [],
 "morphColors": [],
 "normals": [],
 "colors": [],
 "uvs": [[]],
  "faces": [
  2, 0, 1, 2, 0,
  2, 1, 3, 4, 0,
  2, 2, 1, 4, 0,
  2, 5, 6, 7, 0,
  2, 8, 6, 5, 0,
  2, 9, 8, 5, 0,
  2, 10, 8, 9, 0,
  2, 11, 10, 9, 0,
  2, 12, 0, 2, 0,
  2, 6, 0, 12, 0,
  2, 7, 6, 12, 0,
  2, 13, 14, 15, 0,
  2, 16, 13, 15, 0,
  2, 17, 13, 16, 0,
  2, 18, 17, 16, 0,
  2, 19, 17, 18, 0,
  2, 20, 19, 18, 0,
  2, 21, 19, 20, 0,
  2, 22, 21, 20, 0,
  2, 23, 21, 22, 0,
  2, 24, 21, 23, 0,
  2, 25, 24, 23, 0,
  2, 26, 24, 25, 0,
  2, 27, 26, 25, 0,
  2, 28, 10, 11, 0,
  2, 15, 28, 11, 0,
  2, 14, 28, 15, 0,
  2, 3, 29, 30, 0,
  2, 4, 3, 30, 0,
  2, 31, 32, 33, 0,
  2, 34, 31, 33, 0,
  2, 35, 31, 34, 0,
  2, 36, 35, 34, 0,
  2, 37, 35, 36, 0,
  2, 38, 37, 36, 0,
  2, 39, 37, 38, 0,
  2, 40, 39, 38, 0,
  2, 41, 39, 40, 0,
  2, 42, 41, 40, 0,
  2, 29, 41, 42, 0,
  2, 30, 29, 42, 0,
  2, 43, 27, 25, 0,
  2, 44, 27, 43, 0,
  2, 45, 44, 43, 0,
  2, 32, 44, 45, 0,
  2, 33, 32, 45, 0
]
 }
