 {
  "metadata" :
  {
   "formatVersion" : 3,
   "sourceFile" : "mch002r_022d",
   "generatedBy" : "Tr3 20161112",
   "vertices" : 52,
   "faces" : 52,
   "normals" : 0,
   "colors" : 0,
   "uvs" : 0,
   "materials" : 1
  },
  "scale" : 1.0,
  "materials": [{
    "DbgColor": 0,
    "DbgIndex": 0,
    "DbgName" : "Join os_occcond_ant_47: Occipital bone (condylar part)",
    "colorAmbient": [0.0, 0.0, 0.0],
    "colorDiffuse": [ 1.000, 0.784, 0.588],
    "colorSpecular": [0.16, 0.16, 0.16]
    }],
  "vertices": [
  0.0741492, 0.0892509, 0.0235,
  0.0754646, 0.0882656, 0.0235,
  0.07661, 0.09, 0.023,
  0.0779011, 0.0837753, 0.0235,
  0.0782097, 0.0835729, 0.023,
  0.0774358, 0.0851047, 0.023,
  0.0782373, 0.0821023, 0.0235,
  0.0764153, 0.0883579, 0.023,
  0.0764093, 0.0868444, 0.0235,
  0.0767822, 0.0866879, 0.023,
  0.077196, 0.0853295, 0.0235,
  0.0783376, 0.0794314, 0.0235,
  0.0767072, 0.0790717, 0.0235,
  0.0775653, 0.0781758, 0.023,
  0.0759898, 0.0785847, 0.023,
  0.0750867, 0.0795838, 0.0235,
  0.0746029, 0.0795954, 0.023,
  0.0736237, 0.0804615, 0.0235,
  0.0732346, 0.0806311, 0.023,
  0.0722246, 0.0814377, 0.0235,
  0.071735, 0.0814292, 0.023,
  0.0709127, 0.0825268, 0.0235,
  0.0700666, 0.0812031, 0.023,
  0.0693537, 0.0825796, 0.0235,
  0.0684075, 0.0808542, 0.023,
  0.0677976, 0.0818905, 0.0235,
  0.0667066, 0.0810259, 0.023,
  0.0661281, 0.0816939, 0.0235,
  0.0652897, 0.0818651, 0.023,
  0.064737, 0.0825433, 0.0235,
  0.0645547, 0.083404, 0.023,
  0.0643124, 0.0841717, 0.0235,
  0.0642358, 0.0850881, 0.023,
  0.0645465, 0.0858435, 0.0235,
  0.0641661, 0.0867994, 0.023,
  0.06512, 0.08745, 0.0235,
  0.0645894, 0.0884377, 0.023,
  0.0659816, 0.0892594, 0.023,
  0.0666583, 0.0878083, 0.0235,
  0.0675987, 0.0887253, 0.023,
  0.0682825, 0.0872914, 0.0235,
  0.0691365, 0.0880453, 0.023,
  0.06991, 0.0867988, 0.0235,
  0.0708138, 0.0883126, 0.023,
  0.0714828, 0.0872949, 0.0235,
  0.0726765, 0.0885141, 0.0235,
  0.0723493, 0.0890684, 0.023,
  0.07379, 0.09, 0.023,
  0.0791894, 0.0807119, 0.0235,
  0.0798596, 0.0806393, 0.023,
  0.0791257, 0.0821306, 0.023,
  0.0788857, 0.0792557, 0.023
 ],
 "morphTargets": [],
 "morphColors": [],
 "normals": [],
 "colors": [],
 "uvs": [[]],
  "faces": [
  2, 0, 1, 2, 0,
  2, 3, 4, 5, 0,
  2, 3, 6, 4, 0,
  2, 1, 7, 2, 0,
  2, 1, 8, 7, 0,
  2, 8, 9, 7, 0,
  2, 8, 10, 9, 0,
  2, 10, 5, 9, 0,
  2, 10, 3, 5, 0,
  2, 11, 12, 13, 0,
  2, 12, 14, 13, 0,
  2, 12, 15, 14, 0,
  2, 15, 16, 14, 0,
  2, 15, 17, 16, 0,
  2, 17, 18, 16, 0,
  2, 17, 19, 18, 0,
  2, 19, 20, 18, 0,
  2, 19, 21, 20, 0,
  2, 21, 22, 20, 0,
  2, 21, 23, 22, 0,
  2, 23, 24, 22, 0,
  2, 23, 25, 24, 0,
  2, 25, 26, 24, 0,
  2, 25, 27, 26, 0,
  2, 27, 28, 26, 0,
  2, 27, 29, 28, 0,
  2, 29, 30, 28, 0,
  2, 29, 31, 30, 0,
  2, 31, 32, 30, 0,
  2, 31, 33, 32, 0,
  2, 33, 34, 32, 0,
  2, 33, 35, 34, 0,
  2, 35, 36, 34, 0,
  2, 35, 37, 36, 0,
  2, 35, 38, 37, 0,
  2, 38, 39, 37, 0,
  2, 38, 40, 39, 0,
  2, 40, 41, 39, 0,
  2, 40, 42, 41, 0,
  2, 42, 43, 41, 0,
  2, 42, 44, 43, 0,
  2, 44, 45, 43, 0,
  2, 45, 46, 43, 0,
  2, 45, 0, 46, 0,
  2, 0, 47, 46, 0,
  2, 0, 2, 47, 0,
  2, 48, 49, 50, 0,
  2, 48, 51, 49, 0,
  2, 48, 11, 51, 0,
  2, 11, 13, 51, 0,
  2, 6, 50, 4, 0,
  2, 6, 48, 50, 0
]
 }
