 {
  "metadata" :
  {
   "formatVersion" : 3,
   "sourceFile" : "mch002r_022d",
   "generatedBy" : "Tr3 20161112",
   "vertices" : 9,
   "faces" : 7,
   "normals" : 0,
   "colors" : 0,
   "uvs" : 0,
   "materials" : 1
  },
  "scale" : 1.0,
  "materials": [{
    "DbgColor": 0,
    "DbgIndex": 0,
    "DbgName" : "ec_posttip2_35: Ear canal",
    "colorAmbient": [0.0, 0.0, 0.0],
    "colorDiffuse": [ 0.824, 0.706, 0.549],
    "colorSpecular": [0.16, 0.16, 0.16]
    }],
  "vertices": [
  0.04988, 0.07148, 0.018,
  0.0487478, 0.0704551, 0.0175,
  0.05, 0.07126, 0.0175,
  0.04773, 0.0706, 0.018,
  0.04746, 0.06972, 0.0175,
  0.04992, 0.07141, 0.0185,
  0.04781, 0.07082, 0.0185,
  0.04996, 0.07139, 0.019,
  0.04789, 0.07102, 0.019
 ],
 "morphTargets": [],
 "morphColors": [],
 "normals": [],
 "colors": [],
 "uvs": [[]],
  "faces": [
  2, 0, 1, 2, 0,
  2, 0, 3, 1, 0,
  2, 3, 4, 1, 0,
  2, 5, 6, 0, 0,
  2, 6, 3, 0, 0,
  2, 7, 8, 5, 0,
  2, 8, 6, 5, 0
]
 }
