 {
  "metadata" :
  {
   "formatVersion" : 3,
   "sourceFile" : "mch002r_022d",
   "generatedBy" : "Tr3 20161112",
   "vertices" : 16,
   "faces" : 15,
   "normals" : 0,
   "colors" : 0,
   "uvs" : 0,
   "materials" : 1
  },
  "scale" : 1.0,
  "materials": [{
    "DbgColor": 0,
    "DbgIndex": 0,
    "DbgName" : "Join labscc_post_32a: Semicircular canals",
    "colorAmbient": [0.0, 0.0, 0.0],
    "colorDiffuse": [ 1.000, 0.667, 1.000],
    "colorSpecular": [0.16, 0.16, 0.16]
    }],
  "vertices": [
  0.06146, 0.08359, 0.016,
  0.06124, 0.08362, 0.0155,
  0.06127, 0.08325, 0.0155,
  0.06187, 0.08337, 0.016,
  0.0604, 0.0834, 0.016,
  0.06043, 0.08328, 0.0155,
  0.06015, 0.08343, 0.0155,
  0.06053, 0.08325, 0.016,
  0.0609, 0.08318, 0.0155,
  0.06102, 0.08312, 0.016,
  0.06143, 0.08287, 0.016,
  0.06059, 0.08371, 0.016,
  0.06043, 0.0839, 0.0155,
  0.06009, 0.08381, 0.0155,
  0.06087, 0.08387, 0.0155,
  0.06096, 0.08381, 0.016
 ],
 "morphTargets": [],
 "morphColors": [],
 "normals": [],
 "colors": [],
 "uvs": [[]],
  "faces": [
  2, 0, 1, 2, 0,
  2, 3, 0, 2, 0,
  2, 4, 5, 6, 0,
  2, 4, 7, 5, 0,
  2, 7, 8, 5, 0,
  2, 7, 9, 8, 0,
  2, 9, 2, 8, 0,
  2, 9, 10, 2, 0,
  2, 11, 4, 12, 0,
  2, 4, 13, 12, 0,
  2, 4, 6, 13, 0,
  2, 11, 12, 14, 0,
  2, 0, 15, 1, 0,
  2, 15, 14, 1, 0,
  2, 15, 11, 14, 0
]
 }
