 {
  "metadata" :
  {
   "formatVersion" : 3,
   "sourceFile" : "mch002r_022d",
   "generatedBy" : "Tr3 20161112",
   "vertices" : 43,
   "faces" : 43,
   "normals" : 0,
   "colors" : 0,
   "uvs" : 0,
   "materials" : 1
  },
  "scale" : 1.0,
  "materials": [{
    "DbgColor": 0,
    "DbgIndex": 0,
    "DbgName" : "Join os_temp_midpost_35: Temporal bone",
    "colorAmbient": [0.0, 0.0, 0.0],
    "colorDiffuse": [ 1.000, 0.784, 0.588],
    "colorSpecular": [0.16, 0.16, 0.16]
    }],
  "vertices": [
  0.06458, 0.06825, 0.0175,
  0.0653844, 0.0673974, 0.017,
  0.06408, 0.06844, 0.017,
  0.0657027, 0.0646648, 0.0175,
  0.0642108, 0.0648571, 0.0175,
  0.0646755, 0.0640193, 0.017,
  0.0629974, 0.0659979, 0.0175,
  0.0660321, 0.067403, 0.0175,
  0.0664947, 0.066154, 0.017,
  0.0666083, 0.0659473, 0.0175,
  0.0661851, 0.0646969, 0.017,
  0.0636014, 0.060264, 0.0175,
  0.0633076, 0.0597736, 0.017,
  0.0642331, 0.0611206, 0.017,
  0.0621002, 0.0603746, 0.0175,
  0.0618758, 0.059, 0.017,
  0.0610276, 0.0603769, 0.017,
  0.0616993, 0.06186, 0.0175,
  0.0608843, 0.0620341, 0.017,
  0.0618101, 0.0634678, 0.0175,
  0.0610487, 0.063677, 0.017,
  0.0618944, 0.0651144, 0.017,
  0.0623948, 0.0649496, 0.0175,
  0.06377, 0.06461, 0.0175,
  0.0645609, 0.0632685, 0.0175,
  0.0640691, 0.0627434, 0.017,
  0.0642042, 0.0617026, 0.0175,
  0.0618109, 0.0678772, 0.0175,
  0.0613956, 0.0676515, 0.017,
  0.0629218, 0.0680263, 0.017,
  0.060211, 0.06757, 0.0175,
  0.0585236, 0.06757, 0.0175,
  0.0597325, 0.0676518, 0.017,
  0.0580572, 0.0677593, 0.017,
  0.0570364, 0.0682414, 0.0175,
  0.056696, 0.0684329, 0.017,
  0.0573275, 0.069663, 0.0175,
  0.0570098, 0.0699972, 0.017,
  0.05867, 0.07008, 0.017,
  0.0590016, 0.0696505, 0.0175,
  0.06068, 0.0695, 0.0175,
  0.0627858, 0.0665101, 0.017,
  0.0633518, 0.0674939, 0.0175
 ],
 "morphTargets": [],
 "morphColors": [],
 "normals": [],
 "colors": [],
 "uvs": [[]],
  "faces": [
  2, 0, 1, 2, 0,
  2, 3, 4, 5, 0,
  2, 4, 6, 5, 0,
  2, 0, 7, 1, 0,
  2, 7, 8, 1, 0,
  2, 7, 9, 8, 0,
  2, 9, 10, 8, 0,
  2, 9, 3, 10, 0,
  2, 3, 5, 10, 0,
  2, 11, 12, 13, 0,
  2, 11, 14, 12, 0,
  2, 14, 15, 12, 0,
  2, 14, 16, 15, 0,
  2, 14, 17, 16, 0,
  2, 17, 18, 16, 0,
  2, 17, 19, 18, 0,
  2, 19, 20, 18, 0,
  2, 19, 21, 20, 0,
  2, 19, 22, 21, 0,
  2, 6, 23, 5, 0,
  2, 23, 24, 5, 0,
  2, 24, 25, 5, 0,
  2, 24, 26, 25, 0,
  2, 26, 13, 25, 0,
  2, 26, 11, 13, 0,
  2, 27, 28, 29, 0,
  2, 27, 30, 28, 0,
  2, 30, 31, 28, 0,
  2, 31, 32, 28, 0,
  2, 31, 33, 32, 0,
  2, 31, 34, 33, 0,
  2, 34, 35, 33, 0,
  2, 34, 36, 35, 0,
  2, 36, 37, 35, 0,
  2, 36, 38, 37, 0,
  2, 36, 39, 38, 0,
  2, 39, 40, 38, 0,
  2, 6, 41, 21, 0,
  2, 6, 42, 41, 0,
  2, 42, 29, 41, 0,
  2, 42, 27, 29, 0,
  2, 22, 23, 21, 0,
  2, 23, 6, 21, 0
]
 }
