 {
  "metadata" :
  {
   "formatVersion" : 3,
   "sourceFile" : "mch002r_022d",
   "generatedBy" : "Tr3 20161112",
   "vertices" : 59,
   "faces" : 86,
   "normals" : 0,
   "colors" : 0,
   "uvs" : 0,
   "materials" : 1
  },
  "scale" : 1.0,
  "materials": [{
    "DbgColor": 0,
    "DbgIndex": 0,
    "DbgName" : "mal_35: Malleus",
    "colorAmbient": [0.0, 0.0, 0.0],
    "colorDiffuse": [ 1.000, 0.784, 0.588],
    "colorSpecular": [0.16, 0.16, 0.16]
    }],
  "vertices": [
  0.06065, 0.07168, 0.018,
  0.0598922, 0.0711901, 0.0175,
  0.05973, 0.0708, 0.0175,
  0.0602027, 0.0714919, 0.0175,
  0.0609223, 0.0719926, 0.018,
  0.0605132, 0.0717937, 0.0175,
  0.0612603, 0.0722635, 0.018,
  0.0608833, 0.0720174, 0.0175,
  0.061597, 0.072536, 0.018,
  0.0612645, 0.0722225, 0.0175,
  0.0619546, 0.0727782, 0.018,
  0.0616415, 0.0724347, 0.0175,
  0.062329, 0.0729961, 0.018,
  0.0620056, 0.0726692, 0.0175,
  0.0627194, 0.0731641, 0.018,
  0.0623879, 0.0728714, 0.0175,
  0.0631496, 0.0731854, 0.018,
  0.0627887, 0.0730123, 0.0175,
  0.0635588, 0.0730625, 0.018,
  0.0632094, 0.0729906, 0.0175,
  0.0633702, 0.0726359, 0.0175,
  0.0630605, 0.0723498, 0.0175,
  0.0637207, 0.0727071, 0.018,
  0.0627091, 0.0720969, 0.0175,
  0.0634963, 0.0723716, 0.018,
  0.0631167, 0.0721635, 0.018,
  0.0623815, 0.0718148, 0.0175,
  0.0627356, 0.0719576, 0.018,
  0.0620617, 0.0715231, 0.0175,
  0.0623633, 0.0717376, 0.018,
  0.0617241, 0.0712519, 0.0175,
  0.062016, 0.0714791, 0.018,
  0.0613963, 0.0709693, 0.0175,
  0.0616799, 0.0712057, 0.018,
  0.0610778, 0.0706759, 0.0175,
  0.0613, 0.07101, 0.018,
  0.0607456, 0.0704098, 0.0175,
  0.06032, 0.07033, 0.0175,
  0.0617, 0.07256, 0.0185,
  0.0620525, 0.0727943, 0.0185,
  0.0624405, 0.0729648, 0.0185,
  0.0628408, 0.0730909, 0.0185,
  0.0632614, 0.0731379, 0.0185,
  0.0636722, 0.0730785, 0.0185,
  0.0637823, 0.0727243, 0.0185,
  0.0635048, 0.0724214, 0.0185,
  0.0631142, 0.0722635, 0.0185,
  0.0627138, 0.0721265, 0.0185,
  0.06232, 0.07197, 0.0185,
  0.06272, 0.07309, 0.019,
  0.0630657, 0.0732025, 0.019,
  0.0634209, 0.0732382, 0.019,
  0.0637677, 0.0731352, 0.019,
  0.063733, 0.0728177, 0.019,
  0.0633868, 0.0727229, 0.019,
  0.06303, 0.07265, 0.019,
  0.06345, 0.07315, 0.0195,
  0.0637901, 0.0730871, 0.0195,
  0.06354, 0.07292, 0.0195
 ],
 "morphTargets": [],
 "morphColors": [],
 "normals": [],
 "colors": [],
 "uvs": [[]],
  "faces": [
  2, 0, 1, 2, 0,
  2, 0, 3, 1, 0,
  2, 0, 4, 3, 0,
  2, 4, 5, 3, 0,
  2, 4, 6, 5, 0,
  2, 6, 7, 5, 0,
  2, 6, 8, 7, 0,
  2, 8, 9, 7, 0,
  2, 8, 10, 9, 0,
  2, 10, 11, 9, 0,
  2, 10, 12, 11, 0,
  2, 12, 13, 11, 0,
  2, 12, 14, 13, 0,
  2, 14, 15, 13, 0,
  2, 14, 16, 15, 0,
  2, 16, 17, 15, 0,
  2, 16, 18, 17, 0,
  2, 18, 19, 17, 0,
  2, 18, 20, 19, 0,
  2, 18, 21, 20, 0,
  2, 18, 22, 21, 0,
  2, 22, 23, 21, 0,
  2, 22, 24, 23, 0,
  2, 24, 25, 23, 0,
  2, 25, 26, 23, 0,
  2, 25, 27, 26, 0,
  2, 27, 28, 26, 0,
  2, 27, 29, 28, 0,
  2, 29, 30, 28, 0,
  2, 29, 31, 30, 0,
  2, 31, 32, 30, 0,
  2, 31, 33, 32, 0,
  2, 33, 34, 32, 0,
  2, 33, 35, 34, 0,
  2, 35, 36, 34, 0,
  2, 35, 37, 36, 0,
  2, 38, 4, 0, 0,
  2, 38, 6, 4, 0,
  2, 38, 39, 6, 0,
  2, 39, 8, 6, 0,
  2, 39, 40, 8, 0,
  2, 40, 10, 8, 0,
  2, 40, 41, 10, 0,
  2, 41, 12, 10, 0,
  2, 41, 42, 12, 0,
  2, 42, 14, 12, 0,
  2, 42, 16, 14, 0,
  2, 42, 43, 16, 0,
  2, 43, 18, 16, 0,
  2, 43, 22, 18, 0,
  2, 43, 24, 22, 0,
  2, 43, 44, 24, 0,
  2, 44, 25, 24, 0,
  2, 44, 45, 25, 0,
  2, 45, 27, 25, 0,
  2, 45, 46, 27, 0,
  2, 46, 29, 27, 0,
  2, 46, 47, 29, 0,
  2, 47, 31, 29, 0,
  2, 47, 48, 31, 0,
  2, 48, 33, 31, 0,
  2, 48, 35, 33, 0,
  2, 49, 39, 38, 0,
  2, 49, 40, 39, 0,
  2, 49, 50, 40, 0,
  2, 50, 41, 40, 0,
  2, 50, 51, 41, 0,
  2, 51, 42, 41, 0,
  2, 51, 52, 42, 0,
  2, 52, 43, 42, 0,
  2, 52, 44, 43, 0,
  2, 52, 45, 44, 0,
  2, 52, 53, 45, 0,
  2, 53, 46, 45, 0,
  2, 53, 54, 46, 0,
  2, 54, 47, 46, 0,
  2, 54, 55, 47, 0,
  2, 55, 48, 47, 0,
  2, 56, 50, 49, 0,
  2, 56, 51, 50, 0,
  2, 56, 57, 51, 0,
  2, 57, 52, 51, 0,
  2, 57, 53, 52, 0,
  2, 57, 54, 53, 0,
  2, 57, 58, 54, 0,
  2, 58, 55, 54, 0
]
 }
