 {
  "metadata" :
  {
   "formatVersion" : 3,
   "sourceFile" : "mch002r_022d",
   "generatedBy" : "Tr3 20161112",
   "vertices" : 37,
   "faces" : 56,
   "normals" : 0,
   "colors" : 0,
   "uvs" : 0,
   "materials" : 1
  },
  "scale" : 1.0,
  "materials": [{
    "DbgColor": 0,
    "DbgIndex": 0,
    "DbgName" : "skin_17: Skin",
    "colorAmbient": [0.0, 0.0, 0.0],
    "colorDiffuse": [ 1.000, 0.753, 0.796],
    "colorSpecular": [0.16, 0.16, 0.16]
    }],
  "vertices": [
  0.04172, 0.07569, 0.009,
  0.0412364, 0.0741503, 0.009,
  0.04232, 0.07397, 0.0085,
  0.041945, 0.0727503, 0.0085,
  0.0413899, 0.0725691, 0.009,
  0.0427154, 0.0722887, 0.0085,
  0.0421417, 0.0711292, 0.009,
  0.0434984, 0.0706506, 0.009,
  0.04398, 0.0721925, 0.009,
  0.0431857, 0.0734708, 0.0085,
  0.0439236, 0.0738015, 0.009,
  0.0430812, 0.075207, 0.009,
  0.04062, 0.07596, 0.0095,
  0.0404689, 0.0743373, 0.0095,
  0.0406201, 0.0727459, 0.0095,
  0.0413815, 0.0713404, 0.0095,
  0.0425796, 0.0702714, 0.0095,
  0.0440741, 0.070495, 0.0095,
  0.0446482, 0.0719657, 0.0095,
  0.0444196, 0.0735649, 0.0095,
  0.043813, 0.0750747, 0.0095,
  0.0429223, 0.0764367, 0.0095,
  0.0415548, 0.0771298, 0.0095,
  0.03871, 0.07611, 0.01,
  0.0394679, 0.0746183, 0.01,
  0.040106, 0.0730832, 0.01,
  0.0410472, 0.0716959, 0.01,
  0.0420234, 0.0703333, 0.01,
  0.0432939, 0.0692555, 0.01,
  0.0445565, 0.0697802, 0.01,
  0.044821, 0.0714134, 0.01,
  0.0447681, 0.0730807, 0.01,
  0.0443693, 0.0747002, 0.01,
  0.0436439, 0.0761989, 0.01,
  0.0425558, 0.0774443, 0.01,
  0.0410705, 0.078043, 0.01,
  0.0395356, 0.0774588, 0.01
 ],
 "morphTargets": [],
 "morphColors": [],
 "normals": [],
 "colors": [],
 "uvs": [[]],
  "faces": [
  2, 0, 1, 2, 0,
  2, 1, 3, 2, 0,
  2, 1, 4, 3, 0,
  2, 4, 5, 3, 0,
  2, 4, 6, 5, 0,
  2, 6, 7, 5, 0,
  2, 7, 8, 5, 0,
  2, 8, 9, 5, 0,
  2, 8, 10, 9, 0,
  2, 10, 11, 9, 0,
  2, 11, 2, 9, 0,
  2, 11, 0, 2, 0,
  2, 12, 13, 0, 0,
  2, 13, 1, 0, 0,
  2, 13, 14, 1, 0,
  2, 14, 4, 1, 0,
  2, 14, 15, 4, 0,
  2, 15, 6, 4, 0,
  2, 15, 16, 6, 0,
  2, 16, 7, 6, 0,
  2, 16, 17, 7, 0,
  2, 17, 8, 7, 0,
  2, 17, 18, 8, 0,
  2, 18, 19, 8, 0,
  2, 19, 10, 8, 0,
  2, 19, 20, 10, 0,
  2, 20, 11, 10, 0,
  2, 20, 21, 11, 0,
  2, 21, 0, 11, 0,
  2, 21, 22, 0, 0,
  2, 22, 12, 0, 0,
  2, 23, 24, 12, 0,
  2, 24, 13, 12, 0,
  2, 24, 25, 13, 0,
  2, 25, 14, 13, 0,
  2, 25, 26, 14, 0,
  2, 26, 15, 14, 0,
  2, 26, 27, 15, 0,
  2, 27, 16, 15, 0,
  2, 27, 28, 16, 0,
  2, 28, 17, 16, 0,
  2, 28, 29, 17, 0,
  2, 29, 30, 17, 0,
  2, 30, 18, 17, 0,
  2, 30, 31, 18, 0,
  2, 31, 19, 18, 0,
  2, 31, 32, 19, 0,
  2, 32, 20, 19, 0,
  2, 32, 33, 20, 0,
  2, 33, 21, 20, 0,
  2, 33, 34, 21, 0,
  2, 34, 22, 21, 0,
  2, 34, 35, 22, 0,
  2, 35, 36, 22, 0,
  2, 36, 12, 22, 0,
  2, 36, 23, 12, 0
]
 }
