 {
  "metadata" :
  {
   "formatVersion" : 3,
   "sourceFile" : "mch002r_022d",
   "generatedBy" : "Tr3 20161112",
   "vertices" : 20,
   "faces" : 21,
   "normals" : 0,
   "colors" : 0,
   "uvs" : 0,
   "materials" : 1
  },
  "scale" : 1.0,
  "materials": [{
    "DbgColor": 0,
    "DbgIndex": 0,
    "DbgName" : "Cap cb-33H: bone",
    "colorAmbient": [0.0, 0.0, 0.0],
    "colorDiffuse": [ 1.000, 1.000, 1.000],
    "colorSpecular": [0.16, 0.16, 0.16]
    }],
  "vertices": [
  0.0607295, 0.0647739, 0.0165,
  0.057681, 0.0650988, 0.0165,
  0.0583872, 0.0623973, 0.0165,
  0.0584516, 0.0672282, 0.0165,
  0.05549, 0.06709, 0.0165,
  0.0553472, 0.064001, 0.0165,
  0.0558832, 0.0608605, 0.0165,
  0.0595451, 0.058299, 0.0165,
  0.0611387, 0.0613391, 0.0165,
  0.0566494, 0.0545437, 0.0165,
  0.05881, 0.05152, 0.0165,
  0.0590195, 0.0549433, 0.0165,
  0.05615, 0.05142, 0.0165,
  0.0672101, 0.066008, 0.0165,
  0.0669323, 0.064626, 0.0165,
  0.07017, 0.06578, 0.0165,
  0.0636978, 0.0635378, 0.0165,
  0.0643391, 0.0666766, 0.0165,
  0.0563908, 0.0577229, 0.0165,
  0.0614107, 0.0671396, 0.0165
 ],
 "morphTargets": [],
 "morphColors": [],
 "normals": [],
 "colors": [],
 "uvs": [[]],
  "faces": [
  2, 0, 1, 2, 0,
  2, 3, 4, 1, 0,
  2, 4, 5, 1, 0,
  2, 5, 2, 1, 0,
  2, 5, 6, 2, 0,
  2, 7, 8, 2, 0,
  2, 9, 10, 11, 0,
  2, 12, 10, 9, 0,
  2, 13, 14, 15, 0,
  2, 16, 17, 0, 0,
  2, 14, 17, 16, 0,
  2, 13, 17, 14, 0,
  2, 1, 0, 3, 0,
  2, 9, 11, 18, 0,
  2, 8, 0, 2, 0,
  2, 8, 16, 0, 0,
  2, 17, 19, 0, 0,
  2, 19, 3, 0, 0,
  2, 6, 7, 2, 0,
  2, 18, 7, 6, 0,
  2, 18, 11, 7, 0
]
 }
