 {
  "metadata" :
  {
   "formatVersion" : 3,
   "sourceFile" : "mch002r_022d",
   "generatedBy" : "Tr3 20161112",
   "vertices" : 26,
   "faces" : 24,
   "normals" : 0,
   "colors" : 0,
   "uvs" : 0,
   "materials" : 1
  },
  "scale" : 1.0,
  "materials": [{
    "DbgColor": 0,
    "DbgIndex": 0,
    "DbgName" : "Join os_temp_a_38: Temporal bone",
    "colorAmbient": [0.0, 0.0, 0.0],
    "colorDiffuse": [ 1.000, 0.784, 0.588],
    "colorSpecular": [0.16, 0.16, 0.16]
    }],
  "vertices": [
  0.05806, 0.07454, 0.019,
  0.0564817, 0.0741994, 0.019,
  0.058, 0.07358, 0.0185,
  0.0564163, 0.0739162, 0.0185,
  0.0543566, 0.0776185, 0.019,
  0.0550423, 0.0790917, 0.019,
  0.0537462, 0.0792199, 0.0185,
  0.0549219, 0.0806786, 0.019,
  0.0537106, 0.0808681, 0.0185,
  0.0553838, 0.0821421, 0.019,
  0.05373, 0.0824489, 0.0185,
  0.0551976, 0.0836714, 0.019,
  0.0539818, 0.0840748, 0.0185,
  0.0549877, 0.085303, 0.0185,
  0.0558061, 0.0852324, 0.019,
  0.0553775, 0.0869048, 0.0185,
  0.0564949, 0.0867582, 0.019,
  0.0559391, 0.0884755, 0.0185,
  0.0568901, 0.0883819, 0.019,
  0.05657, 0.09, 0.0185,
  0.05732, 0.09, 0.019,
  0.0546486, 0.0765335, 0.019,
  0.0542142, 0.0763004, 0.0185,
  0.0534557, 0.0776324, 0.0185,
  0.0554838, 0.0752824, 0.0185,
  0.0558118, 0.0755563, 0.019
 ],
 "morphTargets": [],
 "morphColors": [],
 "normals": [],
 "colors": [],
 "uvs": [[]],
  "faces": [
  2, 0, 1, 2, 0,
  2, 1, 3, 2, 0,
  2, 4, 5, 6, 0,
  2, 5, 7, 6, 0,
  2, 7, 8, 6, 0,
  2, 7, 9, 8, 0,
  2, 9, 10, 8, 0,
  2, 9, 11, 10, 0,
  2, 11, 12, 10, 0,
  2, 11, 13, 12, 0,
  2, 11, 14, 13, 0,
  2, 14, 15, 13, 0,
  2, 14, 16, 15, 0,
  2, 16, 17, 15, 0,
  2, 16, 18, 17, 0,
  2, 18, 19, 17, 0,
  2, 18, 20, 19, 0,
  2, 21, 4, 22, 0,
  2, 4, 23, 22, 0,
  2, 4, 6, 23, 0,
  2, 21, 22, 24, 0,
  2, 1, 24, 3, 0,
  2, 1, 25, 24, 0,
  2, 25, 21, 24, 0
]
 }
