 {
  "metadata" :
  {
   "formatVersion" : 3,
   "sourceFile" : "mch002r_022d",
   "generatedBy" : "Tr3 20161112",
   "vertices" : 52,
   "faces" : 52,
   "normals" : 0,
   "colors" : 0,
   "uvs" : 0,
   "materials" : 1
  },
  "scale" : 1.0,
  "materials": [{
    "DbgColor": 0,
    "DbgIndex": 0,
    "DbgName" : "os_cavlat_21: Cavity wall",
    "colorAmbient": [0.0, 0.0, 0.0],
    "colorDiffuse": [ 1.000, 0.784, 0.588],
    "colorSpecular": [0.16, 0.16, 0.16]
    }],
  "vertices": [
  0.04923, 0.08078, 0.011,
  0.0485168, 0.0805115, 0.011,
  0.04848, 0.08092, 0.0105,
  0.0479009, 0.0803856, 0.0105,
  0.048126, 0.079629, 0.0105,
  0.0486558, 0.0797205, 0.011,
  0.0486121, 0.0790104, 0.0105,
  0.0489592, 0.078926, 0.011,
  0.0482244, 0.0784371, 0.0105,
  0.0489786, 0.0781088, 0.011,
  0.0483161, 0.0776541, 0.0105,
  0.0489321, 0.0772686, 0.011,
  0.0480322, 0.0768899, 0.0105,
  0.0487176, 0.07661, 0.0105,
  0.0490693, 0.0765014, 0.011,
  0.0487823, 0.075967, 0.0105,
  0.0486986, 0.0757841, 0.011,
  0.04831, 0.0753372, 0.0105,
  0.0488334, 0.0749545, 0.011,
  0.0487103, 0.07464, 0.0105,
  0.0495703, 0.0746518, 0.0105,
  0.0495693, 0.0746987, 0.011,
  0.0504165, 0.0747922, 0.011,
  0.0504268, 0.0747271, 0.0105,
  0.0512653, 0.0748674, 0.011,
  0.0512814, 0.0747948, 0.0105,
  0.0521069, 0.0749854, 0.011,
  0.0520883, 0.0750706, 0.0105,
  0.0529293, 0.0750298, 0.0105,
  0.0529387, 0.0749888, 0.011,
  0.0537404, 0.0749754, 0.011,
  0.0537686, 0.0750366, 0.0105,
  0.0541721, 0.0756457, 0.011,
  0.0539706, 0.075844, 0.0105,
  0.0539655, 0.0764675, 0.011,
  0.0534202, 0.0760434, 0.0105,
  0.0529012, 0.076416, 0.0105,
  0.0535613, 0.0769388, 0.0105,
  0.0537644, 0.0772932, 0.011,
  0.0534518, 0.0777025, 0.0105,
  0.0533906, 0.0780066, 0.011,
  0.052769, 0.0782242, 0.0105,
  0.0526417, 0.0784112, 0.011,
  0.0521691, 0.0788332, 0.0105,
  0.0518991, 0.0788264, 0.011,
  0.0514116, 0.0791679, 0.0105,
  0.0511462, 0.0792146, 0.011,
  0.0506819, 0.0796234, 0.0105,
  0.0505482, 0.0797571, 0.011,
  0.0499588, 0.0800882, 0.0105,
  0.0499739, 0.080378, 0.011,
  0.049266, 0.0805983, 0.0105
 ],
 "morphTargets": [],
 "morphColors": [],
 "normals": [],
 "colors": [],
 "uvs": [[]],
  "faces": [
  2, 0, 1, 2, 0,
  2, 1, 3, 2, 0,
  2, 1, 4, 3, 0,
  2, 1, 5, 4, 0,
  2, 5, 6, 4, 0,
  2, 5, 7, 6, 0,
  2, 7, 8, 6, 0,
  2, 7, 9, 8, 0,
  2, 9, 10, 8, 0,
  2, 9, 11, 10, 0,
  2, 11, 12, 10, 0,
  2, 11, 13, 12, 0,
  2, 11, 14, 13, 0,
  2, 14, 15, 13, 0,
  2, 14, 16, 15, 0,
  2, 16, 17, 15, 0,
  2, 16, 18, 17, 0,
  2, 18, 19, 17, 0,
  2, 18, 20, 19, 0,
  2, 18, 21, 20, 0,
  2, 21, 22, 20, 0,
  2, 22, 23, 20, 0,
  2, 22, 24, 23, 0,
  2, 24, 25, 23, 0,
  2, 24, 26, 25, 0,
  2, 26, 27, 25, 0,
  2, 26, 28, 27, 0,
  2, 26, 29, 28, 0,
  2, 29, 30, 28, 0,
  2, 30, 31, 28, 0,
  2, 30, 32, 31, 0,
  2, 32, 33, 31, 0,
  2, 32, 34, 33, 0,
  2, 34, 35, 33, 0,
  2, 34, 36, 35, 0,
  2, 34, 37, 36, 0,
  2, 34, 38, 37, 0,
  2, 38, 39, 37, 0,
  2, 38, 40, 39, 0,
  2, 40, 41, 39, 0,
  2, 40, 42, 41, 0,
  2, 42, 43, 41, 0,
  2, 42, 44, 43, 0,
  2, 44, 45, 43, 0,
  2, 44, 46, 45, 0,
  2, 46, 47, 45, 0,
  2, 46, 48, 47, 0,
  2, 48, 49, 47, 0,
  2, 48, 50, 49, 0,
  2, 50, 51, 49, 0,
  2, 50, 0, 51, 0,
  2, 0, 2, 51, 0
]
 }
