 {
  "metadata" :
  {
   "formatVersion" : 3,
   "sourceFile" : "mch002r_022d",
   "generatedBy" : "Tr3 20161112",
   "vertices" : 29,
   "faces" : 39,
   "normals" : 0,
   "colors" : 0,
   "uvs" : 0,
   "materials" : 1
  },
  "scale" : 1.0,
  "materials": [{
    "DbgColor": 0,
    "DbgIndex": 0,
    "DbgName" : "os_cavlat1_30: Cavity wall",
    "colorAmbient": [0.0, 0.0, 0.0],
    "colorDiffuse": [ 1.000, 0.784, 0.588],
    "colorSpecular": [0.16, 0.16, 0.16]
    }],
  "vertices": [
  0.05682, 0.07623, 0.0165,
  0.05722, 0.0763, 0.016,
  0.05682, 0.07598, 0.016,
  0.05703, 0.07661, 0.0165,
  0.05728, 0.07689, 0.016,
  0.05703, 0.07711, 0.0165,
  0.0571, 0.07736, 0.016,
  0.05678, 0.07728, 0.0165,
  0.05679, 0.07764, 0.016,
  0.05644, 0.07754, 0.016,
  0.05643, 0.07721, 0.0165,
  0.0561, 0.07732, 0.016,
  0.05612, 0.07707, 0.0165,
  0.05588, 0.07714, 0.016,
  0.05598, 0.07683, 0.0165,
  0.05576, 0.07686, 0.016,
  0.05576, 0.07655, 0.016,
  0.05591, 0.07644, 0.0165,
  0.05598, 0.07614, 0.016,
  0.05616, 0.07614, 0.0165,
  0.05635, 0.07589, 0.016,
  0.05657, 0.07614, 0.0165,
  0.0566, 0.07617, 0.017,
  0.05672, 0.07645, 0.017,
  0.05654, 0.07683, 0.017,
  0.05619, 0.07683, 0.017,
  0.05601, 0.07667, 0.017,
  0.05601, 0.0763, 0.017,
  0.05629, 0.07611, 0.017
 ],
 "morphTargets": [],
 "morphColors": [],
 "normals": [],
 "colors": [],
 "uvs": [[]],
  "faces": [
  2, 0, 1, 2, 0,
  2, 0, 3, 1, 0,
  2, 3, 4, 1, 0,
  2, 3, 5, 4, 0,
  2, 5, 6, 4, 0,
  2, 5, 7, 6, 0,
  2, 7, 8, 6, 0,
  2, 7, 9, 8, 0,
  2, 7, 10, 9, 0,
  2, 10, 11, 9, 0,
  2, 10, 12, 11, 0,
  2, 12, 13, 11, 0,
  2, 12, 14, 13, 0,
  2, 14, 15, 13, 0,
  2, 14, 16, 15, 0,
  2, 14, 17, 16, 0,
  2, 17, 18, 16, 0,
  2, 17, 19, 18, 0,
  2, 19, 20, 18, 0,
  2, 19, 21, 20, 0,
  2, 21, 2, 20, 0,
  2, 21, 0, 2, 0,
  2, 22, 23, 0, 0,
  2, 23, 3, 0, 0,
  2, 23, 24, 3, 0,
  2, 24, 5, 3, 0,
  2, 24, 7, 5, 0,
  2, 24, 10, 7, 0,
  2, 24, 25, 10, 0,
  2, 25, 12, 10, 0,
  2, 25, 14, 12, 0,
  2, 25, 26, 14, 0,
  2, 26, 17, 14, 0,
  2, 26, 27, 17, 0,
  2, 27, 19, 17, 0,
  2, 27, 28, 19, 0,
  2, 28, 21, 19, 0,
  2, 28, 22, 21, 0,
  2, 22, 0, 21, 0
]
 }
