 {
  "metadata" :
  {
   "formatVersion" : 3,
   "sourceFile" : "mch002r_022d",
   "generatedBy" : "Tr3 20161112",
   "vertices" : 42,
   "faces" : 60,
   "normals" : 0,
   "colors" : 0,
   "uvs" : 0,
   "materials" : 1
  },
  "scale" : 1.0,
  "materials": [{
    "DbgColor": 0,
    "DbgIndex": 0,
    "DbgName" : "os_temp_a_22: Temporal bone",
    "colorAmbient": [0.0, 0.0, 0.0],
    "colorDiffuse": [ 1.000, 0.784, 0.588],
    "colorSpecular": [0.16, 0.16, 0.16]
    }],
  "vertices": [
  0.04906, 0.08191, 0.0115,
  0.048156, 0.0832238, 0.011,
  0.04867, 0.08163, 0.011,
  0.0485115, 0.0834962, 0.0115,
  0.04787, 0.0849104, 0.011,
  0.0482371, 0.0851367, 0.0115,
  0.0479301, 0.0866319, 0.011,
  0.0482928, 0.0868097, 0.0115,
  0.0482331, 0.0883265, 0.011,
  0.0486715, 0.0884332, 0.0115,
  0.04865, 0.09, 0.011,
  0.04927, 0.09, 0.0115,
  0.04937, 0.082, 0.012,
  0.0487026, 0.0835275, 0.012,
  0.0486093, 0.0851422, 0.012,
  0.0488802, 0.0867865, 0.012,
  0.0492315, 0.0884157, 0.012,
  0.04974, 0.09, 0.012,
  0.04941, 0.08205, 0.0125,
  0.0487281, 0.083568, 0.0125,
  0.0487742, 0.0851817, 0.0125,
  0.0491713, 0.0867955, 0.0125,
  0.0496208, 0.0883977, 0.0125,
  0.05007, 0.09, 0.0125,
  0.04965, 0.08219, 0.013,
  0.0491926, 0.0837262, 0.013,
  0.049276, 0.0853351, 0.013,
  0.0495222, 0.0869377, 0.013,
  0.0500795, 0.0884572, 0.013,
  0.05058, 0.09, 0.013,
  0.04979, 0.08219, 0.0135,
  0.0494292, 0.0837718, 0.0135,
  0.0494591, 0.0853979, 0.0135,
  0.0498892, 0.0869737, 0.0135,
  0.0505056, 0.0884779, 0.0135,
  0.0511, 0.09, 0.0135,
  0.04998, 0.08237, 0.014,
  0.04998, 0.0839485, 0.014,
  0.0501351, 0.0855129, 0.014,
  0.0506384, 0.0869945, 0.014,
  0.0512081, 0.0884519, 0.014,
  0.05147, 0.09, 0.014
 ],
 "morphTargets": [],
 "morphColors": [],
 "normals": [],
 "colors": [],
 "uvs": [[]],
  "faces": [
  2, 0, 1, 2, 0,
  2, 0, 3, 1, 0,
  2, 3, 4, 1, 0,
  2, 3, 5, 4, 0,
  2, 5, 6, 4, 0,
  2, 5, 7, 6, 0,
  2, 7, 8, 6, 0,
  2, 7, 9, 8, 0,
  2, 9, 10, 8, 0,
  2, 9, 11, 10, 0,
  2, 12, 13, 0, 0,
  2, 13, 3, 0, 0,
  2, 13, 14, 3, 0,
  2, 14, 5, 3, 0,
  2, 14, 7, 5, 0,
  2, 14, 15, 7, 0,
  2, 15, 9, 7, 0,
  2, 15, 16, 9, 0,
  2, 16, 11, 9, 0,
  2, 16, 17, 11, 0,
  2, 18, 13, 12, 0,
  2, 18, 19, 13, 0,
  2, 19, 14, 13, 0,
  2, 19, 20, 14, 0,
  2, 20, 15, 14, 0,
  2, 20, 21, 15, 0,
  2, 21, 16, 15, 0,
  2, 21, 22, 16, 0,
  2, 22, 17, 16, 0,
  2, 22, 23, 17, 0,
  2, 24, 19, 18, 0,
  2, 24, 25, 19, 0,
  2, 25, 20, 19, 0,
  2, 25, 26, 20, 0,
  2, 26, 21, 20, 0,
  2, 26, 27, 21, 0,
  2, 27, 22, 21, 0,
  2, 27, 28, 22, 0,
  2, 28, 23, 22, 0,
  2, 28, 29, 23, 0,
  2, 30, 31, 24, 0,
  2, 31, 25, 24, 0,
  2, 31, 26, 25, 0,
  2, 31, 32, 26, 0,
  2, 32, 27, 26, 0,
  2, 32, 33, 27, 0,
  2, 33, 28, 27, 0,
  2, 33, 34, 28, 0,
  2, 34, 29, 28, 0,
  2, 34, 35, 29, 0,
  2, 36, 31, 30, 0,
  2, 36, 37, 31, 0,
  2, 37, 32, 31, 0,
  2, 37, 38, 32, 0,
  2, 38, 33, 32, 0,
  2, 38, 39, 33, 0,
  2, 39, 34, 33, 0,
  2, 39, 40, 34, 0,
  2, 40, 35, 34, 0,
  2, 40, 41, 35, 0
]
 }
