 {
  "metadata" :
  {
   "formatVersion" : 3,
   "sourceFile" : "mch002r_022d",
   "generatedBy" : "Tr3 20161112",
   "vertices" : 25,
   "faces" : 41,
   "normals" : 0,
   "colors" : 0,
   "uvs" : 0,
   "materials" : 1
  },
  "scale" : 1.0,
  "materials": [{
    "DbgColor": 0,
    "DbgIndex": 0,
    "DbgName" : "os_temp_post_02: Temporal bone",
    "colorAmbient": [0.0, 0.0, 0.0],
    "colorDiffuse": [ 1.000, 0.784, 0.588],
    "colorSpecular": [0.16, 0.16, 0.16]
    }],
  "vertices": [
  0.04742, 0.09099, 0.0015,
  0.0468539, 0.0921734, 0.0015,
  0.04731, 0.09133, 0.001,
  0.0477803, 0.0924766, 0.0015,
  0.0475, 0.09062, 0.002,
  0.04656, 0.091856, 0.002,
  0.0475355, 0.093025, 0.002,
  0.04791, 0.0920083, 0.002,
  0.04749, 0.09076, 0.0025,
  0.0467785, 0.0919269, 0.0025,
  0.0476759, 0.0930347, 0.0025,
  0.0482786, 0.0920281, 0.0025,
  0.04804, 0.08974, 0.003,
  0.047052, 0.090603, 0.003,
  0.046768, 0.0920519, 0.003,
  0.0476896, 0.0930456, 0.003,
  0.0488945, 0.0924685, 0.003,
  0.0487676, 0.0910164, 0.003,
  0.04816, 0.08861, 0.0035,
  0.0472443, 0.0900058, 0.0035,
  0.046822, 0.0916231, 0.0035,
  0.0475258, 0.0929818, 0.0035,
  0.0491314, 0.0928141, 0.0035,
  0.049639, 0.0913107, 0.0035,
  0.049223, 0.0896859, 0.0035
 ],
 "morphTargets": [],
 "morphColors": [],
 "normals": [],
 "colors": [],
 "uvs": [[]],
  "faces": [
  2, 0, 1, 2, 0,
  2, 1, 3, 2, 0,
  2, 3, 0, 2, 0,
  2, 4, 5, 0, 0,
  2, 5, 1, 0, 0,
  2, 5, 6, 1, 0,
  2, 6, 3, 1, 0,
  2, 6, 7, 3, 0,
  2, 7, 0, 3, 0,
  2, 7, 4, 0, 0,
  2, 8, 5, 4, 0,
  2, 8, 9, 5, 0,
  2, 9, 6, 5, 0,
  2, 9, 10, 6, 0,
  2, 10, 7, 6, 0,
  2, 10, 11, 7, 0,
  2, 11, 8, 7, 0,
  2, 8, 4, 7, 0,
  2, 12, 13, 8, 0,
  2, 13, 9, 8, 0,
  2, 13, 14, 9, 0,
  2, 14, 10, 9, 0,
  2, 14, 15, 10, 0,
  2, 15, 11, 10, 0,
  2, 15, 16, 11, 0,
  2, 16, 17, 11, 0,
  2, 17, 8, 11, 0,
  2, 17, 12, 8, 0,
  2, 18, 19, 12, 0,
  2, 19, 13, 12, 0,
  2, 19, 20, 13, 0,
  2, 20, 14, 13, 0,
  2, 20, 21, 14, 0,
  2, 21, 15, 14, 0,
  2, 21, 22, 15, 0,
  2, 22, 16, 15, 0,
  2, 22, 23, 16, 0,
  2, 23, 17, 16, 0,
  2, 23, 24, 17, 0,
  2, 24, 12, 17, 0,
  2, 24, 18, 12, 0
]
 }
