 {
  "metadata" :
  {
   "formatVersion" : 3,
   "sourceFile" : "mch002r_022d",
   "generatedBy" : "Tr3 20161112",
   "vertices" : 16,
   "faces" : 20,
   "normals" : 0,
   "colors" : 0,
   "uvs" : 0,
   "materials" : 1
  },
  "scale" : 1.0,
  "materials": [{
    "DbgColor": 0,
    "DbgIndex": 0,
    "DbgName" : "Cap cB5: bone",
    "colorAmbient": [0.0, 0.0, 0.0],
    "colorDiffuse": [ 1.000, 1.000, 1.000],
    "colorSpecular": [0.16, 0.16, 0.16]
    }],
  "vertices": [
  0.0691115, 0.0819434, 0.022,
  0.0724758, 0.0821521, 0.022,
  0.0685179, 0.0847823, 0.022,
  0.0727211, 0.0859232, 0.022,
  0.077819, 0.0861317, 0.022,
  0.07695, 0.09027, 0.022,
  0.0675032, 0.0798373, 0.022,
  0.0713104, 0.0791785, 0.022,
  0.07517, 0.07901, 0.022,
  0.078014, 0.0820732, 0.022,
  0.0657286, 0.0837624, 0.022,
  0.0637974, 0.080943, 0.022,
  0.0628843, 0.0849368, 0.022,
  0.06101, 0.08312, 0.022,
  0.06255, 0.09013, 0.022,
  0.0613283, 0.0867272, 0.022
 ],
 "morphTargets": [],
 "morphColors": [],
 "normals": [],
 "colors": [],
 "uvs": [[]],
  "faces": [
  2, 0, 1, 2, 0,
  2, 3, 4, 5, 0,
  2, 1, 3, 2, 0,
  2, 0, 6, 7, 0,
  2, 0, 7, 1, 0,
  2, 1, 7, 8, 0,
  2, 1, 8, 9, 0,
  2, 1, 9, 3, 0,
  2, 3, 9, 4, 0,
  2, 0, 2, 10, 0,
  2, 11, 6, 10, 0,
  2, 6, 0, 10, 0,
  2, 12, 13, 11, 0,
  2, 5, 14, 3, 0,
  2, 3, 14, 2, 0,
  2, 2, 14, 10, 0,
  2, 14, 12, 10, 0,
  2, 12, 11, 10, 0,
  2, 12, 14, 15, 0,
  2, 12, 15, 13, 0
]
 }
