 {
  "metadata" :
  {
   "formatVersion" : 3,
   "sourceFile" : "mch002r_022d",
   "generatedBy" : "Tr3 20161112",
   "vertices" : 17,
   "faces" : 17,
   "normals" : 0,
   "colors" : 0,
   "uvs" : 0,
   "materials" : 1
  },
  "scale" : 1.0,
  "materials": [{
    "DbgColor": 0,
    "DbgIndex": 0,
    "DbgName" : "os_cavmid_34: Cavity wall",
    "colorAmbient": [0.0, 0.0, 0.0],
    "colorDiffuse": [ 1.000, 0.784, 0.588],
    "colorSpecular": [0.16, 0.16, 0.16]
    }],
  "vertices": [
  0.0585, 0.07661, 0.0175,
  0.0591609, 0.0766411, 0.017,
  0.05906, 0.07626, 0.017,
  0.05872, 0.0769839, 0.0175,
  0.0590059, 0.0770235, 0.017,
  0.0586805, 0.07726, 0.017,
  0.0585657, 0.0773543, 0.0175,
  0.0582746, 0.0772205, 0.017,
  0.0581936, 0.0774085, 0.0175,
  0.0578868, 0.0771137, 0.0175,
  0.0579219, 0.0770185, 0.017,
  0.0577437, 0.0767647, 0.0175,
  0.0577641, 0.07666, 0.017,
  0.0580715, 0.076561, 0.0175,
  0.0578489, 0.0762893, 0.017,
  0.0582376, 0.0762, 0.017,
  0.0586502, 0.0762077, 0.017
 ],
 "morphTargets": [],
 "morphColors": [],
 "normals": [],
 "colors": [],
 "uvs": [[]],
  "faces": [
  2, 0, 1, 2, 0,
  2, 0, 3, 1, 0,
  2, 3, 4, 1, 0,
  2, 3, 5, 4, 0,
  2, 3, 6, 5, 0,
  2, 6, 7, 5, 0,
  2, 6, 8, 7, 0,
  2, 8, 9, 7, 0,
  2, 9, 10, 7, 0,
  2, 9, 11, 10, 0,
  2, 11, 12, 10, 0,
  2, 11, 13, 12, 0,
  2, 13, 14, 12, 0,
  2, 13, 15, 14, 0,
  2, 13, 0, 15, 0,
  2, 0, 16, 15, 0,
  2, 0, 2, 16, 0
]
 }
