 {
  "metadata" :
  {
   "formatVersion" : 3,
   "sourceFile" : "mch002r_022d",
   "generatedBy" : "Tr3 20161112",
   "vertices" : 36,
   "faces" : 34,
   "normals" : 0,
   "colors" : 0,
   "uvs" : 0,
   "materials" : 1
  },
  "scale" : 1.0,
  "materials": [{
    "DbgColor": 0,
    "DbgIndex": 0,
    "DbgName" : "os_cavmed_30: Cavity wall",
    "colorAmbient": [0.0, 0.0, 0.0],
    "colorDiffuse": [ 1.000, 0.784, 0.588],
    "colorSpecular": [0.16, 0.16, 0.16]
    }],
  "vertices": [
  0.06575, 0.07123, 0.0155,
  0.0653611, 0.0719643, 0.0155,
  0.06523, 0.07196, 0.015,
  0.0650584, 0.0727253, 0.0155,
  0.0648955, 0.0727437, 0.015,
  0.064926, 0.0735467, 0.0155,
  0.0648857, 0.0736085, 0.015,
  0.0645414, 0.0742611, 0.0155,
  0.0648055, 0.0744648, 0.015,
  0.0640327, 0.0749206, 0.0155,
  0.0643147, 0.0751769, 0.015,
  0.0635473, 0.0755964, 0.0155,
  0.0637697, 0.0758446, 0.015,
  0.0632747, 0.0763734, 0.0155,
  0.0632376, 0.0765174, 0.015,
  0.0629357, 0.0771243, 0.0155,
  0.0628765, 0.0772949, 0.015,
  0.0622394, 0.0774188, 0.0155,
  0.0621154, 0.0771933, 0.015,
  0.0619697, 0.0767351, 0.0155,
  0.0620207, 0.0763545, 0.015,
  0.0620612, 0.0759123, 0.0155,
  0.06208, 0.075491, 0.015,
  0.0615482, 0.075462, 0.0155,
  0.0615263, 0.0749347, 0.015,
  0.0608999, 0.0754302, 0.015,
  0.0610703, 0.0760747, 0.0155,
  0.060235, 0.07586, 0.015,
  0.0603242, 0.0762888, 0.0155,
  0.0595964, 0.0759468, 0.0155,
  0.0594656, 0.0757334, 0.015,
  0.0588804, 0.0763632, 0.0155,
  0.0586191, 0.07561, 0.015,
  0.0582989, 0.0760173, 0.0155,
  0.05776, 0.07558, 0.015,
  0.05764, 0.07579, 0.0155
 ],
 "morphTargets": [],
 "morphColors": [],
 "normals": [],
 "colors": [],
 "uvs": [[]],
  "faces": [
  2, 0, 1, 2, 0,
  2, 1, 3, 2, 0,
  2, 3, 4, 2, 0,
  2, 3, 5, 4, 0,
  2, 5, 6, 4, 0,
  2, 5, 7, 6, 0,
  2, 7, 8, 6, 0,
  2, 7, 9, 8, 0,
  2, 9, 10, 8, 0,
  2, 9, 11, 10, 0,
  2, 11, 12, 10, 0,
  2, 11, 13, 12, 0,
  2, 13, 14, 12, 0,
  2, 13, 15, 14, 0,
  2, 15, 16, 14, 0,
  2, 15, 17, 16, 0,
  2, 17, 18, 16, 0,
  2, 17, 19, 18, 0,
  2, 19, 20, 18, 0,
  2, 19, 21, 20, 0,
  2, 21, 22, 20, 0,
  2, 21, 23, 22, 0,
  2, 23, 24, 22, 0,
  2, 23, 25, 24, 0,
  2, 23, 26, 25, 0,
  2, 26, 27, 25, 0,
  2, 26, 28, 27, 0,
  2, 28, 29, 27, 0,
  2, 29, 30, 27, 0,
  2, 29, 31, 30, 0,
  2, 31, 32, 30, 0,
  2, 31, 33, 32, 0,
  2, 33, 34, 32, 0,
  2, 33, 35, 34, 0
]
 }
