 {
  "metadata" :
  {
   "formatVersion" : 3,
   "sourceFile" : "mch002r_022d",
   "generatedBy" : "Tr3 20161112",
   "vertices" : 16,
   "faces" : 14,
   "normals" : 0,
   "colors" : 0,
   "uvs" : 0,
   "materials" : 1
  },
  "scale" : 1.0,
  "materials": [{
    "DbgColor": 0,
    "DbgIndex": 0,
    "DbgName" : "Join JS-38-39-2a:  ",
    "colorAmbient": [0.0, 0.0, 0.0],
    "colorDiffuse": [ 1.000, 1.000, 1.000],
    "colorSpecular": [0.16, 0.16, 0.16]
    }],
  "vertices": [
  0.05807, 0.09004, 0.0195,
  0.0564713, 0.0870135, 0.0195,
  0.05739, 0.08999, 0.019,
  0.05488, 0.08032, 0.0195,
  0.05395, 0.08036, 0.019,
  0.0547743, 0.0837289, 0.019,
  0.0551607, 0.077701, 0.0195,
  0.05395, 0.077513, 0.019,
  0.0554091, 0.0751686, 0.019,
  0.0557844, 0.0870432, 0.019,
  0.055405, 0.0837219, 0.0195,
  0.0608777, 0.0717171, 0.0195,
  0.0594, 0.07122, 0.019,
  0.05819, 0.07476, 0.019,
  0.056251, 0.0752801, 0.0195,
  0.05858, 0.07544, 0.0195
 ],
 "morphTargets": [],
 "morphColors": [],
 "normals": [],
 "colors": [],
 "uvs": [[]],
  "faces": [
  2, 0, 1, 2, 0,
  2, 3, 4, 5, 0,
  2, 3, 6, 4, 0,
  2, 6, 7, 4, 0,
  2, 6, 8, 7, 0,
  2, 1, 9, 2, 0,
  2, 1, 10, 9, 0,
  2, 10, 5, 9, 0,
  2, 10, 3, 5, 0,
  2, 11, 12, 13, 0,
  2, 14, 13, 8, 0,
  2, 14, 15, 13, 0,
  2, 15, 11, 13, 0,
  2, 6, 14, 8, 0
]
 }
