 {
  "metadata" :
  {
   "formatVersion" : 3,
   "sourceFile" : "mch002r_022d",
   "generatedBy" : "Tr3 20161112",
   "vertices" : 20,
   "faces" : 18,
   "normals" : 0,
   "colors" : 0,
   "uvs" : 0,
   "materials" : 1
  },
  "scale" : 1.0,
  "materials": [{
    "DbgColor": 0,
    "DbgIndex": 0,
    "DbgName" : "Join ec_lat_39: Ear canal",
    "colorAmbient": [0.0, 0.0, 0.0],
    "colorDiffuse": [ 0.824, 0.706, 0.549],
    "colorSpecular": [0.16, 0.16, 0.16]
    }],
  "vertices": [
  0.04702, 0.06759, 0.0195,
  0.049339, 0.0676877, 0.019,
  0.04702, 0.0677, 0.019,
  0.0548894, 0.0726181, 0.0195,
  0.0565348, 0.0711737, 0.019,
  0.05405, 0.07041, 0.019,
  0.059148, 0.0708703, 0.019,
  0.0557263, 0.0734833, 0.019,
  0.053, 0.07339, 0.019,
  0.0527544, 0.072355, 0.0195,
  0.0515264, 0.0723064, 0.019,
  0.050502, 0.0711993, 0.0195,
  0.04996, 0.07139, 0.019,
  0.04795, 0.07113, 0.0195,
  0.0495556, 0.067813, 0.0195,
  0.05149, 0.0686, 0.019,
  0.0517361, 0.0691518, 0.0195,
  0.0527908, 0.0694754, 0.019,
  0.0538099, 0.0706592, 0.0195,
  0.04789, 0.07102, 0.019
 ],
 "morphTargets": [],
 "morphColors": [],
 "normals": [],
 "colors": [],
 "uvs": [[]],
  "faces": [
  2, 0, 1, 2, 0,
  2, 3, 4, 5, 0,
  2, 3, 6, 4, 0,
  2, 3, 7, 6, 0,
  2, 3, 8, 7, 0,
  2, 3, 9, 8, 0,
  2, 9, 10, 8, 0,
  2, 9, 11, 10, 0,
  2, 11, 12, 10, 0,
  2, 11, 13, 12, 0,
  2, 0, 14, 1, 0,
  2, 14, 15, 1, 0,
  2, 14, 16, 15, 0,
  2, 16, 17, 15, 0,
  2, 16, 18, 17, 0,
  2, 18, 5, 17, 0,
  2, 18, 3, 5, 0,
  2, 13, 19, 12, 0
]
 }
