 {
  "metadata" :
  {
   "formatVersion" : 3,
   "sourceFile" : "mch002r_022d",
   "generatedBy" : "Tr3 20161112",
   "vertices" : 10,
   "faces" : 8,
   "normals" : 0,
   "colors" : 0,
   "uvs" : 0,
   "materials" : 1
  },
  "scale" : 1.0,
  "materials": [{
    "DbgColor": 0,
    "DbgIndex": 0,
    "DbgName" : "Join os_cav_33c: Cavity wall",
    "colorAmbient": [0.0, 0.0, 0.0],
    "colorDiffuse": [ 1.000, 0.784, 0.588],
    "colorSpecular": [0.16, 0.16, 0.16]
    }],
  "vertices": [
  0.0643645, 0.0685616, 0.0165,
  0.06503, 0.06816, 0.016,
  0.0643166, 0.0684615, 0.016,
  0.0627169, 0.0689748, 0.0165,
  0.0620115, 0.0685641, 0.016,
  0.06134, 0.06886, 0.016,
  0.062787, 0.0685183, 0.016,
  0.0635651, 0.0688844, 0.0165,
  0.0635586, 0.0685892, 0.016,
  0.06509, 0.06809, 0.0165
 ],
 "morphTargets": [],
 "morphColors": [],
 "normals": [],
 "colors": [],
 "uvs": [[]],
  "faces": [
  2, 0, 1, 2, 0,
  2, 3, 4, 5, 0,
  2, 3, 6, 4, 0,
  2, 3, 7, 6, 0,
  2, 7, 8, 6, 0,
  2, 7, 0, 8, 0,
  2, 0, 2, 8, 0,
  2, 0, 9, 1, 0
]
 }
