 {
  "metadata" :
  {
   "formatVersion" : 3,
   "sourceFile" : "mch002r_022d",
   "generatedBy" : "Tr3 20161112",
   "vertices" : 42,
   "faces" : 40,
   "normals" : 0,
   "colors" : 0,
   "uvs" : 0,
   "materials" : 1
  },
  "scale" : 1.0,
  "materials": [{
    "DbgColor": 0,
    "DbgIndex": 0,
    "DbgName" : "os_occcond_lat_40: Occipital bone (condylar part)",
    "colorAmbient": [0.0, 0.0, 0.0],
    "colorDiffuse": [ 1.000, 0.784, 0.588],
    "colorSpecular": [0.16, 0.16, 0.16]
    }],
  "vertices": [
  0.07709, 0.09, 0.0205,
  0.0767062, 0.0883214, 0.0205,
  0.07664, 0.09, 0.02,
  0.0764323, 0.0883089, 0.02,
  0.076326, 0.086642, 0.0205,
  0.0762073, 0.0866202, 0.02,
  0.0760222, 0.084947, 0.0205,
  0.0759197, 0.0849426, 0.02,
  0.0757474, 0.0832495, 0.0205,
  0.0754007, 0.0833198, 0.02,
  0.0751218, 0.0816536, 0.0205,
  0.0746093, 0.0818148, 0.02,
  0.0740435, 0.0803177, 0.0205,
  0.0737733, 0.0803302, 0.02,
  0.0725779, 0.0795624, 0.0205,
  0.0725834, 0.0792978, 0.02,
  0.0716126, 0.0806381, 0.02,
  0.071236, 0.0805281, 0.0205,
  0.0709605, 0.0821981, 0.0205,
  0.0714766, 0.0823168, 0.02,
  0.0707788, 0.0838989, 0.0205,
  0.0713937, 0.0840096, 0.02,
  0.071012, 0.0856651, 0.02,
  0.0697131, 0.0851342, 0.0205,
  0.0704869, 0.087286, 0.02,
  0.0696223, 0.0887124, 0.02,
  0.068174, 0.0895163, 0.02,
  0.0673316, 0.0883123, 0.02,
  0.0671842, 0.0866148, 0.02,
  0.0680714, 0.084953, 0.0205,
  0.0668032, 0.0849642, 0.02,
  0.0666881, 0.083936, 0.0205,
  0.0656155, 0.0840351, 0.02,
  0.0653867, 0.0837834, 0.0205,
  0.0645591, 0.0852891, 0.0205,
  0.0647197, 0.0853888, 0.02,
  0.0638319, 0.0868499, 0.0205,
  0.0640175, 0.086939, 0.02,
  0.0632687, 0.0884695, 0.02,
  0.063136, 0.0884249, 0.0205,
  0.06252, 0.09, 0.02,
  0.06244, 0.09, 0.0205
 ],
 "morphTargets": [],
 "morphColors": [],
 "normals": [],
 "colors": [],
 "uvs": [[]],
  "faces": [
  2, 0, 1, 2, 0,
  2, 1, 3, 2, 0,
  2, 1, 4, 3, 0,
  2, 4, 5, 3, 0,
  2, 4, 6, 5, 0,
  2, 6, 7, 5, 0,
  2, 6, 8, 7, 0,
  2, 8, 9, 7, 0,
  2, 8, 10, 9, 0,
  2, 10, 11, 9, 0,
  2, 10, 12, 11, 0,
  2, 12, 13, 11, 0,
  2, 12, 14, 13, 0,
  2, 14, 15, 13, 0,
  2, 14, 16, 15, 0,
  2, 14, 17, 16, 0,
  2, 17, 18, 16, 0,
  2, 18, 19, 16, 0,
  2, 18, 20, 19, 0,
  2, 20, 21, 19, 0,
  2, 20, 22, 21, 0,
  2, 20, 23, 22, 0,
  2, 23, 24, 22, 0,
  2, 23, 25, 24, 0,
  2, 23, 26, 25, 0,
  2, 23, 27, 26, 0,
  2, 23, 28, 27, 0,
  2, 23, 29, 28, 0,
  2, 29, 30, 28, 0,
  2, 29, 31, 30, 0,
  2, 31, 32, 30, 0,
  2, 31, 33, 32, 0,
  2, 33, 34, 32, 0,
  2, 34, 35, 32, 0,
  2, 34, 36, 35, 0,
  2, 36, 37, 35, 0,
  2, 36, 38, 37, 0,
  2, 36, 39, 38, 0,
  2, 39, 40, 38, 0,
  2, 39, 41, 40, 0
]
 }
