 {
  "metadata" :
  {
   "formatVersion" : 3,
   "sourceFile" : "mch002r_022d",
   "generatedBy" : "Tr3 20161112",
   "vertices" : 8,
   "faces" : 6,
   "normals" : 0,
   "colors" : 0,
   "uvs" : 0,
   "materials" : 1
  },
  "scale" : 1.0,
  "materials": [{
    "DbgColor": 0,
    "DbgIndex": 0,
    "DbgName" : "Join os_temp_cut_34: Temporal bone",
    "colorAmbient": [0.0, 0.0, 0.0],
    "colorDiffuse": [ 1.000, 0.784, 0.588],
    "colorSpecular": [0.16, 0.16, 0.16]
    }],
  "vertices": [
  0.0558933, 0.09, 0.017,
  0.0573367, 0.09, 0.017,
  0.0567, 0.09, 0.0165,
  0.05878, 0.09, 0.017,
  0.05445, 0.09, 0.017,
  0.05404, 0.09, 0.0165,
  0.05537, 0.09, 0.0165,
  0.05803, 0.09, 0.0165
 ],
 "morphTargets": [],
 "morphColors": [],
 "normals": [],
 "colors": [],
 "uvs": [[]],
  "faces": [
  2, 0, 1, 2, 0,
  2, 1, 3, 2, 0,
  2, 4, 0, 5, 0,
  2, 0, 6, 5, 0,
  2, 0, 2, 6, 0,
  2, 3, 7, 2, 0
]
 }
