 {
  "metadata" :
  {
   "formatVersion" : 3,
   "sourceFile" : "mch002r_022d",
   "generatedBy" : "Tr3 20161112",
   "vertices" : 12,
   "faces" : 12,
   "normals" : 0,
   "colors" : 0,
   "uvs" : 0,
   "materials" : 1
  },
  "scale" : 1.0,
  "materials": [{
    "DbgColor": 0,
    "DbgIndex": 0,
    "DbgName" : "9_a36: (no description",
    "colorAmbient": [0.0, 0.0, 0.0],
    "colorDiffuse": [ 1.000, 1.000, 1.000],
    "colorSpecular": [0.16, 0.16, 0.16]
    }],
  "vertices": [
  0.04546, 0.08999, 0.0185,
  0.0488395, 0.0900543, 0.018,
  0.04525, 0.08997, 0.018,
  0.04921, 0.0900181, 0.0185,
  0.0524348, 0.0900471, 0.018,
  0.05296, 0.0900541, 0.0185,
  0.05603, 0.09004, 0.018,
  0.05671, 0.09009, 0.0185,
  0.04558, 0.08999, 0.019,
  0.0495158, 0.0900263, 0.019,
  0.0534529, 0.0900082, 0.019,
  0.05739, 0.08999, 0.019
 ],
 "morphTargets": [],
 "morphColors": [],
 "normals": [],
 "colors": [],
 "uvs": [[]],
  "faces": [
  2, 0, 1, 2, 0,
  2, 0, 3, 1, 0,
  2, 3, 4, 1, 0,
  2, 3, 5, 4, 0,
  2, 5, 6, 4, 0,
  2, 5, 7, 6, 0,
  2, 8, 3, 0, 0,
  2, 8, 9, 3, 0,
  2, 9, 5, 3, 0,
  2, 9, 10, 5, 0,
  2, 10, 7, 5, 0,
  2, 10, 11, 7, 0
]
 }
