 {
  "metadata" :
  {
   "formatVersion" : 3,
   "sourceFile" : "mch002r_022d",
   "generatedBy" : "Tr3 20161112",
   "vertices" : 136,
   "faces" : 138,
   "normals" : 0,
   "colors" : 0,
   "uvs" : 0,
   "materials" : 1
  },
  "scale" : 1.0,
  "materials": [{
    "DbgColor": 0,
    "DbgIndex": 0,
    "DbgName" : "Join os_cav_34: Cavity wall",
    "colorAmbient": [0.0, 0.0, 0.0],
    "colorDiffuse": [ 1.000, 0.784, 0.588],
    "colorSpecular": [0.16, 0.16, 0.16]
    }],
  "vertices": [
  0.0693723, 0.067004, 0.017,
  0.0696433, 0.0668565, 0.0165,
  0.0693516, 0.0671505, 0.0165,
  0.0689756, 0.0672794, 0.0165,
  0.06875, 0.06698, 0.0165,
  0.0701814, 0.0667349, 0.017,
  0.0708221, 0.0668277, 0.017,
  0.0703782, 0.066491, 0.0165,
  0.0707711, 0.0665237, 0.0165,
  0.0708927, 0.0667806, 0.0165,
  0.0706293, 0.0670732, 0.0165,
  0.0702823, 0.0674322, 0.017,
  0.0699873, 0.0666314, 0.0165,
  0.06978, 0.06595, 0.017,
  0.069088, 0.0664297, 0.017,
  0.0594476, 0.0773346, 0.017,
  0.0599731, 0.0767448, 0.017,
  0.0598235, 0.0768769, 0.0165,
  0.06021, 0.07676, 0.0165,
  0.0604488, 0.07617, 0.0165,
  0.0596304, 0.0763868, 0.0165,
  0.0596525, 0.0760641, 0.017,
  0.05906, 0.07626, 0.017,
  0.0591609, 0.0766411, 0.017,
  0.0588553, 0.07676, 0.0165,
  0.0590059, 0.0770235, 0.017,
  0.0586805, 0.07726, 0.017,
  0.0582746, 0.0772205, 0.017,
  0.0580405, 0.0765845, 0.0165,
  0.0579219, 0.0770185, 0.017,
  0.0577641, 0.07666, 0.017,
  0.0578489, 0.0762893, 0.017,
  0.0582376, 0.0762, 0.017,
  0.058227, 0.0759175, 0.0165,
  0.0586502, 0.0762077, 0.017,
  0.0589023, 0.075446, 0.0165,
  0.0594421, 0.0752562, 0.017,
  0.0585802, 0.0748751, 0.0165,
  0.0591561, 0.0744518, 0.017,
  0.0578903, 0.0743706, 0.0165,
  0.0584308, 0.0738392, 0.0165,
  0.0588307, 0.0736614, 0.017,
  0.0585049, 0.0730666, 0.0165,
  0.0582913, 0.0730269, 0.017,
  0.05813, 0.0723295, 0.0165,
  0.0582836, 0.0722583, 0.017,
  0.0580179, 0.0714715, 0.0165,
  0.0589087, 0.0716847, 0.017,
  0.0581323, 0.0706379, 0.0165,
  0.05929, 0.07092, 0.017,
  0.0588031, 0.0700989, 0.0165,
  0.059434, 0.070744, 0.017,
  0.059578, 0.070568, 0.017,
  0.059722, 0.070392, 0.017,
  0.0594987, 0.0696659, 0.0165,
  0.059866, 0.070216, 0.017,
  0.06001, 0.07004, 0.017,
  0.0603637, 0.0696827, 0.0165,
  0.0606687, 0.0697027, 0.017,
  0.0612058, 0.0696257, 0.0165,
  0.0613891, 0.0695316, 0.017,
  0.0619876, 0.0692736, 0.0165,
  0.0621261, 0.0694301, 0.017,
  0.0627169, 0.0689748, 0.0165,
  0.0628325, 0.0691998, 0.017,
  0.0635651, 0.0688844, 0.0165,
  0.0635258, 0.0689379, 0.017,
  0.06408, 0.06844, 0.017,
  0.0643645, 0.0685616, 0.0165,
  0.06509, 0.06809, 0.0165,
  0.0607706, 0.0767552, 0.017,
  0.0605693, 0.0768987, 0.0165,
  0.0605623, 0.0772874, 0.0165,
  0.0605342, 0.0775548, 0.017,
  0.0603569, 0.0776154, 0.0165,
  0.059922, 0.0779421, 0.017,
  0.0702722, 0.0672853, 0.0165,
  0.0698989, 0.0674662, 0.0165,
  0.0695091, 0.0677826, 0.017,
  0.0695525, 0.0676858, 0.0165,
  0.0692461, 0.0679663, 0.0165,
  0.068954, 0.0684325, 0.017,
  0.0689464, 0.0682536, 0.0165,
  0.0686527, 0.0685473, 0.0165,
  0.0683291, 0.0690119, 0.017,
  0.0683839, 0.0688636, 0.0165,
  0.068119, 0.0691835, 0.0165,
  0.0677505, 0.0696396, 0.017,
  0.06785, 0.0695, 0.0165,
  0.0673633, 0.0701935, 0.0165,
  0.0673775, 0.0704043, 0.017,
  0.0668769, 0.0708963, 0.0165,
  0.0669215, 0.0711232, 0.017,
  0.0662748, 0.0715171, 0.0165,
  0.0664904, 0.0718394, 0.017,
  0.0657512, 0.0722073, 0.0165,
  0.0659983, 0.0725282, 0.017,
  0.0654748, 0.0730238, 0.0165,
  0.0653509, 0.0730754, 0.017,
  0.0648271, 0.07358, 0.0165,
  0.064639, 0.0735503, 0.017,
  0.0642629, 0.0742299, 0.0165,
  0.0639752, 0.0740872, 0.017,
  0.0637766, 0.0749435, 0.0165,
  0.063532, 0.0748041, 0.017,
  0.063436, 0.0756538, 0.017,
  0.063446, 0.0757318, 0.0165,
  0.0633901, 0.0765082, 0.017,
  0.0632231, 0.076555, 0.0165,
  0.0635375, 0.0773487, 0.017,
  0.0633118, 0.0773991, 0.0165,
  0.063647, 0.0781885, 0.0165,
  0.0641766, 0.077748, 0.017,
  0.0643421, 0.0784673, 0.017,
  0.0637222, 0.0790504, 0.017,
  0.0636774, 0.0790516, 0.0165,
  0.0632102, 0.0797333, 0.017,
  0.0634234, 0.079871, 0.0165,
  0.0629249, 0.080571, 0.0165,
  0.0625749, 0.0802834, 0.017,
  0.0620727, 0.0806508, 0.0165,
  0.0617548, 0.0800548, 0.017,
  0.0612773, 0.0803409, 0.0165,
  0.0610398, 0.0795969, 0.0165,
  0.0613791, 0.0793266, 0.017,
  0.0615936, 0.0789497, 0.0165,
  0.0616397, 0.0785277, 0.017,
  0.06196, 0.0782054, 0.0165,
  0.0616376, 0.0776743, 0.017,
  0.0618488, 0.0773499, 0.0165,
  0.0615192, 0.0768287, 0.017,
  0.06183, 0.0764897, 0.0165,
  0.061275, 0.0759865, 0.0165,
  0.0595522, 0.0771667, 0.0165,
  0.0596342, 0.0775196, 0.0165,
  0.0599826, 0.0777, 0.0165
 ],
 "morphTargets": [],
 "morphColors": [],
 "normals": [],
 "colors": [],
 "uvs": [[]],
  "faces": [
  2, 0, 1, 2, 0,
  2, 0, 3, 4, 0,
  2, 0, 2, 3, 0,
  2, 5, 6, 7, 0,
  2, 6, 8, 7, 0,
  2, 6, 9, 8, 0,
  2, 6, 10, 9, 0,
  2, 6, 11, 10, 0,
  2, 0, 5, 1, 0,
  2, 5, 12, 1, 0,
  2, 5, 7, 12, 0,
  2, 13, 14, 4, 0,
  2, 14, 0, 4, 0,
  2, 15, 16, 17, 0,
  2, 16, 18, 17, 0,
  2, 16, 19, 18, 0,
  2, 16, 20, 19, 0,
  2, 16, 21, 20, 0,
  2, 21, 22, 20, 0,
  2, 22, 23, 20, 0,
  2, 23, 24, 20, 0,
  2, 23, 25, 24, 0,
  2, 25, 26, 24, 0,
  2, 26, 27, 24, 0,
  2, 27, 28, 24, 0,
  2, 27, 29, 28, 0,
  2, 29, 30, 28, 0,
  2, 30, 31, 28, 0,
  2, 31, 32, 28, 0,
  2, 32, 33, 28, 0,
  2, 32, 34, 33, 0,
  2, 34, 35, 33, 0,
  2, 34, 22, 35, 0,
  2, 22, 21, 35, 0,
  2, 21, 36, 35, 0,
  2, 36, 37, 35, 0,
  2, 36, 38, 37, 0,
  2, 38, 39, 37, 0,
  2, 38, 40, 39, 0,
  2, 38, 41, 40, 0,
  2, 41, 42, 40, 0,
  2, 41, 43, 42, 0,
  2, 43, 44, 42, 0,
  2, 43, 45, 44, 0,
  2, 45, 46, 44, 0,
  2, 45, 47, 46, 0,
  2, 47, 48, 46, 0,
  2, 47, 49, 48, 0,
  2, 49, 50, 48, 0,
  2, 49, 51, 50, 0,
  2, 51, 52, 50, 0,
  2, 52, 53, 50, 0,
  2, 53, 54, 50, 0,
  2, 53, 55, 54, 0,
  2, 55, 56, 54, 0,
  2, 56, 57, 54, 0,
  2, 56, 58, 57, 0,
  2, 58, 59, 57, 0,
  2, 58, 60, 59, 0,
  2, 60, 61, 59, 0,
  2, 60, 62, 61, 0,
  2, 62, 63, 61, 0,
  2, 62, 64, 63, 0,
  2, 64, 65, 63, 0,
  2, 64, 66, 65, 0,
  2, 66, 67, 65, 0,
  2, 67, 68, 65, 0,
  2, 67, 69, 68, 0,
  2, 70, 71, 18, 0,
  2, 70, 72, 71, 0,
  2, 70, 73, 72, 0,
  2, 73, 74, 72, 0,
  2, 73, 75, 74, 0,
  2, 11, 76, 10, 0,
  2, 11, 77, 76, 0,
  2, 11, 78, 77, 0,
  2, 78, 79, 77, 0,
  2, 78, 80, 79, 0,
  2, 78, 81, 80, 0,
  2, 81, 82, 80, 0,
  2, 81, 83, 82, 0,
  2, 81, 84, 83, 0,
  2, 84, 85, 83, 0,
  2, 84, 86, 85, 0,
  2, 84, 87, 86, 0,
  2, 87, 88, 86, 0,
  2, 87, 89, 88, 0,
  2, 87, 90, 89, 0,
  2, 90, 91, 89, 0,
  2, 90, 92, 91, 0,
  2, 92, 93, 91, 0,
  2, 92, 94, 93, 0,
  2, 94, 95, 93, 0,
  2, 94, 96, 95, 0,
  2, 96, 97, 95, 0,
  2, 96, 98, 97, 0,
  2, 98, 99, 97, 0,
  2, 98, 100, 99, 0,
  2, 100, 101, 99, 0,
  2, 100, 102, 101, 0,
  2, 102, 103, 101, 0,
  2, 102, 104, 103, 0,
  2, 104, 105, 103, 0,
  2, 105, 106, 103, 0,
  2, 105, 107, 106, 0,
  2, 107, 108, 106, 0,
  2, 107, 109, 108, 0,
  2, 109, 110, 108, 0,
  2, 109, 111, 110, 0,
  2, 109, 112, 111, 0,
  2, 112, 113, 111, 0,
  2, 113, 114, 111, 0,
  2, 114, 115, 111, 0,
  2, 114, 116, 115, 0,
  2, 116, 117, 115, 0,
  2, 116, 118, 117, 0,
  2, 116, 119, 118, 0,
  2, 119, 120, 118, 0,
  2, 119, 121, 120, 0,
  2, 121, 122, 120, 0,
  2, 121, 123, 122, 0,
  2, 121, 124, 123, 0,
  2, 124, 125, 123, 0,
  2, 124, 126, 125, 0,
  2, 126, 127, 125, 0,
  2, 126, 128, 127, 0,
  2, 128, 129, 127, 0,
  2, 128, 130, 129, 0,
  2, 130, 131, 129, 0,
  2, 130, 132, 131, 0,
  2, 130, 70, 132, 0,
  2, 70, 19, 132, 0,
  2, 70, 18, 19, 0,
  2, 15, 133, 134, 0,
  2, 15, 17, 133, 0,
  2, 75, 134, 135, 0,
  2, 75, 15, 134, 0,
  2, 75, 135, 74, 0
]
 }
