 {
  "metadata" :
  {
   "formatVersion" : 3,
   "sourceFile" : "mch002r_022d",
   "generatedBy" : "Tr3 20161112",
   "vertices" : 90,
   "faces" : 88,
   "normals" : 0,
   "colors" : 0,
   "uvs" : 0,
   "materials" : 1
  },
  "scale" : 1.0,
  "materials": [{
    "DbgColor": 0,
    "DbgIndex": 0,
    "DbgName" : "Join skin_24a: Skin",
    "colorAmbient": [0.0, 0.0, 0.0],
    "colorDiffuse": [ 1.000, 0.753, 0.796],
    "colorSpecular": [0.16, 0.16, 0.16]
    }],
  "vertices": [
  0.0392772, 0.055122, 0.012,
  0.0393511, 0.056837, 0.012,
  0.0392796, 0.0551982, 0.0115,
  0.03974, 0.05, 0.012,
  0.0394819, 0.0516978, 0.012,
  0.03964, 0.05, 0.0115,
  0.0393462, 0.051723, 0.0115,
  0.0393314, 0.0534055, 0.012,
  0.0391592, 0.0534596, 0.0115,
  0.0389, 0.0617255, 0.012,
  0.038013, 0.0631863, 0.012,
  0.0385313, 0.0617925, 0.0115,
  0.0376899, 0.0633195, 0.0115,
  0.037474, 0.0648162, 0.012,
  0.0370887, 0.0649532, 0.0115,
  0.0372434, 0.0665076, 0.012,
  0.0371359, 0.066684, 0.0115,
  0.0379068, 0.0680569, 0.012,
  0.0379858, 0.0681598, 0.0115,
  0.0393979, 0.0680531, 0.012,
  0.0394806, 0.0569343, 0.0115,
  0.0394243, 0.0585528, 0.012,
  0.0396328, 0.0601756, 0.012,
  0.0397036, 0.0586678, 0.0115,
  0.0394373, 0.0602978, 0.0115,
  0.0424872, 0.0660615, 0.012,
  0.0427452, 0.0669803, 0.0115,
  0.0407229, 0.0666852, 0.0115,
  0.0439502, 0.0669502, 0.012,
  0.0440157, 0.0670969, 0.0115,
  0.044924, 0.0683379, 0.012,
  0.045049, 0.0685033, 0.0115,
  0.0454846, 0.0699488, 0.012,
  0.0456698, 0.070075, 0.0115,
  0.045677, 0.0716458, 0.012,
  0.0456221, 0.0718073, 0.0115,
  0.0453618, 0.0733073, 0.012,
  0.0452263, 0.0735097, 0.0115,
  0.0447943, 0.0749281, 0.012,
  0.0446697, 0.0751629, 0.0115,
  0.0444699, 0.07659, 0.012,
  0.0440461, 0.0767957, 0.0115,
  0.0438824, 0.0782038, 0.012,
  0.0434226, 0.0784285, 0.0115,
  0.0428745, 0.0795716, 0.012,
  0.0422107, 0.0796418, 0.0115,
  0.0413859, 0.080411, 0.012,
  0.0405892, 0.08022, 0.0115,
  0.0396994, 0.0806953, 0.012,
  0.0388689, 0.0799669, 0.0115,
  0.0381057, 0.0801838, 0.012,
  0.0374798, 0.0789542, 0.0115,
  0.0368945, 0.0789664, 0.012,
  0.0361982, 0.0777765, 0.0115,
  0.0355844, 0.077954, 0.012,
  0.0346614, 0.0777387, 0.0115,
  0.0341263, 0.0786419, 0.012,
  0.0333407, 0.078881, 0.0115,
  0.0328311, 0.0796216, 0.012,
  0.0317767, 0.0794512, 0.0115,
  0.0316109, 0.0802036, 0.012,
  0.0321121, 0.0809221, 0.0115,
  0.0322823, 0.0817043, 0.012,
  0.033348, 0.082158, 0.0115,
  0.0336451, 0.0827375, 0.012,
  0.0345839, 0.0833939, 0.0115,
  0.0349812, 0.0838077, 0.012,
  0.0361027, 0.0841378, 0.0115,
  0.0365824, 0.084106, 0.012,
  0.0376251, 0.0833443, 0.0115,
  0.0380307, 0.0831911, 0.012,
  0.0391978, 0.0826872, 0.0115,
  0.0396172, 0.082641, 0.012,
  0.0409191, 0.0823841, 0.0115,
  0.0413207, 0.0825127, 0.012,
  0.0421068, 0.0832605, 0.0115,
  0.0425626, 0.0834761, 0.012,
  0.0423022, 0.084908, 0.0115,
  0.0428941, 0.0850857, 0.012,
  0.042071, 0.0865696, 0.012,
  0.0417669, 0.0865117, 0.0115,
  0.0416649, 0.0882525, 0.0115,
  0.0419855, 0.0882848, 0.012,
  0.0417, 0.09, 0.0115,
  0.0419, 0.09, 0.012,
  0.0395092, 0.0677899, 0.0115,
  0.0398911, 0.0665152, 0.012,
  0.039882, 0.0660984, 0.0115,
  0.0409294, 0.0653828, 0.012,
  0.0408855, 0.0650961, 0.0115
 ],
 "morphTargets": [],
 "morphColors": [],
 "normals": [],
 "colors": [],
 "uvs": [[]],
  "faces": [
  2, 0, 1, 2, 0,
  2, 3, 4, 5, 0,
  2, 4, 6, 5, 0,
  2, 4, 7, 6, 0,
  2, 7, 8, 6, 0,
  2, 7, 0, 8, 0,
  2, 0, 2, 8, 0,
  2, 9, 10, 11, 0,
  2, 10, 12, 11, 0,
  2, 10, 13, 12, 0,
  2, 13, 14, 12, 0,
  2, 13, 15, 14, 0,
  2, 15, 16, 14, 0,
  2, 15, 17, 16, 0,
  2, 17, 18, 16, 0,
  2, 17, 19, 18, 0,
  2, 1, 20, 2, 0,
  2, 1, 21, 20, 0,
  2, 21, 22, 20, 0,
  2, 22, 23, 20, 0,
  2, 22, 24, 23, 0,
  2, 22, 9, 24, 0,
  2, 9, 11, 24, 0,
  2, 25, 26, 27, 0,
  2, 25, 28, 26, 0,
  2, 28, 29, 26, 0,
  2, 28, 30, 29, 0,
  2, 30, 31, 29, 0,
  2, 30, 32, 31, 0,
  2, 32, 33, 31, 0,
  2, 32, 34, 33, 0,
  2, 34, 35, 33, 0,
  2, 34, 36, 35, 0,
  2, 36, 37, 35, 0,
  2, 36, 38, 37, 0,
  2, 38, 39, 37, 0,
  2, 38, 40, 39, 0,
  2, 40, 41, 39, 0,
  2, 40, 42, 41, 0,
  2, 42, 43, 41, 0,
  2, 42, 44, 43, 0,
  2, 44, 45, 43, 0,
  2, 44, 46, 45, 0,
  2, 46, 47, 45, 0,
  2, 46, 48, 47, 0,
  2, 48, 49, 47, 0,
  2, 48, 50, 49, 0,
  2, 50, 51, 49, 0,
  2, 50, 52, 51, 0,
  2, 52, 53, 51, 0,
  2, 52, 54, 53, 0,
  2, 54, 55, 53, 0,
  2, 54, 56, 55, 0,
  2, 56, 57, 55, 0,
  2, 56, 58, 57, 0,
  2, 58, 59, 57, 0,
  2, 58, 60, 59, 0,
  2, 60, 61, 59, 0,
  2, 60, 62, 61, 0,
  2, 62, 63, 61, 0,
  2, 62, 64, 63, 0,
  2, 64, 65, 63, 0,
  2, 64, 66, 65, 0,
  2, 66, 67, 65, 0,
  2, 66, 68, 67, 0,
  2, 68, 69, 67, 0,
  2, 68, 70, 69, 0,
  2, 70, 71, 69, 0,
  2, 70, 72, 71, 0,
  2, 72, 73, 71, 0,
  2, 72, 74, 73, 0,
  2, 74, 75, 73, 0,
  2, 74, 76, 75, 0,
  2, 76, 77, 75, 0,
  2, 76, 78, 77, 0,
  2, 78, 79, 77, 0,
  2, 79, 80, 77, 0,
  2, 79, 81, 80, 0,
  2, 79, 82, 81, 0,
  2, 82, 83, 81, 0,
  2, 82, 84, 83, 0,
  2, 19, 85, 18, 0,
  2, 19, 86, 85, 0,
  2, 86, 87, 85, 0,
  2, 86, 88, 87, 0,
  2, 88, 89, 87, 0,
  2, 88, 27, 89, 0,
  2, 88, 25, 27, 0
]
 }
