 {
  "metadata" :
  {
   "formatVersion" : 3,
   "sourceFile" : "mch002r_022d",
   "generatedBy" : "Tr3 20161112",
   "vertices" : 10,
   "faces" : 10,
   "normals" : 0,
   "colors" : 0,
   "uvs" : 0,
   "materials" : 1
  },
  "scale" : 1.0,
  "materials": [{
    "DbgColor": 0,
    "DbgIndex": 0,
    "DbgName" : "os_occcond_ant_37: Occipital bone (condylar part)",
    "colorAmbient": [0.0, 0.0, 0.0],
    "colorDiffuse": [ 1.000, 0.784, 0.588],
    "colorSpecular": [0.16, 0.16, 0.16]
    }],
  "vertices": [
  0.06393, 0.08789, 0.019,
  0.064809, 0.0884409, 0.0185,
  0.06438, 0.0877, 0.0185,
  0.0632627, 0.0894249, 0.019,
  0.0645799, 0.0895536, 0.019,
  0.0659341, 0.0885785, 0.019,
  0.0655291, 0.0871236, 0.0185,
  0.0664222, 0.0870364, 0.019,
  0.0659118, 0.0855093, 0.019,
  0.0646823, 0.0863963, 0.019
 ],
 "morphTargets": [],
 "morphColors": [],
 "normals": [],
 "colors": [],
 "uvs": [[]],
  "faces": [
  2, 0, 1, 2, 0,
  2, 0, 3, 1, 0,
  2, 3, 4, 1, 0,
  2, 4, 5, 1, 0,
  2, 5, 6, 1, 0,
  2, 5, 7, 6, 0,
  2, 7, 8, 6, 0,
  2, 8, 9, 6, 0,
  2, 9, 2, 6, 0,
  2, 9, 0, 2, 0
]
 }
