 {
  "metadata" :
  {
   "formatVersion" : 3,
   "sourceFile" : "mch002r_022d",
   "generatedBy" : "Tr3 20161112",
   "vertices" : 11,
   "faces" : 10,
   "normals" : 0,
   "colors" : 0,
   "uvs" : 0,
   "materials" : 1
  },
  "scale" : 1.0,
  "materials": [{
    "DbgColor": 0,
    "DbgIndex": 0,
    "DbgName" : "os_temp_antmed_34: Temporal bone",
    "colorAmbient": [0.0, 0.0, 0.0],
    "colorDiffuse": [ 1.000, 0.784, 0.588],
    "colorSpecular": [0.16, 0.16, 0.16]
    }],
  "vertices": [
  0.0551, 0.0532, 0.0175,
  0.0559791, 0.0554422, 0.017,
  0.05669, 0.05663, 0.017,
  0.0553779, 0.0541481, 0.017,
  0.0548762, 0.0528156, 0.017,
  0.0548025, 0.0516094, 0.0175,
  0.0545295, 0.0514311, 0.017,
  0.05467, 0.05, 0.0175,
  0.05442, 0.05002, 0.017,
  0.05451, 0.05061, 0.018,
  0.05453, 0.05, 0.018
 ],
 "morphTargets": [],
 "morphColors": [],
 "normals": [],
 "colors": [],
 "uvs": [[]],
  "faces": [
  2, 0, 1, 2, 0,
  2, 0, 3, 1, 0,
  2, 0, 4, 3, 0,
  2, 0, 5, 4, 0,
  2, 5, 6, 4, 0,
  2, 5, 7, 6, 0,
  2, 7, 8, 6, 0,
  2, 9, 5, 0, 0,
  2, 9, 7, 5, 0,
  2, 9, 10, 7, 0
]
 }
