 {
  "metadata" :
  {
   "formatVersion" : 3,
   "sourceFile" : "mch002r_022d",
   "generatedBy" : "Tr3 20161112",
   "vertices" : 15,
   "faces" : 16,
   "normals" : 0,
   "colors" : 0,
   "uvs" : 0,
   "materials" : 1
  },
  "scale" : 1.0,
  "materials": [{
    "DbgColor": 0,
    "DbgIndex": 0,
    "DbgName" : "1_47: (no description)",
    "colorAmbient": [0.0, 0.0, 0.0],
    "colorDiffuse": [ 1.000, 1.000, 1.000],
    "colorSpecular": [0.16, 0.16, 0.16]
    }],
  "vertices": [
  0.04179, 0.05114, 0.024,
  0.040319, 0.058436, 0.024,
  0.04179, 0.05096, 0.0235,
  0.0401715, 0.0587578, 0.0235,
  0.0402305, 0.0657693, 0.024,
  0.0404278, 0.0665406, 0.0235,
  0.0455351, 0.0705404, 0.024,
  0.0460098, 0.0708609, 0.0235,
  0.04628, 0.07789, 0.024,
  0.04628, 0.07882, 0.0235,
  0.04179, 0.05133, 0.025,
  0.0400379, 0.0591876, 0.025,
  0.0404992, 0.0671363, 0.025,
  0.045885, 0.0723882, 0.025,
  0.04626, 0.08043, 0.025
 ],
 "morphTargets": [],
 "morphColors": [],
 "normals": [],
 "colors": [],
 "uvs": [[]],
  "faces": [
  2, 0, 1, 2, 0,
  2, 1, 3, 2, 0,
  2, 1, 4, 3, 0,
  2, 4, 5, 3, 0,
  2, 4, 6, 5, 0,
  2, 6, 7, 5, 0,
  2, 6, 8, 7, 0,
  2, 8, 9, 7, 0,
  2, 10, 1, 0, 0,
  2, 10, 11, 1, 0,
  2, 11, 4, 1, 0,
  2, 11, 12, 4, 0,
  2, 12, 6, 4, 0,
  2, 12, 13, 6, 0,
  2, 13, 8, 6, 0,
  2, 13, 14, 8, 0
]
 }
