 {
  "metadata" :
  {
   "formatVersion" : 3,
   "sourceFile" : "mch002r_022d",
   "generatedBy" : "Tr3 20161112",
   "vertices" : 34,
   "faces" : 32,
   "normals" : 0,
   "colors" : 0,
   "uvs" : 0,
   "materials" : 1
  },
  "scale" : 1.0,
  "materials": [{
    "DbgColor": 0,
    "DbgIndex": 0,
    "DbgName" : "Join os_cavmed_30: Cavity wall",
    "colorAmbient": [0.0, 0.0, 0.0],
    "colorDiffuse": [ 1.000, 0.784, 0.588],
    "colorSpecular": [0.16, 0.16, 0.16]
    }],
  "vertices": [
  0.06523, 0.07196, 0.015,
  0.0648955, 0.0727437, 0.015,
  0.0646891, 0.0725953, 0.0145,
  0.0647692, 0.0733755, 0.0145,
  0.0643147, 0.0751769, 0.015,
  0.0642682, 0.0760374, 0.0145,
  0.0646669, 0.0755152, 0.0145,
  0.0637697, 0.0758446, 0.015,
  0.0648857, 0.0736085, 0.015,
  0.0648218, 0.0741562, 0.0145,
  0.0648055, 0.0744648, 0.015,
  0.06486, 0.07494, 0.0145,
  0.0621154, 0.0771933, 0.015,
  0.0620207, 0.0763545, 0.015,
  0.062185, 0.0764852, 0.0145,
  0.06222, 0.0756577, 0.0145,
  0.06208, 0.075491, 0.015,
  0.0620058, 0.0748568, 0.0145,
  0.0615263, 0.0749347, 0.015,
  0.0612294, 0.0750611, 0.0145,
  0.0608999, 0.0754302, 0.015,
  0.0605428, 0.0755511, 0.0145,
  0.060235, 0.07586, 0.015,
  0.0597091, 0.07545, 0.0145,
  0.06375, 0.07636, 0.0145,
  0.0632376, 0.0765174, 0.015,
  0.062978, 0.076685, 0.0145,
  0.0628765, 0.0772949, 0.015,
  0.06489, 0.07185, 0.0145,
  0.0586191, 0.07561, 0.015,
  0.0580905, 0.075578, 0.0145,
  0.0589186, 0.0756515, 0.0145,
  0.0594656, 0.0757334, 0.015,
  0.05776, 0.07558, 0.015
 ],
 "morphTargets": [],
 "morphColors": [],
 "normals": [],
 "colors": [],
 "uvs": [[]],
  "faces": [
  2, 0, 1, 2, 0,
  2, 1, 3, 2, 0,
  2, 4, 5, 6, 0,
  2, 4, 7, 5, 0,
  2, 1, 8, 3, 0,
  2, 8, 9, 3, 0,
  2, 8, 10, 9, 0,
  2, 10, 11, 9, 0,
  2, 10, 4, 11, 0,
  2, 4, 6, 11, 0,
  2, 12, 13, 14, 0,
  2, 13, 15, 14, 0,
  2, 13, 16, 15, 0,
  2, 16, 17, 15, 0,
  2, 16, 18, 17, 0,
  2, 18, 19, 17, 0,
  2, 18, 20, 19, 0,
  2, 20, 21, 19, 0,
  2, 20, 22, 21, 0,
  2, 22, 23, 21, 0,
  2, 7, 24, 5, 0,
  2, 7, 25, 24, 0,
  2, 25, 26, 24, 0,
  2, 25, 27, 26, 0,
  2, 27, 12, 26, 0,
  2, 12, 14, 26, 0,
  2, 0, 2, 28, 0,
  2, 29, 30, 31, 0,
  2, 22, 32, 23, 0,
  2, 32, 31, 23, 0,
  2, 32, 29, 31, 0,
  2, 29, 33, 30, 0
]
 }
