 {
  "metadata" :
  {
   "formatVersion" : 3,
   "sourceFile" : "mch002r_022d",
   "generatedBy" : "Tr3 20161112",
   "vertices" : 9,
   "faces" : 7,
   "normals" : 0,
   "colors" : 0,
   "uvs" : 0,
   "materials" : 1
  },
  "scale" : 1.0,
  "materials": [{
    "DbgColor": 0,
    "DbgIndex": 0,
    "DbgName" : "Join labvest_29b: Vestibule",
    "colorAmbient": [0.0, 0.0, 0.0],
    "colorDiffuse": [ 0.678, 0.847, 0.902],
    "colorSpecular": [0.16, 0.16, 0.16]
    }],
  "vertices": [
  0.06529, 0.07528, 0.0145,
  0.06543, 0.07499, 0.0145,
  0.06511, 0.07536, 0.014,
  0.06413, 0.07682, 0.0145,
  0.0645, 0.07629, 0.0145,
  0.06405, 0.07669, 0.014,
  0.0645058, 0.0763299, 0.014,
  0.0648714, 0.0758715, 0.014,
  0.06495, 0.07572, 0.0145
 ],
 "morphTargets": [],
 "morphColors": [],
 "normals": [],
 "colors": [],
 "uvs": [[]],
  "faces": [
  2, 0, 1, 2, 0,
  2, 3, 4, 5, 0,
  2, 4, 6, 5, 0,
  2, 4, 7, 6, 0,
  2, 4, 8, 7, 0,
  2, 8, 2, 7, 0,
  2, 8, 0, 2, 0
]
 }
