 {
  "metadata" :
  {
   "formatVersion" : 3,
   "sourceFile" : "mch002r_022d",
   "generatedBy" : "Tr3 20161112",
   "vertices" : 20,
   "faces" : 19,
   "normals" : 0,
   "colors" : 0,
   "uvs" : 0,
   "materials" : 1
  },
  "scale" : 1.0,
  "materials": [{
    "DbgColor": 0,
    "DbgIndex": 0,
    "DbgName" : "Cap labscc_post_32_tail: Semicircular canals",
    "colorAmbient": [0.0, 0.0, 0.0],
    "colorDiffuse": [ 1.000, 0.667, 1.000],
    "colorSpecular": [0.16, 0.16, 0.16]
    }],
  "vertices": [
  0.06268, 0.08191, 0.017,
  0.06327, 0.08131, 0.017,
  0.0633, 0.08219, 0.017,
  0.06408, 0.08128, 0.017,
  0.06383, 0.08069, 0.017,
  0.06171, 0.08306, 0.017,
  0.06162, 0.08287, 0.017,
  0.062255, 0.0826463, 0.017,
  0.0618, 0.08262, 0.017,
  0.06208, 0.08247, 0.017,
  0.06261, 0.08293, 0.017,
  0.06224, 0.08312, 0.017,
  0.06464, 0.08075, 0.017,
  0.06417, 0.08041, 0.017,
  0.06458, 0.07988, 0.017,
  0.06492, 0.08044, 0.017,
  0.06523, 0.0801, 0.017,
  0.06504, 0.07948, 0.017,
  0.06548, 0.07972, 0.017,
  0.06536, 0.07951, 0.017
 ],
 "morphTargets": [],
 "morphColors": [],
 "normals": [],
 "colors": [],
 "uvs": [[]],
  "faces": [
  2, 0, 1, 2, 0,
  2, 2, 1, 3, 0,
  2, 1, 4, 3, 0,
  2, 5, 6, 7, 0,
  2, 6, 8, 7, 0,
  2, 8, 9, 7, 0,
  2, 9, 0, 7, 0,
  2, 7, 0, 2, 0,
  2, 7, 10, 11, 0,
  2, 10, 7, 2, 0,
  2, 11, 5, 7, 0,
  2, 3, 4, 12, 0,
  2, 4, 13, 12, 0,
  2, 13, 14, 12, 0,
  2, 12, 14, 15, 0,
  2, 15, 14, 16, 0,
  2, 14, 17, 16, 0,
  2, 16, 17, 18, 0,
  2, 17, 19, 18, 0
]
 }
