 {
  "metadata" :
  {
   "formatVersion" : 3,
   "sourceFile" : "mch002r_022d",
   "generatedBy" : "Tr3 20161112",
   "vertices" : 276,
   "faces" : 496,
   "normals" : 0,
   "colors" : 0,
   "uvs" : 0,
   "materials" : 1
  },
  "scale" : 1.0,
  "materials": [{
    "DbgColor": 0,
    "DbgIndex": 0,
    "DbgName" : "os_occbas_ext_b_28: Occipital bone (basilar part)",
    "colorAmbient": [0.0, 0.0, 0.0],
    "colorDiffuse": [ 1.000, 0.784, 0.588],
    "colorSpecular": [0.16, 0.16, 0.16]
    }],
  "vertices": [
  0.08, 0.07598, 0.0145,
  0.0815405, 0.0755654, 0.0145,
  0.08, 0.07562, 0.014,
  0.0814616, 0.0748029, 0.014,
  0.082758, 0.0743832, 0.0145,
  0.0827627, 0.0737027, 0.014,
  0.0840027, 0.0732275, 0.0145,
  0.0841165, 0.0726755, 0.014,
  0.0855234, 0.0725006, 0.0145,
  0.0856371, 0.0719409, 0.014,
  0.0872005, 0.0723661, 0.0145,
  0.0873196, 0.0720725, 0.014,
  0.0887957, 0.072867, 0.0145,
  0.0889382, 0.0725938, 0.014,
  0.0902801, 0.073617, 0.014,
  0.0899814, 0.0740762, 0.0145,
  0.0911959, 0.0750406, 0.014,
  0.0909394, 0.0754794, 0.0145,
  0.0919401, 0.0765727, 0.014,
  0.091906, 0.0768784, 0.0145,
  0.0932242, 0.0774918, 0.014,
  0.0932401, 0.0777427, 0.0145,
  0.0945915, 0.0767597, 0.0145,
  0.0945747, 0.0765149, 0.014,
  0.0951651, 0.0751949, 0.0145,
  0.0952946, 0.0750085, 0.014,
  0.0947773, 0.0735481, 0.0145,
  0.0948091, 0.0734006, 0.014,
  0.094008, 0.0720351, 0.0145,
  0.0939681, 0.0719222, 0.014,
  0.0931367, 0.0705755, 0.0145,
  0.0930826, 0.070466, 0.014,
  0.0924194, 0.0690336, 0.0145,
  0.0924598, 0.0688859, 0.014,
  0.0916589, 0.0675127, 0.0145,
  0.091859, 0.0672926, 0.014,
  0.0907214, 0.0661045, 0.0145,
  0.0909032, 0.0659017, 0.014,
  0.0893335, 0.0655391, 0.014,
  0.0891423, 0.0658992, 0.0145,
  0.0877, 0.06601, 0.014,
  0.08752, 0.06639, 0.0145,
  0.08, 0.07632, 0.015,
  0.0815128, 0.0761329, 0.015,
  0.082707, 0.0749648, 0.015,
  0.0838609, 0.0737496, 0.015,
  0.0852219, 0.0727941, 0.015,
  0.0868496, 0.0728699, 0.015,
  0.0884352, 0.0734057, 0.015,
  0.0897539, 0.0743459, 0.015,
  0.0906278, 0.0757745, 0.015,
  0.0915005, 0.077203, 0.015,
  0.0928769, 0.0779587, 0.015,
  0.0941887, 0.076987, 0.015,
  0.0949482, 0.0755184, 0.015,
  0.0946725, 0.0738764, 0.015,
  0.0940463, 0.0723257, 0.015,
  0.0933571, 0.0707983, 0.015,
  0.0925115, 0.0693548, 0.015,
  0.0916196, 0.0679362, 0.015,
  0.0905027, 0.0667008, 0.015,
  0.0889515, 0.0664434, 0.015,
  0.08733, 0.06684, 0.015,
  0.08, 0.07695, 0.0155,
  0.0815361, 0.0766728, 0.0155,
  0.0828855, 0.0756811, 0.0155,
  0.0841298, 0.074568, 0.0155,
  0.0852425, 0.0733906, 0.0155,
  0.0868369, 0.0737726, 0.0155,
  0.0884808, 0.0737901, 0.0155,
  0.0893742, 0.0751079, 0.0155,
  0.0904274, 0.0763844, 0.0155,
  0.0916155, 0.0775528, 0.0155,
  0.0928357, 0.0785736, 0.0155,
  0.0941118, 0.0775578, 0.0155,
  0.0948607, 0.0760801, 0.0155,
  0.0948714, 0.074417, 0.0155,
  0.0944081, 0.0728128, 0.0155,
  0.0936514, 0.0713205, 0.0155,
  0.0926581, 0.0699716, 0.0155,
  0.0916497, 0.0686325, 0.0155,
  0.0905576, 0.0673668, 0.0155,
  0.0889968, 0.0671339, 0.0155,
  0.08737, 0.06733, 0.0155,
  0.08, 0.07739, 0.016,
  0.0815278, 0.0775359, 0.016,
  0.0827838, 0.076435, 0.016,
  0.0843371, 0.0758341, 0.016,
  0.0859909, 0.0756184, 0.016,
  0.0876466, 0.0757065, 0.016,
  0.0892101, 0.0762819, 0.016,
  0.0906121, 0.0771861, 0.016,
  0.0916631, 0.078466, 0.016,
  0.0929715, 0.0793496, 0.016,
  0.0941659, 0.0782557, 0.016,
  0.0949172, 0.076767, 0.016,
  0.0950489, 0.0751201, 0.016,
  0.0947419, 0.0734869, 0.016,
  0.0940839, 0.0719577, 0.016,
  0.0931053, 0.0706138, 0.016,
  0.0919305, 0.0694253, 0.016,
  0.0908904, 0.0681204, 0.016,
  0.0893642, 0.0675936, 0.016,
  0.0877, 0.06776, 0.016,
  0.08, 0.07767, 0.0165,
  0.0814826, 0.0780919, 0.0165,
  0.0827416, 0.0770086, 0.0165,
  0.0842503, 0.0763715, 0.0165,
  0.0859021, 0.0761727, 0.0165,
  0.0875635, 0.0762443, 0.0165,
  0.0891479, 0.0767633, 0.0165,
  0.0905952, 0.0775859, 0.0165,
  0.0917978, 0.0787278, 0.0165,
  0.0930929, 0.0797114, 0.0165,
  0.0942103, 0.0786294, 0.0165,
  0.0948766, 0.0771017, 0.0165,
  0.0951121, 0.075483, 0.0165,
  0.0945156, 0.073933, 0.0165,
  0.0939183, 0.0723766, 0.0165,
  0.0930608, 0.0709662, 0.0165,
  0.0918126, 0.069867, 0.0165,
  0.0905251, 0.0688099, 0.0165,
  0.0889968, 0.0682642, 0.0165,
  0.08733, 0.0683, 0.0165,
  0.08, 0.07786, 0.017,
  0.0815332, 0.0780684, 0.017,
  0.0828201, 0.0769972, 0.017,
  0.0844084, 0.0764916, 0.017,
  0.0860739, 0.0763712, 0.017,
  0.0877199, 0.0766439, 0.017,
  0.0893165, 0.0771512, 0.017,
  0.0907858, 0.077941, 0.017,
  0.0919559, 0.0791207, 0.017,
  0.0933112, 0.0798526, 0.017,
  0.0943206, 0.0785778, 0.017,
  0.0946917, 0.0769478, 0.017,
  0.0944497, 0.0753163, 0.017,
  0.0937087, 0.0738146, 0.017,
  0.0929804, 0.0723074, 0.017,
  0.0920283, 0.0709354, 0.017,
  0.0907699, 0.0698417, 0.017,
  0.0891945, 0.0693454, 0.017,
  0.08752, 0.06934, 0.017,
  0.08, 0.07819, 0.0175,
  0.0814648, 0.0783859, 0.0175,
  0.0829505, 0.0774905, 0.0175,
  0.0845341, 0.0767931, 0.0175,
  0.0862542, 0.0767512, 0.0175,
  0.0879629, 0.0770467, 0.0175,
  0.0895907, 0.0776385, 0.0175,
  0.0910096, 0.0786096, 0.0175,
  0.0922085, 0.0798654, 0.0175,
  0.0937197, 0.0798862, 0.0175,
  0.0944259, 0.078315, 0.0175,
  0.0946259, 0.0766019, 0.0175,
  0.093904, 0.0750685, 0.0175,
  0.0929043, 0.0736617, 0.0175,
  0.0921365, 0.0721046, 0.0175,
  0.090892, 0.0709411, 0.0175,
  0.0892308, 0.0705069, 0.0175,
  0.0875, 0.07037, 0.0175,
  0.08, 0.07864, 0.018,
  0.0812774, 0.0789628, 0.018,
  0.0826718, 0.0780047, 0.018,
  0.0841811, 0.0772483, 0.018,
  0.0858478, 0.0770912, 0.018,
  0.0875154, 0.0773538, 0.018,
  0.08912, 0.0778832, 0.018,
  0.0906239, 0.0786518, 0.018,
  0.0918794, 0.0797585, 0.018,
  0.0932077, 0.0805934, 0.018,
  0.0942151, 0.0792655, 0.018,
  0.0946581, 0.0776443, 0.018,
  0.0938372, 0.0762796, 0.018,
  0.0930237, 0.0748371, 0.018,
  0.0918131, 0.0736578, 0.018,
  0.0904827, 0.0726134, 0.018,
  0.0890382, 0.0717396, 0.018,
  0.08742, 0.07132, 0.018,
  0.08, 0.0792, 0.0185,
  0.0814723, 0.0794319, 0.0185,
  0.0826678, 0.078244, 0.0185,
  0.0842267, 0.0776438, 0.0185,
  0.0859002, 0.0774613, 0.0185,
  0.0875688, 0.0776076, 0.0185,
  0.0891247, 0.0782457, 0.0185,
  0.0905954, 0.0790704, 0.0185,
  0.0918238, 0.0802087, 0.0185,
  0.0932704, 0.080602, 0.0185,
  0.0942735, 0.0792686, 0.0185,
  0.0947212, 0.0776746, 0.0185,
  0.0938771, 0.0770843, 0.0185,
  0.0930271, 0.0760232, 0.0185,
  0.0918636, 0.0748212, 0.0185,
  0.0905837, 0.0737235, 0.0185,
  0.0892086, 0.0727586, 0.0185,
  0.08768, 0.07207, 0.0185,
  0.08, 0.07924, 0.019,
  0.0813968, 0.0798389, 0.019,
  0.0826802, 0.0787582, 0.019,
  0.0842457, 0.0781469, 0.019,
  0.0858602, 0.0776946, 0.019,
  0.0875232, 0.0777636, 0.019,
  0.0890767, 0.078385, 0.019,
  0.0904643, 0.0793316, 0.019,
  0.0916632, 0.0804849, 0.019,
  0.0930488, 0.0808274, 0.019,
  0.0941052, 0.0795506, 0.019,
  0.09468, 0.0779906, 0.019,
  0.0938878, 0.0776244, 0.019,
  0.092688, 0.0765048, 0.019,
  0.0916834, 0.075185, 0.019,
  0.0902995, 0.0742396, 0.019,
  0.0888079, 0.0734674, 0.019,
  0.08724, 0.07289, 0.019,
  0.08, 0.07933, 0.0195,
  0.0812795, 0.0802757, 0.0195,
  0.0825792, 0.079304, 0.0195,
  0.0839351, 0.0783655, 0.0195,
  0.085423, 0.0776524, 0.0195,
  0.0870257, 0.0774328, 0.0195,
  0.0884612, 0.0781089, 0.0195,
  0.089696, 0.0792079, 0.0195,
  0.0909476, 0.0802897, 0.0195,
  0.0923191, 0.0811802, 0.0195,
  0.0936211, 0.0802887, 0.0195,
  0.094399, 0.0788478, 0.0195,
  0.0939533, 0.0774193, 0.0195,
  0.0926136, 0.0764577, 0.0195,
  0.0913135, 0.0754488, 0.0195,
  0.0898158, 0.0747462, 0.0195,
  0.0883315, 0.0740155, 0.0195,
  0.08677, 0.07347, 0.0195,
  0.08, 0.0791, 0.02,
  0.081119, 0.0803098, 0.02,
  0.0826002, 0.0797065, 0.02,
  0.0838553, 0.0785699, 0.02,
  0.085247, 0.0776068, 0.02,
  0.0868397, 0.0771832, 0.02,
  0.0884067, 0.0777595, 0.02,
  0.0896059, 0.0789478, 0.02,
  0.0907209, 0.0802236, 0.02,
  0.0920659, 0.0811836, 0.02,
