 {
  "metadata" :
  {
   "formatVersion" : 3,
   "sourceFile" : "mch002r_022d",
   "generatedBy" : "Tr3 20161112",
   "vertices" : 23,
   "faces" : 23,
   "normals" : 0,
   "colors" : 0,
   "uvs" : 0,
   "materials" : 1
  },
  "scale" : 1.0,
  "materials": [{
    "DbgColor": 0,
    "DbgIndex": 0,
    "DbgName" : "Join Jnewb43-44:                 ",
    "colorAmbient": [0.0, 0.0, 0.0],
    "colorDiffuse": [ 1.000, 1.000, 1.000],
    "colorSpecular": [0.16, 0.16, 0.16]
    }],
  "vertices": [
  0.0587047, 0.0763652, 0.022,
  0.0586254, 0.0763295, 0.0215,
  0.05834, 0.07943, 0.0215,
  0.06012, 0.07976, 0.022,
  0.064556, 0.077009, 0.022,
  0.0671776, 0.0744179, 0.022,
  0.0662382, 0.07517, 0.0215,
  0.067515, 0.0729742, 0.0215,
  0.06579, 0.07291, 0.022,
  0.06158, 0.07637, 0.0215,
  0.06295, 0.07584, 0.022,
  0.064206, 0.0772396, 0.0215,
  0.06969, 0.07274, 0.022,
  0.07083, 0.07284, 0.0215,
  0.0699449, 0.0690869, 0.0215,
  0.0678942, 0.075136, 0.022,
  0.0670613, 0.0758486, 0.0215,
  0.0656325, 0.0771927, 0.022,
  0.062869, 0.0782792, 0.0215,
  0.0629878, 0.078701, 0.022,
  0.066952, 0.0698574, 0.022,
  0.06595, 0.07186, 0.0215,
  0.0659197, 0.0682503, 0.0215
 ],
 "morphTargets": [],
 "morphColors": [],
 "normals": [],
 "colors": [],
 "uvs": [[]],
  "faces": [
  2, 0, 1, 2, 0,
  2, 3, 0, 2, 0,
  2, 4, 5, 6, 0,
  2, 5, 7, 6, 0,
  2, 5, 8, 7, 0,
  2, 0, 9, 1, 0,
  2, 0, 10, 9, 0,
  2, 10, 11, 9, 0,
  2, 10, 4, 11, 0,
  2, 4, 6, 11, 0,
  2, 12, 13, 14, 0,
  2, 12, 15, 13, 0,
  2, 15, 16, 13, 0,
  2, 15, 17, 16, 0,
  2, 17, 18, 16, 0,
  2, 17, 19, 18, 0,
  2, 19, 3, 18, 0,
  2, 3, 2, 18, 0,
  2, 8, 20, 21, 0,
  2, 20, 22, 21, 0,
  2, 20, 14, 22, 0,
  2, 8, 21, 7, 0,
  2, 20, 12, 14, 0
]
 }
