 {
  "metadata" :
  {
   "formatVersion" : 3,
   "sourceFile" : "mch002r_022d",
   "generatedBy" : "Tr3 20161112",
   "vertices" : 8,
   "faces" : 6,
   "normals" : 0,
   "colors" : 0,
   "uvs" : 0,
   "materials" : 1
  },
  "scale" : 1.0,
  "materials": [{
    "DbgColor": 0,
    "DbgIndex": 0,
    "DbgName" : "2_45: (no description)",
    "colorAmbient": [0.0, 0.0, 0.0],
    "colorDiffuse": [ 1.000, 1.000, 1.000],
    "colorSpecular": [0.16, 0.16, 0.16]
    }],
  "vertices": [
  0.04633, 0.07896, 0.023,
  0.0463656, 0.0826388, 0.023,
  0.04624, 0.07924, 0.0225,
  0.0462913, 0.0828069, 0.0225,
  0.0463478, 0.0863194, 0.023,
  0.0462407, 0.0863784, 0.0225,
  0.04633, 0.09, 0.023,
  0.04619, 0.08995, 0.0225
 ],
 "morphTargets": [],
 "morphColors": [],
 "normals": [],
 "colors": [],
 "uvs": [[]],
  "faces": [
  2, 0, 1, 2, 0,
  2, 1, 3, 2, 0,
  2, 1, 4, 3, 0,
  2, 4, 5, 3, 0,
  2, 4, 6, 5, 0,
  2, 6, 7, 5, 0
]
 }
