 {
  "metadata" :
  {
   "formatVersion" : 3,
   "sourceFile" : "mch002r_022d",
   "generatedBy" : "Tr3 20161112",
   "vertices" : 15,
   "faces" : 14,
   "normals" : 0,
   "colors" : 0,
   "uvs" : 0,
   "materials" : 1
  },
  "scale" : 1.0,
  "materials": [{
    "DbgColor": 0,
    "DbgIndex": 0,
    "DbgName" : "Cap cs43T3-2: (no description)",
    "colorAmbient": [0.0, 0.0, 0.0],
    "colorDiffuse": [ 1.000, 1.000, 1.000],
    "colorSpecular": [0.16, 0.16, 0.16]
    }],
  "vertices": [
  0.08, 0.07763, 0.0215,
  0.07083, 0.07284, 0.0215,
  0.0714961, 0.0759192, 0.0215,
  0.0736951, 0.07822, 0.0215,
  0.0773807, 0.0791467, 0.0215,
  0.0758278, 0.0806329, 0.0215,
  0.08, 0.087526, 0.0215,
  0.08, 0.085052, 0.0215,
  0.0770964, 0.086886, 0.0215,
  0.07737, 0.09013, 0.0215,
  0.08, 0.09, 0.0215,
  0.08, 0.080104, 0.0215,
  0.0769779, 0.0836573, 0.0215,
  0.08, 0.082578, 0.0215,
  0.08013, 0.09018, 0.0215
 ],
 "morphTargets": [],
 "morphColors": [],
 "normals": [],
 "colors": [],
 "uvs": [[]],
  "faces": [
  2, 0, 1, 2, 0,
  2, 0, 2, 3, 0,
  2, 0, 3, 4, 0,
  2, 5, 4, 3, 0,
  2, 6, 7, 8, 0,
  2, 6, 8, 9, 0,
  2, 10, 6, 9, 0,
  2, 11, 4, 5, 0,
  2, 11, 5, 12, 0,
  2, 13, 11, 12, 0,
  2, 7, 13, 12, 0,
  2, 7, 12, 8, 0,
  2, 11, 0, 4, 0,
  2, 9, 14, 10, 0
]
 }
