 {
  "metadata" :
  {
   "formatVersion" : 3,
   "sourceFile" : "mch002r_022d",
   "generatedBy" : "Tr3 20161112",
   "vertices" : 28,
   "faces" : 26,
   "normals" : 0,
   "colors" : 0,
   "uvs" : 0,
   "materials" : 1
  },
  "scale" : 1.0,
  "materials": [{
    "DbgColor": 0,
    "DbgIndex": 0,
    "DbgName" : "Join skin_ext_post_27: Skin",
    "colorAmbient": [0.0, 0.0, 0.0],
    "colorDiffuse": [ 1.000, 0.753, 0.796],
    "colorSpecular": [0.16, 0.16, 0.16]
    }],
  "vertices": [
  0.0428316, 0.0916304, 0.0135,
  0.0429385, 0.0932271, 0.013,
  0.0425772, 0.0916303, 0.013,
  0.0431174, 0.0932403, 0.0135,
  0.043996, 0.0963981, 0.0135,
  0.04441, 0.0979241, 0.013,
  0.0438905, 0.0963675, 0.013,
  0.0444953, 0.0979595, 0.0135,
  0.0449462, 0.0994748, 0.013,
  0.0450276, 0.0995102, 0.0135,
  0.0434003, 0.0948015, 0.013,
  0.0435245, 0.0948284, 0.0135,
  0.04266, 0.09, 0.0135,
  0.04239, 0.09, 0.013,
  0.0468278, 0.104086, 0.0135,
  0.0473949, 0.105563, 0.013,
  0.0467524, 0.104053, 0.013,
  0.0474849, 0.105588, 0.0135,
  0.0480492, 0.107068, 0.013,
  0.0481967, 0.107065, 0.0135,
  0.0487471, 0.108553, 0.013,
  0.0488607, 0.108564, 0.0135,
  0.04952, 0.11, 0.013,
  0.04965, 0.11, 0.0135,
  0.0456113, 0.101042, 0.0135,
  0.046117, 0.10254, 0.013,
  0.0455207, 0.101012, 0.013,
  0.0462226, 0.102563, 0.0135
 ],
 "morphTargets": [],
 "morphColors": [],
 "normals": [],
 "colors": [],
 "uvs": [[]],
  "faces": [
  2, 0, 1, 2, 0,
  2, 0, 3, 1, 0,
  2, 4, 5, 6, 0,
  2, 4, 7, 5, 0,
  2, 7, 8, 5, 0,
  2, 7, 9, 8, 0,
  2, 3, 10, 1, 0,
  2, 3, 11, 10, 0,
  2, 11, 6, 10, 0,
  2, 11, 4, 6, 0,
  2, 12, 2, 13, 0,
  2, 12, 0, 2, 0,
  2, 14, 15, 16, 0,
  2, 14, 17, 15, 0,
  2, 17, 18, 15, 0,
  2, 17, 19, 18, 0,
  2, 19, 20, 18, 0,
  2, 19, 21, 20, 0,
  2, 21, 22, 20, 0,
  2, 21, 23, 22, 0,
  2, 24, 25, 26, 0,
  2, 24, 27, 25, 0,
  2, 9, 26, 8, 0,
  2, 9, 24, 26, 0,
  2, 27, 16, 25, 0,
  2, 27, 14, 16, 0
]
 }
