 {
  "metadata" :
  {
   "formatVersion" : 3,
   "sourceFile" : "mch002r_022d",
   "generatedBy" : "Tr3 20161112",
   "vertices" : 51,
   "faces" : 49,
   "normals" : 0,
   "colors" : 0,
   "uvs" : 0,
   "materials" : 1
  },
  "scale" : 1.0,
  "materials": [{
    "DbgColor": 0,
    "DbgIndex": 0,
    "DbgName" : "labvest_24: Vestibule",
    "colorAmbient": [0.0, 0.0, 0.0],
    "colorDiffuse": [ 0.678, 0.847, 0.902],
    "colorSpecular": [0.16, 0.16, 0.16]
    }],
  "vertices": [
  0.06218, 0.07474, 0.0125,
  0.06285, 0.07418, 0.012,
  0.06192, 0.07467, 0.012,
  0.06278, 0.07452, 0.0125,
  0.06337, 0.07433, 0.0125,
  0.06337, 0.07407, 0.012,
  0.06397, 0.0743, 0.012,
  0.06423, 0.07444, 0.0125,
  0.06476, 0.07467, 0.012,
  0.06521, 0.07444, 0.0125,
  0.06528, 0.07527, 0.012,
  0.06566, 0.07474, 0.0125,
  0.06573, 0.07527, 0.0125,
  0.06588, 0.07583, 0.0125,
  0.06551, 0.07624, 0.012,
  0.06581, 0.07624, 0.0125,
  0.06569, 0.07669, 0.0125,
  0.06569, 0.07736, 0.0125,
  0.06551, 0.07699, 0.012,
  0.06543, 0.07774, 0.012,
  0.06569, 0.07792, 0.0125,
  0.06528, 0.07822, 0.012,
  0.06595, 0.07837, 0.0125,
  0.06588, 0.07882, 0.0125,
  0.06513, 0.0786, 0.012,
  0.06513, 0.07901, 0.012,
  0.06569, 0.07916, 0.0125,
  0.06521, 0.07942, 0.012,
  0.06551, 0.07983, 0.0125,
  0.06528, 0.07968, 0.012,
  0.06528, 0.08039, 0.012,
  0.06521, 0.08035, 0.0125,
  0.06483, 0.08047, 0.0125,
  0.06495, 0.08094, 0.012,
  0.06455, 0.08106, 0.012,
  0.06427, 0.08082, 0.012,
  0.0645, 0.08032, 0.0125,
  0.06408, 0.08032, 0.012,
  0.06412, 0.08005, 0.0125,
  0.06405, 0.07983, 0.012,
  0.06397, 0.07968, 0.0125,
  0.06405, 0.0791, 0.012,
  0.06382, 0.07912, 0.0125,
  0.06367, 0.0783, 0.0125,
  0.06391, 0.07831, 0.012,
  0.06345, 0.07792, 0.0125,
  0.06352, 0.07762, 0.012,
  0.06308, 0.07755, 0.0125,
  0.06308, 0.07706, 0.012,
  0.0627, 0.07691, 0.0125,
  0.06259, 0.07661, 0.012
 ],
 "morphTargets": [],
 "morphColors": [],
 "normals": [],
 "colors": [],
 "uvs": [[]],
  "faces": [
  2, 0, 1, 2, 0,
  2, 0, 3, 1, 0,
  2, 3, 4, 1, 0,
  2, 4, 5, 1, 0,
  2, 4, 6, 5, 0,
  2, 4, 7, 6, 0,
  2, 7, 8, 6, 0,
  2, 7, 9, 8, 0,
  2, 9, 10, 8, 0,
  2, 9, 11, 10, 0,
  2, 11, 12, 10, 0,
  2, 12, 13, 10, 0,
  2, 13, 14, 10, 0,
  2, 13, 15, 14, 0,
  2, 15, 16, 14, 0,
  2, 16, 17, 14, 0,
  2, 17, 18, 14, 0,
  2, 17, 19, 18, 0,
  2, 17, 20, 19, 0,
  2, 20, 21, 19, 0,
  2, 20, 22, 21, 0,
  2, 22, 23, 21, 0,
  2, 23, 24, 21, 0,
  2, 23, 25, 24, 0,
  2, 23, 26, 25, 0,
  2, 26, 27, 25, 0,
  2, 26, 28, 27, 0,
  2, 28, 29, 27, 0,
  2, 28, 30, 29, 0,
  2, 28, 31, 30, 0,
  2, 31, 32, 30, 0,
  2, 32, 33, 30, 0,
  2, 32, 34, 33, 0,
  2, 32, 35, 34, 0,
  2, 32, 36, 35, 0,
  2, 36, 37, 35, 0,
  2, 36, 38, 37, 0,
  2, 38, 39, 37, 0,
  2, 38, 40, 39, 0,
  2, 40, 41, 39, 0,
  2, 40, 42, 41, 0,
  2, 42, 43, 41, 0,
  2, 43, 44, 41, 0,
  2, 43, 45, 44, 0,
  2, 45, 46, 44, 0,
  2, 45, 47, 46, 0,
  2, 47, 48, 46, 0,
  2, 47, 49, 48, 0,
  2, 49, 50, 48, 0
]
 }
