 {
  "metadata" :
  {
   "formatVersion" : 3,
   "sourceFile" : "mch002r_022d",
   "generatedBy" : "Tr3 20161112",
   "vertices" : 38,
   "faces" : 46,
   "normals" : 0,
   "colors" : 0,
   "uvs" : 0,
   "materials" : 1
  },
  "scale" : 1.0,
  "materials": [{
    "DbgColor": 0,
    "DbgIndex": 0,
    "DbgName" : "os_temp_a_38: Temporal bone",
    "colorAmbient": [0.0, 0.0, 0.0],
    "colorDiffuse": [ 1.000, 0.784, 0.588],
    "colorSpecular": [0.16, 0.16, 0.16]
    }],
  "vertices": [
  0.05836, 0.07524, 0.0195,
  0.056808, 0.0747511, 0.0195,
  0.05806, 0.07454, 0.019,
  0.0564817, 0.0741994, 0.019,
  0.0558118, 0.0755563, 0.019,
  0.0556569, 0.0757256, 0.0195,
  0.0546486, 0.0765335, 0.019,
  0.0550132, 0.0771195, 0.0195,
  0.0543566, 0.0776185, 0.019,
  0.0550542, 0.0785681, 0.0195,
  0.0550423, 0.0790917, 0.019,
  0.0551794, 0.0802405, 0.0195,
  0.0549219, 0.0806786, 0.019,
  0.0555352, 0.0819065, 0.0195,
  0.0553838, 0.0821421, 0.019,
  0.0554861, 0.0836198, 0.0195,
  0.0551976, 0.0836714, 0.019,
  0.0558061, 0.0852324, 0.019,
  0.0558901, 0.0852511, 0.0195,
  0.0564949, 0.0867582, 0.019,
  0.0567883, 0.0866847, 0.0195,
  0.0568901, 0.0883819, 0.019,
  0.0572846, 0.088324, 0.0195,
  0.05732, 0.09, 0.019,
  0.0576, 0.09, 0.0195,
  0.05901, 0.07586, 0.02,
  0.0577957, 0.0753004, 0.02,
  0.0562998, 0.0753176, 0.02,
  0.0566385, 0.0767348, 0.02,
  0.0577638, 0.0777343, 0.02,
  0.0569966, 0.0790355, 0.02,
  0.05694, 0.0807179, 0.02,
  0.0562366, 0.0822332, 0.02,
  0.0565463, 0.0838387, 0.02,
  0.057134, 0.0853853, 0.02,
  0.058029, 0.0867523, 0.02,
  0.0581685, 0.088418, 0.02,
  0.05859, 0.09, 0.02
 ],
 "morphTargets": [],
 "morphColors": [],
 "normals": [],
 "colors": [],
 "uvs": [[]],
  "faces": [
  2, 0, 1, 2, 0,
  2, 1, 3, 2, 0,
  2, 1, 4, 3, 0,
  2, 1, 5, 4, 0,
  2, 5, 6, 4, 0,
  2, 5, 7, 6, 0,
  2, 7, 8, 6, 0,
  2, 7, 9, 8, 0,
  2, 9, 10, 8, 0,
  2, 9, 11, 10, 0,
  2, 11, 12, 10, 0,
  2, 11, 13, 12, 0,
  2, 13, 14, 12, 0,
  2, 13, 15, 14, 0,
  2, 15, 16, 14, 0,
  2, 15, 17, 16, 0,
  2, 15, 18, 17, 0,
  2, 18, 19, 17, 0,
  2, 18, 20, 19, 0,
  2, 20, 21, 19, 0,
  2, 20, 22, 21, 0,
  2, 22, 23, 21, 0,
  2, 22, 24, 23, 0,
  2, 25, 26, 0, 0,
  2, 26, 1, 0, 0,
  2, 26, 27, 1, 0,
  2, 27, 5, 1, 0,
  2, 27, 28, 5, 0,
  2, 28, 7, 5, 0,
  2, 28, 9, 7, 0,
  2, 28, 29, 9, 0,
  2, 29, 30, 9, 0,
  2, 30, 11, 9, 0,
  2, 30, 31, 11, 0,
  2, 31, 13, 11, 0,
  2, 31, 32, 13, 0,
  2, 32, 15, 13, 0,
  2, 32, 33, 15, 0,
  2, 33, 18, 15, 0,
  2, 33, 34, 18, 0,
  2, 34, 20, 18, 0,
  2, 34, 35, 20, 0,
  2, 35, 22, 20, 0,
  2, 35, 36, 22, 0,
  2, 36, 24, 22, 0,
  2, 36, 37, 24, 0
]
 }
