 {
  "metadata" :
  {
   "formatVersion" : 3,
   "sourceFile" : "mch002r_022d",
   "generatedBy" : "Tr3 20161112",
   "vertices" : 57,
   "faces" : 57,
   "normals" : 0,
   "colors" : 0,
   "uvs" : 0,
   "materials" : 1
  },
  "scale" : 1.0,
  "materials": [{
    "DbgColor": 0,
    "DbgIndex": 0,
    "DbgName" : "Join Jnewb35-36:                 ",
    "colorAmbient": [0.0, 0.0, 0.0],
    "colorDiffuse": [ 1.000, 1.000, 1.000],
    "colorSpecular": [0.16, 0.16, 0.16]
    }],
  "vertices": [
  0.0559135, 0.0741458, 0.018,
  0.0558435, 0.0735384, 0.0175,
  0.0535482, 0.0753088, 0.0175,
  0.0537052, 0.0755944, 0.018,
  0.0522564, 0.077866, 0.0175,
  0.05245, 0.08069, 0.018,
  0.0526028, 0.0780278, 0.018,
  0.05194, 0.08074, 0.0175,
  0.059782, 0.0754265, 0.018,
  0.0618885, 0.0774946, 0.018,
  0.061473, 0.0777297, 0.0175,
  0.062694, 0.0796279, 0.018,
  0.0629046, 0.0796959, 0.0175,
  0.0652048, 0.0778335, 0.018,
  0.065262, 0.0776789, 0.0175,
  0.0640423, 0.0762272, 0.018,
  0.0638323, 0.0761038, 0.0175,
  0.0647065, 0.0735508, 0.018,
  0.0649969, 0.0735253, 0.0175,
  0.0670311, 0.0718785, 0.018,
  0.0669304, 0.0708104, 0.0175,
  0.0581, 0.0727, 0.018,
  0.05828, 0.07195, 0.0175,
  0.0594536, 0.0750972, 0.0175,
  0.06238, 0.06917, 0.018,
  0.06126, 0.06974, 0.0175,
  0.0643625, 0.0684518, 0.0175,
  0.06269, 0.06894, 0.018,
  0.0595651, 0.0687519, 0.018,
  0.0579268, 0.0690161, 0.0175,
  0.0591104, 0.0671863, 0.0175,
  0.0610292, 0.0671933, 0.018,
  0.0625267, 0.0671754, 0.0175,
  0.0642534, 0.0668359, 0.018,
  0.0658423, 0.0663523, 0.0175,
  0.0675086, 0.066725, 0.018,
  0.0692068, 0.0657473, 0.0175,
  0.0707641, 0.0667156, 0.018,
  0.072627, 0.06568, 0.0175,
  0.0738282, 0.0674066, 0.018,
  0.0757594, 0.0666495, 0.0175,
  0.0753521, 0.0698822, 0.018,
  0.0766303, 0.0698053, 0.0175,
  0.07513, 0.07284, 0.0175,
  0.07471, 0.07293, 0.018,
  0.0713489, 0.0744042, 0.0175,
  0.0703287, 0.074701, 0.018,
  0.0675237, 0.0758623, 0.0175,
  0.0659587, 0.0765014, 0.018,
  0.0637184, 0.0773707, 0.0175,
  0.0615601, 0.0782291, 0.018,
  0.0598817, 0.0787888, 0.0175,
  0.0570711, 0.0797035, 0.018,
  0.0677982, 0.0689295, 0.018,
  0.0675084, 0.0675885, 0.0175,
  0.0654649, 0.0682493, 0.018,
  0.0559475, 0.0799056, 0.0175
 ],
 "morphTargets": [],
 "morphColors": [],
 "normals": [],
 "colors": [],
 "uvs": [[]],
  "faces": [
  2, 0, 1, 2, 0,
  2, 3, 0, 2, 0,
  2, 3, 2, 4, 0,
  2, 5, 6, 7, 0,
  2, 6, 4, 7, 0,
  2, 6, 3, 4, 0,
  2, 8, 9, 10, 0,
  2, 9, 11, 10, 0,
  2, 11, 12, 10, 0,
  2, 11, 13, 12, 0,
  2, 13, 14, 12, 0,
  2, 13, 15, 14, 0,
  2, 15, 16, 14, 0,
  2, 15, 17, 16, 0,
  2, 17, 18, 16, 0,
  2, 17, 19, 18, 0,
  2, 19, 20, 18, 0,
  2, 0, 21, 1, 0,
  2, 21, 22, 1, 0,
  2, 21, 23, 22, 0,
  2, 21, 8, 23, 0,
  2, 8, 10, 23, 0,
  2, 24, 25, 26, 0,
  2, 24, 27, 25, 0,
  2, 27, 28, 25, 0,
  2, 28, 29, 25, 0,
  2, 28, 30, 29, 0,
  2, 28, 31, 30, 0,
  2, 31, 32, 30, 0,
  2, 31, 33, 32, 0,
  2, 33, 34, 32, 0,
  2, 33, 35, 34, 0,
  2, 35, 36, 34, 0,
  2, 35, 37, 36, 0,
  2, 37, 38, 36, 0,
  2, 37, 39, 38, 0,
  2, 39, 40, 38, 0,
  2, 39, 41, 40, 0,
  2, 41, 42, 40, 0,
  2, 41, 43, 42, 0,
  2, 41, 44, 43, 0,
  2, 44, 45, 43, 0,
  2, 44, 46, 45, 0,
  2, 46, 47, 45, 0,
  2, 46, 48, 47, 0,
  2, 48, 49, 47, 0,
  2, 48, 50, 49, 0,
  2, 50, 51, 49, 0,
  2, 50, 52, 51, 0,
  2, 19, 53, 20, 0,
  2, 53, 54, 20, 0,
  2, 53, 55, 54, 0,
  2, 55, 26, 54, 0,
  2, 55, 24, 26, 0,
  2, 52, 56, 51, 0,
  2, 52, 5, 56, 0,
  2, 5, 7, 56, 0
]
 }
