 {
  "metadata" :
  {
   "formatVersion" : 3,
   "sourceFile" : "mch002r_022d",
   "generatedBy" : "Tr3 20161112",
   "vertices" : 102,
   "faces" : 156,
   "normals" : 0,
   "colors" : 0,
   "uvs" : 0,
   "materials" : 1
  },
  "scale" : 1.0,
  "materials": [{
    "DbgColor": 0,
    "DbgIndex": 0,
    "DbgName" : "os_occcond_ext_b_42: Occipital bone (condylar part)",
    "colorAmbient": [0.0, 0.0, 0.0],
    "colorDiffuse": [ 1.000, 0.784, 0.588],
    "colorSpecular": [0.16, 0.16, 0.16]
    }],
  "vertices": [
  0.06236, 0.09363, 0.0215,
  0.0615359, 0.0946511, 0.021,
  0.0614, 0.09297, 0.021,
  0.062799, 0.0952378, 0.0215,
  0.0620811, 0.0962484, 0.021,
  0.0637712, 0.0965793, 0.0215,
  0.0631265, 0.0975634, 0.021,
  0.0647229, 0.0979467, 0.0215,
  0.0641664, 0.0988827, 0.021,
  0.0656056, 0.0993697, 0.0215,
  0.0649508, 0.100377, 0.021,
  0.0666659, 0.100666, 0.0215,
  0.0656438, 0.101916, 0.021,
  0.0668391, 0.103085, 0.021,
  0.0679081, 0.100899, 0.0215,
  0.06942, 0.101533, 0.0215,
  0.0681653, 0.104094, 0.021,
  0.0697761, 0.103977, 0.021,
  0.07096, 0.102153, 0.0215,
  0.0719395, 0.103499, 0.0215,
  0.0711844, 0.104453, 0.021,
  0.0726815, 0.105061, 0.021,
  0.0731491, 0.104618, 0.0215,
  0.0743247, 0.104813, 0.021,
  0.0747433, 0.104463, 0.0215,
  0.0757791, 0.103962, 0.021,
  0.0762616, 0.103755, 0.0215,
  0.0772698, 0.103182, 0.021,
  0.0777477, 0.102981, 0.0215,
  0.0788096, 0.102494, 0.021,
  0.0791963, 0.102136, 0.0215,
  0.0801, 0.101447, 0.021,
  0.0805473, 0.101199, 0.0215,
  0.0799904, 0.0997648, 0.021,
  0.0804806, 0.0995462, 0.0215,
  0.0796975, 0.0981004, 0.021,
  0.0800579, 0.0979238, 0.0215,
  0.0793568, 0.0964445, 0.021,
  0.0796021, 0.0963103, 0.0215,
  0.0788777, 0.0948248, 0.021,
  0.0790336, 0.0947329, 0.0215,
  0.0783637, 0.0932143, 0.021,
  0.0784656, 0.0931553, 0.0215,
  0.0777386, 0.0916436, 0.021,
  0.0778978, 0.0915777, 0.0215,
  0.07738, 0.09, 0.021,
  0.07733, 0.09, 0.0215,
  0.06354, 0.09269, 0.022,
  0.0642944, 0.094255, 0.022,
  0.065939, 0.094668, 0.022,
  0.067342, 0.0956753, 0.022,
  0.068597, 0.0968911, 0.022,
  0.0700177, 0.0978753, 0.022,
  0.0710173, 0.0992129, 0.022,
  0.0719785, 0.100552, 0.022,
  0.0730367, 0.101898, 0.022,
  0.074006, 0.103283, 0.022,
  0.075596, 0.103989, 0.022,
  0.0772071, 0.103344, 0.022,
  0.0787222, 0.102478, 0.022,
  0.0801225, 0.101438, 0.022,
  0.0805897, 0.0998931, 0.022,
  0.0801628, 0.0982094, 0.022,
  0.0794656, 0.0966076, 0.022,
  0.0788346, 0.0949821, 0.022,
  0.0783536, 0.093302, 0.022,
  0.0777928, 0.0916475, 0.022,
  0.07721, 0.09, 0.022,
  0.07134, 0.09331, 0.0225,
  0.072213, 0.094723, 0.0225,
  0.0728181, 0.0962685, 0.0225,
  0.0732665, 0.0978725, 0.0225,
  0.0738134, 0.0994459, 0.0225,
  0.0743008, 0.101039, 0.0225,
  0.0751308, 0.102468, 0.0225,
  0.0762723, 0.1034, 0.0225,
  0.077826, 0.102813, 0.0225,
  0.0792817, 0.102011, 0.0225,
  0.0805254, 0.100929, 0.0225,
  0.0803824, 0.0993291, 0.0225,
  0.0796509, 0.0978374, 0.0225,
  0.0788682, 0.0963688, 0.0225,
  0.0783349, 0.0947936, 0.0225,
  0.0778089, 0.0932134, 0.0225,
  0.0773553, 0.0916106, 0.0225,
  0.07693, 0.09, 0.0225,
  0.0748, 0.09368, 0.023,
  0.0743801, 0.0953668, 0.023,
  0.0742178, 0.0970781, 0.023,
  0.0747132, 0.0987497, 0.023,
  0.0752467, 0.100412, 0.023,
  0.0757936, 0.102061, 0.023,
  0.077049, 0.102829, 0.023,
  0.078584, 0.10205, 0.023,
  0.0801708, 0.101349, 0.023,
  0.0802386, 0.0997256, 0.023,
  0.0793432, 0.0982286, 0.023,
  0.0784747, 0.0967218, 0.023,
  0.077902, 0.0950754, 0.023,
  0.0774785, 0.0933819, 0.023,
  0.0770651, 0.0916856, 0.023,
  0.07661, 0.09, 0.023
 ],
 "morphTargets": [],
 "morphColors": [],
 "normals": [],
 "colors": [],
 "uvs": [[]],
  "faces": [
  2, 0, 1, 2, 0,
  2, 0, 3, 1, 0,
  2, 3, 4, 1, 0,
  2, 3, 5, 4, 0,
  2, 5, 6, 4, 0,
  2, 5, 7, 6, 0,
  2, 7, 8, 6, 0,
  2, 7, 9, 8, 0,
  2, 9, 10, 8, 0,
  2, 9, 11, 10, 0,
  2, 11, 12, 10, 0,
  2, 11, 13, 12, 0,
  2, 11, 14, 13, 0,
  2, 14, 15, 13, 0,
  2, 15, 16, 13, 0,
  2, 15, 17, 16, 0,
  2, 15, 18, 17, 0,
  2, 18, 19, 17, 0,
  2, 19, 20, 17, 0,
  2, 19, 21, 20, 0,
  2, 19, 22, 21, 0,
  2, 22, 23, 21, 0,
  2, 22, 24, 23, 0,
  2, 24, 25, 23, 0,
  2, 24, 26, 25, 0,
  2, 26, 27, 25, 0,
  2, 26, 28, 27, 0,
  2, 28, 29, 27, 0,
  2, 28, 30, 29, 0,
  2, 30, 31, 29, 0,
  2, 30, 32, 31, 0,
  2, 32, 33, 31, 0,
  2, 32, 34, 33, 0,
  2, 34, 35, 33, 0,
  2, 34, 36, 35, 0,
  2, 36, 37, 35, 0,
  2, 36, 38, 37, 0,
  2, 38, 39, 37, 0,
  2, 38, 40, 39, 0,
  2, 40, 41, 39, 0,
  2, 40, 42, 41, 0,
  2, 42, 43, 41, 0,
  2, 42, 44, 43, 0,
  2, 44, 45, 43, 0,
  2, 44, 46, 45, 0,
  2, 47, 48, 0, 0,
  2, 48, 3, 0, 0,
  2, 48, 5, 3, 0,
  2, 48, 49, 5, 0,
  2, 49, 7, 5, 0,
  2, 49, 50, 7, 0,
  2, 50, 51, 7, 0,
  2, 51, 9, 7, 0,
  2, 51, 11, 9, 0,
  2, 51, 14, 11, 0,
  2, 51, 52, 14, 0,
  2, 52, 53, 14, 0,
  2, 53, 15, 14, 0,
  2, 53, 54, 15, 0,
  2, 54, 18, 15, 0,
  2, 54, 55, 18, 0,
  2, 55, 19, 18, 0,
  2, 55, 56, 19, 0,
  2, 56, 22, 19, 0,
  2, 56, 24, 22, 0,
  2, 56, 57, 24, 0,
  2, 57, 26, 24, 0,
  2, 57, 58, 26, 0,
  2, 58, 28, 26, 0,
  2, 58, 59, 28, 0,
  2, 59, 30, 28, 0,
  2, 59, 60, 30, 0,
  2, 60, 32, 30, 0,
  2, 60, 61, 32, 0,
  2, 61, 34, 32, 0,
  2, 61, 62, 34, 0,
  2, 62, 36, 34, 0,
  2, 62, 63, 36, 0,
  2, 63, 38, 36, 0,
  2, 63, 64, 38, 0,
  2, 64, 40, 38, 0,
  2, 64, 65, 40, 0,
  2, 65, 42, 40, 0,
  2, 65, 66, 42, 0,
  2, 66, 44, 42, 0,
  2, 66, 67, 44, 0,
  2, 67, 46, 44, 0,
  2, 68, 48, 47, 0,
  2, 68, 49, 48, 0,
  2, 68, 50, 49, 0,
  2, 68, 51, 50, 0,
  2, 68, 69, 51, 0,
  2, 69, 52, 51, 0,
  2, 69, 70, 52, 0,
  2, 70, 71, 52, 0,
  2, 71, 53, 52, 0,
  2, 71, 72, 53, 0,
  2, 72, 54, 53, 0,
  2, 72, 73, 54, 0,
  2, 73, 55, 54, 0,
  2, 73, 74, 55, 0,
  2, 74, 56, 55, 0,
  2, 74, 57, 56, 0,
  2, 74, 75, 57, 0,
  2, 75, 58, 57, 0,
  2, 75, 76, 58, 0,
  2, 76, 59, 58, 0,
  2, 76, 77, 59, 0,
  2, 77, 60, 59, 0,
  2, 77, 78, 60, 0,
  2, 78, 61, 60, 0,
  2, 78, 79, 61, 0,
  2, 79, 62, 61, 0,
  2, 79, 80, 62, 0,
  2, 80, 63, 62, 0,
  2, 80, 81, 63, 0,
  2, 81, 64, 63, 0,
  2, 81, 82, 64, 0,
  2, 82, 65, 64, 0,
  2, 82, 83, 65, 0,
  2, 83, 66, 65, 0,
  2, 83, 84, 66, 0,
  2, 84, 67, 66, 0,
  2, 84, 85, 67, 0,
  2, 86, 69, 68, 0,
  2, 86, 87, 69, 0,
  2, 87, 70, 69, 0,
  2, 87, 88, 70, 0,
  2, 88, 71, 70, 0,
  2, 88, 89, 71, 0,
  2, 89, 72, 71, 0,
  2, 89, 90, 72, 0,
  2, 90, 73, 72, 0,
  2, 90, 91, 73, 0,
  2, 91, 74, 73, 0,
  2, 91, 75, 74, 0,
  2, 91, 92, 75, 0,
  2, 92, 76, 75, 0,
  2, 92, 93, 76, 0,
  2, 93, 77, 76, 0,
  2, 93, 94, 77, 0,
  2, 94, 78, 77, 0,
  2, 94, 95, 78, 0,
  2, 95, 79, 78, 0,
  2, 95, 96, 79, 0,
  2, 96, 80, 79, 0,
  2, 96, 97, 80, 0,
  2, 97, 81, 80, 0,
  2, 97, 98, 81, 0,
  2, 98, 82, 81, 0,
  2, 98, 99, 82, 0,
  2, 99, 83, 82, 0,
  2, 99, 100, 83, 0,
  2, 100, 84, 83, 0,
  2, 100, 85, 84, 0,
  2, 100, 101, 85, 0
]
 }
