 {
  "metadata" :
  {
   "formatVersion" : 3,
   "sourceFile" : "mch002r_022d",
   "generatedBy" : "Tr3 20161112",
   "vertices" : 14,
   "faces" : 12,
   "normals" : 0,
   "colors" : 0,
   "uvs" : 0,
   "materials" : 1
  },
  "scale" : 1.0,
  "materials": [{
    "DbgColor": 0,
    "DbgIndex": 0,
    "DbgName" : "Join ec_med_44: Ear canal",
    "colorAmbient": [0.0, 0.0, 0.0],
    "colorDiffuse": [ 0.824, 0.706, 0.549],
    "colorSpecular": [0.16, 0.16, 0.16]
    }],
  "vertices": [
  0.06401, 0.0745, 0.022,
  0.06418, 0.07431, 0.022,
  0.0637125, 0.072571, 0.0215,
  0.0621041, 0.0740821, 0.0215,
  0.06384, 0.07469, 0.022,
  0.0635, 0.07507, 0.022,
  0.06156, 0.07616, 0.0215,
  0.06367, 0.07488, 0.022,
  0.06503, 0.07336, 0.022,
  0.06571, 0.07169, 0.0215,
  0.06452, 0.07393, 0.022,
  0.06469, 0.07374, 0.022,
  0.06486, 0.07355, 0.022,
  0.06435, 0.07412, 0.022
 ],
 "morphTargets": [],
 "morphColors": [],
 "normals": [],
 "colors": [],
 "uvs": [[]],
  "faces": [
  2, 0, 1, 2, 0,
  2, 0, 2, 3, 0,
  2, 4, 0, 3, 0,
  2, 5, 3, 6, 0,
  2, 5, 7, 3, 0,
  2, 7, 4, 3, 0,
  2, 8, 9, 2, 0,
  2, 10, 11, 2, 0,
  2, 11, 12, 2, 0,
  2, 1, 13, 2, 0,
  2, 13, 10, 2, 0,
  2, 12, 8, 2, 0
]
 }
