 {
  "metadata" :
  {
   "formatVersion" : 3,
   "sourceFile" : "mch002r_022d",
   "generatedBy" : "Tr3 20161112",
   "vertices" : 30,
   "faces" : 30,
   "normals" : 0,
   "colors" : 0,
   "uvs" : 0,
   "materials" : 1
  },
  "scale" : 1.0,
  "materials": [{
    "DbgColor": 0,
    "DbgIndex": 0,
    "DbgName" : "Join os_occcond_lat_b_40: Occipital bone (condylar part)",
    "colorAmbient": [0.0, 0.0, 0.0],
    "colorDiffuse": [ 1.000, 0.784, 0.588],
    "colorSpecular": [0.16, 0.16, 0.16]
    }],
  "vertices": [
  0.0759197, 0.0849426, 0.02,
  0.0758742, 0.0843183, 0.0195,
  0.07614, 0.0860065, 0.0195,
  0.0764323, 0.0883089, 0.02,
  0.0762073, 0.0866202, 0.02,
  0.076063, 0.0877245, 0.0195,
  0.0746093, 0.0818148, 0.02,
  0.074315, 0.0812524, 0.0195,
  0.075143, 0.0827622, 0.0195,
  0.0737733, 0.0803302, 0.02,
  0.0735563, 0.0797072, 0.0195,
  0.0725834, 0.0792978, 0.02,
  0.0723807, 0.0797707, 0.0195,
  0.0754007, 0.0833198, 0.02,
  0.0714766, 0.0823168, 0.02,
  0.0719159, 0.0831619, 0.0195,
  0.0720207, 0.0814442, 0.0195,
  0.0713937, 0.0840096, 0.02,
  0.0717917, 0.0848797, 0.0195,
  0.071012, 0.0856651, 0.02,
  0.0715207, 0.0865808, 0.0195,
  0.0704869, 0.087286, 0.02,
  0.07115, 0.08826, 0.0195,
  0.0696223, 0.0887124, 0.02,
  0.072622, 0.0887082, 0.0195,
  0.0739529, 0.0897071, 0.0195,
  0.068174, 0.0895163, 0.02,
  0.07664, 0.09, 0.02,
  0.0755424, 0.0893196, 0.0195,
  0.0716126, 0.0806381, 0.02
 ],
 "morphTargets": [],
 "morphColors": [],
 "normals": [],
 "colors": [],
 "uvs": [[]],
  "faces": [
  2, 0, 1, 2, 0,
  2, 3, 4, 5, 0,
  2, 4, 2, 5, 0,
  2, 4, 0, 2, 0,
  2, 6, 7, 8, 0,
  2, 6, 9, 7, 0,
  2, 9, 10, 7, 0,
  2, 9, 11, 10, 0,
  2, 11, 12, 10, 0,
  2, 0, 13, 1, 0,
  2, 13, 8, 1, 0,
  2, 13, 6, 8, 0,
  2, 14, 15, 16, 0,
  2, 14, 17, 15, 0,
  2, 17, 18, 15, 0,
  2, 17, 19, 18, 0,
  2, 19, 20, 18, 0,
  2, 19, 21, 20, 0,
  2, 21, 22, 20, 0,
  2, 21, 23, 22, 0,
  2, 23, 24, 22, 0,
  2, 23, 25, 24, 0,
  2, 23, 26, 25, 0,
  2, 26, 27, 25, 0,
  2, 27, 28, 25, 0,
  2, 11, 29, 12, 0,
  2, 29, 16, 12, 0,
  2, 29, 14, 16, 0,
  2, 27, 3, 28, 0,
  2, 3, 5, 28, 0
]
 }
