 {
  "metadata" :
  {
   "formatVersion" : 3,
   "sourceFile" : "mch002r_022d",
   "generatedBy" : "Tr3 20161112",
   "vertices" : 8,
   "faces" : 7,
   "normals" : 0,
   "colors" : 0,
   "uvs" : 0,
   "materials" : 1
  },
  "scale" : 1.0,
  "materials": [{
    "DbgColor": 0,
    "DbgIndex": 0,
    "DbgName" : "Cap os_cavlat1_30_tail: Cavity wall",
    "colorAmbient": [0.0, 0.0, 0.0],
    "colorDiffuse": [ 1.000, 0.784, 0.588],
    "colorSpecular": [0.16, 0.16, 0.16]
    }],
  "vertices": [
  0.0563371, 0.07648, 0.017,
  0.05601, 0.0763, 0.017,
  0.05601, 0.07667, 0.017,
  0.05654, 0.07683, 0.017,
  0.05672, 0.07645, 0.017,
  0.05619, 0.07683, 0.017,
  0.0566, 0.07617, 0.017,
  0.05629, 0.07611, 0.017
 ],
 "morphTargets": [],
 "morphColors": [],
 "normals": [],
 "colors": [],
 "uvs": [[]],
  "faces": [
  2, 0, 1, 2, 0,
  2, 3, 4, 0, 0,
  2, 5, 3, 0, 0,
  2, 2, 5, 0, 0,
  2, 4, 6, 0, 0,
  2, 1, 0, 7, 0,
  2, 7, 0, 6, 0
]
 }
