 {
  "metadata" :
  {
   "formatVersion" : 3,
   "sourceFile" : "mch002r_022d",
   "generatedBy" : "Tr3 20161112",
   "vertices" : 16,
   "faces" : 16,
   "normals" : 0,
   "colors" : 0,
   "uvs" : 0,
   "materials" : 1
  },
  "scale" : 1.0,
  "materials": [{
    "DbgColor": 0,
    "DbgIndex": 0,
    "DbgName" : "os_cavpost_31: Cavity wall",
    "colorAmbient": [0.0, 0.0, 0.0],
    "colorDiffuse": [ 1.000, 0.784, 0.588],
    "colorSpecular": [0.16, 0.16, 0.16]
    }],
  "vertices": [
  0.06246, 0.0781, 0.0155,
  0.0632576, 0.0780673, 0.0155,
  0.06235, 0.07846, 0.015,
  0.0628301, 0.0791004, 0.015,
  0.0635677, 0.0787775, 0.0155,
  0.0634957, 0.079583, 0.0155,
  0.062788, 0.0799353, 0.015,
  0.0632282, 0.0803254, 0.0155,
  0.0625277, 0.080654, 0.0155,
  0.0621266, 0.08035, 0.015,
  0.061727, 0.0806639, 0.0155,
  0.0616046, 0.0799096, 0.015,
  0.0612446, 0.0801465, 0.0155,
  0.0615316, 0.0793994, 0.0155,
  0.0619221, 0.0791274, 0.015,
  0.0619134, 0.0786837, 0.0155
 ],
 "morphTargets": [],
 "morphColors": [],
 "normals": [],
 "colors": [],
 "uvs": [[]],
  "faces": [
  2, 0, 1, 2, 0,
  2, 1, 3, 2, 0,
  2, 1, 4, 3, 0,
  2, 4, 5, 3, 0,
  2, 5, 6, 3, 0,
  2, 5, 7, 6, 0,
  2, 7, 8, 6, 0,
  2, 8, 9, 6, 0,
  2, 8, 10, 9, 0,
  2, 10, 11, 9, 0,
  2, 10, 12, 11, 0,
  2, 12, 13, 11, 0,
  2, 13, 14, 11, 0,
  2, 13, 15, 14, 0,
  2, 15, 2, 14, 0,
  2, 15, 0, 2, 0
]
 }
