 {
  "metadata" :
  {
   "formatVersion" : 3,
   "sourceFile" : "mch002r_022d",
   "generatedBy" : "Tr3 20161112",
   "vertices" : 18,
   "faces" : 16,
   "normals" : 0,
   "colors" : 0,
   "uvs" : 0,
   "materials" : 1
  },
  "scale" : 1.0,
  "materials": [{
    "DbgColor": 0,
    "DbgIndex": 0,
    "DbgName" : "Join os_occcond_lat_a_40: Occipital bone (condylar part)",
    "colorAmbient": [0.0, 0.0, 0.0],
    "colorDiffuse": [ 1.000, 0.784, 0.588],
    "colorSpecular": [0.16, 0.16, 0.16]
    }],
  "vertices": [
  0.0668032, 0.0849642, 0.02,
  0.0655406, 0.0845313, 0.0195,
  0.066528, 0.0854675, 0.0195,
  0.068174, 0.0895163, 0.02,
  0.0666273, 0.0885279, 0.0195,
  0.0662, 0.09, 0.0195,
  0.0673316, 0.0883123, 0.02,
  0.0667242, 0.086993, 0.0195,
  0.0671842, 0.0866148, 0.02,
  0.0632687, 0.0884695, 0.02,
  0.0628, 0.09, 0.0195,
  0.0634199, 0.088588, 0.0195,
  0.06252, 0.09, 0.02,
  0.0656155, 0.0840351, 0.02,
  0.0647197, 0.0853888, 0.02,
  0.0646791, 0.0857726, 0.0195,
  0.0640424, 0.0871771, 0.0195,
  0.0640175, 0.086939, 0.02
 ],
 "morphTargets": [],
 "morphColors": [],
 "normals": [],
 "colors": [],
 "uvs": [[]],
  "faces": [
  2, 0, 1, 2, 0,
  2, 3, 4, 5, 0,
  2, 3, 6, 4, 0,
  2, 6, 7, 4, 0,
  2, 6, 8, 7, 0,
  2, 8, 2, 7, 0,
  2, 8, 0, 2, 0,
  2, 9, 10, 11, 0,
  2, 9, 12, 10, 0,
  2, 13, 14, 1, 0,
  2, 14, 15, 1, 0,
  2, 14, 16, 15, 0,
  2, 14, 17, 16, 0,
  2, 17, 9, 16, 0,
  2, 9, 11, 16, 0,
  2, 0, 13, 1, 0
]
 }
