 {
  "metadata" :
  {
   "formatVersion" : 3,
   "sourceFile" : "mch002r_022d",
   "generatedBy" : "Tr3 20161112",
   "vertices" : 25,
   "faces" : 25,
   "normals" : 0,
   "colors" : 0,
   "uvs" : 0,
   "materials" : 1
  },
  "scale" : 1.0,
  "materials": [{
    "DbgColor": 0,
    "DbgIndex": 0,
    "DbgName" : "Join Jnewb42-43:                 ",
    "colorAmbient": [0.0, 0.0, 0.0],
    "colorDiffuse": [ 1.000, 1.000, 1.000],
    "colorSpecular": [0.16, 0.16, 0.16]
    }],
  "vertices": [
  0.05834, 0.07943, 0.0215,
  0.0578973, 0.0766404, 0.021,
  0.05736, 0.07964, 0.021,
  0.0586254, 0.0763295, 0.0215,
  0.0606, 0.07654, 0.021,
  0.0662382, 0.07517, 0.0215,
  0.067515, 0.0729742, 0.0215,
  0.0667234, 0.07529, 0.021,
  0.0684823, 0.0723567, 0.021,
  0.06595, 0.07186, 0.0215,
  0.06582, 0.07096, 0.021,
  0.0659197, 0.0682503, 0.0215,
  0.0667865, 0.0683561, 0.021,
  0.0699449, 0.0690869, 0.0215,
  0.0701797, 0.0689785, 0.021,
  0.07134, 0.0727, 0.021,
  0.07083, 0.07284, 0.0215,
  0.0682231, 0.0751696, 0.021,
  0.06158, 0.07637, 0.0215,
  0.0639895, 0.0773685, 0.021,
  0.064206, 0.0772396, 0.0215,
  0.0612313, 0.0789542, 0.021,
  0.0670613, 0.0758486, 0.0215,
  0.062869, 0.0782792, 0.0215,
  0.06484, 0.0772734, 0.021
 ],
 "morphTargets": [],
 "morphColors": [],
 "normals": [],
 "colors": [],
 "uvs": [[]],
  "faces": [
  2, 0, 1, 2, 0,
  2, 3, 4, 1, 0,
  2, 0, 3, 1, 0,
  2, 5, 6, 7, 0,
  2, 6, 8, 7, 0,
  2, 6, 9, 8, 0,
  2, 9, 10, 8, 0,
  2, 9, 11, 10, 0,
  2, 11, 12, 10, 0,
  2, 11, 13, 12, 0,
  2, 13, 14, 12, 0,
  2, 13, 15, 14, 0,
  2, 13, 16, 15, 0,
  2, 16, 17, 15, 0,
  2, 3, 18, 4, 0,
  2, 18, 19, 4, 0,
  2, 18, 20, 19, 0,
  2, 20, 7, 19, 0,
  2, 20, 5, 7, 0,
  2, 0, 2, 21, 0,
  2, 22, 23, 24, 0,
  2, 23, 21, 24, 0,
  2, 16, 22, 17, 0,
  2, 22, 24, 17, 0,
  2, 23, 0, 21, 0
]
 }
