 {
  "metadata" :
  {
   "formatVersion" : 3,
   "sourceFile" : "mch002r_022d",
   "generatedBy" : "Tr3 20161112",
   "vertices" : 193,
   "faces" : 195,
   "normals" : 0,
   "colors" : 0,
   "uvs" : 0,
   "materials" : 1
  },
  "scale" : 1.0,
  "materials": [{
    "DbgColor": 0,
    "DbgIndex": 0,
    "DbgName" : "Join os_temp_15: Temporal bone",
    "colorAmbient": [0.0, 0.0, 0.0],
    "colorDiffuse": [ 1.000, 0.784, 0.588],
    "colorSpecular": [0.16, 0.16, 0.16]
    }],
  "vertices": [
  0.0465052, 0.084612, 0.0075,
  0.046456, 0.0863377, 0.0075,
  0.0462465, 0.0857946, 0.007,
  0.04606, 0.08118, 0.0075,
  0.0462826, 0.082896, 0.0075,
  0.04578, 0.08237, 0.007,
  0.0460471, 0.0840782, 0.007,
  0.0459238, 0.0914954, 0.0075,
  0.046457, 0.0931103, 0.0075,
  0.0460172, 0.0926375, 0.007,
  0.0466126, 0.0942452, 0.007,
  0.0471551, 0.0946936, 0.0075,
  0.0473498, 0.0958086, 0.007,
  0.0479653, 0.0962224, 0.0075,
  0.0481904, 0.0973067, 0.007,
  0.0488444, 0.0977099, 0.0075,
  0.0492557, 0.0986614, 0.007,
  0.0501654, 0.098724, 0.0075,
  0.0460275, 0.0874981, 0.007,
  0.046251, 0.0880548, 0.0075,
  0.04578, 0.0892035, 0.007,
  0.0460086, 0.0897681, 0.0075,
  0.04578, 0.0909324, 0.007,
  0.0517555, 0.0946253, 0.0075,
  0.0522068, 0.0929548, 0.0075,
  0.0517103, 0.093871, 0.007,
  0.0524095, 0.0922898, 0.007,
  0.052712, 0.0913039, 0.0075,
  0.0532483, 0.0907795, 0.007,
  0.0534403, 0.0897343, 0.0075,
  0.0542157, 0.0893576, 0.007,
  0.0543699, 0.0882873, 0.0075,
  0.0553829, 0.0880821, 0.007,
  0.0554322, 0.0869214, 0.0075,
  0.0566051, 0.0868604, 0.007,
  0.0568415, 0.0859234, 0.0075,
  0.0579204, 0.0857425, 0.007,
  0.0582755, 0.0849563, 0.0075,
  0.0591276, 0.0845218, 0.007,
  0.0597946, 0.0841277, 0.0075,
  0.0605813, 0.0837127, 0.007,
  0.0613425, 0.083358, 0.0075,
  0.0621843, 0.0830766, 0.007,
  0.0630068, 0.0828989, 0.0075,
  0.0637276, 0.0823928, 0.007,
  0.0644281, 0.0819791, 0.0075,
  0.0649922, 0.0812625, 0.007,
  0.06543, 0.0808047, 0.0075,
  0.0647364, 0.079673, 0.007,
  0.0646783, 0.0793306, 0.0075,
  0.0508628, 0.0987509, 0.007,
  0.0514615, 0.0980637, 0.0075,
  0.0513291, 0.0972808, 0.007,
  0.0515833, 0.0963381, 0.0075,
  0.05133, 0.0955519, 0.007,
  0.053056, 0.0753468, 0.0075,
  0.0513654, 0.0755903, 0.0075,
  0.0501831, 0.0771465, 0.007,
  0.0496914, 0.0754904, 0.007,
  0.0501207, 0.074961, 0.0075,
  0.0491075, 0.0738633, 0.007,
  0.0494679, 0.0733585, 0.0075,
  0.0488329, 0.0722282, 0.007,
  0.0492425, 0.071667, 0.0075,
  0.0491192, 0.0705232, 0.007,
  0.0497167, 0.0700086, 0.0075,
  0.0495758, 0.0688567, 0.007,
  0.04999, 0.0683139, 0.0075,
  0.0500528, 0.0671949, 0.007,
  0.0503964, 0.0666394, 0.0075,
  0.0506389, 0.0655686, 0.007,
  0.050875, 0.0649782, 0.0075,
  0.0513249, 0.0639917, 0.007,
  0.0517633, 0.0634933, 0.0075,
  0.0522824, 0.0625521, 0.007,
  0.0525922, 0.0619757, 0.0075,
  0.0527444, 0.0609045, 0.007,
  0.0532319, 0.0603772, 0.0075,
  0.0530427, 0.0592029, 0.007,
  0.0536545, 0.0586998, 0.0075,
  0.053288, 0.0574917, 0.007,
  0.0539678, 0.0569987, 0.0075,
  0.0535497, 0.0557827, 0.007,
  0.054157, 0.055279, 0.0075,
  0.0537433, 0.054069, 0.007,
  0.0540535, 0.0535797, 0.0075,
  0.0533374, 0.0524362, 0.007,
  0.0532554, 0.0520522, 0.0075,
  0.0521715, 0.0513359, 0.007,
  0.0518559, 0.0511118, 0.0075,
  0.0509839, 0.0518328, 0.007,
  0.0514108, 0.0523925, 0.0075,
  0.0507202, 0.0535415, 0.007,
  0.0512277, 0.0541132, 0.0075,
  0.0504565, 0.0552502, 0.007,
  0.0509731, 0.0558219, 0.0075,
  0.0501463, 0.0569504, 0.007,
  0.0505894, 0.0575092, 0.0075,
  0.0497931, 0.0586429, 0.007,
  0.0502056, 0.0591965, 0.0075,
  0.04944, 0.0603354, 0.007,
  0.0498219, 0.0608838, 0.0075,
  0.0490868, 0.0620278, 0.007,
  0.0494388, 0.0625713, 0.0075,
  0.0487583, 0.0637252, 0.007,
  0.0490557, 0.0642587, 0.0075,
  0.0484344, 0.0654235, 0.007,
  0.0486569, 0.0659425, 0.0075,
  0.0481106, 0.0671219, 0.007,
  0.048256, 0.0676258, 0.0075,
  0.0476182, 0.0687786, 0.007,
  0.047855, 0.0693091, 0.0075,
  0.0471144, 0.0704324, 0.007,
  0.0474082, 0.0709804, 0.0075,
  0.04665, 0.0720968, 0.007,
  0.0469324, 0.0726441, 0.0075,
  0.0462635, 0.073782, 0.007,
  0.0464566, 0.0743078, 0.0075,
  0.045877, 0.0754672, 0.007,
  0.0460969, 0.0759914, 0.0075,
  0.0457385, 0.0771844, 0.007,
  0.0460248, 0.0777194, 0.0075,
  0.04572, 0.0789131, 0.007,
  0.0460424, 0.0794497, 0.0075,
  0.0457279, 0.0806419, 0.007,
  0.0698264, 0.0769983, 0.0075,
  0.0713129, 0.0761552, 0.0075,
  0.0709594, 0.0756243, 0.007,
  0.0725805, 0.0749809, 0.0075,
  0.0723947, 0.0747498, 0.007,
  0.0737522, 0.073759, 0.007,
  0.0741065, 0.0742017, 0.0075,
  0.0752125, 0.0729416, 0.007,
  0.0756884, 0.0735151, 0.0075,
  0.0767485, 0.0722596, 0.007,
  0.0770707, 0.0724873, 0.0075,
  0.0777528, 0.0709957, 0.007,
  0.0779425, 0.0710083, 0.0075,
  0.0784579, 0.0694721, 0.007,
  0.078639, 0.0694294, 0.0075,
  0.0780281, 0.0682641, 0.007,
  0.0785252, 0.0678342, 0.0075,
  0.0770084, 0.0676486, 0.0075,
  0.0768092, 0.0693809, 0.007,
  0.0759077, 0.0689826, 0.0075,
  0.0754372, 0.0702724, 0.007,
  0.0745723, 0.0698776, 0.0075,
  0.0738365, 0.0707824, 0.007,
  0.0728509, 0.0700154, 0.0075,
  0.0723761, 0.0715691, 0.007,
  0.071218, 0.0704369, 0.0075,
  0.0699093, 0.0715081, 0.0075,
  0.0714234, 0.072933, 0.007,
  0.0698902, 0.0736217, 0.007,
  0.0684711, 0.0724508, 0.0075,
  0.0683929, 0.0743771, 0.007,
  0.0673119, 0.0737195, 0.0075,
  0.0671697, 0.0755283, 0.007,
  0.0658975, 0.0746421, 0.0075,
  0.06639, 0.0769, 0.007,
  0.0643924, 0.0754897, 0.0075,
  0.0641197, 0.0775198, 0.007,
  0.0639527, 0.0763818, 0.007,
  0.0628176, 0.0756656, 0.0075,
  0.0623443, 0.0757477, 0.007,
  0.061249, 0.074981, 0.0075,
  0.0607035, 0.0752339, 0.007,
  0.0595469, 0.0749815, 0.0075,
  0.0591626, 0.0757164, 0.007,
  0.0580799, 0.0758257, 0.0075,
  0.0577781, 0.0765353, 0.007,
  0.0568715, 0.0770173, 0.0075,
  0.0571052, 0.0780991, 0.007,
  0.0557056, 0.0782708, 0.0075,
  0.0566263, 0.0797596, 0.007,
  0.0542701, 0.079222, 0.0075,
  0.0559584, 0.0812011, 0.007,
  0.0542562, 0.0812739, 0.007,
  0.0528301, 0.0792567, 0.0075,
  0.0525542, 0.0813972, 0.007,
  0.0508498, 0.0816831, 0.007,
  0.0504641, 0.0804857, 0.007,
  0.0506031, 0.0788236, 0.007,
  0.0534333, 0.0778323, 0.0075,
  0.0541393, 0.0763331, 0.0075,
  0.0664875, 0.0773965, 0.0075,
  0.0679744, 0.077155, 0.007,
  0.0681958, 0.0775489, 0.0075,
  0.0694868, 0.0764316, 0.007,
  0.0633233, 0.0773002, 0.0075,
  0.0635716, 0.0784034, 0.007,
  0.0649304, 0.0766852, 0.0075,
  0.0631978, 0.0785819, 0.0075
 ],
 "morphTargets": [],
 "morphColors": [],
 "normals": [],
 "colors": [],
 "uvs": [[]],