 {
  "metadata" :
  {
   "formatVersion" : 3,
   "sourceFile" : "mch002r_022d",
   "generatedBy" : "Tr3 20161112",
   "vertices" : 71,
   "faces" : 71,
   "normals" : 0,
   "colors" : 0,
   "uvs" : 0,
   "materials" : 1
  },
  "scale" : 1.0,
  "materials": [{
    "DbgColor": 0,
    "DbgIndex": 0,
    "DbgName" : "Join JB1-34-35-1:                 ",
    "colorAmbient": [0.0, 0.0, 0.0],
    "colorDiffuse": [ 1.000, 1.000, 1.000],
    "colorSpecular": [0.16, 0.16, 0.16]
    }],
  "vertices": [
  0.05194, 0.08074, 0.0175,
  0.0526291, 0.0839258, 0.0175,
  0.0517324, 0.0839121, 0.017,
  0.0538347, 0.0869568, 0.0175,
  0.0529743, 0.0870214, 0.017,
  0.051882, 0.0782053, 0.017,
  0.0522564, 0.077866, 0.0175,
  0.051708, 0.0793724, 0.017,
  0.0521223, 0.0770504, 0.017,
  0.0524886, 0.075928, 0.017,
  0.0535482, 0.0753088, 0.0175,
  0.0531926, 0.0749963, 0.017,
  0.05166, 0.08055, 0.017,
  0.05488, 0.09004, 0.0175,
  0.05456, 0.08999, 0.017,
  0.05828, 0.07195, 0.0175,
  0.0558435, 0.0735384, 0.0175,
  0.0572589, 0.0726648, 0.017,
  0.0582451, 0.0720474, 0.017,
  0.0591225, 0.0712581, 0.017,
  0.0594536, 0.0750972, 0.0175,
  0.061473, 0.0777297, 0.0175,
  0.0629046, 0.0796959, 0.0175,
  0.065262, 0.0776789, 0.0175,
  0.0638323, 0.0761038, 0.0175,
  0.0649969, 0.0735253, 0.0175,
  0.0669304, 0.0708104, 0.0175,
  0.0675084, 0.0675885, 0.0175,
  0.0643625, 0.0684518, 0.0175,
  0.06126, 0.06974, 0.0175,
  0.0598151, 0.0703146, 0.017,
  0.0590982, 0.0696889, 0.017,
  0.0579268, 0.0690161, 0.0175,
  0.0580097, 0.0692316, 0.017,
  0.0569816, 0.0687125, 0.017,
  0.05661, 0.0676, 0.017,
  0.0591104, 0.0671863, 0.0175,
  0.0597938, 0.0670656, 0.017,
  0.0625267, 0.0671754, 0.0175,
  0.0631111, 0.0668869, 0.017,
  0.0658423, 0.0663523, 0.0175,
  0.0663891, 0.0662295, 0.017,
  0.0692068, 0.0657473, 0.0175,
  0.0696942, 0.0657316, 0.017,
  0.072627, 0.06568, 0.0175,
  0.0730222, 0.0656066, 0.017,
  0.0757594, 0.0666495, 0.0175,
  0.0760369, 0.0666793, 0.017,
  0.0768868, 0.0697416, 0.017,
  0.0766303, 0.0698053, 0.0175,
  0.07574, 0.07284, 0.017,
  0.07513, 0.07284, 0.0175,
  0.0737424, 0.0755092, 0.017,
  0.0730642, 0.0753448, 0.0175,
  0.0716093, 0.0780733, 0.017,
  0.0710405, 0.0778877, 0.0175,
  0.0696253, 0.0807483, 0.017,
  0.0691143, 0.0805016, 0.0175,
  0.067436, 0.0832611, 0.017,
  0.067107, 0.0830385, 0.0175,
  0.0649634, 0.0854996, 0.017,
  0.0651801, 0.0856433, 0.0175,
  0.0631997, 0.0882145, 0.0175,
  0.0623226, 0.0875341, 0.017,
  0.06311, 0.09013, 0.0175,
  0.05984, 0.08976, 0.017,
  0.0589951, 0.090023, 0.0175,
  0.0572042, 0.0899652, 0.017,
  0.0541372, 0.0743133, 0.017,
  0.0551413, 0.0736934, 0.017,
  0.0561741, 0.073125, 0.017
 ],
 "morphTargets": [],
 "morphColors": [],
 "normals": [],
 "colors": [],
 "uvs": [[]],
  "faces": [
  2, 0, 1, 2, 0,
  2, 1, 3, 4, 0,
  2, 2, 1, 4, 0,
  2, 5, 6, 7, 0,
  2, 8, 6, 5, 0,
  2, 9, 6, 8, 0,
  2, 10, 6, 9, 0,
  2, 11, 10, 9, 0,
  2, 12, 0, 2, 0,
  2, 7, 0, 12, 0,
  2, 6, 0, 7, 0,
  2, 3, 13, 14, 0,
  2, 4, 3, 14, 0,
  2, 15, 16, 17, 0,
  2, 18, 15, 17, 0,
  2, 19, 15, 18, 0,
  2, 20, 15, 19, 0,
  2, 21, 20, 19, 0,
  2, 22, 21, 19, 0,
  2, 23, 22, 19, 0,
  2, 24, 23, 19, 0,
  2, 25, 24, 19, 0,
  2, 26, 25, 19, 0,
  2, 27, 26, 19, 0,
  2, 28, 27, 19, 0,
  2, 29, 28, 19, 0,
  2, 30, 29, 19, 0,
  2, 31, 29, 30, 0,
  2, 32, 29, 31, 0,
  2, 33, 32, 31, 0,
  2, 34, 32, 33, 0,
  2, 35, 32, 34, 0,
  2, 36, 32, 35, 0,
  2, 37, 36, 35, 0,
  2, 38, 36, 37, 0,
  2, 39, 38, 37, 0,
  2, 40, 38, 39, 0,
  2, 41, 40, 39, 0,
  2, 42, 40, 41, 0,
  2, 43, 42, 41, 0,
  2, 44, 42, 43, 0,
  2, 45, 44, 43, 0,
  2, 46, 44, 45, 0,
  2, 47, 46, 45, 0,
  2, 48, 46, 47, 0,
  2, 49, 46, 48, 0,
  2, 50, 49, 48, 0,
  2, 51, 49, 50, 0,
  2, 52, 51, 50, 0,
  2, 53, 51, 52, 0,
  2, 54, 53, 52, 0,
  2, 55, 53, 54, 0,
  2, 56, 55, 54, 0,
  2, 57, 55, 56, 0,
  2, 58, 57, 56, 0,
  2, 59, 57, 58, 0,
  2, 60, 59, 58, 0,
  2, 61, 59, 60, 0,
  2, 62, 61, 60, 0,
  2, 63, 62, 60, 0,
  2, 64, 62, 63, 0,
  2, 65, 64, 63, 0,
  2, 66, 64, 65, 0,
  2, 67, 66, 65, 0,
  2, 13, 66, 67, 0,
  2, 14, 13, 67, 0,
  2, 16, 10, 68, 0,
  2, 69, 16, 68, 0,
  2, 70, 16, 69, 0,
  2, 17, 16, 70, 0,
  2, 68, 10, 11, 0
]
 }
