 {
  "metadata" :
  {
   "formatVersion" : 3,
   "sourceFile" : "mch002r_022d",
   "generatedBy" : "Tr3 20161112",
   "vertices" : 10,
   "faces" : 9,
   "normals" : 0,
   "colors" : 0,
   "uvs" : 0,
   "materials" : 1
  },
  "scale" : 1.0,
  "materials": [{
    "DbgColor": 0,
    "DbgIndex": 0,
    "DbgName" : "Cap labvest_ant_28_tail: Vestibule",
    "colorAmbient": [0.0, 0.0, 0.0],
    "colorDiffuse": [ 0.678, 0.847, 0.902],
    "colorSpecular": [0.16, 0.16, 0.16]
    }],
  "vertices": [
  0.0642371, 0.0753087, 0.0135,
  0.06481, 0.07507, 0.0135,
  0.06445, 0.07482, 0.0135,
  0.06353, 0.075, 0.0135,
  0.06335, 0.07538, 0.0135,
  0.0637623, 0.0752373, 0.0135,
  0.06333, 0.07583, 0.0135,
  0.06355, 0.07631, 0.0135,
  0.0637446, 0.075718, 0.0135,
  0.06395, 0.07478, 0.0135
 ],
 "morphTargets": [],
 "morphColors": [],
 "normals": [],
 "colors": [],
 "uvs": [[]],
  "faces": [
  2, 0, 1, 2, 0,
  2, 3, 4, 5, 0,
  2, 6, 7, 8, 0,
  2, 4, 6, 8, 0,
  2, 4, 8, 5, 0,
  2, 0, 5, 8, 0,
  2, 5, 9, 3, 0,
  2, 5, 0, 9, 0,
  2, 0, 2, 9, 0
]
 }
