 {
  "metadata" :
  {
   "formatVersion" : 3,
   "sourceFile" : "mch002r_022d",
   "generatedBy" : "Tr3 20161112",
   "vertices" : 59,
   "faces" : 59,
   "normals" : 0,
   "colors" : 0,
   "uvs" : 0,
   "materials" : 1
  },
  "scale" : 1.0,
  "materials": [{
    "DbgColor": 0,
    "DbgIndex": 0,
    "DbgName" : "Join Jnewb34-35:                 ",
    "colorAmbient": [0.0, 0.0, 0.0],
    "colorDiffuse": [ 1.000, 1.000, 1.000],
    "colorSpecular": [0.16, 0.16, 0.16]
    }],
  "vertices": [
  0.0522564, 0.077866, 0.0175,
  0.0535482, 0.0753088, 0.0175,
  0.0524886, 0.075928, 0.017,
  0.0531926, 0.0749963, 0.017,
  0.0541372, 0.0743133, 0.017,
  0.0558435, 0.0735384, 0.0175,
  0.0551413, 0.0736934, 0.017,
  0.0561741, 0.073125, 0.017,
  0.0572589, 0.0726648, 0.017,
  0.05828, 0.07195, 0.0175,
  0.0582451, 0.0720474, 0.017,
  0.0591225, 0.0712581, 0.017,
  0.0594536, 0.0750972, 0.0175,
  0.05194, 0.08074, 0.0175,
  0.051708, 0.0793724, 0.017,
  0.05166, 0.08055, 0.017,
  0.051882, 0.0782053, 0.017,
  0.0521223, 0.0770504, 0.017,
  0.0649969, 0.0735253, 0.0175,
  0.0669304, 0.0708104, 0.0175,
  0.0675084, 0.0675885, 0.0175,
  0.0643625, 0.0684518, 0.0175,
  0.06126, 0.06974, 0.0175,
  0.0598151, 0.0703146, 0.017,
  0.0590982, 0.0696889, 0.017,
  0.0579268, 0.0690161, 0.0175,
  0.0580097, 0.0692316, 0.017,
  0.0569816, 0.0687125, 0.017,
  0.05661, 0.0676, 0.017,
  0.0591104, 0.0671863, 0.0175,
  0.0597938, 0.0670656, 0.017,
  0.0625267, 0.0671754, 0.0175,
  0.0631111, 0.0668869, 0.017,
  0.0658423, 0.0663523, 0.0175,
  0.0663891, 0.0662295, 0.017,
  0.0692068, 0.0657473, 0.0175,
  0.0696942, 0.0657316, 0.017,
  0.072627, 0.06568, 0.0175,
  0.0730222, 0.0656066, 0.017,
  0.0757594, 0.0666495, 0.0175,
  0.0760369, 0.0666793, 0.017,
  0.0768868, 0.0697416, 0.017,
  0.0766303, 0.0698053, 0.0175,
  0.07574, 0.07284, 0.017,
  0.07513, 0.07284, 0.0175,
  0.0717692, 0.0742911, 0.017,
  0.061473, 0.0777297, 0.0175,
  0.0629046, 0.0796959, 0.0175,
  0.065262, 0.0776789, 0.0175,
  0.0638323, 0.0761038, 0.0175,
  0.0637184, 0.0773707, 0.0175,
  0.0598846, 0.0786961, 0.017,
  0.063882, 0.0773353, 0.017,
  0.0598817, 0.0787888, 0.0175,
  0.0559475, 0.0799056, 0.0175,
  0.0558247, 0.0798753, 0.017,
  0.0713489, 0.0744042, 0.0175,
  0.0675237, 0.0758623, 0.0175,
  0.0678089, 0.0757691, 0.017
 ],
 "morphTargets": [],
 "morphColors": [],
 "normals": [],
 "colors": [],
 "uvs": [[]],
  "faces": [
  2, 0, 1, 2, 0,
  2, 1, 3, 2, 0,
  2, 1, 4, 3, 0,
  2, 1, 5, 4, 0,
  2, 5, 6, 4, 0,
  2, 5, 7, 6, 0,
  2, 5, 8, 7, 0,
  2, 5, 9, 8, 0,
  2, 9, 10, 8, 0,
  2, 9, 11, 10, 0,
  2, 9, 12, 11, 0,
  2, 13, 14, 15, 0,
  2, 13, 0, 14, 0,
  2, 0, 16, 14, 0,
  2, 0, 17, 16, 0,
  2, 0, 2, 17, 0,
  2, 18, 19, 11, 0,
  2, 19, 20, 11, 0,
  2, 20, 21, 11, 0,
  2, 21, 22, 11, 0,
  2, 22, 23, 11, 0,
  2, 22, 24, 23, 0,
  2, 22, 25, 24, 0,
  2, 25, 26, 24, 0,
  2, 25, 27, 26, 0,
  2, 25, 28, 27, 0,
  2, 25, 29, 28, 0,
  2, 29, 30, 28, 0,
  2, 29, 31, 30, 0,
  2, 31, 32, 30, 0,
  2, 31, 33, 32, 0,
  2, 33, 34, 32, 0,
  2, 33, 35, 34, 0,
  2, 35, 36, 34, 0,
  2, 35, 37, 36, 0,
  2, 37, 38, 36, 0,
  2, 37, 39, 38, 0,
  2, 39, 40, 38, 0,
  2, 39, 41, 40, 0,
  2, 39, 42, 41, 0,
  2, 42, 43, 41, 0,
  2, 42, 44, 43, 0,
  2, 44, 45, 43, 0,
  2, 12, 46, 11, 0,
  2, 46, 47, 11, 0,
  2, 47, 48, 11, 0,
  2, 48, 49, 11, 0,
  2, 49, 18, 11, 0,
  2, 50, 51, 52, 0,
  2, 50, 53, 51, 0,
  2, 53, 54, 51, 0,
  2, 54, 55, 51, 0,
  2, 54, 13, 55, 0,
  2, 13, 15, 55, 0,
  2, 56, 57, 58, 0,
  2, 57, 52, 58, 0,
  2, 57, 50, 52, 0,
  2, 56, 58, 45, 0,
  2, 44, 56, 45, 0
]
 }
