 {
  "metadata" :
  {
   "formatVersion" : 3,
   "sourceFile" : "mch002r_022d",
   "generatedBy" : "Tr3 20161112",
   "vertices" : 57,
   "faces" : 57,
   "normals" : 0,
   "colors" : 0,
   "uvs" : 0,
   "materials" : 1
  },
  "scale" : 1.0,
  "materials": [{
    "DbgColor": 0,
    "DbgIndex": 0,
    "DbgName" : "Join JB1-11-33-1:                 ",
    "colorAmbient": [0.0, 0.0, 0.0],
    "colorDiffuse": [ 1.000, 1.000, 1.000],
    "colorSpecular": [0.16, 0.16, 0.16]
    }],
  "vertices": [
  0.0513275, 0.0809832, 0.0165,
  0.0515166, 0.0841471, 0.0165,
  0.0504729, 0.081249, 0.016,
  0.0516501, 0.0778432, 0.0165,
  0.0504044, 0.0767336, 0.016,
  0.0527956, 0.0749283, 0.0165,
  0.0530173, 0.0731282, 0.016,
  0.0552752, 0.0729595, 0.0165,
  0.0544745, 0.0690268, 0.016,
  0.0560759, 0.0702016, 0.0165,
  0.05549, 0.06709, 0.0165,
  0.0538269, 0.0645472, 0.016,
  0.0553472, 0.064001, 0.0165,
  0.054855, 0.06012, 0.016,
  0.0558832, 0.0608605, 0.0165,
  0.0563908, 0.0577229, 0.0165,
  0.0567535, 0.0560565, 0.016,
  0.0566494, 0.0545437, 0.0165,
  0.05666, 0.05157, 0.016,
  0.05615, 0.05142, 0.0165,
  0.05881, 0.05152, 0.0165,
  0.05916, 0.05166, 0.016,
  0.0590195, 0.0549433, 0.0165,
  0.059172, 0.0562051, 0.016,
  0.0595451, 0.058299, 0.0165,
  0.0590246, 0.0607731, 0.016,
  0.0611387, 0.0613391, 0.0165,
  0.0603252, 0.0650405, 0.016,
  0.0636978, 0.0635378, 0.0165,
  0.0644968, 0.0664158, 0.016,
  0.0669323, 0.064626, 0.0165,
  0.0690408, 0.0660089, 0.016,
  0.07017, 0.06578, 0.0165,
  0.0736076, 0.066024, 0.016,
  0.0736461, 0.0658046, 0.0165,
  0.0766667, 0.0672384, 0.0165,
  0.0776703, 0.0678298, 0.016,
  0.0775092, 0.0704398, 0.0165,
  0.0771816, 0.0721105, 0.016,
  0.0759176, 0.073527, 0.0165,
  0.0746859, 0.0759266, 0.016,
  0.073936, 0.0763825, 0.0165,
  0.0721685, 0.079743, 0.016,
  0.0717592, 0.0790975, 0.0165,
  0.0695014, 0.0817433, 0.0165,
  0.0687057, 0.0826427, 0.016,
  0.0668321, 0.0839256, 0.0165,
  0.0647237, 0.0848531, 0.016,
  0.0637958, 0.0856157, 0.0165,
  0.0606103, 0.0867752, 0.016,
  0.0606905, 0.0871845, 0.0165,
  0.05858, 0.08995, 0.0165,
  0.05746, 0.09004, 0.016,
  0.054, 0.0899, 0.0165,
  0.05269, 0.08999, 0.016,
  0.052506, 0.0871045, 0.0165,
  0.0511811, 0.0857193, 0.016
 ],
 "morphTargets": [],
 "morphColors": [],
 "normals": [],
 "colors": [],
 "uvs": [[]],
  "faces": [
  2, 0, 1, 2, 0,
  2, 3, 0, 2, 0,
  2, 4, 3, 2, 0,
  2, 5, 3, 4, 0,
  2, 6, 5, 4, 0,
  2, 7, 5, 6, 0,
  2, 8, 7, 6, 0,
  2, 9, 7, 8, 0,
  2, 10, 9, 8, 0,
  2, 11, 10, 8, 0,
  2, 12, 10, 11, 0,
  2, 13, 12, 11, 0,
  2, 14, 12, 13, 0,
  2, 15, 14, 13, 0,
  2, 16, 15, 13, 0,
  2, 17, 15, 16, 0,
  2, 18, 17, 16, 0,
  2, 19, 17, 18, 0,
  2, 20, 19, 18, 0,
  2, 21, 20, 18, 0,
  2, 22, 20, 21, 0,
  2, 23, 22, 21, 0,
  2, 24, 22, 23, 0,
  2, 25, 24, 23, 0,
  2, 26, 24, 25, 0,
  2, 27, 26, 25, 0,
  2, 28, 26, 27, 0,
  2, 29, 28, 27, 0,
  2, 30, 28, 29, 0,
  2, 31, 30, 29, 0,
  2, 32, 30, 31, 0,
  2, 33, 32, 31, 0,
  2, 34, 32, 33, 0,
  2, 35, 34, 33, 0,
  2, 36, 35, 33, 0,
  2, 37, 35, 36, 0,
  2, 38, 37, 36, 0,
  2, 39, 37, 38, 0,
  2, 40, 39, 38, 0,
  2, 41, 39, 40, 0,
  2, 42, 41, 40, 0,
  2, 43, 41, 42, 0,
  2, 44, 43, 42, 0,
  2, 45, 44, 42, 0,
  2, 46, 44, 45, 0,
  2, 47, 46, 45, 0,
  2, 48, 46, 47, 0,
  2, 49, 48, 47, 0,
  2, 50, 48, 49, 0,
  2, 51, 50, 49, 0,
  2, 52, 51, 49, 0,
  2, 53, 51, 52, 0,
  2, 54, 53, 52, 0,
  2, 55, 53, 54, 0,
  2, 56, 55, 54, 0,
  2, 1, 55, 56, 0,
  2, 2, 1, 56, 0
]
 }
