 {
  "metadata" :
  {
   "formatVersion" : 3,
   "sourceFile" : "mch002r_022d",
   "generatedBy" : "Tr3 20161112",
   "vertices" : 12,
   "faces" : 13,
   "normals" : 0,
   "colors" : 0,
   "uvs" : 0,
   "materials" : 1
  },
  "scale" : 1.0,
  "materials": [{
    "DbgColor": 0,
    "DbgIndex": 0,
    "DbgName" : "Cap labcoc_21_head: Cochlea",
    "colorAmbient": [0.0, 0.0, 0.0],
    "colorDiffuse": [ 0.565, 0.933, 0.565],
    "colorSpecular": [0.16, 0.16, 0.16]
    }],
  "vertices": [
  0.06816, 0.07242, 0.0105,
  0.06844, 0.07199, 0.0105,
  0.0687625, 0.0722698, 0.0105,
  0.06891, 0.07162, 0.0105,
  0.0692447, 0.0721479, 0.0105,
  0.0696108, 0.0717798, 0.0105,
  0.06956, 0.07125, 0.0105,
  0.06919, 0.07265, 0.0105,
  0.06863, 0.07279, 0.0105,
  0.07008, 0.07134, 0.0105,
  0.07012, 0.0719, 0.0105,
  0.06975, 0.07242, 0.0105
 ],
 "morphTargets": [],
 "morphColors": [],
 "normals": [],
 "colors": [],
 "uvs": [[]],
  "faces": [
  2, 0, 1, 2, 0,
  2, 1, 3, 2, 0,
  2, 3, 4, 2, 0,
  2, 3, 5, 4, 0,
  2, 6, 5, 3, 0,
  2, 7, 2, 4, 0,
  2, 7, 8, 2, 0,
  2, 8, 0, 2, 0,
  2, 6, 9, 5, 0,
  2, 9, 10, 5, 0,
  2, 10, 11, 5, 0,
  2, 11, 4, 5, 0,
  2, 11, 7, 4, 0
]
 }
