 {
  "metadata" :
  {
   "formatVersion" : 3,
   "sourceFile" : "mch002r_022d",
   "generatedBy" : "Tr3 20161112",
   "vertices" : 22,
   "faces" : 20,
   "normals" : 0,
   "colors" : 0,
   "uvs" : 0,
   "materials" : 1
  },
  "scale" : 1.0,
  "materials": [{
    "DbgColor": 0,
    "DbgIndex": 0,
    "DbgName" : "Join skin_ext_ant_24: Skin",
    "colorAmbient": [0.0, 0.0, 0.0],
    "colorDiffuse": [ 1.000, 0.753, 0.796],
    "colorSpecular": [0.16, 0.16, 0.16]
    }],
  "vertices": [
  0.0442618, 0.0370493, 0.012,
  0.0434923, 0.0385889, 0.012,
  0.044195, 0.0370349, 0.0115,
  0.0433739, 0.0385532, 0.0115,
  0.0427719, 0.0401526, 0.012,
  0.0421218, 0.0417471, 0.012,
  0.0426538, 0.0401218, 0.0115,
  0.0419336, 0.0416904, 0.0115,
  0.0414994, 0.0433518, 0.012,
  0.0413706, 0.0433219, 0.0115,
  0.0409446, 0.0449819, 0.012,
  0.0408434, 0.0449646, 0.0115,
  0.04586, 0.034, 0.012,
  0.0450523, 0.03552, 0.012,
  0.04584, 0.034, 0.0115,
  0.0450173, 0.0355174, 0.0115,
  0.0404719, 0.0466357, 0.012,
  0.0400063, 0.0483133, 0.0115,
  0.0404, 0.0466327, 0.0115,
  0.0400741, 0.0483109, 0.012,
  0.03974, 0.05, 0.012,
  0.03964, 0.05, 0.0115
 ],
 "morphTargets": [],
 "morphColors": [],
 "normals": [],
 "colors": [],
 "uvs": [[]],
  "faces": [
  2, 0, 1, 2, 0,
  2, 1, 3, 2, 0,
  2, 4, 5, 6, 0,
  2, 5, 7, 6, 0,
  2, 5, 8, 7, 0,
  2, 8, 9, 7, 0,
  2, 8, 10, 9, 0,
  2, 10, 11, 9, 0,
  2, 1, 4, 3, 0,
  2, 4, 6, 3, 0,
  2, 12, 13, 14, 0,
  2, 13, 15, 14, 0,
  2, 13, 0, 15, 0,
  2, 0, 2, 15, 0,
  2, 16, 17, 18, 0,
  2, 16, 19, 17, 0,
  2, 10, 16, 11, 0,
  2, 16, 18, 11, 0,
  2, 19, 20, 17, 0,
  2, 20, 21, 17, 0
]
 }
