 {
  "metadata" :
  {
   "formatVersion" : 3,
   "sourceFile" : "mch002r_022d",
   "generatedBy" : "Tr3 20161112",
   "vertices" : 12,
   "faces" : 10,
   "normals" : 0,
   "colors" : 0,
   "uvs" : 0,
   "materials" : 1
  },
  "scale" : 1.0,
  "materials": [{
    "DbgColor": 0,
    "DbgIndex": 0,
    "DbgName" : "Join mal_32: Malleus",
    "colorAmbient": [0.0, 0.0, 0.0],
    "colorDiffuse": [ 1.000, 0.784, 0.588],
    "colorSpecular": [0.16, 0.16, 0.16]
    }],
  "vertices": [
  0.0593417, 0.0718394, 0.016,
  0.0610039, 0.0718891, 0.016,
  0.06014, 0.07225, 0.0155,
  0.06103, 0.07073, 0.0155,
  0.0607886, 0.0715972, 0.0155,
  0.06141, 0.07059, 0.016,
  0.0594281, 0.070587, 0.016,
  0.0585584, 0.0711769, 0.0155,
  0.0593274, 0.0702281, 0.0155,
  0.06109, 0.07021, 0.016,
  0.06068, 0.07041, 0.0155,
  0.05938, 0.07223, 0.0155
 ],
 "morphTargets": [],
 "morphColors": [],
 "normals": [],
 "colors": [],
 "uvs": [[]],
  "faces": [
  2, 0, 1, 2, 0,
  2, 1, 3, 4, 0,
  2, 1, 5, 3, 0,
  2, 6, 7, 8, 0,
  2, 1, 4, 2, 0,
  2, 9, 6, 10, 0,
  2, 6, 8, 10, 0,
  2, 0, 11, 7, 0,
  2, 6, 0, 7, 0,
  2, 0, 2, 11, 0
]
 }
