 {
  "metadata" :
  {
   "formatVersion" : 3,
   "sourceFile" : "mch002r_022d",
   "generatedBy" : "Tr3 20161112",
   "vertices" : 12,
   "faces" : 12,
   "normals" : 0,
   "colors" : 0,
   "uvs" : 0,
   "materials" : 1
  },
  "scale" : 1.0,
  "materials": [{
    "DbgColor": 0,
    "DbgIndex": 0,
    "DbgName" : "1_40: (no description)",
    "colorAmbient": [0.0, 0.0, 0.0],
    "colorDiffuse": [ 1.000, 1.000, 1.000],
    "colorSpecular": [0.16, 0.16, 0.16]
    }],
  "vertices": [
  0.04114, 0.0511, 0.0205,
  0.0396566, 0.0577286, 0.02,
  0.0407, 0.051, 0.02,
  0.0396804, 0.0577329, 0.0205,
  0.0401879, 0.0644872, 0.02,
  0.0401959, 0.0644963, 0.0205,
  0.04232, 0.07008, 0.0205,
  0.04236, 0.0701, 0.02,
  0.04119, 0.05105, 0.021,
  0.0397654, 0.0578198, 0.021,
  0.0398112, 0.0647245, 0.021,
  0.04293, 0.06987, 0.021
 ],
 "morphTargets": [],
 "morphColors": [],
 "normals": [],
 "colors": [],
 "uvs": [[]],
  "faces": [
  2, 0, 1, 2, 0,
  2, 0, 3, 1, 0,
  2, 3, 4, 1, 0,
  2, 3, 5, 4, 0,
  2, 5, 6, 4, 0,
  2, 6, 7, 4, 0,
  2, 8, 3, 0, 0,
  2, 8, 9, 3, 0,
  2, 9, 5, 3, 0,
  2, 9, 10, 5, 0,
  2, 10, 6, 5, 0,
  2, 10, 11, 6, 0
]
 }
