 {
  "metadata" :
  {
   "formatVersion" : 3,
   "sourceFile" : "mch002r_022d",
   "generatedBy" : "Tr3 20161112",
   "vertices" : 158,
   "faces" : 270,
   "normals" : 0,
   "colors" : 0,
   "uvs" : 0,
   "materials" : 1
  },
  "scale" : 1.0,
  "materials": [{
    "DbgColor": 0,
    "DbgIndex": 0,
    "DbgName" : "labiac_23: Internal auditory canal",
    "colorAmbient": [0.0, 0.0, 0.0],
    "colorDiffuse": [ 1.000, 0.753, 0.753],
    "colorSpecular": [0.16, 0.16, 0.16]
    }],
  "vertices": [
  0.07044, 0.07762, 0.012,
  0.06996, 0.07804, 0.0115,
  0.07029, 0.0783, 0.0115,
  0.07011, 0.07762, 0.012,
  0.06947, 0.07789, 0.0115,
  0.06921, 0.07762, 0.012,
  0.06887, 0.07777, 0.0115,
  0.06839, 0.07762, 0.012,
  0.06839, 0.07744, 0.0115,
  0.06794, 0.07744, 0.012,
  0.06779, 0.07695, 0.012,
  0.06745, 0.07669, 0.0115,
  0.0676, 0.07639, 0.012,
  0.06715, 0.07602, 0.012,
  0.06667, 0.0762, 0.0115,
  0.06674, 0.07557, 0.012,
  0.06588, 0.07545, 0.0115,
  0.06637, 0.07512, 0.012,
  0.06588, 0.07482, 0.0115,
  0.0661, 0.07463, 0.012,
  0.0661, 0.07433, 0.0115,
  0.06637, 0.07437, 0.012,
  0.06667, 0.0743, 0.0115,
  0.06689, 0.07459, 0.012,
  0.06749, 0.07444, 0.0115,
  0.06764, 0.07489, 0.012,
  0.06831, 0.07478, 0.0115,
  0.06839, 0.07489, 0.012,
  0.06891, 0.07467, 0.012,
  0.06917, 0.07478, 0.0115,
  0.06921, 0.0743, 0.012,
  0.06984, 0.07467, 0.0115,
  0.06947, 0.07407, 0.012,
  0.06996, 0.07392, 0.012,
  0.07029, 0.07407, 0.012,
  0.0707, 0.07452, 0.0115,
  0.07093, 0.07452, 0.012,
  0.0713, 0.07474, 0.0115,
  0.07123, 0.07489, 0.012,
  0.07175, 0.0753, 0.012,
  0.07205, 0.0753, 0.0115,
  0.07257, 0.07575, 0.012,
  0.07287, 0.07605, 0.0115,
  0.07257, 0.07635, 0.012,
  0.07291, 0.07676, 0.0115,
  0.07235, 0.07706, 0.012,
  0.07284, 0.07714, 0.0115,
  0.07198, 0.07755, 0.0115,
  0.07205, 0.07736, 0.012,
  0.07168, 0.07751, 0.012,
  0.07153, 0.07785, 0.0115,
  0.07115, 0.07755, 0.012,
  0.07093, 0.07815, 0.0115,
  0.07029, 0.07751, 0.0125,
  0.06981, 0.07759, 0.0125,
  0.06921, 0.07762, 0.0125,
  0.06857, 0.07762, 0.0125,
  0.06801, 0.07755, 0.0125,
  0.06771, 0.07706, 0.0125,
  0.06745, 0.0765, 0.0125,
  0.06726, 0.07598, 0.0125,
  0.06719, 0.07545, 0.0125,
  0.06726, 0.07516, 0.0125,
  0.06749, 0.07501, 0.0125,
  0.0679, 0.07501, 0.0125,
  0.06839, 0.07489, 0.0125,
  0.06876, 0.07459, 0.0125,
  0.06891, 0.07407, 0.0125,
  0.06917, 0.07385, 0.0125,
  0.06951, 0.0737, 0.0125,
  0.06984, 0.0737, 0.0125,
  0.07022, 0.0737, 0.0125,
  0.07029, 0.07407, 0.0125,
  0.07056, 0.07444, 0.0125,
  0.07097, 0.07463, 0.0125,
  0.0713, 0.07489, 0.0125,
  0.07168, 0.07523, 0.0125,
  0.07186, 0.07572, 0.0125,
  0.0719, 0.07624, 0.0125,
  0.07175, 0.07676, 0.0125,
  0.07153, 0.0771, 0.0125,
  0.071, 0.07736, 0.0125,
  0.06984, 0.07695, 0.013,
  0.06951, 0.07736, 0.013,
  0.0691, 0.07744, 0.013,
  0.06831, 0.07736, 0.013,
  0.06779, 0.07706, 0.013,
  0.06741, 0.07639, 0.013,
  0.06726, 0.0759, 0.013,
  0.06726, 0.0753, 0.013,
  0.06764, 0.07497, 0.013,
  0.0682, 0.07474, 0.013,
  0.06865, 0.07444, 0.013,
  0.0688, 0.07403, 0.013,
  0.06903, 0.07368, 0.013,
  0.06947, 0.07355, 0.013,
  0.07, 0.07355, 0.013,
  0.07029, 0.07362, 0.013,
  0.07052, 0.07403, 0.013,
  0.07085, 0.07459, 0.013,
  0.07123, 0.07501, 0.013,
  0.07123, 0.07545, 0.013,
  0.07093, 0.07583, 0.013,
  0.07063, 0.07605, 0.013,
  0.07037, 0.07635, 0.013,
  0.0694, 0.0765, 0.0135,
  0.06906, 0.07676, 0.0135,
  0.06887, 0.07729, 0.0135,
  0.0685, 0.07751, 0.0135,
  0.06816, 0.07736, 0.0135,
  0.06786, 0.07699, 0.0135,
  0.06794, 0.07654, 0.0135,
  0.06749, 0.07624, 0.0135,
  0.06719, 0.07583, 0.0135,
  0.06719, 0.07553, 0.0135,
  0.06726, 0.07516, 0.0135,
  0.06741, 0.07501, 0.0135,
  0.06779, 0.07489, 0.0135,
  0.0682, 0.07474, 0.0135,
  0.0685, 0.07444, 0.0135,
  0.06865, 0.07407, 0.0135,
  0.06888, 0.07383, 0.0135,
  0.06902, 0.07351, 0.0135,
  0.06936, 0.0734, 0.0135,
  0.06977, 0.07336, 0.0135,
  0.07006, 0.07343, 0.0135,
  0.07034, 0.07355, 0.0135,
  0.0707, 0.07373, 0.0135,
  0.07063, 0.07407, 0.0135,
  0.07063, 0.07463, 0.0135,
  0.07078, 0.07489, 0.0135,
  0.07085, 0.07508, 0.0135,
  0.07093, 0.07545, 0.0135,
  0.07093, 0.07587, 0.0135,
  0.07067, 0.07613, 0.0135,
  0.07011, 0.07624, 0.0135,
  0.06903, 0.07661, 0.014,
  0.06847, 0.07667, 0.014,
  0.06807, 0.07661, 0.014,
  0.06763, 0.07633, 0.014,
  0.06738, 0.07595, 0.014,
  0.06716, 0.07542, 0.014,
  0.06738, 0.07517, 0.014,
  0.06776, 0.07505, 0.014,
  0.06816, 0.07486, 0.014,
  0.06841, 0.07455, 0.014,
  0.06866, 0.07415, 0.014,
  0.06928, 0.07354, 0.014,
  0.0698, 0.07344, 0.014,
  0.07031, 0.07363, 0.014,
  0.07059, 0.07391, 0.014,
  0.07056, 0.07443, 0.014,
  0.07059, 0.07471, 0.014,
  0.07059, 0.07524, 0.014,
  0.07047, 0.07564, 0.014,
  0.07009, 0.07583, 0.014,
  0.06975, 0.07608, 0.014,
  0.06947, 0.07626, 0.014
 ],
 "morphTargets": [],
 "morphColors": [],
 "normals": [],
 "colors": [],
 "uvs": [[]],