 {
  "metadata" :
  {
   "formatVersion" : 3,
   "sourceFile" : "mch002r_022d",
   "generatedBy" : "Tr3 20161112",
   "vertices" : 19,
   "faces" : 23,
   "normals" : 0,
   "colors" : 0,
   "uvs" : 0,
   "materials" : 1
  },
  "scale" : 1.0,
  "materials": [{
    "DbgColor": 0,
    "DbgIndex": 0,
    "DbgName" : "os_occcond_ext_a_42: Occipital bone (condylar part)",
    "colorAmbient": [0.0, 0.0, 0.0],
    "colorDiffuse": [ 1.000, 0.784, 0.588],
    "colorSpecular": [0.16, 0.16, 0.16]
    }],
  "vertices": [
  0.06268, 0.09, 0.0215,
  0.0623119, 0.0911711, 0.0215,
  0.06234, 0.09, 0.021,
  0.0616754, 0.0914014, 0.021,
  0.0623131, 0.0923959, 0.0215,
  0.0614, 0.09297, 0.021,
  0.06236, 0.09363, 0.0215,
  0.06302, 0.09, 0.022,
  0.0631464, 0.091374, 0.022,
  0.06354, 0.09269, 0.022,
  0.06698, 0.09, 0.0225,
  0.0680519, 0.0908516, 0.0225,
  0.0691539, 0.0916629, 0.0225,
  0.0702638, 0.0924638, 0.0225,
  0.07134, 0.09331, 0.0225,
  0.07379, 0.09, 0.023,
  0.0743529, 0.0911629, 0.023,
  0.0747147, 0.0923933, 0.023,
  0.0748, 0.09368, 0.023
 ],
 "morphTargets": [],
 "morphColors": [],
 "normals": [],
 "colors": [],
 "uvs": [[]],
  "faces": [
  2, 0, 1, 2, 0,
  2, 1, 3, 2, 0,
  2, 1, 4, 3, 0,
  2, 4, 5, 3, 0,
  2, 4, 6, 5, 0,
  2, 7, 1, 0, 0,
  2, 7, 8, 1, 0,
  2, 8, 4, 1, 0,
  2, 8, 9, 4, 0,
  2, 9, 6, 4, 0,
  2, 10, 8, 7, 0,
  2, 10, 9, 8, 0,
  2, 10, 11, 9, 0,
  2, 11, 12, 9, 0,
  2, 12, 13, 9, 0,
  2, 13, 14, 9, 0,
  2, 15, 11, 10, 0,
  2, 15, 12, 11, 0,
  2, 15, 13, 12, 0,
  2, 15, 14, 13, 0,
  2, 15, 16, 14, 0,
  2, 16, 17, 14, 0,
  2, 17, 18, 14, 0
]
 }
