 {
  "metadata" :
  {
   "formatVersion" : 3,
   "sourceFile" : "mch002r_022d",
   "generatedBy" : "Tr3 20161112",
   "vertices" : 23,
   "faces" : 23,
   "normals" : 0,
   "colors" : 0,
   "uvs" : 0,
   "materials" : 1
  },
  "scale" : 1.0,
  "materials": [{
    "DbgColor": 0,
    "DbgIndex": 0,
    "DbgName" : "mal_33: Malleus",
    "colorAmbient": [0.0, 0.0, 0.0],
    "colorDiffuse": [ 1.000, 0.784, 0.588],
    "colorSpecular": [0.16, 0.16, 0.16]
    }],
  "vertices": [
  0.06033, 0.0702, 0.017,
  0.0603022, 0.0703659, 0.0165,
  0.06096, 0.07034, 0.0165,
  0.0597742, 0.0707212, 0.0165,
  0.0598233, 0.0706325, 0.017,
  0.0598876, 0.0712785, 0.017,
  0.0595759, 0.0713437, 0.0165,
  0.0603669, 0.0717655, 0.017,
  0.0598366, 0.0719208, 0.0165,
  0.0604578, 0.0721235, 0.0165,
  0.0609891, 0.0720528, 0.017,
  0.0611186, 0.07216, 0.0165,
  0.0616166, 0.0723346, 0.017,
  0.0617624, 0.0720857, 0.0165,
  0.0622306, 0.0726415, 0.017,
  0.0627529, 0.0724306, 0.017,
  0.0624608, 0.0718273, 0.017,
  0.0622351, 0.0716588, 0.0165,
  0.0620616, 0.0710441, 0.0165,
  0.0620313, 0.0712904, 0.017,
  0.0615627, 0.070614, 0.0165,
  0.0615295, 0.0708218, 0.017,
  0.0609666, 0.0704275, 0.017
 ],
 "morphTargets": [],
 "morphColors": [],
 "normals": [],
 "colors": [],
 "uvs": [[]],
  "faces": [
  2, 0, 1, 2, 0,
  2, 0, 3, 1, 0,
  2, 0, 4, 3, 0,
  2, 4, 5, 3, 0,
  2, 5, 6, 3, 0,
  2, 5, 7, 6, 0,
  2, 7, 8, 6, 0,
  2, 7, 9, 8, 0,
  2, 7, 10, 9, 0,
  2, 10, 11, 9, 0,
  2, 10, 12, 11, 0,
  2, 12, 13, 11, 0,
  2, 12, 14, 13, 0,
  2, 14, 15, 13, 0,
  2, 15, 16, 13, 0,
  2, 16, 17, 13, 0,
  2, 16, 18, 17, 0,
  2, 16, 19, 18, 0,
  2, 19, 20, 18, 0,
  2, 19, 21, 20, 0,
  2, 21, 2, 20, 0,
  2, 21, 22, 2, 0,
  2, 22, 0, 2, 0
]
 }
