 {
  "metadata" :
  {
   "formatVersion" : 3,
   "sourceFile" : "mch002r_022d",
   "generatedBy" : "Tr3 20161112",
   "vertices" : 30,
   "faces" : 30,
   "normals" : 0,
   "colors" : 0,
   "uvs" : 0,
   "materials" : 1
  },
  "scale" : 1.0,
  "materials": [{
    "DbgColor": 0,
    "DbgIndex": 0,
    "DbgName" : "Join labvest_23: Semicircular canals",
    "colorAmbient": [0.0, 0.0, 0.0],
    "colorDiffuse": [ 1.000, 0.667, 1.000],
    "colorSpecular": [0.16, 0.16, 0.16]
    }],
  "vertices": [
  0.06213, 0.07471, 0.0115,
  0.0625, 0.07419, 0.011,
  0.06185, 0.07424, 0.011,
  0.06264, 0.07424, 0.0115,
  0.06321, 0.07438, 0.011,
  0.06321, 0.07419, 0.0115,
  0.06395, 0.07433, 0.0115,
  0.06363, 0.07494, 0.011,
  0.06452, 0.07452, 0.0115,
  0.06381, 0.0755, 0.011,
  0.06489, 0.07494, 0.0115,
  0.06204, 0.07597, 0.0115,
  0.06185, 0.07559, 0.0115,
  0.06204, 0.07588, 0.011,
  0.06162, 0.0755, 0.011,
  0.06162, 0.0748, 0.011,
  0.06185, 0.07494, 0.0115,
  0.06367, 0.07751, 0.0115,
  0.06344, 0.07723, 0.0115,
  0.06352, 0.07639, 0.011,
  0.06325, 0.07644, 0.011,
  0.06293, 0.07681, 0.0115,
  0.06283, 0.07644, 0.011,
  0.06246, 0.07634, 0.0115,
  0.06236, 0.07616, 0.011,
  0.06442, 0.07761, 0.0115,
  0.06503, 0.07648, 0.0115,
  0.0647, 0.07704, 0.0115,
  0.06367, 0.07606, 0.011,
  0.06508, 0.07578, 0.0115
 ],
 "morphTargets": [],
 "morphColors": [],
 "normals": [],
 "colors": [],
 "uvs": [[]],
  "faces": [
  2, 0, 1, 2, 0,
  2, 3, 4, 1, 0,
  2, 3, 5, 4, 0,
  2, 5, 6, 4, 0,
  2, 6, 7, 4, 0,
  2, 6, 8, 7, 0,
  2, 8, 9, 7, 0,
  2, 8, 10, 9, 0,
  2, 0, 3, 1, 0,
  2, 11, 12, 13, 0,
  2, 12, 14, 13, 0,
  2, 12, 15, 14, 0,
  2, 12, 16, 15, 0,
  2, 16, 0, 15, 0,
  2, 0, 2, 15, 0,
  2, 17, 18, 19, 0,
  2, 18, 20, 19, 0,
  2, 18, 21, 20, 0,
  2, 21, 22, 20, 0,
  2, 21, 23, 22, 0,
  2, 23, 24, 22, 0,
  2, 23, 11, 24, 0,
  2, 11, 13, 24, 0,
  2, 25, 17, 19, 0,
  2, 26, 27, 28, 0,
  2, 10, 29, 9, 0,
  2, 29, 28, 9, 0,
  2, 29, 26, 28, 0,
  2, 27, 25, 19, 0,
  2, 27, 19, 28, 0
]
 }
