 {
  "metadata" :
  {
   "formatVersion" : 3,
   "sourceFile" : "mch002r_022d",
   "generatedBy" : "Tr3 20161112",
   "vertices" : 12,
   "faces" : 12,
   "normals" : 0,
   "colors" : 0,
   "uvs" : 0,
   "materials" : 1
  },
  "scale" : 1.0,
  "materials": [{
    "DbgColor": 0,
    "DbgIndex": 0,
    "DbgName" : "os_temp_cut_29: Temporal bone",
    "colorAmbient": [0.0, 0.0, 0.0],
    "colorDiffuse": [ 1.000, 0.784, 0.588],
    "colorSpecular": [0.16, 0.16, 0.16]
    }],
  "vertices": [
  0.05238, 0.09, 0.015,
  0.0535967, 0.09, 0.015,
  0.05202, 0.09, 0.0145,
  0.0548133, 0.09, 0.015,
  0.05603, 0.09, 0.015,
  0.0532133, 0.09, 0.0145,
  0.0544067, 0.09, 0.0145,
  0.0556, 0.09, 0.0145,
  0.05295, 0.09, 0.0155,
  0.0541667, 0.09, 0.0155,
  0.0553833, 0.09, 0.0155,
  0.0566, 0.09, 0.0155
 ],
 "morphTargets": [],
 "morphColors": [],
 "normals": [],
 "colors": [],
 "uvs": [[]],
  "faces": [
  2, 0, 1, 2, 0,
  2, 1, 3, 2, 0,
  2, 3, 4, 2, 0,
  2, 4, 5, 2, 0,
  2, 4, 6, 5, 0,
  2, 4, 7, 6, 0,
  2, 8, 9, 0, 0,
  2, 9, 1, 0, 0,
  2, 9, 10, 1, 0,
  2, 10, 3, 1, 0,
  2, 10, 11, 3, 0,
  2, 11, 4, 3, 0
]
 }
