 {
  "metadata" :
  {
   "formatVersion" : 3,
   "sourceFile" : "mch002r_022d",
   "generatedBy" : "Tr3 20161112",
   "vertices" : 19,
   "faces" : 19,
   "normals" : 0,
   "colors" : 0,
   "uvs" : 0,
   "materials" : 1
  },
  "scale" : 1.0,
  "materials": [{
    "DbgColor": 0,
    "DbgIndex": 0,
    "DbgName" : "Join ec_anttip2_35: Ear canal",
    "colorAmbient": [0.0, 0.0, 0.0],
    "colorDiffuse": [ 0.824, 0.706, 0.549],
    "colorSpecular": [0.16, 0.16, 0.16]
    }],
  "vertices": [
  0.05417, 0.07004, 0.0175,
  0.0563403, 0.07044, 0.0175,
  0.0530751, 0.0706918, 0.017,
  0.04721, 0.06872, 0.0175,
  0.0493525, 0.0680408, 0.0175,
  0.05012, 0.06935, 0.017,
  0.05151, 0.06857, 0.0175,
  0.0513246, 0.0690048, 0.017,
  0.0523644, 0.0696644, 0.017,
  0.0528116, 0.0693568, 0.0175,
  0.05, 0.07126, 0.0175,
  0.0487478, 0.0704551, 0.0175,
  0.050139, 0.0704742, 0.017,
  0.04746, 0.06972, 0.0175,
  0.05322, 0.07279, 0.0175,
  0.0515475, 0.0721723, 0.0175,
  0.0523604, 0.0715483, 0.017,
  0.0511308, 0.0712455, 0.017,
  0.0556884, 0.0726077, 0.0175
 ],
 "morphTargets": [],
 "morphColors": [],
 "normals": [],
 "colors": [],
 "uvs": [[]],
  "faces": [
  2, 0, 1, 2, 0,
  2, 3, 4, 5, 0,
  2, 4, 6, 5, 0,
  2, 6, 7, 5, 0,
  2, 6, 8, 7, 0,
  2, 6, 9, 8, 0,
  2, 9, 2, 8, 0,
  2, 9, 0, 2, 0,
  2, 10, 11, 12, 0,
  2, 11, 5, 12, 0,
  2, 11, 13, 5, 0,
  2, 13, 3, 5, 0,
  2, 14, 15, 16, 0,
  2, 15, 17, 16, 0,
  2, 15, 10, 17, 0,
  2, 10, 12, 17, 0,
  2, 18, 14, 2, 0,
  2, 1, 18, 2, 0,
  2, 14, 16, 2, 0
]
 }
