 {
  "metadata" :
  {
   "formatVersion" : 3,
   "sourceFile" : "mch002r_022d",
   "generatedBy" : "Tr3 20161112",
   "vertices" : 12,
   "faces" : 12,
   "normals" : 0,
   "colors" : 0,
   "uvs" : 0,
   "materials" : 1
  },
  "scale" : 1.0,
  "materials": [{
    "DbgColor": 0,
    "DbgIndex": 0,
    "DbgName" : "6_40: (no description)",
    "colorAmbient": [0.0, 0.0, 0.0],
    "colorDiffuse": [ 1.000, 1.000, 1.000],
    "colorSpecular": [0.16, 0.16, 0.16]
    }],
  "vertices": [
  0.04705, 0.07179, 0.0205,
  0.0466657, 0.0773468, 0.0205,
  0.04702, 0.07181, 0.02,
  0.0466931, 0.0775703, 0.02,
  0.0459083, 0.0835194, 0.0205,
  0.0459116, 0.0836583, 0.02,
  0.04624, 0.08976, 0.0205,
  0.04605, 0.08981, 0.02,
  0.04702, 0.07158, 0.021,
  0.0465052, 0.0773002, 0.021,
  0.0459888, 0.0835113, 0.021,
  0.04628, 0.08976, 0.021
 ],
 "morphTargets": [],
 "morphColors": [],
 "normals": [],
 "colors": [],
 "uvs": [[]],
  "faces": [
  2, 0, 1, 2, 0,
  2, 1, 3, 2, 0,
  2, 1, 4, 3, 0,
  2, 4, 5, 3, 0,
  2, 4, 6, 5, 0,
  2, 6, 7, 5, 0,
  2, 8, 9, 0, 0,
  2, 9, 1, 0, 0,
  2, 9, 10, 1, 0,
  2, 10, 4, 1, 0,
  2, 10, 11, 4, 0,
  2, 11, 6, 4, 0
]
 }
