 {
  "metadata" :
  {
   "formatVersion" : 3,
   "sourceFile" : "mch002r_022d",
   "generatedBy" : "Tr3 20161112",
   "vertices" : 68,
   "faces" : 102,
   "normals" : 0,
   "colors" : 0,
   "uvs" : 0,
   "materials" : 1
  },
  "scale" : 1.0,
  "materials": [{
    "DbgColor": 0,
    "DbgIndex": 0,
    "DbgName" : "1f: c",
    "colorAmbient": [0.0, 0.0, 0.0],
    "colorDiffuse": [ 1.000, 1.000, 1.000],
    "colorSpecular": [0.16, 0.16, 0.16]
    }],
  "vertices": [
  0.05456, 0.07379, 0.0025,
  0.0549396, 0.0742452, 0.0025,
  0.05456, 0.07379, 0.0005,
  0.0549396, 0.0742452, 0.0005,
  0.0557693, 0.0742565, 0.0005,
  0.0557693, 0.0742565, 0.0025,
  0.0565989, 0.0742678, 0.0005,
  0.0565989, 0.0742678, 0.0025,
  0.0574285, 0.0742792, 0.0005,
  0.0574285, 0.0742792, 0.0025,
  0.0582581, 0.0742905, 0.0005,
  0.0582581, 0.0742905, 0.0025,
  0.0590877, 0.0743018, 0.0005,
  0.0590877, 0.0743018, 0.0025,
  0.0599173, 0.0743132, 0.0005,
  0.0599173, 0.0743132, 0.0025,
  0.0607469, 0.0743245, 0.0005,
  0.0607469, 0.0743245, 0.0025,
  0.0611964, 0.0739099, 0.0025,
  0.0611964, 0.0739099, 0.0005,
  0.0603668, 0.0738949, 0.0025,
  0.0595373, 0.0738799, 0.0025,
  0.0587077, 0.073865, 0.0025,
  0.0578782, 0.07385, 0.0025,
  0.0570486, 0.073835, 0.0025,
  0.0562191, 0.07382, 0.0025,
  0.0553895, 0.073805, 0.0025,
  0.0603668, 0.0738949, 0.0005,
  0.0595373, 0.0738799, 0.0005,
  0.0587077, 0.073865, 0.0005,
  0.0578782, 0.07385, 0.0005,
  0.0570486, 0.073835, 0.0005,
  0.0562191, 0.07382, 0.0005,
  0.0553895, 0.073805, 0.0005,
  0.05456, 0.07379, 0.005,
  0.0549396, 0.0742452, 0.005,
  0.0557693, 0.0742565, 0.005,
  0.0565989, 0.0742678, 0.005,
  0.0574285, 0.0742792, 0.005,
  0.0582581, 0.0742905, 0.005,
  0.0590877, 0.0743018, 0.005,
  0.0599173, 0.0743132, 0.005,
  0.0607469, 0.0743245, 0.005,
  0.0611964, 0.0739099, 0.005,
  0.0603668, 0.0738949, 0.005,
  0.0595373, 0.0738799, 0.005,
  0.0587077, 0.073865, 0.005,
  0.0578782, 0.07385, 0.005,
  0.0570486, 0.073835, 0.005,
  0.0562191, 0.07382, 0.005,
  0.0553895, 0.073805, 0.005,
  0.05456, 0.07379, 0.0075,
  0.0549396, 0.0742452, 0.0075,
  0.0557693, 0.0742565, 0.0075,
  0.0565989, 0.0742678, 0.0075,
  0.0574285, 0.0742792, 0.0075,
  0.0582581, 0.0742905, 0.0075,
  0.0590877, 0.0743018, 0.0075,
  0.0599173, 0.0743132, 0.0075,
  0.0607469, 0.0743245, 0.0075,
  0.0611964, 0.0739099, 0.0075,
  0.0603668, 0.0738949, 0.0075,
  0.0595373, 0.0738799, 0.0075,
  0.0587077, 0.073865, 0.0075,
  0.0578782, 0.07385, 0.0075,
  0.0570486, 0.073835, 0.0075,
  0.0562191, 0.07382, 0.0075,
  0.0553895, 0.073805, 0.0075
 ],
 "morphTargets": [],
 "morphColors": [],
 "normals": [],
 "colors": [],
 "uvs": [[]],
  "faces": [
  2, 0, 1, 2, 0,
  2, 1, 3, 2, 0,
  2, 1, 4, 3, 0,
  2, 1, 5, 4, 0,
  2, 5, 6, 4, 0,
  2, 5, 7, 6, 0,
  2, 7, 8, 6, 0,
  2, 7, 9, 8, 0,
  2, 9, 10, 8, 0,
  2, 9, 11, 10, 0,
  2, 11, 12, 10, 0,
  2, 11, 13, 12, 0,
  2, 13, 14, 12, 0,
  2, 13, 15, 14, 0,
  2, 15, 16, 14, 0,
  2, 15, 17, 16, 0,
  2, 17, 18, 16, 0,
  2, 18, 19, 16, 0,
  2, 18, 20, 19, 0,
  2, 20, 21, 19, 0,
  2, 21, 22, 19, 0,
  2, 22, 23, 19, 0,
  2, 23, 24, 19, 0,
  2, 24, 25, 19, 0,
  2, 25, 26, 19, 0,
  2, 26, 0, 19, 0,
  2, 0, 27, 19, 0,
  2, 0, 28, 27, 0,
  2, 0, 29, 28, 0,
  2, 0, 30, 29, 0,
  2, 0, 31, 30, 0,
  2, 0, 32, 31, 0,
  2, 0, 33, 32, 0,
  2, 0, 2, 33, 0,
  2, 34, 35, 0, 0,
  2, 35, 1, 0, 0,
  2, 35, 36, 1, 0,
  2, 36, 37, 1, 0,
  2, 37, 38, 1, 0,
  2, 38, 39, 1, 0,
  2, 39, 5, 1, 0,
  2, 39, 40, 5, 0,
  2, 40, 7, 5, 0,
  2, 40, 9, 7, 0,
  2, 40, 11, 9, 0,
  2, 40, 41, 11, 0,
  2, 41, 13, 11, 0,
  2, 41, 15, 13, 0,
  2, 41, 17, 15, 0,
  2, 41, 42, 17, 0,
  2, 42, 43, 17, 0,
  2, 43, 18, 17, 0,
  2, 43, 44, 18, 0,
  2, 44, 45, 18, 0,
  2, 45, 46, 18, 0,
  2, 46, 47, 18, 0,
  2, 47, 48, 18, 0,
  2, 48, 49, 18, 0,
  2, 49, 50, 18, 0,
  2, 50, 34, 18, 0,
  2, 34, 20, 18, 0,
  2, 34, 21, 20, 0,
  2, 34, 22, 21, 0,
  2, 34, 23, 22, 0,
  2, 34, 24, 23, 0,
  2, 34, 25, 24, 0,
  2, 34, 26, 25, 0,
  2, 34, 0, 26, 0,
  2, 51, 52, 34, 0,
  2, 52, 35, 34, 0,
  2, 52, 53, 35, 0,
  2, 53, 54, 35, 0,
  2, 54, 55, 35, 0,
  2, 55, 56, 35, 0,
  2, 56, 36, 35, 0,
  2, 56, 57, 36, 0,
  2, 57, 37, 36, 0,
  2, 57, 38, 37, 0,
  2, 57, 39, 38, 0,
  2, 57, 58, 39, 0,
  2, 58, 40, 39, 0,
  2, 58, 41, 40, 0,
  2, 58, 42, 41, 0,
  2, 58, 59, 42, 0,
  2, 59, 60, 42, 0,
  2, 60, 43, 42, 0,
  2, 60, 61, 43, 0,
  2, 61, 62, 43, 0,
  2, 62, 63, 43, 0,
  2, 63, 64, 43, 0,
  2, 64, 65, 43, 0,
  2, 65, 66, 43, 0,
  2, 66, 67, 43, 0,
  2, 67, 51, 43, 0,
  2, 51, 44, 43, 0,
  2, 51, 45, 44, 0,
  2, 51, 46, 45, 0,
  2, 51, 47, 46, 0,
  2, 51, 48, 47, 0,
  2, 51, 49, 48, 0,
  2, 51, 50, 49, 0,
  2, 51, 34, 50, 0
]
 }
