 {
  "metadata" :
  {
   "formatVersion" : 3,
   "sourceFile" : "mch002r_022d",
   "generatedBy" : "Tr3 20161112",
   "vertices" : 22,
   "faces" : 20,
   "normals" : 0,
   "colors" : 0,
   "uvs" : 0,
   "materials" : 1
  },
  "scale" : 1.0,
  "materials": [{
    "DbgColor": 0,
    "DbgIndex": 0,
    "DbgName" : "Join tm_medant_40:   ",
    "colorAmbient": [0.0, 0.0, 0.0],
    "colorDiffuse": [ 1.000, 1.000, 1.000],
    "colorSpecular": [0.16, 0.16, 0.16]
    }],
  "vertices": [
  0.0636548, 0.0729913, 0.02,
  0.0637675, 0.0725865, 0.02,
  0.06354, 0.07292, 0.0195,
  0.0636388, 0.0725298, 0.0195,
  0.0638911, 0.0721854, 0.02,
  0.0640449, 0.0717944, 0.02,
  0.0641987, 0.0714034, 0.02,
  0.0639372, 0.0713599, 0.0195,
  0.0640739, 0.0709814, 0.0195,
  0.0643943, 0.0710316, 0.02,
  0.0642106, 0.0706028, 0.0195,
  0.0637376, 0.0721397, 0.0195,
  0.0638364, 0.0717495, 0.0195,
  0.06345, 0.07315, 0.0195,
  0.0650562, 0.0699622, 0.02,
  0.0647188, 0.0695094, 0.0195,
  0.0645375, 0.0698687, 0.0195,
  0.0653, 0.06962, 0.02,
  0.0649, 0.06915, 0.0195,
  0.0645903, 0.07066, 0.02,
  0.0643563, 0.0702281, 0.0195,
  0.0648123, 0.0703043, 0.02
 ],
 "morphTargets": [],
 "morphColors": [],
 "normals": [],
 "colors": [],
 "uvs": [[]],
  "faces": [
  2, 0, 1, 2, 0,
  2, 1, 3, 2, 0,
  2, 1, 4, 3, 0,
  2, 5, 6, 7, 0,
  2, 6, 8, 7, 0,
  2, 6, 9, 8, 0,
  2, 9, 10, 8, 0,
  2, 4, 11, 3, 0,
  2, 4, 12, 11, 0,
  2, 4, 5, 12, 0,
  2, 5, 7, 12, 0,
  2, 0, 2, 13, 0,
  2, 14, 15, 16, 0,
  2, 14, 17, 15, 0,
  2, 17, 18, 15, 0,
  2, 9, 19, 10, 0,
  2, 19, 20, 10, 0,
  2, 19, 21, 20, 0,
  2, 21, 16, 20, 0,
  2, 21, 14, 16, 0
]
 }
