 {
  "metadata" :
  {
   "formatVersion" : 3,
   "sourceFile" : "mch002r_022d",
   "generatedBy" : "Tr3 20161112",
   "vertices" : 63,
   "faces" : 96,
   "normals" : 0,
   "colors" : 0,
   "uvs" : 0,
   "materials" : 1
  },
  "scale" : 1.0,
  "materials": [{
    "DbgColor": 0,
    "DbgIndex": 0,
    "DbgName" : "os_temp_ext_15: Temporal bone",
    "colorAmbient": [0.0, 0.0, 0.0],
    "colorDiffuse": [ 1.000, 0.784, 0.588],
    "colorSpecular": [0.16, 0.16, 0.16]
    }],
  "vertices": [
  0.04927, 0.09, 0.0115,
  0.0492642, 0.0916127, 0.011,
  0.04865, 0.09, 0.011,
  0.0498057, 0.0915545, 0.0115,
  0.0500109, 0.0931728, 0.011,
  0.0505899, 0.0929954, 0.0115,
  0.0507982, 0.0947123, 0.011,
  0.051147, 0.0945372, 0.0115,
  0.0520115, 0.0958787, 0.0115,
  0.0517296, 0.0961282, 0.011,
  0.05232, 0.0950859, 0.011,
  0.0525597, 0.0947337, 0.0115,
  0.0525157, 0.0933675, 0.011,
  0.0526972, 0.0930984, 0.0115,
  0.052809, 0.091666, 0.011,
  0.0528263, 0.0914627, 0.0115,
  0.05327, 0.09, 0.011,
  0.05348, 0.09, 0.0115,
  0.04974, 0.09, 0.012,
  0.0501056, 0.0915406, 0.012,
  0.0508251, 0.0929386, 0.012,
  0.05146, 0.0943884, 0.012,
  0.052285, 0.0957007, 0.012,
  0.052766, 0.0945757, 0.012,
  0.0529142, 0.0929995, 0.012,
  0.053142, 0.0914375, 0.012,
  0.05376, 0.09, 0.012,
  0.05007, 0.09, 0.0125,
  0.0504301, 0.0915174, 0.0125,
  0.050976, 0.0929757, 0.0125,
  0.051637, 0.0943854, 0.0125,
  0.0525119, 0.0956697, 0.0125,
  0.05301, 0.0944609, 0.0125,
  0.0530963, 0.0929054, 0.0125,
  0.053416, 0.0913851, 0.0125,
  0.05411, 0.09, 0.0125,
  0.05058, 0.09, 0.013,
  0.0510749, 0.0914656, 0.013,
  0.051633, 0.0929081, 0.013,
  0.0522146, 0.0943479, 0.013,
  0.0529076, 0.0957052, 0.013,
  0.05348, 0.0944974, 0.013,
  0.05348, 0.0929404, 0.013,
  0.0536291, 0.0913928, 0.013,
  0.05428, 0.09, 0.013,
  0.0511, 0.09, 0.0135,
  0.0514951, 0.0915352, 0.0135,
  0.0519183, 0.093064, 0.0135,
  0.0524618, 0.0945561, 0.0135,
  0.0533936, 0.095772, 0.0135,
  0.0537407, 0.0945996, 0.0135,
  0.0537527, 0.0930304, 0.0135,
  0.0538965, 0.0914577, 0.0135,
  0.05451, 0.09, 0.0135,
  0.05147, 0.09, 0.014,
  0.051879, 0.0915064, 0.014,
  0.0523303, 0.0929966, 0.014,
  0.0527681, 0.0944926, 0.014,
  0.0537288, 0.0955844, 0.014,
  0.0544404, 0.094558, 0.014,
  0.05428, 0.0930089, 0.014,
  0.0543502, 0.0914567, 0.014,
  0.05491, 0.09, 0.014
 ],
 "morphTargets": [],
 "morphColors": [],
 "normals": [],
 "colors": [],
 "uvs": [[]],
  "faces": [
  2, 0, 1, 2, 0,
  2, 0, 3, 1, 0,
  2, 3, 4, 1, 0,
  2, 3, 5, 4, 0,
  2, 5, 6, 4, 0,
  2, 5, 7, 6, 0,
  2, 7, 8, 6, 0,
  2, 8, 9, 6, 0,
  2, 8, 10, 9, 0,
  2, 8, 11, 10, 0,
  2, 11, 12, 10, 0,
  2, 11, 13, 12, 0,
  2, 13, 14, 12, 0,
  2, 13, 15, 14, 0,
  2, 15, 16, 14, 0,
  2, 15, 17, 16, 0,
  2, 18, 3, 0, 0,
  2, 18, 19, 3, 0,
  2, 19, 5, 3, 0,
  2, 19, 20, 5, 0,
  2, 20, 7, 5, 0,
  2, 20, 21, 7, 0,
  2, 21, 8, 7, 0,
  2, 21, 22, 8, 0,
  2, 22, 11, 8, 0,
  2, 22, 23, 11, 0,
  2, 23, 13, 11, 0,
  2, 23, 24, 13, 0,
  2, 24, 15, 13, 0,
  2, 24, 25, 15, 0,
  2, 25, 17, 15, 0,
  2, 25, 26, 17, 0,
  2, 27, 28, 18, 0,
  2, 28, 19, 18, 0,
  2, 28, 20, 19, 0,
  2, 28, 29, 20, 0,
  2, 29, 21, 20, 0,
  2, 29, 30, 21, 0,
  2, 30, 22, 21, 0,
  2, 30, 31, 22, 0,
  2, 31, 23, 22, 0,
  2, 31, 32, 23, 0,
  2, 32, 24, 23, 0,
  2, 32, 33, 24, 0,
  2, 33, 25, 24, 0,
  2, 33, 34, 25, 0,
  2, 34, 26, 25, 0,
  2, 34, 35, 26, 0,
  2, 36, 28, 27, 0,
  2, 36, 37, 28, 0,
  2, 37, 29, 28, 0,
  2, 37, 38, 29, 0,
  2, 38, 30, 29, 0,
  2, 38, 39, 30, 0,
  2, 39, 31, 30, 0,
  2, 39, 40, 31, 0,
  2, 40, 32, 31, 0,
  2, 40, 41, 32, 0,
  2, 41, 42, 32, 0,
  2, 42, 33, 32, 0,
  2, 42, 34, 33, 0,
  2, 42, 43, 34, 0,
  2, 43, 35, 34, 0,
  2, 43, 44, 35, 0,
  2, 45, 37, 36, 0,
  2, 45, 46, 37, 0,
  2, 46, 38, 37, 0,
  2, 46, 47, 38, 0,
  2, 47, 39, 38, 0,
  2, 47, 48, 39, 0,
  2, 48, 40, 39, 0,
  2, 48, 49, 40, 0,
  2, 49, 41, 40, 0,
  2, 49, 50, 41, 0,
  2, 50, 51, 41, 0,
  2, 51, 42, 41, 0,
  2, 51, 52, 42, 0,
  2, 52, 43, 42, 0,
  2, 52, 44, 43, 0,
  2, 52, 53, 44, 0,
  2, 54, 46, 45, 0,
  2, 54, 55, 46, 0,
  2, 55, 47, 46, 0,
  2, 55, 56, 47, 0,
  2, 56, 48, 47, 0,
  2, 56, 57, 48, 0,
  2, 57, 49, 48, 0,
  2, 57, 58, 49, 0,
  2, 58, 50, 49, 0,
  2, 58, 59, 50, 0,
  2, 59, 51, 50, 0,
  2, 59, 60, 51, 0,
  2, 60, 52, 51, 0,
  2, 60, 61, 52, 0,
  2, 61, 53, 52, 0,
  2, 61, 62, 53, 0
]
 }
