 {
  "metadata" :
  {
   "formatVersion" : 3,
   "sourceFile" : "mch002r_022d",
   "generatedBy" : "Tr3 20161112",
   "vertices" : 107,
   "faces" : 107,
   "normals" : 0,
   "colors" : 0,
   "uvs" : 0,
   "materials" : 1
  },
  "scale" : 1.0,
  "materials": [{
    "DbgColor": 0,
    "DbgIndex": 0,
    "DbgName" : "os_cav_27: Cavity wall",
    "colorAmbient": [0.0, 0.0, 0.0],
    "colorDiffuse": [ 1.000, 0.784, 0.588],
    "colorSpecular": [0.16, 0.16, 0.16]
    }],
  "vertices": [
  0.05998, 0.069, 0.014,
  0.060377, 0.0695025, 0.0135,
  0.05961, 0.0691, 0.0135,
  0.0608034, 0.0692301, 0.014,
  0.0611915, 0.0697834, 0.0135,
  0.0615361, 0.0696661, 0.014,
  0.0619936, 0.070087, 0.0135,
  0.0621418, 0.0702772, 0.014,
  0.0624817, 0.0707507, 0.0135,
  0.0626518, 0.0709641, 0.014,
  0.0628431, 0.0715321, 0.0135,
  0.0628289, 0.0718039, 0.014,
  0.0630326, 0.0723043, 0.0135,
  0.0627529, 0.072642, 0.014,
  0.0627099, 0.0730734, 0.0135,
  0.0624438, 0.0734349, 0.014,
  0.0620944, 0.0736805, 0.0135,
  0.0619647, 0.0741467, 0.014,
  0.0613769, 0.0740752, 0.0135,
  0.0612166, 0.0745556, 0.014,
  0.0605271, 0.0741023, 0.0135,
  0.0604162, 0.0748669, 0.014,
  0.05991, 0.0746693, 0.0135,
  0.0596193, 0.0751909, 0.014,
  0.0591172, 0.0750165, 0.0135,
  0.0588017, 0.0754536, 0.014,
  0.058302, 0.0753093, 0.0135,
  0.057975, 0.0756912, 0.014,
  0.0575539, 0.0757459, 0.0135,
  0.0572734, 0.0761569, 0.014,
  0.0570941, 0.0764375, 0.0135,
  0.0569823, 0.0769065, 0.014,
  0.0572948, 0.0772787, 0.0135,
  0.0569836, 0.0777614, 0.014,
  0.0571307, 0.0781174, 0.0135,
  0.0569186, 0.0786191, 0.014,
  0.05703, 0.0789772, 0.0135,
  0.0567907, 0.0794654, 0.014,
  0.0569198, 0.0798263, 0.0135,
  0.0565073, 0.0802675, 0.014,
  0.0565725, 0.0806094, 0.0135,
  0.0559741, 0.0809386, 0.014,
  0.0559022, 0.0811189, 0.0135,
  0.0552931, 0.0814644, 0.014,
  0.0551179, 0.0814857, 0.0135,
  0.0545199, 0.0818395, 0.014,
  0.0543054, 0.0817825, 0.0135,
  0.0537758, 0.082267, 0.014,
  0.0530424, 0.0827165, 0.014,
  0.053588, 0.082222, 0.0135,
  0.0528576, 0.0826834, 0.0135,
  0.0522555, 0.0830609, 0.014,
  0.0521954, 0.0831929, 0.0135,
  0.0514254, 0.0831795, 0.014,
  0.051357, 0.0829771, 0.0135,
  0.0507796, 0.0826598, 0.014,
  0.0506708, 0.0825211, 0.0135,
  0.0509073, 0.0818385, 0.014,
  0.0505675, 0.0817205, 0.0135,
  0.0510648, 0.0810325, 0.0135,
  0.0513196, 0.0810834, 0.014,
  0.0516596, 0.0804122, 0.0135,
  0.0517767, 0.0803657, 0.014,
  0.0521924, 0.0797295, 0.0135,
  0.0523116, 0.0797169, 0.014,
  0.0526558, 0.0790003, 0.0135,
  0.0527636, 0.0789921, 0.014,
  0.0529342, 0.0781842, 0.0135,
  0.0533544, 0.0783689, 0.014,
  0.0533964, 0.0776064, 0.014,
  0.0533224, 0.0774119, 0.0135,
  0.0539167, 0.0770395, 0.014,
  0.0534773, 0.0765679, 0.0135,
  0.0537504, 0.0762562, 0.014,
  0.0532725, 0.0757293, 0.0135,
  0.053057, 0.0757572, 0.014,
  0.0527644, 0.0751143, 0.0135,
  0.0527908, 0.075066, 0.014,
  0.0521454, 0.074619, 0.0135,
  0.0526072, 0.0741135, 0.0135,
  0.0534602, 0.074232, 0.0135,
  0.0536211, 0.0750354, 0.014,
  0.054095, 0.0747866, 0.0135,
  0.0544558, 0.0752363, 0.014,
  0.0548691, 0.0747797, 0.0135,
  0.0552858, 0.0753574, 0.014,
  0.0557119, 0.0746244, 0.014,
  0.0554066, 0.0741315, 0.0135,
  0.0558224, 0.0737929, 0.014,
  0.05545, 0.0732728, 0.0135,
  0.0556041, 0.0729668, 0.014,
  0.0552893, 0.0724396, 0.0135,
  0.0555867, 0.0721164, 0.014,
  0.0553846, 0.0715787, 0.0135,
  0.0556659, 0.0712669, 0.014,
  0.0555807, 0.0707522, 0.0135,
  0.0557027, 0.070408, 0.014,
  0.0560408, 0.0700195, 0.0135,
  0.05593, 0.069605, 0.014,
  0.0565278, 0.0693068, 0.0135,
  0.0566608, 0.0691593, 0.014,
  0.0571266, 0.0687443, 0.0135,
  0.0574413, 0.0688171, 0.014,
  0.0579559, 0.0686265, 0.0135,
  0.0582979, 0.068737, 0.014,
  0.0587981, 0.0687982, 0.0135,
  0.0591457, 0.06882, 0.014
 ],
 "morphTargets": [],
 "morphColors": [],
 "normals": [],
 "colors": [],
 "uvs": [[]],
  "faces": [
  2, 0, 1, 2, 0,
  2, 0, 3, 1, 0,
  2, 3, 4, 1, 0,
  2, 3, 5, 4, 0,
  2, 5, 6, 4, 0,
  2, 5, 7, 6, 0,
  2, 7, 8, 6, 0,
  2, 7, 9, 8, 0,
  2, 9, 10, 8, 0,
  2, 9, 11, 10, 0,
  2, 11, 12, 10, 0,
  2, 11, 13, 12, 0,
  2, 13, 14, 12, 0,
  2, 13, 15, 14, 0,
  2, 15, 16, 14, 0,
  2, 15, 17, 16, 0,
  2, 17, 18, 16, 0,
  2, 17, 19, 18, 0,
  2, 19, 20, 18, 0,
  2, 19, 21, 20, 0,
  2, 21, 22, 20, 0,
  2, 21, 23, 22, 0,
  2, 23, 24, 22, 0,
  2, 23, 25, 24, 0,
  2, 25, 26, 24, 0,
  2, 25, 27, 26, 0,
  2, 27, 28, 26, 0,
  2, 27, 29, 28, 0,
  2, 29, 30, 28, 0,
  2, 29, 31, 30, 0,
  2, 31, 32, 30, 0,
  2, 31, 33, 32, 0,
  2, 33, 34, 32, 0,
  2, 33, 35, 34, 0,
  2, 35, 36, 34, 0,
  2, 35, 37, 36, 0,
  2, 37, 38, 36, 0,
  2, 37, 39, 38, 0,
  2, 39, 40, 38, 0,
  2, 39, 41, 40, 0,
  2, 41, 42, 40, 0,
  2, 41, 43, 42, 0,
  2, 43, 44, 42, 0,
  2, 43, 45, 44, 0,
  2, 45, 46, 44, 0,
  2, 45, 47, 46, 0,
  2, 47, 48, 46, 0,
  2, 48, 49, 46, 0,
  2, 48, 50, 49, 0,
  2, 48, 51, 50, 0,
  2, 51, 52, 50, 0,
  2, 51, 53, 52, 0,
  2, 53, 54, 52, 0,
  2, 53, 55, 54, 0,
  2, 55, 56, 54, 0,
  2, 55, 57, 56, 0,
  2, 57, 58, 56, 0,
  2, 57, 59, 58, 0,
  2, 57, 60, 59, 0,
  2, 60, 61, 59, 0,
  2, 60, 62, 61, 0,
  2, 62, 63, 61, 0,
  2, 62, 64, 63, 0,
  2, 64, 65, 63, 0,
  2, 64, 66, 65, 0,
  2, 66, 67, 65, 0,
  2, 66, 68, 67, 0,
  2, 68, 69, 67, 0,
  2, 69, 70, 67, 0,
  2, 69, 71, 70, 0,
  2, 71, 72, 70, 0,
  2, 71, 73, 72, 0,
  2, 73, 74, 72, 0,
  2, 73, 75, 74, 0,
  2, 75, 76, 74, 0,
  2, 75, 77, 76, 0,
  2, 77, 78, 76, 0,
  2, 77, 79, 78, 0,
  2, 77, 80, 79, 0,
  2, 77, 81, 80, 0,
  2, 81, 82, 80, 0,
  2, 81, 83, 82, 0,
  2, 83, 84, 82, 0,
  2, 83, 85, 84, 0,
  2, 85, 86, 84, 0,
  2, 86, 87, 84, 0,
  2, 86, 88, 87, 0,
  2, 88, 89, 87, 0,
  2, 88, 90, 89, 0,
  2, 90, 91, 89, 0,
  2, 90, 92, 91, 0,
  2, 92, 93, 91, 0,
  2, 92, 94, 93, 0,
  2, 94, 95, 93, 0,
  2, 94, 96, 95, 0,
  2, 96, 97, 95, 0,
  2, 96, 98, 97, 0,
  2, 98, 99, 97, 0,
  2, 98, 100, 99, 0,
  2, 100, 101, 99, 0,
  2, 100, 102, 101, 0,
  2, 102, 103, 101, 0,
  2, 102, 104, 103, 0,
  2, 104, 105, 103, 0,
  2, 104, 106, 105, 0,
  2, 106, 2, 105, 0,
  2, 106, 0, 2, 0
]
 }
