 {
  "metadata" :
  {
   "formatVersion" : 3,
   "sourceFile" : "mch002r_022d",
   "generatedBy" : "Tr3 20161112",
   "vertices" : 37,
   "faces" : 62,
   "normals" : 0,
   "colors" : 0,
   "uvs" : 0,
   "materials" : 1
  },
  "scale" : 1.0,
  "materials": [{
    "DbgColor": 0,
    "DbgIndex": 0,
    "DbgName" : "os_temp_mid_01: Temporal bone",
    "colorAmbient": [0.0, 0.0, 0.0],
    "colorDiffuse": [ 1.000, 0.784, 0.588],
    "colorSpecular": [0.16, 0.16, 0.16]
    }],
  "vertices": [
  0.04415, 0.08639, 0.001,
  0.044284, 0.0878762, 0.0005,
  0.04401, 0.08621, 0.0005,
  0.0444002, 0.0879721, 0.001,
  0.0446559, 0.0895217, 0.0005,
  0.0447461, 0.0895352, 0.001,
  0.0455264, 0.0896591, 0.001,
  0.0455911, 0.0899934, 0.0005,
  0.0457109, 0.0883162, 0.0005,
  0.04569, 0.0880752, 0.001,
  0.0455179, 0.0866574, 0.0005,
  0.0456335, 0.0864799, 0.001,
  0.0447876, 0.0851353, 0.0005,
  0.0450402, 0.0849928, 0.001,
  0.0447304, 0.0834575, 0.0005,
  0.0449332, 0.0834028, 0.001,
  0.0442705, 0.0831921, 0.001,
  0.0440495, 0.0828397, 0.0005,
  0.0439556, 0.0845223, 0.0005,
  0.0441639, 0.0847883, 0.001,
  0.04444, 0.08714, 0.0015,
  0.0446911, 0.0886553, 0.0015,
  0.0454573, 0.0895152, 0.0015,
  0.0457415, 0.0880215, 0.0015,
  0.0457495, 0.0864844, 0.0015,
  0.0452822, 0.0850468, 0.0015,
  0.0443436, 0.0856127, 0.0015,
  0.04451, 0.08695, 0.002,
  0.0446598, 0.0884581, 0.002,
  0.0455055, 0.0884061, 0.002,
  0.0458293, 0.0869374, 0.002,
  0.045475, 0.0855013, 0.002,
  0.044501, 0.0854347, 0.002,
  0.04463, 0.08639, 0.0025,
  0.0456256, 0.0870621, 0.0025,
  0.0455016, 0.0856136, 0.0025,
  0.04476, 0.08619, 0.003
 ],
 "morphTargets": [],
 "morphColors": [],
 "normals": [],
 "colors": [],
 "uvs": [[]],
  "faces": [
  2, 0, 1, 2, 0,
  2, 0, 3, 1, 0,
  2, 3, 4, 1, 0,
  2, 3, 5, 4, 0,
  2, 5, 6, 4, 0,
  2, 6, 7, 4, 0,
  2, 6, 8, 7, 0,
  2, 6, 9, 8, 0,
  2, 9, 10, 8, 0,
  2, 9, 11, 10, 0,
  2, 11, 12, 10, 0,
  2, 11, 13, 12, 0,
  2, 13, 14, 12, 0,
  2, 13, 15, 14, 0,
  2, 15, 16, 14, 0,
  2, 16, 17, 14, 0,
  2, 16, 18, 17, 0,
  2, 16, 19, 18, 0,
  2, 19, 2, 18, 0,
  2, 19, 0, 2, 0,
  2, 20, 21, 0, 0,
  2, 21, 3, 0, 0,
  2, 21, 22, 3, 0,
  2, 22, 5, 3, 0,
  2, 22, 6, 5, 0,
  2, 22, 9, 6, 0,
  2, 22, 23, 9, 0,
  2, 23, 11, 9, 0,
  2, 23, 24, 11, 0,
  2, 24, 13, 11, 0,
  2, 24, 25, 13, 0,
  2, 25, 15, 13, 0,
  2, 25, 16, 15, 0,
  2, 25, 19, 16, 0,
  2, 25, 26, 19, 0,
  2, 26, 20, 19, 0,
  2, 20, 0, 19, 0,
  2, 27, 28, 20, 0,
  2, 28, 21, 20, 0,
  2, 28, 29, 21, 0,
  2, 29, 22, 21, 0,
  2, 29, 23, 22, 0,
  2, 29, 30, 23, 0,
  2, 30, 24, 23, 0,
  2, 30, 31, 24, 0,
  2, 31, 25, 24, 0,
  2, 31, 32, 25, 0,
  2, 32, 26, 25, 0,
  2, 32, 27, 26, 0,
  2, 27, 20, 26, 0,
  2, 33, 34, 27, 0,
  2, 34, 28, 27, 0,
  2, 34, 29, 28, 0,
  2, 34, 30, 29, 0,
  2, 34, 35, 30, 0,
  2, 35, 31, 30, 0,
  2, 35, 32, 31, 0,
  2, 35, 33, 32, 0,
  2, 33, 27, 32, 0,
  2, 36, 34, 33, 0,
  2, 36, 35, 34, 0,
  2, 36, 33, 35, 0
]
 }
