 {
  "metadata" :
  {
   "formatVersion" : 3,
   "sourceFile" : "mch002r_022d",
   "generatedBy" : "Tr3 20161112",
   "vertices" : 55,
   "faces" : 55,
   "normals" : 0,
   "colors" : 0,
   "uvs" : 0,
   "materials" : 1
  },
  "scale" : 1.0,
  "materials": [{
    "DbgColor": 0,
    "DbgIndex": 0,
    "DbgName" : "Join os_occbas_ext_a_28: Occipital bone (basilar part)",
    "colorAmbient": [0.0, 0.0, 0.0],
    "colorDiffuse": [ 1.000, 0.784, 0.588],
    "colorSpecular": [0.16, 0.16, 0.16]
    }],
  "vertices": [
  0.0845471, 0.0652958, 0.014,
  0.0833055, 0.0663349, 0.014,
  0.0843712, 0.0653475, 0.0135,
  0.0860425, 0.0651828, 0.0135,
  0.0877, 0.06601, 0.014,
  0.0861387, 0.0654822, 0.014,
  0.0877, 0.0656, 0.0135,
  0.0808261, 0.0706466, 0.014,
  0.0806847, 0.0709866, 0.0135,
  0.0815537, 0.0695071, 0.0135,
  0.08, 0.07209, 0.014,
  0.0801635, 0.0726051, 0.0135,
  0.0805876, 0.0741331, 0.0135,
  0.08, 0.07562, 0.014,
  0.0814616, 0.0748029, 0.014,
  0.0821666, 0.0736207, 0.0135,
  0.0827627, 0.0737027, 0.014,
  0.083639, 0.0727398, 0.0135,
  0.0841165, 0.0726755, 0.014,
  0.0851532, 0.0719335, 0.0135,
  0.0856371, 0.0719409, 0.014,
  0.0868317, 0.0716546, 0.0135,
  0.0873196, 0.0720725, 0.014,
  0.0885172, 0.0719382, 0.0135,
  0.0889382, 0.0725938, 0.014,
  0.0899904, 0.0727894, 0.0135,
  0.0902801, 0.073617, 0.014,
  0.0910447, 0.074141, 0.0135,
  0.0911959, 0.0750406, 0.014,
  0.0919177, 0.0756175, 0.0135,
  0.0919401, 0.0765727, 0.014,
  0.0930057, 0.0769325, 0.0135,
  0.0932242, 0.0774918, 0.014,
  0.0945146, 0.0766354, 0.0135,
  0.0945747, 0.0765149, 0.014,
  0.0830831, 0.0664399, 0.0135,
  0.0824868, 0.0677749, 0.014,
  0.0823026, 0.067965, 0.0135,
  0.0817481, 0.0692638, 0.014,
  0.0939681, 0.0719222, 0.014,
  0.0930826, 0.070466, 0.014,
  0.0938833, 0.0719529, 0.0135,
  0.0931319, 0.0704104, 0.0135,
  0.0924598, 0.0688859, 0.014,
  0.0925623, 0.0688006, 0.0135,
  0.091859, 0.0672926, 0.014,
  0.0920819, 0.0671567, 0.0135,
  0.091032, 0.0658424, 0.0135,
  0.0909032, 0.0659017, 0.014,
  0.0894045, 0.065414, 0.0135,
  0.0893335, 0.0655391, 0.014,
  0.0952946, 0.0750085, 0.014,
  0.0943263, 0.0751038, 0.0135,
  0.094537, 0.0735357, 0.0135,
  0.0948091, 0.0734006, 0.014
 ],
 "morphTargets": [],
 "morphColors": [],
 "normals": [],
 "colors": [],
 "uvs": [[]],
  "faces": [
  2, 0, 1, 2, 0,
  2, 0, 2, 3, 0,
  2, 4, 5, 6, 0,
  2, 5, 3, 6, 0,
  2, 5, 0, 3, 0,
  2, 7, 8, 9, 0,
  2, 7, 10, 8, 0,
  2, 10, 11, 8, 0,
  2, 10, 12, 11, 0,
  2, 10, 13, 12, 0,
  2, 13, 14, 12, 0,
  2, 14, 15, 12, 0,
  2, 14, 16, 15, 0,
  2, 16, 17, 15, 0,
  2, 16, 18, 17, 0,
  2, 18, 19, 17, 0,
  2, 18, 20, 19, 0,
  2, 20, 21, 19, 0,
  2, 20, 22, 21, 0,
  2, 22, 23, 21, 0,
  2, 22, 24, 23, 0,
  2, 24, 25, 23, 0,
  2, 24, 26, 25, 0,
  2, 26, 27, 25, 0,
  2, 26, 28, 27, 0,
  2, 28, 29, 27, 0,
  2, 28, 30, 29, 0,
  2, 30, 31, 29, 0,
  2, 30, 32, 31, 0,
  2, 32, 33, 31, 0,
  2, 32, 34, 33, 0,
  2, 1, 35, 2, 0,
  2, 1, 36, 35, 0,
  2, 36, 37, 35, 0,
  2, 36, 38, 37, 0,
  2, 38, 9, 37, 0,
  2, 38, 7, 9, 0,
  2, 39, 40, 41, 0,
  2, 40, 42, 41, 0,
  2, 40, 43, 42, 0,
  2, 43, 44, 42, 0,
  2, 43, 45, 44, 0,
  2, 45, 46, 44, 0,
  2, 45, 47, 46, 0,
  2, 45, 48, 47, 0,
  2, 48, 49, 47, 0,
  2, 48, 50, 49, 0,
  2, 50, 6, 49, 0,
  2, 50, 4, 6, 0,
  2, 34, 51, 52, 0,
  2, 51, 53, 52, 0,
  2, 51, 54, 53, 0,
  2, 54, 39, 53, 0,
  2, 39, 41, 53, 0,
  2, 34, 52, 33, 0
]
 }
