 {
  "metadata" :
  {
   "formatVersion" : 3,
   "sourceFile" : "mch002r_022d",
   "generatedBy" : "Tr3 20161112",
   "vertices" : 18,
   "faces" : 21,
   "normals" : 0,
   "colors" : 0,
   "uvs" : 0,
   "materials" : 1
  },
  "scale" : 1.0,
  "materials": [{
    "DbgColor": 0,
    "DbgIndex": 0,
    "DbgName" : "os_temp_ext_38: Temporal bone",
    "colorAmbient": [0.0, 0.0, 0.0],
    "colorDiffuse": [ 1.000, 0.784, 0.588],
    "colorSpecular": [0.16, 0.16, 0.16]
    }],
  "vertices": [
  0.0576, 0.09, 0.0195,
  0.0576836, 0.0914758, 0.0195,
  0.05732, 0.09, 0.019,
  0.05725, 0.0915392, 0.019,
  0.058092, 0.0924229, 0.019,
  0.0587309, 0.09216, 0.0195,
  0.0590482, 0.0931762, 0.019,
  0.0594171, 0.0932971, 0.0195,
  0.0604002, 0.0926995, 0.019,
  0.0606376, 0.0927147, 0.0195,
  0.0611741, 0.0913744, 0.019,
  0.061201, 0.0913454, 0.0195,
  0.06187, 0.09, 0.019,
  0.0618, 0.09, 0.0195,
  0.05859, 0.09, 0.02,
  0.0595363, 0.0909687, 0.02,
  0.0608073, 0.0911795, 0.02,
  0.06151, 0.09, 0.02
 ],
 "morphTargets": [],
 "morphColors": [],
 "normals": [],
 "colors": [],
 "uvs": [[]],
  "faces": [
  2, 0, 1, 2, 0,
  2, 1, 3, 2, 0,
  2, 1, 4, 3, 0,
  2, 1, 5, 4, 0,
  2, 5, 6, 4, 0,
  2, 5, 7, 6, 0,
  2, 7, 8, 6, 0,
  2, 7, 9, 8, 0,
  2, 9, 10, 8, 0,
  2, 9, 11, 10, 0,
  2, 11, 12, 10, 0,
  2, 11, 13, 12, 0,
  2, 14, 1, 0, 0,
  2, 14, 15, 1, 0,
  2, 15, 5, 1, 0,
  2, 15, 7, 5, 0,
  2, 15, 9, 7, 0,
  2, 15, 16, 9, 0,
  2, 16, 11, 9, 0,
  2, 16, 17, 11, 0,
  2, 17, 13, 11, 0
]
 }
