 {
  "metadata" :
  {
   "formatVersion" : 3,
   "sourceFile" : "mch002r_022d",
   "generatedBy" : "Tr3 20161112",
   "vertices" : 29,
   "faces" : 32,
   "normals" : 0,
   "colors" : 0,
   "uvs" : 0,
   "materials" : 1
  },
  "scale" : 1.0,
  "materials": [{
    "DbgColor": 0,
    "DbgIndex": 0,
    "DbgName" : "tm_post_35: Pars tensa",
    "colorAmbient": [0.0, 0.0, 0.0],
    "colorDiffuse": [ 1.000, 1.000, 1.000],
    "colorSpecular": [0.16, 0.16, 0.16]
    }],
  "vertices": [
  0.05792, 0.07252, 0.018,
  0.057998, 0.071598, 0.0175,
  0.05778, 0.0715, 0.0175,
  0.058216, 0.071696, 0.0175,
  0.058434, 0.071794, 0.0175,
  0.058652, 0.071892, 0.0175,
  0.0580867, 0.07272, 0.018,
  0.05887, 0.07199, 0.0175,
  0.0582533, 0.07292, 0.018,
  0.05842, 0.07312, 0.018,
  0.058, 0.07358, 0.0185,
  0.05819, 0.07369, 0.0185,
  0.05806, 0.07454, 0.019,
  0.05819, 0.07476, 0.019,
  0.05836, 0.07524, 0.0195,
  0.05847, 0.07534, 0.0195,
  0.05858, 0.07544, 0.0195,
  0.05901, 0.07586, 0.02,
  0.05912, 0.075955, 0.02,
  0.05923, 0.07605, 0.02,
  0.0596, 0.07636, 0.0205,
  0.059735, 0.07641, 0.0205,
  0.05987, 0.07646, 0.0205,
  0.06041, 0.07639, 0.021,
  0.0606, 0.07654, 0.021,
  0.06156, 0.07616, 0.0215,
  0.06171, 0.07627, 0.0215,
  0.0635, 0.07507, 0.022,
  0.06367, 0.07522, 0.022
 ],
 "morphTargets": [],
 "morphColors": [],
 "normals": [],
 "colors": [],
 "uvs": [[]],
  "faces": [
  2, 0, 1, 2, 0,
  2, 0, 3, 1, 0,
  2, 0, 4, 3, 0,
  2, 0, 5, 4, 0,
  2, 0, 6, 5, 0,
  2, 6, 7, 5, 0,
  2, 6, 8, 7, 0,
  2, 8, 9, 7, 0,
  2, 10, 6, 0, 0,
  2, 10, 8, 6, 0,
  2, 10, 9, 8, 0,
  2, 10, 11, 9, 0,
  2, 12, 11, 10, 0,
  2, 12, 13, 11, 0,
  2, 14, 13, 12, 0,
  2, 14, 15, 13, 0,
  2, 15, 16, 13, 0,
  2, 17, 15, 14, 0,
  2, 17, 16, 15, 0,
  2, 17, 18, 16, 0,
  2, 18, 19, 16, 0,
  2, 20, 18, 17, 0,
  2, 20, 19, 18, 0,
  2, 20, 21, 19, 0,
  2, 21, 22, 19, 0,
  2, 23, 21, 20, 0,
  2, 23, 22, 21, 0,
  2, 23, 24, 22, 0,
  2, 25, 24, 23, 0,
  2, 25, 26, 24, 0,
  2, 27, 26, 25, 0,
  2, 27, 28, 26, 0
]
 }
