 {
  "metadata" :
  {
   "formatVersion" : 3,
   "sourceFile" : "mch002r_022d",
   "generatedBy" : "Tr3 20161112",
   "vertices" : 13,
   "faces" : 11,
   "normals" : 0,
   "colors" : 0,
   "uvs" : 0,
   "materials" : 1
  },
  "scale" : 1.0,
  "materials": [{
    "DbgColor": 0,
    "DbgIndex": 0,
    "DbgName" : "Join os_occcond_cut_40: Occipital bone (condylar part)",
    "colorAmbient": [0.0, 0.0, 0.0],
    "colorDiffuse": [ 1.000, 0.784, 0.588],
    "colorSpecular": [0.16, 0.16, 0.16]
    }],
  "vertices": [
  0.0719333, 0.09, 0.02,
  0.0735022, 0.09, 0.02,
  0.0645, 0.09, 0.0195,
  0.06252, 0.09, 0.02,
  0.0640889, 0.09, 0.02,
  0.0628, 0.09, 0.0195,
  0.0656578, 0.09, 0.02,
  0.0672267, 0.09, 0.02,
  0.0687956, 0.09, 0.02,
  0.0703645, 0.09, 0.02,
  0.0750711, 0.09, 0.02,
  0.0662, 0.09, 0.0195,
  0.07664, 0.09, 0.02
 ],
 "morphTargets": [],
 "morphColors": [],
 "normals": [],
 "colors": [],
 "uvs": [[]],
  "faces": [
  2, 0, 1, 2, 0,
  2, 3, 4, 5, 0,
  2, 4, 6, 5, 0,
  2, 6, 7, 5, 0,
  2, 7, 2, 5, 0,
  2, 7, 8, 2, 0,
  2, 8, 9, 2, 0,
  2, 9, 0, 2, 0,
  2, 10, 11, 2, 0,
  2, 1, 10, 2, 0,
  2, 10, 12, 11, 0
]
 }
