 {
  "metadata" :
  {
   "formatVersion" : 3,
   "sourceFile" : "mch002r_022d",
   "generatedBy" : "Tr3 20161112",
   "vertices" : 128,
   "faces" : 167,
   "normals" : 0,
   "colors" : 0,
   "uvs" : 0,
   "materials" : 1
  },
  "scale" : 1.0,
  "materials": [{
    "DbgColor": 0,
    "DbgIndex": 0,
    "DbgName" : "os_temp_a_29: Temporal bone",
    "colorAmbient": [0.0, 0.0, 0.0],
    "colorDiffuse": [ 1.000, 0.784, 0.588],
    "colorSpecular": [0.16, 0.16, 0.16]
    }],
  "vertices": [
  0.0642, 0.0695, 0.015,
  0.0656382, 0.0687628, 0.0145,
  0.0643, 0.06984, 0.0145,
  0.0654351, 0.0683759, 0.015,
  0.0666165, 0.0673381, 0.0145,
  0.0664447, 0.0669977, 0.015,
  0.0657383, 0.0667028, 0.0145,
  0.0665707, 0.06596, 0.015,
  0.0650866, 0.0667901, 0.015,
  0.0641717, 0.0668085, 0.0145,
  0.0635137, 0.0660774, 0.015,
  0.0625708, 0.0661943, 0.0145,
  0.0619957, 0.06578, 0.015,
  0.0608634, 0.0661969, 0.0145,
  0.0611742, 0.0647167, 0.015,
  0.0597873, 0.0652568, 0.0145,
  0.05975, 0.0635324, 0.0145,
  0.0623363, 0.0634352, 0.015,
  0.060467, 0.0621098, 0.0145,
  0.0621292, 0.0618, 0.0145,
  0.06302, 0.0619706, 0.015,
  0.0622567, 0.0605867, 0.0145,
  0.0625573, 0.0602954, 0.015,
  0.0618326, 0.0589309, 0.0145,
  0.0622079, 0.0586215, 0.015,
  0.0614247, 0.0572505, 0.0145,
  0.0618871, 0.056915, 0.015,
  0.0612765, 0.0555546, 0.0145,
  0.0616092, 0.0552519, 0.015,
  0.0610545, 0.053862, 0.0145,
  0.0612644, 0.0536054, 0.015,
  0.0602329, 0.0526128, 0.015,
  0.0601416, 0.0524444, 0.0145,
  0.058801, 0.052881, 0.0145,
  0.0596297, 0.054133, 0.015,
  0.0585082, 0.0545673, 0.0145,
  0.0588213, 0.0556756, 0.015,
  0.0579843, 0.0562031, 0.0145,
  0.058187, 0.0572896, 0.015,
  0.0573001, 0.057778, 0.0145,
  0.057236, 0.0587396, 0.015,
  0.0562528, 0.059128, 0.0145,
  0.0556697, 0.0584415, 0.015,
  0.0545785, 0.05933, 0.0145,
  0.0544425, 0.0572084, 0.015,
  0.0532627, 0.0568884, 0.015,
  0.0528833, 0.0585857, 0.015,
  0.0532045, 0.0602541, 0.0145,
  0.0527691, 0.0603077, 0.015,
  0.0532072, 0.0618846, 0.0145,
  0.0531418, 0.0619545, 0.015,
  0.0532185, 0.0635259, 0.0145,
  0.0533016, 0.0635654, 0.015,
  0.0536128, 0.0651741, 0.0145,
  0.0539979, 0.0651029, 0.015,
  0.0540522, 0.066823, 0.015,
  0.0535549, 0.0669013, 0.0145,
  0.0533882, 0.0683949, 0.015,
  0.0530289, 0.0685341, 0.0145,
  0.0528757, 0.0700472, 0.015,
  0.052489, 0.0701623, 0.0145,
  0.0527454, 0.0717834, 0.015,
  0.0519261, 0.0717552, 0.0145,
  0.0519636, 0.0733231, 0.015,
  0.0513109, 0.0733372, 0.0145,
  0.0511383, 0.0748512, 0.015,
  0.0506697, 0.0749353, 0.0145,
  0.0507772, 0.0765428, 0.015,
  0.0505505, 0.0766535, 0.0145,
  0.0505925, 0.0782745, 0.015,
  0.0504578, 0.0783744, 0.0145,
  0.0505512, 0.0799977, 0.015,
  0.0504807, 0.0800925, 0.0145,
  0.0503806, 0.0817309, 0.015,
  0.0502209, 0.0818005, 0.0145,
  0.0502572, 0.0834375, 0.015,
  0.0500777, 0.0835202, 0.0145,
  0.0505408, 0.0851512, 0.015,
  0.0502175, 0.0852382, 0.0145,
  0.0509334, 0.0868375, 0.015,
  0.0506808, 0.0869042, 0.0145,
  0.0514711, 0.0884031, 0.0145,
  0.0516902, 0.0884055, 0.015,
  0.05202, 0.09, 0.0145,
  0.05238, 0.09, 0.015,
  0.06476, 0.06907, 0.0155,
  0.0657414, 0.0676312, 0.0155,
  0.0668464, 0.0663177, 0.0155,
  0.0660368, 0.065443, 0.0155,
  0.0648917, 0.0641609, 0.0155,
  0.0632922, 0.0646578, 0.0155,
  0.0628676, 0.0640287, 0.0155,
  0.0637729, 0.0627164, 0.0155,
  0.0633426, 0.0610571, 0.0155,
  0.063059, 0.0593418, 0.0155,
  0.0625906, 0.0576624, 0.0155,
  0.0622226, 0.0559686, 0.0155,
  0.0615687, 0.0543516, 0.0155,
  0.06084, 0.0549166, 0.0155,
  0.0601727, 0.0564441, 0.0155,
  0.0588519, 0.057575, 0.0155,
  0.0572952, 0.05825, 0.0155,
  0.0557066, 0.0576229, 0.0155,
  0.0543884, 0.0564851, 0.0155,
  0.0538287, 0.0549099, 0.0155,
  0.0531117, 0.0542803, 0.0155,
  0.05289, 0.0559924, 0.0155,
  0.0526938, 0.0577205, 0.0155,
  0.0524515, 0.0594406, 0.0155,
  0.0528087, 0.0611057, 0.0155,
  0.0539954, 0.0623353, 0.0155,
  0.0540255, 0.0639873, 0.0155,
  0.05439, 0.0656597, 0.0155,
  0.0543464, 0.0673952, 0.0155,
  0.0540903, 0.0691118, 0.0155,
  0.053853, 0.0708189, 0.0155,
  0.0534174, 0.0724772, 0.0155,
  0.0522349, 0.0736737, 0.0155,
  0.0512964, 0.0750192, 0.0155,
  0.0508291, 0.0766997, 0.0155,
  0.0508458, 0.0784025, 0.0155,
  0.0513, 0.0800732, 0.0155,
  0.0508675, 0.0817506, 0.0155,
  0.0508493, 0.083402, 0.0155,
  0.0512027, 0.0850991, 0.0155,
  0.0516973, 0.0867674, 0.0155,
  0.0521524, 0.0884508, 0.0155,
  0.05295, 0.09, 0.0155
 ],
 "morphTargets": [],
 "morphColors": [],
 "normals": [],
 "colors": [],
 "uvs": [[]],
  "faces": [
  2, 0, 1, 2, 0,
  2, 0, 3, 1, 0,
  2, 3, 4, 1, 0,
  2, 3, 5, 4, 0,
  2, 5, 6, 4, 0,
  2, 5, 7, 6, 0,
  2, 7, 8, 6, 0,
  2, 8, 9, 6, 0,
  2, 8, 10, 9, 0,
  2, 10, 11, 9, 0,
  2, 10, 12, 11, 0,
  2, 12, 13, 11, 0,
  2, 12, 14, 13, 0,
  2, 14, 15, 13, 0,
  2, 14, 16, 15, 0,
  2, 14, 17, 16, 0,
  2, 17, 18, 16, 0,
  2, 17, 19, 18, 0,
  2, 17, 20, 19, 0,
  2, 20, 21, 19, 0,
  2, 20, 22, 21, 0,
  2, 22, 23, 21, 0,
  2, 22, 24, 23, 0,
  2, 24, 25, 23, 0,
  2, 24, 26, 25, 0,
  2, 26, 27, 25, 0,
  2, 26, 28, 27, 0,
  2, 28, 29, 27, 0,
  2, 28, 30, 29, 0,
  2, 30, 31, 29, 0,
  2, 31, 32, 29, 0,
  2, 31, 33, 32, 0,
  2, 31, 34, 33, 0,
  2, 34, 35, 33, 0,
  2, 34, 36, 35, 0,
  2, 36, 37, 35, 0,
  2, 36, 38, 37, 0,
  2, 38, 39, 37, 0,
  2, 38, 40, 39, 0,
  2, 40, 41, 39, 0,
  2, 40, 42, 41, 0,
  2, 42, 43, 41, 0,
  2, 42, 44, 43, 0,
  2, 44, 45, 43, 0,
  2, 45, 46, 43, 0,
  2, 46, 47, 43, 0,
  2, 46, 48, 47, 0,
  2, 48, 49, 47, 0,
  2, 48, 50, 49, 0,
  2, 50, 51, 49, 0,
  2, 50, 52, 51, 0,
  2, 52, 53, 51, 0,
  2, 52, 54, 53, 0,
  2, 54, 55, 53, 0,
  2, 55, 56, 53, 0,
  2, 55, 57, 56, 0,
  2, 57, 58, 56, 0,
  2, 57, 59, 58, 0,
  2, 59, 60, 58, 0,
  2, 59, 61, 60, 0,
  2, 61, 62, 60, 0,
  2, 61, 63, 62, 0,
  2, 63, 64, 62, 0,
  2, 63, 65, 64, 0,
  2, 65, 66, 64, 0,
  2, 65, 67, 66, 0,
  2, 67, 68, 66, 0,
  2, 67, 69, 68, 0,
  2, 69, 70, 68, 0,
  2, 69, 71, 70, 0,
  2, 71, 72, 70, 0,
  2, 71, 73, 72, 0,
  2, 73, 74, 72, 0,
  2, 73, 75, 74, 0,
  2, 75, 76, 74, 0,
  2, 75, 77, 76, 0,
  2, 77, 78, 76, 0,
  2, 77, 79, 78, 0,
  2, 79, 80, 78, 0,
  2, 79, 81, 80, 0,
  2, 79, 82, 81, 0,
  2, 82, 83, 81, 0,
  2, 82, 84, 83, 0,
  2, 85, 3, 0, 0,
  2, 85, 86, 3, 0,
  2, 86, 5, 3, 0,
  2, 86, 87, 5, 0,
  2, 87, 7, 5, 0,
  2, 87, 88, 7, 0,
  2, 88, 8, 7, 0,
  2, 88, 10, 8, 0,
  2, 88, 89, 10, 0,
  2, 89, 90, 10, 0,
  2, 90, 12, 10, 0,
  2, 90, 91, 12, 0,
  2, 91, 14, 12, 0,
  2, 91, 17, 14, 0,
  2, 91, 92, 17, 0,
  2, 92, 20, 17, 0,
  2, 92, 93, 20, 0,
  2, 93, 22, 20, 0,
  2, 93, 94, 22, 0,
  2, 94, 24, 22, 0,
  2, 94, 95, 24, 0,
  2, 95, 26, 24, 0,
  2, 95, 96, 26, 0,
  2, 96, 28, 26, 0,
  2, 96, 97, 28, 0,
  2, 97, 30, 28, 0,
  2, 97, 98, 30, 0,
  2, 98, 31, 30, 0,
  2, 98, 34, 31, 0,
  2, 98, 36, 34, 0,
  2, 98, 99, 36, 0,
  2, 99, 100, 36, 0,
  2, 100, 38, 36, 0,
  2, 100, 101, 38, 0,
  2, 101, 40, 38, 0,
  2, 101, 42, 40, 0,
  2, 101, 102, 42, 0,
  2, 102, 44, 42, 0,
  2, 102, 103, 44, 0,
  2, 103, 45, 44, 0,
  2, 103, 104, 45, 0,
  2, 104, 105, 45, 0,
  2, 105, 106, 45, 0,
  2, 106, 107, 45, 0,
  2, 107, 46, 45, 0,
  2, 107, 108, 46, 0,
  2, 108, 48, 46, 0,
  2, 108, 109, 48, 0,
  2, 109, 50, 48, 0,
  2, 109, 110, 50, 0,
  2, 110, 52, 50, 0,
  2, 110, 111, 52, 0,
  2, 111, 54, 52, 0,
  2, 111, 112, 54, 0,
  2, 112, 55, 54, 0,
  2, 112, 113, 55, 0,
  2, 113, 57, 55, 0,
  2, 113, 114, 57, 0,
  2, 114, 59, 57, 0,
  2, 114, 115, 59, 0,
  2, 115, 61, 59, 0,
  2, 115, 116, 61, 0,
  2, 116, 63, 61, 0,
  2, 116, 117, 63, 0,
  2, 117, 65, 63, 0,
  2, 117, 118, 65, 0,
  2, 118, 67, 65, 0,
  2, 118, 119, 67, 0,
  2, 119, 69, 67, 0,
  2, 119, 120, 69, 0,
  2, 120, 71, 69, 0,
  2, 120, 121, 71, 0,
  2, 121, 122, 71, 0,
  2, 122, 73, 71, 0,
  2, 122, 123, 73, 0,
  2, 123, 75, 73, 0,
  2, 123, 77, 75, 0,
  2, 123, 124, 77, 0,
  2, 124, 79, 77, 0,
  2, 124, 125, 79, 0,
  2, 125, 82, 79, 0,
  2, 125, 126, 82, 0,
  2, 126, 84, 82, 0,
  2, 126, 127, 84, 0
]
 }
