 {
  "metadata" :
  {
   "formatVersion" : 3,
   "sourceFile" : "mch002r_022d",
   "generatedBy" : "Tr3 20161112",
   "vertices" : 11,
   "faces" : 9,
   "normals" : 0,
   "colors" : 0,
   "uvs" : 0,
   "materials" : 1
  },
  "scale" : 1.0,
  "materials": [{
    "DbgColor": 0,
    "DbgIndex": 0,
    "DbgName" : "Cap os_occbas_18_head: Occipital bone (basilar part)",
    "colorAmbient": [0.0, 0.0, 0.0],
    "colorDiffuse": [ 1.000, 0.784, 0.588],
    "colorSpecular": [0.16, 0.16, 0.16]
    }],
  "vertices": [
  0.0872779, 0.0694946, 0.009,
  0.0888768, 0.0697468, 0.009,
  0.0888335, 0.06867, 0.009,
  0.0918529, 0.0692442, 0.009,
  0.0903592, 0.0703432, 0.009,
  0.0918231, 0.0707034, 0.009,
  0.0864018, 0.0680775, 0.009,
  0.0856758, 0.0692559, 0.009,
  0.0904433, 0.0685813, 0.009,
  0.08775, 0.06761, 0.009,
  0.0849763, 0.0686329, 0.009
 ],
 "morphTargets": [],
 "morphColors": [],
 "normals": [],
 "colors": [],
 "uvs": [[]],
  "faces": [
  2, 0, 1, 2, 0,
  2, 3, 4, 5, 0,
  2, 0, 6, 7, 0,
  2, 8, 1, 4, 0,
  2, 2, 1, 8, 0,
  2, 0, 9, 6, 0,
  2, 8, 4, 3, 0,
  2, 7, 6, 10, 0,
  2, 0, 2, 9, 0
]
 }
