 {
  "metadata" :
  {
   "formatVersion" : 3,
   "sourceFile" : "mch002r_022d",
   "generatedBy" : "Tr3 20161112",
   "vertices" : 12,
   "faces" : 12,
   "normals" : 0,
   "colors" : 0,
   "uvs" : 0,
   "materials" : 1
  },
  "scale" : 1.0,
  "materials": [{
    "DbgColor": 0,
    "DbgIndex": 0,
    "DbgName" : "ec_posttip3_35: Ear canal",
    "colorAmbient": [0.0, 0.0, 0.0],
    "colorDiffuse": [ 0.824, 0.706, 0.549],
    "colorSpecular": [0.16, 0.16, 0.16]
    }],
  "vertices": [
  0.05313, 0.07306, 0.018,
  0.0514649, 0.0723574, 0.018,
  0.05322, 0.07279, 0.0175,
  0.0515475, 0.0721723, 0.0175,
  0.04988, 0.07148, 0.018,
  0.05, 0.07126, 0.0175,
  0.05306, 0.07327, 0.0185,
  0.051456, 0.0723972, 0.0185,
  0.04992, 0.07141, 0.0185,
  0.053, 0.07339, 0.019,
  0.0515264, 0.0723064, 0.019,
  0.04996, 0.07139, 0.019
 ],
 "morphTargets": [],
 "morphColors": [],
 "normals": [],
 "colors": [],
 "uvs": [[]],
  "faces": [
  2, 0, 1, 2, 0,
  2, 1, 3, 2, 0,
  2, 1, 4, 3, 0,
  2, 4, 5, 3, 0,
  2, 6, 7, 0, 0,
  2, 7, 1, 0, 0,
  2, 7, 8, 1, 0,
  2, 8, 4, 1, 0,
  2, 9, 10, 6, 0,
  2, 10, 7, 6, 0,
  2, 10, 11, 7, 0,
  2, 11, 8, 7, 0
]
 }
