 {
  "metadata" :
  {
   "formatVersion" : 3,
   "sourceFile" : "mch002r_022d",
   "generatedBy" : "Tr3 20161112",
   "vertices" : 23,
   "faces" : 23,
   "normals" : 0,
   "colors" : 0,
   "uvs" : 0,
   "materials" : 1
  },
  "scale" : 1.0,
  "materials": [{
    "DbgColor": 0,
    "DbgIndex": 0,
    "DbgName" : "Join labvest_24b: Semicircular canals",
    "colorAmbient": [0.0, 0.0, 0.0],
    "colorDiffuse": [ 1.000, 0.667, 1.000],
    "colorSpecular": [0.16, 0.16, 0.16]
    }],
  "vertices": [
  0.06455, 0.08106, 0.012,
  0.06386, 0.08151, 0.0115,
  0.06438, 0.08174, 0.0115,
  0.06405, 0.07983, 0.012,
  0.06405, 0.0791, 0.012,
  0.06416, 0.07968, 0.0115,
  0.0645, 0.07953, 0.0115,
  0.06513, 0.0786, 0.012,
  0.06513, 0.07901, 0.012,
  0.06495, 0.07957, 0.0115,
  0.06521, 0.07942, 0.012,
  0.06528, 0.07968, 0.012,
  0.06524, 0.07994, 0.0115,
  0.06528, 0.08039, 0.012,
  0.06401, 0.08095, 0.0115,
  0.06427, 0.08082, 0.012,
  0.06405, 0.08065, 0.0115,
  0.06408, 0.08032, 0.012,
  0.06416, 0.08024, 0.0115,
  0.06495, 0.08094, 0.012,
  0.06513, 0.08091, 0.0115,
  0.06483, 0.08136, 0.0115,
  0.06528, 0.08043, 0.0115
 ],
 "morphTargets": [],
 "morphColors": [],
 "normals": [],
 "colors": [],
 "uvs": [[]],
  "faces": [
  2, 0, 1, 2, 0,
  2, 3, 4, 5, 0,
  2, 4, 6, 5, 0,
  2, 4, 7, 6, 0,
  2, 7, 8, 6, 0,
  2, 8, 9, 6, 0,
  2, 8, 10, 9, 0,
  2, 10, 11, 9, 0,
  2, 11, 12, 9, 0,
  2, 11, 13, 12, 0,
  2, 0, 14, 1, 0,
  2, 0, 15, 14, 0,
  2, 15, 16, 14, 0,
  2, 15, 17, 16, 0,
  2, 17, 18, 16, 0,
  2, 17, 3, 18, 0,
  2, 3, 5, 18, 0,
  2, 13, 19, 20, 0,
  2, 19, 21, 20, 0,
  2, 13, 22, 12, 0,
  2, 13, 20, 22, 0,
  2, 19, 0, 21, 0,
  2, 0, 2, 21, 0
]
 }
