 {
  "metadata" :
  {
   "formatVersion" : 3,
   "sourceFile" : "mch002r_022d",
   "generatedBy" : "Tr3 20161112",
   "vertices" : 17,
   "faces" : 15,
   "normals" : 0,
   "colors" : 0,
   "uvs" : 0,
   "materials" : 1
  },
  "scale" : 1.0,
  "materials": [{
    "DbgColor": 0,
    "DbgIndex": 0,
    "DbgName" : "Join tm_medant_35: Pars flaccida",
    "colorAmbient": [0.0, 0.0, 0.0],
    "colorDiffuse": [ 1.000, 1.000, 1.000],
    "colorSpecular": [0.16, 0.16, 0.16]
    }],
  "vertices": [
  0.059722, 0.070392, 0.017,
  0.060025, 0.070565, 0.0175,
  0.059866, 0.070216, 0.017,
  0.061325, 0.06961, 0.0175,
  0.06166, 0.06937, 0.0175,
  0.06001, 0.07004, 0.017,
  0.06099, 0.06985, 0.0175,
  0.060655, 0.07009, 0.0175,
  0.06032, 0.07033, 0.0175,
  0.05887, 0.07199, 0.0175,
  0.059085, 0.0716925, 0.0175,
  0.05929, 0.07092, 0.017,
  0.05973, 0.0708, 0.0175,
  0.059578, 0.070568, 0.017,
  0.059434, 0.070744, 0.017,
  0.059515, 0.0710975, 0.0175,
  0.0593, 0.071395, 0.0175
 ],
 "morphTargets": [],
 "morphColors": [],
 "normals": [],
 "colors": [],
 "uvs": [[]],
  "faces": [
  2, 0, 1, 2, 0,
  2, 3, 4, 5, 0,
  2, 6, 3, 5, 0,
  2, 7, 6, 5, 0,
  2, 8, 7, 5, 0,
  2, 2, 8, 5, 0,
  2, 1, 8, 2, 0,
  2, 9, 10, 11, 0,
  2, 12, 1, 0, 0,
  2, 13, 12, 0, 0,
  2, 14, 12, 13, 0,
  2, 15, 12, 14, 0,
  2, 11, 15, 14, 0,
  2, 16, 15, 11, 0,
  2, 10, 16, 11, 0
]
 }
