 {
  "metadata" :
  {
   "formatVersion" : 3,
   "sourceFile" : "mch002r_022d",
   "generatedBy" : "Tr3 20161112",
   "vertices" : 7,
   "faces" : 5,
   "normals" : 0,
   "colors" : 0,
   "uvs" : 0,
   "materials" : 1
  },
  "scale" : 1.0,
  "materials": [{
    "DbgColor": 0,
    "DbgIndex": 0,
    "DbgName" : "Cap skin_25_tail: Skin",
    "colorAmbient": [0.0, 0.0, 0.0],
    "colorDiffuse": [ 1.000, 0.753, 0.796],
    "colorSpecular": [0.16, 0.16, 0.16]
    }],
  "vertices": [
  0.0429974, 0.0683341, 0.013,
  0.0440252, 0.0696407, 0.013,
  0.0445327, 0.0693257, 0.013,
  0.0448551, 0.0710179, 0.013,
  0.0424364, 0.0666577, 0.013,
  0.0415425, 0.0674698, 0.013,
  0.0436987, 0.0678131, 0.013
 ],
 "morphTargets": [],
 "morphColors": [],
 "normals": [],
 "colors": [],
 "uvs": [[]],
  "faces": [
  2, 0, 1, 2, 0,
  2, 1, 3, 2, 0,
  2, 4, 5, 0, 0,
  2, 6, 4, 0, 0,
  2, 2, 6, 0, 0
]
 }
