 {
  "metadata" :
  {
   "formatVersion" : 3,
   "sourceFile" : "mch002r_022d",
   "generatedBy" : "Tr3 20161112",
   "vertices" : 22,
   "faces" : 27,
   "normals" : 0,
   "colors" : 0,
   "uvs" : 0,
   "materials" : 1
  },
  "scale" : 1.0,
  "materials": [{
    "DbgColor": 0,
    "DbgIndex": 0,
    "DbgName" : "ec_med_39: Ear canal",
    "colorAmbient": [0.0, 0.0, 0.0],
    "colorDiffuse": [ 0.824, 0.706, 0.549],
    "colorSpecular": [0.16, 0.16, 0.16]
    }],
  "vertices": [
  0.05901, 0.07586, 0.02,
  0.0596209, 0.073728, 0.02,
  0.05836, 0.07524, 0.0195,
  0.0590519, 0.0730876, 0.0195,
  0.0612317, 0.0720998, 0.02,
  0.0607306, 0.0715427, 0.0195,
  0.062583, 0.070217, 0.0195,
  0.0629681, 0.0706009, 0.02,
  0.06456, 0.06907, 0.0195,
  0.06495, 0.06949, 0.02,
  0.0596, 0.07636, 0.0205,
  0.0608776, 0.0738459, 0.0205,
  0.0628998, 0.0717803, 0.0205,
  0.06524, 0.07012, 0.0205,
  0.06041, 0.07639, 0.021,
  0.061562, 0.0740561, 0.021,
  0.0634916, 0.0722437, 0.021,
  0.06566, 0.07073, 0.021,
  0.06156, 0.07616, 0.0215,
  0.0621041, 0.0740821, 0.0215,
  0.0637125, 0.072571, 0.0215,
  0.06571, 0.07169, 0.0215
 ],
 "morphTargets": [],
 "morphColors": [],
 "normals": [],
 "colors": [],
 "uvs": [[]],
  "faces": [
  2, 0, 1, 2, 0,
  2, 1, 3, 2, 0,
  2, 1, 4, 3, 0,
  2, 4, 5, 3, 0,
  2, 4, 6, 5, 0,
  2, 4, 7, 6, 0,
  2, 7, 8, 6, 0,
  2, 7, 9, 8, 0,
  2, 10, 11, 0, 0,
  2, 11, 1, 0, 0,
  2, 11, 4, 1, 0,
  2, 11, 12, 4, 0,
  2, 12, 7, 4, 0,
  2, 12, 13, 7, 0,
  2, 13, 9, 7, 0,
  2, 14, 11, 10, 0,
  2, 14, 15, 11, 0,
  2, 15, 12, 11, 0,
  2, 15, 16, 12, 0,
  2, 16, 13, 12, 0,
  2, 16, 17, 13, 0,
  2, 18, 15, 14, 0,
  2, 18, 19, 15, 0,
  2, 19, 16, 15, 0,
  2, 19, 20, 16, 0,
  2, 20, 21, 16, 0,
  2, 21, 17, 16, 0
]
 }
