 {
  "metadata" :
  {
   "formatVersion" : 3,
   "sourceFile" : "mch002r_022d",
   "generatedBy" : "Tr3 20161112",
   "vertices" : 20,
   "faces" : 18,
   "normals" : 0,
   "colors" : 0,
   "uvs" : 0,
   "materials" : 1
  },
  "scale" : 1.0,
  "materials": [{
    "DbgColor": 0,
    "DbgIndex": 0,
    "DbgName" : "tip_lat_35: Probe tip",
    "colorAmbient": [0.0, 0.0, 0.0],
    "colorDiffuse": [ 1.000, 1.000, 1.000],
    "colorSpecular": [0.16, 0.16, 0.16]
    }],
  "vertices": [
  0.04604, 0.06848, 0.018,
  0.04642, 0.07005, 0.0175,
  0.04617, 0.06905, 0.0175,
  0.0467, 0.07102, 0.018,
  0.04601, 0.06823, 0.0185,
  0.0468, 0.07132, 0.0185,
  0.04596, 0.06796, 0.019,
  0.0469, 0.07162, 0.019,
  0.04597, 0.06788, 0.0195,
  0.04698, 0.07177, 0.0195,
  0.04598, 0.06786, 0.02,
  0.04702, 0.07181, 0.02,
  0.04602, 0.06789, 0.0205,
  0.04705, 0.07179, 0.0205,
  0.04607, 0.06799, 0.021,
  0.04702, 0.07158, 0.021,
  0.04616, 0.06821, 0.0215,
  0.04697, 0.07129, 0.0215,
  0.04634, 0.06879, 0.022,
  0.04677, 0.07042, 0.022
 ],
 "morphTargets": [],
 "morphColors": [],
 "normals": [],
 "colors": [],
 "uvs": [[]],
  "faces": [
  2, 0, 1, 2, 0,
  2, 0, 3, 1, 0,
  2, 4, 3, 0, 0,
  2, 4, 5, 3, 0,
  2, 6, 5, 4, 0,
  2, 6, 7, 5, 0,
  2, 8, 7, 6, 0,
  2, 8, 9, 7, 0,
  2, 10, 9, 8, 0,
  2, 10, 11, 9, 0,
  2, 12, 11, 10, 0,
  2, 12, 13, 11, 0,
  2, 14, 15, 12, 0,
  2, 15, 13, 12, 0,
  2, 16, 17, 14, 0,
  2, 17, 15, 14, 0,
  2, 18, 19, 16, 0,
  2, 19, 17, 16, 0
]
 }
