 {
  "metadata" :
  {
   "formatVersion" : 3,
   "sourceFile" : "mch002r_022d",
   "generatedBy" : "Tr3 20161112",
   "vertices" : 26,
   "faces" : 24,
   "normals" : 0,
   "colors" : 0,
   "uvs" : 0,
   "materials" : 1
  },
  "scale" : 1.0,
  "materials": [{
    "DbgColor": 0,
    "DbgIndex": 0,
    "DbgName" : "Join JSFT31:                 ",
    "colorAmbient": [0.0, 0.0, 0.0],
    "colorDiffuse": [ 1.000, 1.000, 1.000],
    "colorSpecular": [0.16, 0.16, 0.16]
    }],
  "vertices": [
  0.055657, 0.0796035, 0.0225,
  0.05909, 0.07976, 0.022,
  0.0548889, 0.0797741, 0.022,
  0.06035, 0.07957, 0.0225,
  0.06012, 0.07976, 0.022,
  0.04624, 0.07924, 0.0225,
  0.0509403, 0.0792503, 0.0225,
  0.04646, 0.07923, 0.022,
  0.0506674, 0.0795712, 0.022,
  0.0645027, 0.0731045, 0.0225,
  0.064556, 0.077009, 0.022,
  0.06295, 0.07584, 0.022,
  0.0671776, 0.0744179, 0.022,
  0.06579, 0.07291, 0.022,
  0.0667458, 0.0708455, 0.0225,
  0.066952, 0.0698574, 0.022,
  0.06872, 0.0727, 0.0225,
  0.06969, 0.07274, 0.022,
  0.0719853, 0.0726904, 0.0225,
  0.0741837, 0.0727664, 0.022,
  0.0752527, 0.0727402, 0.0225,
  0.07868, 0.07274, 0.022,
  0.07852, 0.07279, 0.0225,
  0.0594638, 0.0767111, 0.0225,
  0.0587047, 0.0763652, 0.022,
  0.0619403, 0.0749911, 0.0225
 ],
 "morphTargets": [],
 "morphColors": [],
 "normals": [],
 "colors": [],
 "uvs": [[]],
  "faces": [
  2, 0, 1, 2, 0,
  2, 3, 4, 1, 0,
  2, 0, 3, 1, 0,
  2, 5, 6, 7, 0,
  2, 6, 8, 7, 0,
  2, 6, 2, 8, 0,
  2, 6, 0, 2, 0,
  2, 9, 10, 11, 0,
  2, 9, 12, 10, 0,
  2, 9, 13, 12, 0,
  2, 9, 14, 13, 0,
  2, 14, 15, 13, 0,
  2, 14, 16, 15, 0,
  2, 16, 17, 15, 0,
  2, 16, 18, 17, 0,
  2, 18, 19, 17, 0,
  2, 18, 20, 19, 0,
  2, 20, 21, 19, 0,
  2, 20, 22, 21, 0,
  2, 3, 23, 4, 0,
  2, 23, 24, 4, 0,
  2, 23, 11, 24, 0,
  2, 23, 25, 11, 0,
  2, 25, 9, 11, 0
]
 }
