 {
  "metadata" :
  {
   "formatVersion" : 3,
   "sourceFile" : "mch002r_022d",
   "generatedBy" : "Tr3 20161112",
   "vertices" : 25,
   "faces" : 30,
   "normals" : 0,
   "colors" : 0,
   "uvs" : 0,
   "materials" : 1
  },
  "scale" : 1.0,
  "materials": [{
    "DbgColor": 0,
    "DbgIndex": 0,
    "DbgName" : "ec_lat_39: Ear canal",
    "colorAmbient": [0.0, 0.0, 0.0],
    "colorDiffuse": [ 0.824, 0.706, 0.549],
    "colorSpecular": [0.16, 0.16, 0.16]
    }],
  "vertices": [
  0.04704, 0.06755, 0.02,
  0.0492071, 0.0678992, 0.02,
  0.04702, 0.06759, 0.0195,
  0.0495556, 0.067813, 0.0195,
  0.0510561, 0.0691084, 0.02,
  0.0517361, 0.0691518, 0.0195,
  0.0538099, 0.0706592, 0.0195,
  0.0548894, 0.0726181, 0.0195,
  0.0527544, 0.072355, 0.0195,
  0.050502, 0.0711993, 0.0195,
  0.0501024, 0.0706105, 0.02,
  0.04795, 0.07113, 0.0195,
  0.04798, 0.07115, 0.02,
  0.04709, 0.06762, 0.0205,
  0.0490888, 0.0680961, 0.0205,
  0.0496035, 0.0698448, 0.0205,
  0.048, 0.07113, 0.0205,
  0.04716, 0.06779, 0.021,
  0.04909, 0.0688647, 0.021,
  0.04797, 0.07085, 0.021,
  0.04727, 0.06811, 0.0215,
  0.0485539, 0.0689752, 0.0215,
  0.04789, 0.07048, 0.0215,
  0.04747, 0.06882, 0.022,
  0.0477, 0.06966, 0.022
 ],
 "morphTargets": [],
 "morphColors": [],
 "normals": [],
 "colors": [],
 "uvs": [[]],
  "faces": [
  2, 0, 1, 2, 0,
  2, 1, 3, 2, 0,
  2, 1, 4, 3, 0,
  2, 4, 5, 3, 0,
  2, 4, 6, 5, 0,
  2, 4, 7, 6, 0,
  2, 4, 8, 7, 0,
  2, 4, 9, 8, 0,
  2, 4, 10, 9, 0,
  2, 10, 11, 9, 0,
  2, 10, 12, 11, 0,
  2, 13, 14, 0, 0,
  2, 14, 1, 0, 0,
  2, 14, 15, 1, 0,
  2, 15, 4, 1, 0,
  2, 15, 10, 4, 0,
  2, 15, 12, 10, 0,
  2, 15, 16, 12, 0,
  2, 17, 14, 13, 0,
  2, 17, 18, 14, 0,
  2, 18, 15, 14, 0,
  2, 18, 19, 15, 0,
  2, 19, 16, 15, 0,
  2, 20, 21, 17, 0,
  2, 21, 18, 17, 0,
  2, 21, 22, 18, 0,
  2, 22, 19, 18, 0,
  2, 23, 21, 20, 0,
  2, 23, 24, 21, 0,
  2, 24, 22, 21, 0
]
 }
