 {
  "metadata" :
  {
   "formatVersion" : 3,
   "sourceFile" : "mch002r_022d",
   "generatedBy" : "Tr3 20161112",
   "vertices" : 61,
   "faces" : 90,
   "normals" : 0,
   "colors" : 0,
   "uvs" : 0,
   "materials" : 1
  },
  "scale" : 1.0,
  "materials": [{
    "DbgColor": 0,
    "DbgIndex": 0,
    "DbgName" : "Cap CNEWBONEH: (no description)",
    "colorAmbient": [0.0, 0.0, 0.0],
    "colorDiffuse": [ 1.000, 1.000, 1.000],
    "colorSpecular": [0.16, 0.16, 0.16]
    }],
  "vertices": [
  0.05661, 0.0676, 0.017,
  0.0580097, 0.0692316, 0.017,
  0.0597938, 0.0670656, 0.017,
  0.0569816, 0.0687125, 0.017,
  0.0639039, 0.0690197, 0.017,
  0.0663891, 0.0662295, 0.017,
  0.0631111, 0.0668869, 0.017,
  0.0662561, 0.0692735, 0.017,
  0.060632, 0.0693339, 0.017,
  0.0534285, 0.0775922, 0.017,
  0.05166, 0.08055, 0.017,
  0.0558247, 0.0798753, 0.017,
  0.051708, 0.0793724, 0.017,
  0.0576175, 0.0751751, 0.017,
  0.0561741, 0.073125, 0.017,
  0.0552085, 0.0751565, 0.017,
  0.0585515, 0.0732994, 0.017,
  0.0572589, 0.0726648, 0.017,
  0.0582451, 0.0720474, 0.017,
  0.0591225, 0.0712581, 0.017,
  0.0610961, 0.0732074, 0.017,
  0.0621982, 0.071183, 0.017,
  0.0598151, 0.0703146, 0.017,
  0.0590982, 0.0696889, 0.017,
  0.07574, 0.07284, 0.017,
  0.0768868, 0.0697416, 0.017,
  0.0745419, 0.0697634, 0.017,
  0.0730188, 0.0716621, 0.017,
  0.0717692, 0.0742911, 0.017,
  0.0708728, 0.0716719, 0.017,
  0.0694219, 0.0732248, 0.017,
  0.0678089, 0.0757691, 0.017,
  0.0678046, 0.072976, 0.017,
  0.0659692, 0.073186, 0.017,
  0.0648029, 0.074834, 0.017,
  0.063882, 0.0773353, 0.017,
  0.0627475, 0.0748103, 0.017,
  0.0586549, 0.0766663, 0.017,
  0.0598846, 0.0786961, 0.017,
  0.0603477, 0.0756, 0.017,
  0.0567697, 0.077194, 0.017,
  0.051882, 0.0782053, 0.017,
  0.0521223, 0.0770504, 0.017,
  0.0524886, 0.075928, 0.017,
  0.0531926, 0.0749963, 0.017,
  0.0541372, 0.0743133, 0.017,
  0.0551413, 0.0736934, 0.017,
  0.0680458, 0.069639, 0.017,
  0.0673801, 0.0682636, 0.017,
  0.068788, 0.0678884, 0.017,
  0.0699914, 0.069689, 0.017,
  0.0711825, 0.0677631, 0.017,
  0.0721702, 0.0697443, 0.017,
  0.0733939, 0.0679118, 0.017,
  0.0648195, 0.0711741, 0.017,
  0.0669628, 0.0712811, 0.017,
  0.068854, 0.0714157, 0.017,
  0.0636069, 0.0730695, 0.017,
  0.0696942, 0.0657316, 0.017,
  0.0730222, 0.0656066, 0.017,
  0.0760369, 0.0666793, 0.017
 ],
 "morphTargets": [],
 "morphColors": [],
 "normals": [],
 "colors": [],
 "uvs": [[]],
  "faces": [
  2, 0, 1, 2, 0,
  2, 0, 3, 1, 0,
  2, 4, 5, 6, 0,
  2, 7, 5, 4, 0,
  2, 4, 6, 8, 0,
  2, 9, 10, 11, 0,
  2, 9, 12, 10, 0,
  2, 2, 1, 8, 0,
  2, 13, 14, 15, 0,
  2, 16, 14, 13, 0,
  2, 17, 14, 16, 0,
  2, 18, 17, 16, 0,
  2, 19, 18, 16, 0,
  2, 20, 19, 16, 0,
  2, 21, 19, 20, 0,
  2, 8, 19, 21, 0,
  2, 22, 19, 8, 0,
  2, 23, 22, 8, 0,
  2, 1, 23, 8, 0,
  2, 6, 2, 8, 0,
  2, 24, 25, 26, 0,
  2, 27, 24, 26, 0,
  2, 28, 24, 27, 0,
  2, 29, 28, 27, 0,
  2, 30, 28, 29, 0,
  2, 31, 28, 30, 0,
  2, 32, 31, 30, 0,
  2, 33, 31, 32, 0,
  2, 34, 31, 33, 0,
  2, 35, 31, 34, 0,
  2, 36, 35, 34, 0,
  2, 37, 38, 39, 0,
  2, 9, 11, 40, 0,
  2, 41, 12, 9, 0,
  2, 42, 41, 9, 0,
  2, 43, 42, 9, 0,
  2, 44, 43, 9, 0,
  2, 15, 44, 9, 0,
  2, 45, 44, 15, 0,
  2, 46, 45, 15, 0,
  2, 14, 46, 15, 0,
  2, 7, 47, 48, 0,
  2, 47, 49, 48, 0,
  2, 47, 50, 49, 0,
  2, 50, 51, 49, 0,
  2, 50, 52, 51, 0,
  2, 52, 53, 51, 0,
  2, 52, 26, 53, 0,
  2, 21, 4, 8, 0,
  2, 21, 54, 4, 0,
  2, 54, 7, 4, 0,
  2, 54, 55, 7, 0,
  2, 55, 47, 7, 0,
  2, 55, 56, 47, 0,
  2, 56, 50, 47, 0,
  2, 56, 29, 50, 0,
  2, 29, 52, 50, 0,
  2, 29, 27, 52, 0,
  2, 27, 26, 52, 0,
  2, 20, 57, 21, 0,
  2, 57, 54, 21, 0,
  2, 57, 33, 54, 0,
  2, 33, 55, 54, 0,
  2, 33, 32, 55, 0,
  2, 32, 56, 55, 0,
  2, 32, 30, 56, 0,
  2, 30, 29, 56, 0,
  2, 13, 39, 16, 0,
  2, 39, 20, 16, 0,
  2, 39, 36, 20, 0,
  2, 36, 57, 20, 0,
  2, 36, 34, 57, 0,
  2, 34, 33, 57, 0,
  2, 9, 40, 15, 0,
  2, 40, 13, 15, 0,
  2, 40, 37, 13, 0,
  2, 37, 39, 13, 0,
  2, 49, 5, 48, 0,
  2, 58, 5, 49, 0,
  2, 51, 58, 49, 0,
  2, 59, 58, 51, 0,
  2, 53, 59, 51, 0,
  2, 60, 59, 53, 0,
  2, 26, 60, 53, 0,
  2, 25, 60, 26, 0,
  2, 38, 40, 11, 0,
  2, 7, 48, 5, 0,
  2, 35, 39, 38, 0,
  2, 36, 39, 35, 0,
  2, 37, 40, 38, 0
]
 }
