 {
  "metadata" :
  {
   "formatVersion" : 3,
   "sourceFile" : "mch002r_022d",
   "generatedBy" : "Tr3 20161112",
   "vertices" : 55,
   "faces" : 53,
   "normals" : 0,
   "colors" : 0,
   "uvs" : 0,
   "materials" : 1
  },
  "scale" : 1.0,
  "materials": [{
    "DbgColor": 0,
    "DbgIndex": 0,
    "DbgName" : "os_temp_a_32: Temporal bone",
    "colorAmbient": [0.0, 0.0, 0.0],
    "colorDiffuse": [ 1.000, 0.784, 0.588],
    "colorSpecular": [0.16, 0.16, 0.16]
    }],
  "vertices": [
  0.05257, 0.05, 0.0165,
  0.0528812, 0.0517025, 0.016,
  0.05306, 0.05, 0.016,
  0.052524, 0.0517046, 0.0165,
  0.05273, 0.0534064, 0.016,
  0.0525424, 0.0534061, 0.0165,
  0.0527368, 0.0550999, 0.0165,
  0.0527776, 0.0551169, 0.016,
  0.0528859, 0.0567932, 0.0165,
  0.0528397, 0.056827, 0.016,
  0.0535631, 0.0583438, 0.0165,
  0.0530846, 0.0585085, 0.016,
  0.0537447, 0.0600853, 0.016,
  0.0542211, 0.0599129, 0.0165,
  0.0542901, 0.0617036, 0.016,
  0.0554679, 0.060969, 0.0165,
  0.0546, 0.0633848, 0.016,
  0.0570531, 0.0615791, 0.0165,
  0.0581066, 0.0628003, 0.0165,
  0.0546507, 0.0650894, 0.016,
  0.0587391, 0.0643831, 0.0165,
  0.0587916, 0.0659568, 0.0165,
  0.0574397, 0.066737, 0.0165,
  0.0550993, 0.0667375, 0.016,
  0.0559085, 0.0674151, 0.0165,
  0.0551378, 0.0684269, 0.016,
  0.0557226, 0.0690751, 0.0165,
  0.0550984, 0.0700961, 0.016,
  0.0563489, 0.0706113, 0.0165,
  0.0552754, 0.0717613, 0.016,
  0.0563982, 0.0720718, 0.0165,
  0.0553362, 0.0733799, 0.0165,
  0.0541324, 0.0730268, 0.016,
  0.0539166, 0.0743002, 0.0165,
  0.0529457, 0.0742571, 0.016,
  0.0526022, 0.0753763, 0.0165,
  0.0516958, 0.0751366, 0.016,
  0.0519399, 0.0768836, 0.0165,
  0.0515189, 0.0768403, 0.016,
  0.0515487, 0.0785338, 0.016,
  0.0518941, 0.0785855, 0.0165,
  0.0514341, 0.0802331, 0.016,
  0.0516643, 0.0802727, 0.0165,
  0.0512021, 0.0819296, 0.016,
  0.0516004, 0.0819572, 0.0165,
  0.0511466, 0.083602, 0.016,
  0.0517692, 0.0836534, 0.0165,
  0.0513862, 0.0852865, 0.016,
  0.0519751, 0.0853357, 0.0165,
  0.0519707, 0.0868964, 0.016,
  0.0525464, 0.0869408, 0.0165,
  0.0525521, 0.0885075, 0.016,
  0.0532722, 0.0884778, 0.0165,
  0.05334, 0.09, 0.016,
  0.05404, 0.09, 0.0165
 ],
 "morphTargets": [],
 "morphColors": [],
 "normals": [],
 "colors": [],
 "uvs": [[]],
  "faces": [
  2, 0, 1, 2, 0,
  2, 0, 3, 1, 0,
  2, 3, 4, 1, 0,
  2, 3, 5, 4, 0,
  2, 5, 6, 4, 0,
  2, 6, 7, 4, 0,
  2, 6, 8, 7, 0,
  2, 8, 9, 7, 0,
  2, 8, 10, 9, 0,
  2, 10, 11, 9, 0,
  2, 10, 12, 11, 0,
  2, 10, 13, 12, 0,
  2, 13, 14, 12, 0,
  2, 13, 15, 14, 0,
  2, 15, 16, 14, 0,
  2, 15, 17, 16, 0,
  2, 17, 18, 16, 0,
  2, 18, 19, 16, 0,
  2, 18, 20, 19, 0,
  2, 20, 21, 19, 0,
  2, 21, 22, 19, 0,
  2, 22, 23, 19, 0,
  2, 22, 24, 23, 0,
  2, 24, 25, 23, 0,
  2, 24, 26, 25, 0,
  2, 26, 27, 25, 0,
  2, 26, 28, 27, 0,
  2, 28, 29, 27, 0,
  2, 28, 30, 29, 0,
  2, 30, 31, 29, 0,
  2, 31, 32, 29, 0,
  2, 31, 33, 32, 0,
  2, 33, 34, 32, 0,
  2, 33, 35, 34, 0,
  2, 35, 36, 34, 0,
  2, 35, 37, 36, 0,
  2, 37, 38, 36, 0,
  2, 37, 39, 38, 0,
  2, 37, 40, 39, 0,
  2, 40, 41, 39, 0,
  2, 40, 42, 41, 0,
  2, 42, 43, 41, 0,
  2, 42, 44, 43, 0,
  2, 44, 45, 43, 0,
  2, 44, 46, 45, 0,
  2, 46, 47, 45, 0,
  2, 46, 48, 47, 0,
  2, 48, 49, 47, 0,
  2, 48, 50, 49, 0,
  2, 50, 51, 49, 0,
  2, 50, 52, 51, 0,
  2, 52, 53, 51, 0,
  2, 52, 54, 53, 0
]
 }
