 {
  "metadata" :
  {
   "formatVersion" : 3,
   "sourceFile" : "mch002r_022d",
   "generatedBy" : "Tr3 20161112",
   "vertices" : 201,
   "faces" : 268,
   "normals" : 0,
   "colors" : 0,
   "uvs" : 0,
   "materials" : 1
  },
  "scale" : 1.0,
  "materials": [{
    "DbgColor": 0,
    "DbgIndex": 0,
    "DbgName" : "os_cav_24: Cavity wall",
    "colorAmbient": [0.0, 0.0, 0.0],
    "colorDiffuse": [ 1.000, 0.784, 0.588],
    "colorSpecular": [0.16, 0.16, 0.16]
    }],
  "vertices": [
  0.05886, 0.06961, 0.0125,
  0.0597185, 0.069572, 0.0125,
  0.05942, 0.06975, 0.012,
  0.0602558, 0.0699547, 0.012,
  0.0605421, 0.0697745, 0.0125,
  0.0609151, 0.0704864, 0.012,
  0.0610841, 0.0704174, 0.0125,
  0.0615144, 0.0711043, 0.012,
  0.0617892, 0.0705569, 0.0125,
  0.0625853, 0.0706905, 0.0125,
  0.0626814, 0.0714629, 0.0125,
  0.0619461, 0.0718296, 0.012,
  0.0622388, 0.0721813, 0.0125,
  0.0621055, 0.0726703, 0.012,
  0.0619292, 0.0729747, 0.0125,
  0.0615353, 0.0732023, 0.012,
  0.0612259, 0.0734239, 0.0125,
  0.0607589, 0.0735944, 0.012,
  0.060442, 0.0737798, 0.0125,
  0.0600455, 0.0740884, 0.012,
  0.0596567, 0.0741329, 0.0125,
  0.0592563, 0.0744531, 0.012,
  0.058849, 0.0744286, 0.0125,
  0.0584725, 0.0748302, 0.012,
  0.058107, 0.0748168, 0.0125,
  0.0579343, 0.0754757, 0.012,
  0.057593, 0.0754779, 0.0125,
  0.0576068, 0.0763255, 0.0125,
  0.0580704, 0.0762981, 0.012,
  0.05787, 0.0771036, 0.0125,
  0.0579854, 0.07712, 0.012,
  0.0575806, 0.0778525, 0.0125,
  0.0577683, 0.0779606, 0.012,
  0.0576, 0.0787127, 0.0125,
  0.0576776, 0.0788253, 0.012,
  0.0571729, 0.0794568, 0.0125,
  0.0574571, 0.0796553, 0.012,
  0.0567559, 0.0801637, 0.012,
  0.0567115, 0.0801835, 0.0125,
  0.0560705, 0.0806734, 0.012,
  0.0562144, 0.0808862, 0.0125,
  0.0555021, 0.0813307, 0.012,
  0.0556154, 0.0815042, 0.0125,
  0.0548155, 0.0817981, 0.0125,
  0.054821, 0.0818361, 0.012,
  0.0539626, 0.0819165, 0.0125,
  0.0539571, 0.08191, 0.012,
  0.0531144, 0.0820648, 0.0125,
  0.0531017, 0.0820027, 0.012,
  0.0523261, 0.082386, 0.012,
  0.0523771, 0.0824829, 0.0125,
  0.0516401, 0.082712, 0.0125,
  0.0515123, 0.0824645, 0.012,
  0.0509222, 0.0822886, 0.0125,
  0.0508911, 0.0820385, 0.012,
  0.0505615, 0.0816002, 0.0125,
  0.0506424, 0.0812052, 0.012,
  0.0508007, 0.0807849, 0.0125,
  0.0510644, 0.0805253, 0.012,
  0.0515925, 0.0804998, 0.0125,
  0.0518796, 0.0802216, 0.012,
  0.0523241, 0.0800597, 0.0125,
  0.0526767, 0.0798738, 0.012,
  0.0529353, 0.0794576, 0.0125,
  0.0531614, 0.0791654, 0.012,
  0.05334, 0.0787403, 0.0125,
  0.0533948, 0.0783583, 0.012,
  0.0531503, 0.077939, 0.0125,
  0.0530454, 0.0775698, 0.012,
  0.0530043, 0.0771583, 0.0125,
  0.0524397, 0.0769543, 0.012,
  0.0531612, 0.0763116, 0.0125,
  0.0517979, 0.0763674, 0.012,
  0.053144, 0.0754741, 0.0125,
  0.0523698, 0.07531, 0.0125,
  0.0514936, 0.0756402, 0.012,
  0.0515526, 0.0751204, 0.0125,
  0.0516887, 0.0748085, 0.012,
  0.0514545, 0.0744143, 0.0125,
  0.0522225, 0.07436, 0.0125,
  0.0523931, 0.0744423, 0.012,
  0.0530836, 0.07436, 0.0125,
  0.0532455, 0.0745909, 0.012,
  0.0538741, 0.0746738, 0.0125,
  0.0540024, 0.0749081, 0.012,
  0.0547015, 0.0746893, 0.0125,
  0.0547543, 0.0749273, 0.012,
  0.05498, 0.0741671, 0.012,
  0.0546511, 0.0741285, 0.0125,
  0.0541698, 0.0739005, 0.012,
  0.0538549, 0.07382, 0.0125,
  0.0533015, 0.0738497, 0.012,
  0.0529938, 0.07382, 0.0125,
  0.052485, 0.0736817, 0.012,
  0.0521347, 0.073808, 0.0125,
  0.0517101, 0.0733316, 0.012,
  0.0513227, 0.0735216, 0.0125,
  0.0509059, 0.0730144, 0.012,
  0.0510416, 0.0728295, 0.0125,
  0.0504028, 0.0723096, 0.012,
  0.0509357, 0.0719799, 0.0125,
  0.0506311, 0.0714702, 0.012,
  0.0507629, 0.0711403, 0.0125,
  0.0511731, 0.07087, 0.012,
  0.0510723, 0.0704276, 0.0125,
  0.0518698, 0.0704038, 0.0125,
  0.0518735, 0.071228, 0.012,
  0.0523194, 0.0711373, 0.0125,
  0.0524647, 0.0718647, 0.012,
  0.0526561, 0.0719161, 0.0125,
  0.0527649, 0.0726563, 0.012,
  0.0533215, 0.0724274, 0.0125,
  0.0536209, 0.0728113, 0.012,
  0.0540325, 0.0728366, 0.0125,
  0.0544276, 0.0726519, 0.012,
  0.0547012, 0.0728943, 0.0125,
  0.05479, 0.0720569, 0.0125,
  0.0548988, 0.0719553, 0.012,
  0.0553346, 0.0714548, 0.0125,
  0.0552148, 0.0711511, 0.012,
  0.0558758, 0.0716186, 0.012,
  0.0559736, 0.0708908, 0.0125,
  0.0565449, 0.0702472, 0.0125,
  0.0558131, 0.0724468, 0.012,
  0.0565587, 0.0723777, 0.012,
  0.0572569, 0.0718597, 0.012,
  0.0581033, 0.0717108, 0.012,
  0.0571545, 0.0696629, 0.0125,
  0.0580006, 0.06956, 0.0125,
  0.058882, 0.071324, 0.012,
  0.058995, 0.0704974, 0.012,
  0.05956, 0.069, 0.013,
  0.0603451, 0.0693681, 0.013,
  0.0609041, 0.070033, 0.013,
  0.0615545, 0.0705, 0.013,
  0.0620498, 0.069957, 0.013,
  0.0629113, 0.0698466, 0.013,
  0.0637711, 0.0697931, 0.013,
  0.0638904, 0.0705663, 0.013,
  0.0631507, 0.0708889, 0.013,
  0.0628532, 0.0717009, 0.013,
  0.062475, 0.0724816, 0.013,
  0.0620807, 0.0732585, 0.013,
  0.0612925, 0.0736288, 0.013,
  0.060507, 0.0740055, 0.013,
  0.0596961, 0.0743218, 0.013,
  0.0588767, 0.0746178, 0.013,
  0.0582317, 0.0751883, 0.013,
  0.0577483, 0.0758994, 0.013,
  0.0575699, 0.0767351, 0.013,
  0.0574805, 0.0776011, 0.013,
  0.0573129, 0.0784537, 0.013,
  0.057077, 0.0792923, 0.013,
  0.0568503, 0.0801335, 0.013,
  0.0561704, 0.0805718, 0.013,
  0.0555534, 0.0811778, 0.013,
  0.0547909, 0.0815608, 0.013,
  0.0539749, 0.081866, 0.013,
  0.0531497, 0.0821442, 0.013,
  0.052406, 0.0825757, 0.013,
  0.0517022, 0.0830892, 0.013,
  0.0509585, 0.0827021, 0.013,
  0.0504493, 0.0820759, 0.013,
  0.0506927, 0.0813, 0.013,
  0.0513072, 0.0806927, 0.013,
  0.051973, 0.0801308, 0.013,
  0.0525344, 0.079468, 0.013,
  0.05287, 0.0786976, 0.013,
  0.0530639, 0.0778538, 0.013,
  0.0531918, 0.0769928, 0.013,
  0.0532685, 0.0761538, 0.013,
  0.0527085, 0.0755145, 0.013,
  0.0518755, 0.0752668, 0.013,
  0.0513496, 0.0747396, 0.013,
  0.0519341, 0.074308, 0.013,
  0.0528033, 0.07436, 0.013,
  0.0536656, 0.0744602, 0.013,
  0.0543395, 0.0749046, 0.013,
  0.0550098, 0.0745768, 0.013,
  0.0545163, 0.0740538, 0.013,
  0.0536862, 0.0737963, 0.013,
  0.0529118, 0.07349, 0.013,
  0.0520406, 0.07349, 0.013,
  0.051514, 0.0729182, 0.013,
  0.05122, 0.0721053, 0.013,
  0.0508986, 0.0713023, 0.013,
  0.0512162, 0.0706165, 0.013,
  0.0519891, 0.0707796, 0.013,
  0.0524803, 0.0714646, 0.013,
  0.0529439, 0.0721924, 0.013,
  0.0537298, 0.0725216, 0.013,
  0.0543077, 0.0731733, 0.013,
  0.0550385, 0.0734515, 0.013,
  0.0550321, 0.0727137, 0.013,
  0.0552156, 0.0718677, 0.013,
  0.0555478, 0.0710631, 0.013,
  0.0560872, 0.0703922, 0.013,
  0.0566098, 0.0697118, 0.013,
  0.0569911, 0.0689671, 0.013,
  0.0578437, 0.0688194, 0.013,
  0.0587079, 0.0688185, 0.013
 ],
 "morphTargets": [],
 "morphColors": [],
 "normals": [],
 "colors": [],
 "uvs": [[]],