 {
  "metadata" :
  {
   "formatVersion" : 3,
   "sourceFile" : "mch002r_022d",
   "generatedBy" : "Tr3 20161112",
   "vertices" : 14,
   "faces" : 12,
   "normals" : 0,
   "colors" : 0,
   "uvs" : 0,
   "materials" : 1
  },
  "scale" : 1.0,
  "materials": [{
    "DbgColor": 0,
    "DbgIndex": 0,
    "DbgName" : "Join JS-39-40-2a:  ",
    "colorAmbient": [0.0, 0.0, 0.0],
    "colorDiffuse": [ 1.000, 1.000, 1.000],
    "colorSpecular": [0.16, 0.16, 0.16]
    }],
  "vertices": [
  0.05875, 0.09009, 0.02,
  0.0572681, 0.0880429, 0.02,
  0.05807, 0.09004, 0.0195,
  0.0564713, 0.0870135, 0.0195,
  0.0558533, 0.082804, 0.02,
  0.05502, 0.08022, 0.02,
  0.05488, 0.08032, 0.0195,
  0.0551607, 0.077701, 0.0195,
  0.0561038, 0.0766952, 0.02,
  0.056251, 0.0752801, 0.0195,
  0.0565306, 0.0854309, 0.02,
  0.055405, 0.0837219, 0.0195,
  0.05923, 0.07605, 0.02,
  0.05858, 0.07544, 0.0195
 ],
 "morphTargets": [],
 "morphColors": [],
 "normals": [],
 "colors": [],
 "uvs": [[]],
  "faces": [
  2, 0, 1, 2, 0,
  2, 1, 3, 2, 0,
  2, 4, 5, 6, 0,
  2, 5, 7, 6, 0,
  2, 5, 8, 7, 0,
  2, 8, 9, 7, 0,
  2, 1, 10, 3, 0,
  2, 10, 11, 3, 0,
  2, 10, 4, 11, 0,
  2, 4, 6, 11, 0,
  2, 8, 12, 13, 0,
  2, 8, 13, 9, 0
]
 }
