 {
  "metadata" :
  {
   "formatVersion" : 3,
   "sourceFile" : "mch002r_022d",
   "generatedBy" : "Tr3 20161112",
   "vertices" : 67,
   "faces" : 65,
   "normals" : 0,
   "colors" : 0,
   "uvs" : 0,
   "materials" : 1
  },
  "scale" : 1.0,
  "materials": [{
    "DbgColor": 0,
    "DbgIndex": 0,
    "DbgName" : "Join os_occcond_ext_a_42: Occipital bone (condylar part)",
    "colorAmbient": [0.0, 0.0, 0.0],
    "colorDiffuse": [ 1.000, 0.784, 0.588],
    "colorSpecular": [0.16, 0.16, 0.16]
    }],
  "vertices": [
  0.0616754, 0.0914014, 0.021,
  0.0614, 0.09297, 0.021,
  0.0613518, 0.0923821, 0.0205,
  0.0620811, 0.0962484, 0.021,
  0.0618487, 0.0969336, 0.0205,
  0.0611729, 0.0953633, 0.0205,
  0.0631265, 0.0975634, 0.021,
  0.0628413, 0.0983366, 0.0205,
  0.0641664, 0.0988827, 0.021,
  0.06113, 0.09368, 0.0205,
  0.0615359, 0.0946511, 0.021,
  0.0656438, 0.101916, 0.021,
  0.0651952, 0.102882, 0.0205,
  0.06465, 0.101258, 0.0205,
  0.0668391, 0.103085, 0.021,
  0.0663662, 0.10356, 0.0205,
  0.0675921, 0.104759, 0.0205,
  0.0681653, 0.104094, 0.021,
  0.0689737, 0.105756, 0.0205,
  0.0697761, 0.103977, 0.021,
  0.07064, 0.105934, 0.0205,
  0.0711844, 0.104453, 0.021,
  0.0722861, 0.105446, 0.0205,
  0.0726815, 0.105061, 0.021,
  0.0738472, 0.104728, 0.0205,
  0.0637885, 0.0997695, 0.0205,
  0.0649508, 0.100377, 0.021,
  0.06234, 0.09, 0.021,
  0.0618131, 0.0911558, 0.0205,
  0.06244, 0.09, 0.0205,
  0.0788096, 0.102494, 0.021,
  0.0794888, 0.101265, 0.0205,
  0.0785357, 0.102579, 0.0205,
  0.0801, 0.101447, 0.021,
  0.0799904, 0.0997648, 0.021,
  0.0788454, 0.0997006, 0.0205,
  0.0776305, 0.0990407, 0.0205,
  0.0765967, 0.100407, 0.0205,
  0.0750191, 0.100865, 0.0205,
  0.0734746, 0.100146, 0.0205,
  0.0719252, 0.0994562, 0.0205,
  0.0707728, 0.0984632, 0.0205,
  0.0705976, 0.0967602, 0.0205,
  0.0706102, 0.0950455, 0.0205,
  0.0708574, 0.0933436, 0.0205,
  0.0715833, 0.0918303, 0.0205,
  0.0729913, 0.0924705, 0.0205,
  0.0743035, 0.0935782, 0.0205,
  0.0755877, 0.0947191, 0.0205,
  0.0767439, 0.0959854, 0.0205,
  0.0778567, 0.0972928, 0.0205,
  0.0796975, 0.0981004, 0.021,
  0.0787621, 0.0966619, 0.0205,
  0.0793568, 0.0964445, 0.021,
  0.0784768, 0.0949693, 0.0205,
  0.0788777, 0.0948248, 0.021,
  0.0779916, 0.0933193, 0.0205,
  0.0783637, 0.0932143, 0.021,
  0.0777386, 0.0916436, 0.021,
  0.0775363, 0.0916609, 0.0205,
  0.07738, 0.09, 0.021,
  0.07709, 0.09, 0.0205,
  0.0757791, 0.103962, 0.021,
  0.0772698, 0.103182, 0.021,
  0.0769878, 0.103326, 0.0205,
  0.0754053, 0.104, 0.0205,
  0.0743247, 0.104813, 0.021
 ],
 "morphTargets": [],
 "morphColors": [],
 "normals": [],
 "colors": [],
 "uvs": [[]],
  "faces": [
  2, 0, 1, 2, 0,
  2, 3, 4, 5, 0,
  2, 3, 6, 4, 0,
  2, 6, 7, 4, 0,
  2, 6, 8, 7, 0,
  2, 1, 9, 2, 0,
  2, 1, 10, 9, 0,
  2, 10, 5, 9, 0,
  2, 10, 3, 5, 0,
  2, 11, 12, 13, 0,
  2, 11, 14, 12, 0,
  2, 14, 15, 12, 0,
  2, 14, 16, 15, 0,
  2, 14, 17, 16, 0,
  2, 17, 18, 16, 0,
  2, 17, 19, 18, 0,
  2, 19, 20, 18, 0,
  2, 19, 21, 20, 0,
  2, 21, 22, 20, 0,
  2, 21, 23, 22, 0,
  2, 23, 24, 22, 0,
  2, 8, 25, 7, 0,
  2, 8, 26, 25, 0,
  2, 26, 13, 25, 0,
  2, 26, 11, 13, 0,
  2, 27, 28, 29, 0,
  2, 27, 0, 28, 0,
  2, 0, 2, 28, 0,
  2, 30, 31, 32, 0,
  2, 30, 33, 31, 0,
  2, 33, 34, 31, 0,
  2, 34, 35, 31, 0,
  2, 34, 36, 35, 0,
  2, 34, 37, 36, 0,
  2, 34, 38, 37, 0,
  2, 34, 39, 38, 0,
  2, 34, 40, 39, 0,
  2, 34, 41, 40, 0,
  2, 34, 42, 41, 0,
  2, 34, 43, 42, 0,
  2, 34, 44, 43, 0,
  2, 34, 45, 44, 0,
  2, 34, 46, 45, 0,
  2, 34, 47, 46, 0,
  2, 34, 48, 47, 0,
  2, 34, 49, 48, 0,
  2, 34, 50, 49, 0,
  2, 34, 51, 50, 0,
  2, 51, 52, 50, 0,
  2, 51, 53, 52, 0,
  2, 53, 54, 52, 0,
  2, 53, 55, 54, 0,
  2, 55, 56, 54, 0,
  2, 55, 57, 56, 0,
  2, 57, 58, 56, 0,
  2, 58, 59, 56, 0,
  2, 58, 60, 59, 0,
  2, 60, 61, 59, 0,
  2, 62, 63, 64, 0,
  2, 63, 32, 64, 0,
  2, 63, 30, 32, 0,
  2, 62, 64, 65, 0,
  2, 23, 66, 24, 0,
  2, 66, 65, 24, 0,
  2, 66, 62, 65, 0
]
 }
