 {
  "metadata" :
  {
   "formatVersion" : 3,
   "sourceFile" : "mch002r_022d",
   "generatedBy" : "Tr3 20161112",
   "vertices" : 119,
   "faces" : 121,
   "normals" : 0,
   "colors" : 0,
   "uvs" : 0,
   "materials" : 1
  },
  "scale" : 1.0,
  "materials": [{
    "DbgColor": 0,
    "DbgIndex": 0,
    "DbgName" : "Join os_cav_23: Cavity wall",
    "colorAmbient": [0.0, 0.0, 0.0],
    "colorDiffuse": [ 1.000, 0.784, 0.588],
    "colorSpecular": [0.16, 0.16, 0.16]
    }],
  "vertices": [
  0.05732, 0.0698, 0.0115,
  0.0581771, 0.0698051, 0.0115,
  0.05741, 0.07003, 0.011,
  0.0597319, 0.0703433, 0.0115,
  0.0604539, 0.0707685, 0.0115,
  0.0592748, 0.0713495, 0.011,
  0.060088, 0.0716426, 0.011,
  0.0609002, 0.071499, 0.0115,
  0.0605218, 0.0722828, 0.011,
  0.0612077, 0.0722958, 0.0115,
  0.0610706, 0.0731094, 0.0115,
  0.0603512, 0.0730945, 0.011,
  0.0604546, 0.0737055, 0.0115,
  0.0600801, 0.073918, 0.011,
  0.0597785, 0.0742312, 0.0115,
  0.0597358, 0.0746941, 0.011,
  0.0582786, 0.07003, 0.011,
  0.0589362, 0.0701562, 0.0115,
  0.0586477, 0.0708012, 0.011,
  0.0582823, 0.0760976, 0.0115,
  0.0582467, 0.0767865, 0.011,
  0.0585943, 0.0759917, 0.011,
  0.0581782, 0.0769489, 0.0115,
  0.0578324, 0.0774869, 0.011,
  0.0577788, 0.0776496, 0.0115,
  0.0576056, 0.0782635, 0.011,
  0.0576851, 0.078502, 0.0115,
  0.0574626, 0.0791202, 0.011,
  0.057566, 0.0793391, 0.0115,
  0.0569528, 0.0797434, 0.011,
  0.0570821, 0.0800138, 0.0115,
  0.0562261, 0.0802186, 0.011,
  0.0562983, 0.0803382, 0.0115,
  0.0554837, 0.0806695, 0.011,
  0.0556335, 0.0808703, 0.0115,
  0.0548906, 0.0812992, 0.0115,
  0.0546496, 0.0809066, 0.011,
  0.0541274, 0.0816906, 0.0115,
  0.0537988, 0.0810697, 0.011,
  0.0532929, 0.0818647, 0.0115,
  0.0531386, 0.08163, 0.011,
  0.0524407, 0.0818626, 0.0115,
  0.0522721, 0.0816488, 0.011,
  0.0515953, 0.081942, 0.0115,
  0.051425, 0.0818396, 0.011,
  0.0507771, 0.0820702, 0.0115,
  0.0505809, 0.082, 0.011,
  0.0500005, 0.0818048, 0.0115,
  0.0590301, 0.0746504, 0.0115,
  0.0591579, 0.0753421, 0.011,
  0.0584369, 0.0752546, 0.0115,
  0.0566465, 0.0703312, 0.0115,
  0.0566689, 0.0704829, 0.011,
  0.0513318, 0.080084, 0.0115,
  0.0520738, 0.0796537, 0.0115,
  0.0513672, 0.0798697, 0.011,
  0.0521456, 0.0794875, 0.011,
  0.0528109, 0.0792149, 0.0115,
  0.0529032, 0.0790637, 0.011,
  0.0534989, 0.0787039, 0.0115,
  0.0536367, 0.0786021, 0.011,
  0.0541864, 0.07794, 0.011,
  0.0544832, 0.0771268, 0.011,
  0.0539655, 0.0764675, 0.011,
  0.0537644, 0.0772932, 0.011,
  0.0533906, 0.0780066, 0.011,
  0.0532354, 0.0780782, 0.0115,
  0.0526417, 0.0784112, 0.011,
  0.0523978, 0.0780546, 0.0115,
  0.0518991, 0.0788264, 0.011,
  0.0516074, 0.0779062, 0.0115,
  0.0511462, 0.0792146, 0.011,
  0.0514752, 0.0773208, 0.0115,
  0.0505482, 0.0797571, 0.011,
  0.0499739, 0.080378, 0.011,
  0.04923, 0.08078, 0.011,
  0.0485168, 0.0805115, 0.011,
  0.0486558, 0.0797205, 0.011,
  0.0489592, 0.078926, 0.011,
  0.0489786, 0.0781088, 0.011,
  0.0489321, 0.0772686, 0.011,
  0.0513871, 0.0766688, 0.0115,
  0.0506741, 0.0762313, 0.0115,
  0.0490693, 0.0765014, 0.011,
  0.0501171, 0.0755789, 0.0115,
  0.0486986, 0.0757841, 0.011,
  0.0488334, 0.0749545, 0.011,
  0.0495693, 0.0746987, 0.011,
  0.0501711, 0.0749445, 0.0115,
  0.0504165, 0.0747922, 0.011,
  0.0510217, 0.0749217, 0.0115,
  0.0512653, 0.0748674, 0.011,
  0.0518616, 0.0750707, 0.0115,
  0.0521069, 0.0749854, 0.011,
  0.0527081, 0.075067, 0.0115,
  0.0529387, 0.0749888, 0.011,
  0.0534805, 0.07475, 0.0115,
  0.0537404, 0.0749754, 0.011,
  0.0543376, 0.0747745, 0.0115,
  0.0541721, 0.0756457, 0.011,
  0.0546805, 0.0762813, 0.011,
  0.0549402, 0.0754544, 0.011,
  0.0552381, 0.0746719, 0.011,
  0.0549779, 0.0744127, 0.0115,
  0.0557258, 0.0740441, 0.011,
  0.0553748, 0.0736539, 0.0115,
  0.0561234, 0.0733098, 0.011,
  0.0558379, 0.0729352, 0.0115,
  0.0565094, 0.0725468, 0.0115,
  0.0566039, 0.0725907, 0.011,
  0.0566836, 0.0718836, 0.011,
  0.0499551, 0.0816613, 0.011,
  0.0499495, 0.0810809, 0.0115,
  0.049948, 0.0808486, 0.011,
  0.0505936, 0.0805206, 0.0115,
  0.0506753, 0.0803916, 0.011,
  0.0563668, 0.0718239, 0.0115,
  0.056156, 0.071017, 0.0115,
  0.05633, 0.0711614, 0.011
 ],
 "morphTargets": [],
 "morphColors": [],
 "normals": [],
 "colors": [],
 "uvs": [[]],
  "faces": [
  2, 0, 1, 2, 0,
  2, 3, 4, 5, 0,
  2, 4, 6, 5, 0,
  2, 4, 7, 6, 0,
  2, 7, 8, 6, 0,
  2, 7, 9, 8, 0,
  2, 9, 10, 8, 0,
  2, 10, 11, 8, 0,
  2, 10, 12, 11, 0,
  2, 12, 13, 11, 0,
  2, 12, 14, 13, 0,
  2, 14, 15, 13, 0,
  2, 1, 16, 2, 0,
  2, 1, 17, 16, 0,
  2, 17, 18, 16, 0,
  2, 17, 3, 18, 0,
  2, 3, 5, 18, 0,
  2, 19, 20, 21, 0,
  2, 19, 22, 20, 0,
  2, 22, 23, 20, 0,
  2, 22, 24, 23, 0,
  2, 24, 25, 23, 0,
  2, 24, 26, 25, 0,
  2, 26, 27, 25, 0,
  2, 26, 28, 27, 0,
  2, 28, 29, 27, 0,
  2, 28, 30, 29, 0,
  2, 30, 31, 29, 0,
  2, 30, 32, 31, 0,
  2, 32, 33, 31, 0,
  2, 32, 34, 33, 0,
  2, 34, 35, 33, 0,
  2, 35, 36, 33, 0,
  2, 35, 37, 36, 0,
  2, 37, 38, 36, 0,
  2, 37, 39, 38, 0,
  2, 39, 40, 38, 0,
  2, 39, 41, 40, 0,
  2, 41, 42, 40, 0,
  2, 41, 43, 42, 0,
  2, 43, 44, 42, 0,
  2, 43, 45, 44, 0,
  2, 45, 46, 44, 0,
  2, 45, 47, 46, 0,
  2, 14, 48, 15, 0,
  2, 48, 49, 15, 0,
  2, 48, 50, 49, 0,
  2, 50, 21, 49, 0,
  2, 50, 19, 21, 0,
  2, 51, 2, 52, 0,
  2, 51, 0, 2, 0,
  2, 53, 54, 55, 0,
  2, 54, 56, 55, 0,
  2, 54, 57, 56, 0,
  2, 57, 58, 56, 0,
  2, 57, 59, 58, 0,
  2, 59, 60, 58, 0,
  2, 59, 61, 60, 0,
  2, 59, 62, 61, 0,
  2, 59, 63, 62, 0,
  2, 59, 64, 63, 0,
  2, 59, 65, 64, 0,
  2, 59, 66, 65, 0,
  2, 66, 67, 65, 0,
  2, 66, 68, 67, 0,
  2, 68, 69, 67, 0,
  2, 68, 70, 69, 0,
  2, 70, 71, 69, 0,
  2, 70, 72, 71, 0,
  2, 72, 73, 71, 0,
  2, 72, 74, 73, 0,
  2, 72, 75, 74, 0,
  2, 72, 76, 75, 0,
  2, 72, 77, 76, 0,
  2, 72, 78, 77, 0,
  2, 72, 79, 78, 0,
  2, 72, 80, 79, 0,
  2, 72, 81, 80, 0,
  2, 81, 82, 80, 0,
  2, 82, 83, 80, 0,
  2, 82, 84, 83, 0,
  2, 84, 85, 83, 0,
  2, 84, 86, 85, 0,
  2, 84, 87, 86, 0,
  2, 84, 88, 87, 0,
  2, 88, 89, 87, 0,
  2, 88, 90, 89, 0,
  2, 90, 91, 89, 0,
  2, 90, 92, 91, 0,
  2, 92, 93, 91, 0,
  2, 92, 94, 93, 0,
  2, 94, 95, 93, 0,
  2, 94, 96, 95, 0,
  2, 96, 97, 95, 0,
  2, 96, 98, 97, 0,
  2, 98, 99, 97, 0,
  2, 98, 63, 99, 0,
  2, 98, 62, 63, 0,
  2, 98, 100, 62, 0,
  2, 98, 101, 100, 0,
  2, 98, 102, 101, 0,
  2, 98, 103, 102, 0,
  2, 103, 104, 102, 0,
  2, 103, 105, 104, 0,
  2, 105, 106, 104, 0,
  2, 105, 107, 106, 0,
  2, 107, 108, 106, 0,
  2, 108, 109, 106, 0,
  2, 108, 110, 109, 0,
  2, 47, 111, 46, 0,
  2, 47, 112, 111, 0,
  2, 112, 113, 111, 0,
  2, 112, 114, 113, 0,
  2, 114, 115, 113, 0,
  2, 114, 53, 115, 0,
  2, 53, 55, 115, 0,
  2, 116, 117, 118, 0,
  2, 117, 52, 118, 0,
  2, 108, 116, 110, 0,
  2, 116, 118, 110, 0,
  2, 117, 51, 52, 0
]
 }
