 {
  "metadata" :
  {
   "formatVersion" : 3,
   "sourceFile" : "mch002r_022d",
   "generatedBy" : "Tr3 20161112",
   "vertices" : 48,
   "faces" : 46,
   "normals" : 0,
   "colors" : 0,
   "uvs" : 0,
   "materials" : 1
  },
  "scale" : 1.0,
  "materials": [{
    "DbgColor": 0,
    "DbgIndex": 0,
    "DbgName" : "os_cavmed2_32: Cavity wall",
    "colorAmbient": [0.0, 0.0, 0.0],
    "colorDiffuse": [ 1.000, 0.784, 0.588],
    "colorSpecular": [0.16, 0.16, 0.16]
    }],
  "vertices": [
  0.06875, 0.06698, 0.0165,
  0.0671557, 0.069393, 0.016,
  0.06685, 0.06969, 0.016,
  0.0673661, 0.0690256, 0.016,
  0.067635, 0.0686986, 0.016,
  0.0679517, 0.0684187, 0.016,
  0.0682833, 0.068157, 0.016,
  0.0685757, 0.0678472, 0.016,
  0.0688895, 0.0675588, 0.016,
  0.0689756, 0.0672794, 0.0165,
  0.0692154, 0.0672841, 0.016,
  0.0693516, 0.0671505, 0.0165,
  0.0695373, 0.0670049, 0.016,
  0.0696433, 0.0668565, 0.0165,
  0.0698404, 0.0667055, 0.016,
  0.0699873, 0.0666314, 0.0165,
  0.0701392, 0.0664016, 0.016,
  0.0703782, 0.066491, 0.0165,
  0.0704975, 0.066175, 0.016,
  0.0707711, 0.0665237, 0.0165,
  0.0708703, 0.0659697, 0.016,
  0.0712738, 0.0658323, 0.016,
  0.0714297, 0.0661516, 0.016,
  0.0711611, 0.0664821, 0.016,
  0.0708675, 0.066791, 0.016,
  0.0708927, 0.0667806, 0.0165,
  0.0706293, 0.0670732, 0.0165,
  0.0705149, 0.0670286, 0.016,
  0.0702722, 0.0672853, 0.0165,
  0.0701575, 0.0672607, 0.016,
  0.0698989, 0.0674662, 0.0165,
  0.0698018, 0.0674956, 0.016,
  0.0695525, 0.0676858, 0.0165,
  0.0694734, 0.0677669, 0.016,
  0.0692461, 0.0679663, 0.0165,
  0.0691401, 0.0680325, 0.016,
  0.0689464, 0.0682536, 0.0165,
  0.0688256, 0.0683178, 0.016,
  0.0686527, 0.0685473, 0.0165,
  0.0685418, 0.0686358, 0.016,
  0.0683839, 0.0688636, 0.0165,
  0.0682596, 0.0689552, 0.016,
  0.068119, 0.0691835, 0.0165,
  0.0680027, 0.069295, 0.016,
  0.06785, 0.0695, 0.0165,
  0.0677338, 0.0696255, 0.016,
  0.0674023, 0.0698931, 0.016,
  0.06707, 0.07016, 0.016
 ],
 "morphTargets": [],
 "morphColors": [],
 "normals": [],
 "colors": [],
 "uvs": [[]],
  "faces": [
  2, 0, 1, 2, 0,
  2, 0, 3, 1, 0,
  2, 0, 4, 3, 0,
  2, 0, 5, 4, 0,
  2, 0, 6, 5, 0,
  2, 0, 7, 6, 0,
  2, 0, 8, 7, 0,
  2, 0, 9, 8, 0,
  2, 9, 10, 8, 0,
  2, 9, 11, 10, 0,
  2, 11, 12, 10, 0,
  2, 11, 13, 12, 0,
  2, 13, 14, 12, 0,
  2, 13, 15, 14, 0,
  2, 15, 16, 14, 0,
  2, 15, 17, 16, 0,
  2, 17, 18, 16, 0,
  2, 17, 19, 18, 0,
  2, 19, 20, 18, 0,
  2, 19, 21, 20, 0,
  2, 19, 22, 21, 0,
  2, 19, 23, 22, 0,
  2, 19, 24, 23, 0,
  2, 19, 25, 24, 0,
  2, 25, 26, 24, 0,
  2, 26, 27, 24, 0,
  2, 26, 28, 27, 0,
  2, 28, 29, 27, 0,
  2, 28, 30, 29, 0,
  2, 30, 31, 29, 0,
  2, 30, 32, 31, 0,
  2, 32, 33, 31, 0,
  2, 32, 34, 33, 0,
  2, 34, 35, 33, 0,
  2, 34, 36, 35, 0,
  2, 36, 37, 35, 0,
  2, 36, 38, 37, 0,
  2, 38, 39, 37, 0,
  2, 38, 40, 39, 0,
  2, 40, 41, 39, 0,
  2, 40, 42, 41, 0,
  2, 42, 43, 41, 0,
  2, 42, 44, 43, 0,
  2, 44, 45, 43, 0,
  2, 44, 46, 45, 0,
  2, 44, 47, 46, 0
]
 }
