 {
  "metadata" :
  {
   "formatVersion" : 3,
   "sourceFile" : "mch002r_022d",
   "generatedBy" : "Tr3 20161112",
   "vertices" : 8,
   "faces" : 8,
   "normals" : 0,
   "colors" : 0,
   "uvs" : 0,
   "materials" : 1
  },
  "scale" : 1.0,
  "materials": [{
    "DbgColor": 0,
    "DbgIndex": 0,
    "DbgName" : "Join cav_033: cav",
    "colorAmbient": [0.0, 0.0, 0.0],
    "colorDiffuse": [ 1.000, 1.000, 1.000],
    "colorSpecular": [0.16, 0.16, 0.16]
    }],
  "vertices": [
  0.0530732, 0.0805652, 0.017,
  0.0525945, 0.0805246, 0.0165,
  0.05311, 0.0781, 0.0165,
  0.05329, 0.0781, 0.017,
  0.05392, 0.07789, 0.0165,
  0.0543275, 0.0799445, 0.017,
  0.05488, 0.0798744, 0.0165,
  0.0537018, 0.0819899, 0.0165
 ],
 "morphTargets": [],
 "morphColors": [],
 "normals": [],
 "colors": [],
 "uvs": [[]],
  "faces": [
  2, 0, 1, 2, 0,
  2, 3, 0, 2, 0,
  2, 3, 2, 4, 0,
  2, 5, 6, 7, 0,
  2, 5, 4, 6, 0,
  2, 0, 7, 1, 0,
  2, 0, 5, 7, 0,
  2, 5, 3, 4, 0
]
 }
