 {
  "metadata" :
  {
   "formatVersion" : 3,
   "sourceFile" : "mch002r_022d",
   "generatedBy" : "Tr3 20161112",
   "vertices" : 60,
   "faces" : 62,
   "normals" : 0,
   "colors" : 0,
   "uvs" : 0,
   "materials" : 1
  },
  "scale" : 1.0,
  "materials": [{
    "DbgColor": 0,
    "DbgIndex": 0,
    "DbgName" : "Join os_cavlat_21: Cavity wall",
    "colorAmbient": [0.0, 0.0, 0.0],
    "colorDiffuse": [ 1.000, 0.784, 0.588],
    "colorSpecular": [0.16, 0.16, 0.16]
    }],
  "vertices": [
  0.048126, 0.079629, 0.0105,
  0.0486121, 0.0790104, 0.0105,
  0.0481224, 0.0794718, 0.01,
  0.0477008, 0.080156, 0.01,
  0.0479009, 0.0803856, 0.0105,
  0.0482244, 0.0784371, 0.0105,
  0.0481747, 0.0780485, 0.01,
  0.0482946, 0.0788146, 0.01,
  0.0483161, 0.0776541, 0.0105,
  0.0483343, 0.0772687, 0.01,
  0.0480322, 0.0768899, 0.0105,
  0.0486783, 0.0765681, 0.01,
  0.0487176, 0.07661, 0.0105,
  0.04848, 0.08092, 0.0105,
  0.0479548, 0.080893, 0.01,
  0.04876, 0.08106, 0.01,
  0.0487103, 0.07464, 0.0105,
  0.0495703, 0.0746518, 0.0105,
  0.0492534, 0.0751822, 0.01,
  0.050048, 0.07499, 0.01,
  0.0504268, 0.0747271, 0.0105,
  0.0509027, 0.075041, 0.01,
  0.0512814, 0.0747948, 0.0105,
  0.0517505, 0.0751624, 0.01,
  0.0520883, 0.0750706, 0.0105,
  0.0524843, 0.0755594, 0.01,
  0.05306, 0.07585, 0.01,
  0.0528986, 0.075468, 0.01,
  0.0529293, 0.0750298, 0.0105,
  0.0529292, 0.0750583, 0.01,
  0.0532351, 0.0748337, 0.01,
  0.0537686, 0.0750366, 0.0105,
  0.0535976, 0.0749749, 0.01,
  0.0537547, 0.0753513, 0.01,
  0.0539706, 0.075844, 0.0105,
  0.05379, 0.0757676, 0.01,
  0.0537035, 0.0761621, 0.01,
  0.0534202, 0.0760434, 0.0105,
  0.0533513, 0.0761473, 0.01,
  0.0529012, 0.076416, 0.0105,
  0.0527398, 0.076373, 0.01,
  0.0534147, 0.0768224, 0.01,
  0.0535613, 0.0769388, 0.0105,
  0.0487823, 0.075967, 0.0105,
  0.04899, 0.0759472, 0.01,
  0.04831, 0.0753372, 0.0105,
  0.052769, 0.0782242, 0.0105,
  0.0521691, 0.0788332, 0.0105,
  0.0522656, 0.0786376, 0.01,
  0.0515936, 0.0791624, 0.01,
  0.0514116, 0.0791679, 0.0105,
  0.0508437, 0.0795631, 0.01,
  0.0506819, 0.0796234, 0.0105,
  0.0501712, 0.0800938, 0.01,
  0.0499588, 0.0800882, 0.0105,
  0.0494507, 0.0805554, 0.01,
  0.049266, 0.0805983, 0.0105,
  0.0534518, 0.0777025, 0.0105,
  0.0529764, 0.0781602, 0.01,
  0.0535526, 0.0775419, 0.01
 ],
 "morphTargets": [],
 "morphColors": [],
 "normals": [],
 "colors": [],
 "uvs": [[]],
  "faces": [
  2, 0, 1, 2, 0,
  2, 0, 2, 3, 0,
  2, 4, 0, 3, 0,
  2, 5, 6, 7, 0,
  2, 5, 8, 6, 0,
  2, 8, 9, 6, 0,
  2, 8, 10, 9, 0,
  2, 10, 11, 9, 0,
  2, 10, 12, 11, 0,
  2, 1, 7, 2, 0,
  2, 1, 5, 7, 0,
  2, 13, 14, 15, 0,
  2, 13, 4, 14, 0,
  2, 4, 3, 14, 0,
  2, 16, 17, 18, 0,
  2, 17, 19, 18, 0,
  2, 17, 20, 19, 0,
  2, 20, 21, 19, 0,
  2, 20, 22, 21, 0,
  2, 22, 23, 21, 0,
  2, 22, 24, 23, 0,
  2, 24, 25, 23, 0,
  2, 24, 26, 25, 0,
  2, 24, 27, 26, 0,
  2, 24, 28, 27, 0,
  2, 28, 29, 27, 0,
  2, 28, 30, 29, 0,
  2, 28, 31, 30, 0,
  2, 31, 32, 30, 0,
  2, 31, 33, 32, 0,
  2, 31, 34, 33, 0,
  2, 34, 35, 33, 0,
  2, 34, 36, 35, 0,
  2, 34, 37, 36, 0,
  2, 37, 38, 36, 0,
  2, 37, 26, 38, 0,
  2, 37, 39, 26, 0,
  2, 39, 25, 26, 0,
  2, 39, 40, 25, 0,
  2, 39, 41, 40, 0,
  2, 39, 42, 41, 0,
  2, 12, 43, 11, 0,
  2, 43, 44, 11, 0,
  2, 43, 18, 44, 0,
  2, 43, 45, 18, 0,
  2, 45, 16, 18, 0,
  2, 46, 47, 48, 0,
  2, 47, 49, 48, 0,
  2, 47, 50, 49, 0,
  2, 50, 51, 49, 0,
  2, 50, 52, 51, 0,
  2, 52, 53, 51, 0,
  2, 52, 54, 53, 0,
  2, 54, 55, 53, 0,
  2, 54, 56, 55, 0,
  2, 56, 15, 55, 0,
  2, 56, 13, 15, 0,
  2, 57, 46, 58, 0,
  2, 42, 59, 41, 0,
  2, 42, 57, 59, 0,
  2, 57, 58, 59, 0,
  2, 46, 48, 58, 0
]
 }
