 {
  "metadata" :
  {
   "formatVersion" : 3,
   "sourceFile" : "mch002r_022d",
   "generatedBy" : "Tr3 20161112",
   "vertices" : 17,
   "faces" : 20,
   "normals" : 0,
   "colors" : 0,
   "uvs" : 0,
   "materials" : 1
  },
  "scale" : 1.0,
  "materials": [{
    "DbgColor": 0,
    "DbgIndex": 0,
    "DbgName" : "m_tenstymp: Tensor tympani body",
    "colorAmbient": [0.0, 0.0, 0.0],
    "colorDiffuse": [ 0.784, 0.196, 0.196],
    "colorSpecular": [0.16, 0.16, 0.16]
    }],
  "vertices": [
  0.0642, 0.0695, 0.015,
  0.0625764, 0.0712836, 0.015,
  0.0643, 0.06984, 0.0145,
  0.0625983, 0.0713229, 0.0145,
  0.062999, 0.07299, 0.015,
  0.0630382, 0.0731408, 0.0145,
  0.06489, 0.07185, 0.0145,
  0.06523, 0.07196, 0.015,
  0.06476, 0.06907, 0.0155,
  0.0636891, 0.0711096, 0.0155,
  0.0620162, 0.0720115, 0.0155,
  0.0638265, 0.0726277, 0.0155,
  0.06575, 0.07123, 0.0155,
  0.06503, 0.06816, 0.016,
  0.0645796, 0.0704406, 0.016,
  0.0648261, 0.0709467, 0.016,
  0.06685, 0.06969, 0.016
 ],
 "morphTargets": [],
 "morphColors": [],
 "normals": [],
 "colors": [],
 "uvs": [[]],
  "faces": [
  2, 0, 1, 2, 0,
  2, 1, 3, 2, 0,
  2, 1, 4, 3, 0,
  2, 4, 5, 3, 0,
  2, 4, 6, 5, 0,
  2, 4, 7, 6, 0,
  2, 8, 9, 0, 0,
  2, 9, 1, 0, 0,
  2, 9, 10, 1, 0,
  2, 10, 4, 1, 0,
  2, 10, 11, 4, 0,
  2, 11, 7, 4, 0,
  2, 11, 12, 7, 0,
  2, 13, 14, 8, 0,
  2, 14, 9, 8, 0,
  2, 14, 15, 9, 0,
  2, 15, 10, 9, 0,
  2, 15, 11, 10, 0,
  2, 15, 12, 11, 0,
  2, 15, 16, 12, 0
]
 }
