 {
  "metadata" :
  {
   "formatVersion" : 3,
   "sourceFile" : "mch002r_022d",
   "generatedBy" : "Tr3 20161112",
   "vertices" : 153,
   "faces" : 155,
   "normals" : 0,
   "colors" : 0,
   "uvs" : 0,
   "materials" : 1
  },
  "scale" : 1.0,
  "materials": [{
    "DbgColor": 0,
    "DbgIndex": 0,
    "DbgName" : "Join os_temp_lat_13: Temporal bone",
    "colorAmbient": [0.0, 0.0, 0.0],
    "colorDiffuse": [ 1.000, 0.784, 0.588],
    "colorSpecular": [0.16, 0.16, 0.16]
    }],
  "vertices": [
  0.0557717, 0.0827463, 0.0065,
  0.05825, 0.08362, 0.006,
  0.0572907, 0.0824972, 0.006,
  0.05732, 0.080456, 0.0065,
  0.05756, 0.0808482, 0.006,
  0.0579178, 0.0792173, 0.006,
  0.0571166, 0.0821868, 0.0065,
  0.0506215, 0.0826705, 0.0065,
  0.0498962, 0.0836675, 0.006,
  0.0515672, 0.0832548, 0.006,
  0.049739, 0.0824046, 0.006,
  0.0502697, 0.0813909, 0.0065,
  0.0497173, 0.0808005, 0.006,
  0.0504832, 0.0797329, 0.0065,
  0.0491727, 0.0791913, 0.006,
  0.0500419, 0.0780481, 0.0065,
  0.0484, 0.0777626, 0.006,
  0.0496605, 0.0763513, 0.0065,
  0.0559162, 0.0853962, 0.006,
  0.0545499, 0.0843849, 0.006,
  0.0540631, 0.0824039, 0.0065,
  0.0530908, 0.0834842, 0.006,
  0.0523362, 0.0823518, 0.0065,
  0.0486638, 0.0713423, 0.0065,
  0.0488895, 0.0696133, 0.0065,
  0.048411, 0.070924, 0.006,
  0.0488116, 0.0692493, 0.006,
  0.0493865, 0.0679395, 0.0065,
  0.0492121, 0.0675745, 0.006,
  0.0499354, 0.0662837, 0.0065,
  0.0497892, 0.0659571, 0.006,
  0.050581, 0.0646614, 0.0065,
  0.050449, 0.0643665, 0.006,
  0.0512266, 0.0630391, 0.0065,
  0.0510857, 0.0627678, 0.006,
  0.051772, 0.0613807, 0.0065,
  0.0515739, 0.0611165, 0.006,
  0.0522506, 0.0597059, 0.0065,
  0.05183, 0.0594315, 0.006,
  0.052557, 0.0579915, 0.0065,
  0.0521808, 0.0577581, 0.006,
  0.0531045, 0.0563335, 0.0065,
  0.0528937, 0.0561916, 0.006,
  0.053413, 0.0546428, 0.0065,
  0.0533137, 0.0545243, 0.006,
  0.0532108, 0.0529195, 0.0065,
  0.0530188, 0.0528617, 0.006,
  0.0525015, 0.0514383, 0.0065,
  0.0525761, 0.05146, 0.006,
  0.0508542, 0.05146, 0.006,
  0.0484, 0.0760406, 0.006,
  0.0490474, 0.0747164, 0.0065,
  0.0482777, 0.0743294, 0.006,
  0.0484682, 0.0730773, 0.0065,
  0.0481763, 0.0726297, 0.006,
  0.0590836, 0.0759066, 0.0065,
  0.0578519, 0.0770342, 0.0065,
  0.0590585, 0.0762137, 0.006,
  0.0580962, 0.0775676, 0.006,
  0.0574004, 0.0787167, 0.0065,
  0.04578, 0.08231, 0.0065,
  0.0458306, 0.0830755, 0.006,
  0.04553, 0.08138, 0.006,
  0.0461184, 0.0840224, 0.0065,
  0.0461528, 0.0847671, 0.006,
  0.0463274, 0.0857559, 0.0065,
  0.0461854, 0.0864823, 0.006,
  0.0460383, 0.0874732, 0.0065,
  0.0460305, 0.0881922, 0.006,
  0.0457923, 0.0891995, 0.0065,
  0.0457225, 0.0898864, 0.006,
  0.0456678, 0.0909399, 0.0065,
  0.045755, 0.0915995, 0.006,
  0.0458194, 0.0926794, 0.0065,
  0.0459848, 0.093291, 0.006,
  0.0463776, 0.0943204, 0.0065,
  0.0466514, 0.0948787, 0.006,
  0.0470691, 0.0959235, 0.0065,
  0.047401, 0.0964196, 0.006,
  0.0479678, 0.0973974, 0.0065,
  0.0484173, 0.0978097, 0.006,
  0.0491776, 0.0986431, 0.0065,
  0.0498808, 0.098574, 0.006,
  0.0506622, 0.0985991, 0.0065,
  0.0508437, 0.0972915, 0.006,
  0.0512895, 0.0970465, 0.0065,
  0.0511814, 0.0956029, 0.006,
  0.0514411, 0.0953071, 0.0065,
  0.0518666, 0.094027, 0.006,
  0.0517552, 0.0935984, 0.0065,
  0.0525859, 0.0924628, 0.006,
  0.0527881, 0.0921906, 0.0065,
  0.0536796, 0.0911328, 0.006,
  0.0538005, 0.090768, 0.0065,
  0.0547734, 0.0898028, 0.006,
  0.0548424, 0.0893681, 0.0065,
  0.0558117, 0.0884319, 0.006,
  0.055945, 0.0880142, 0.0065,
  0.0565157, 0.0869035, 0.006,
  0.0571077, 0.0867133, 0.0065,
  0.0583176, 0.0854544, 0.0065,
  0.0596119, 0.084309, 0.0065,
  0.0596994, 0.0827724, 0.006,
  0.0609783, 0.0832688, 0.0065,
  0.0613025, 0.0822657, 0.006,
  0.0624734, 0.0823812, 0.0065,
  0.0627434, 0.0815058, 0.006,
  0.063864, 0.0813348, 0.0065,
  0.0640996, 0.0806201, 0.006,
  0.0649601, 0.0800795, 0.0065,
  0.0642297, 0.079144, 0.006,
  0.0641115, 0.0787049, 0.0065,
  0.0631418, 0.0778576, 0.006,
  0.0629091, 0.0776705, 0.0065,
  0.0620246, 0.0766071, 0.006,
  0.0622869, 0.0762184, 0.0065,
  0.0607265, 0.0754967, 0.0065,
  0.0605881, 0.0758143, 0.006,
  0.0502262, 0.0548837, 0.0065,
  0.0495786, 0.0559893, 0.006,
  0.0498384, 0.0542871, 0.006,
  0.0498787, 0.0565948, 0.0065,
  0.0493187, 0.0576916, 0.006,
  0.0495446, 0.0583086, 0.0065,
  0.0490582, 0.0593937, 0.006,
  0.0492166, 0.0600235, 0.0065,
  0.0487926, 0.0610951, 0.006,
  0.0488886, 0.0617385, 0.0065,
  0.048527, 0.0627965, 0.006,
  0.0485547, 0.0634522, 0.0065,
  0.0482051, 0.0644872, 0.006,
  0.0481605, 0.0651531, 0.0065,
  0.0478315, 0.0661682, 0.006,
  0.0477663, 0.0668541, 0.0065,
  0.047458, 0.0678491, 0.006,
  0.0473721, 0.068555, 0.0065,
  0.0469961, 0.07026, 0.0065,
  0.0470844, 0.0695301, 0.006,
  0.0467003, 0.0712086, 0.006,
  0.0466415, 0.0719697, 0.0065,
  0.0462699, 0.0728759, 0.006,
  0.0462868, 0.0736793, 0.0065,
  0.045857, 0.0745471, 0.006,
  0.0458675, 0.0753728, 0.0065,
  0.0455338, 0.0762385, 0.006,
  0.0456286, 0.0770885, 0.0065,
  0.04535, 0.0779431, 0.006,
  0.0455742, 0.0788337, 0.0065,
  0.0453962, 0.0796632, 0.006,
  0.0455696, 0.0805767, 0.0065,
  0.0505736, 0.0531726, 0.0065,
  0.0509211, 0.0514615, 0.0065,
  0.0500983, 0.0525848, 0.006
 ],
 "morphTargets": [],
 "morphColors": [],
 "normals": [],
 "colors": [],
 "uvs": [[]],