 {
  "metadata" :
  {
   "formatVersion" : 3,
   "sourceFile" : "mch002r_022d",
   "generatedBy" : "Tr3 20161112",
   "vertices" : 25,
   "faces" : 36,
   "normals" : 0,
   "colors" : 0,
   "uvs" : 0,
   "materials" : 1
  },
  "scale" : 1.0,
  "materials": [{
    "DbgColor": 0,
    "DbgIndex": 0,
    "DbgName" : "os_occcond_med_38: Occipital bone (condylar part)",
    "colorAmbient": [0.0, 0.0, 0.0],
    "colorDiffuse": [ 1.000, 0.784, 0.588],
    "colorSpecular": [0.16, 0.16, 0.16]
    }],
  "vertices": [
  0.07681, 0.07971, 0.0195,
  0.0778209, 0.0808206, 0.0195,
  0.07695, 0.0799, 0.019,
  0.0780801, 0.0809887, 0.019,
  0.0791192, 0.0812535, 0.0195,
  0.0784705, 0.0802256, 0.019,
  0.0784951, 0.0800611, 0.0195,
  0.0775335, 0.0789871, 0.019,
  0.0776134, 0.078847, 0.0195,
  0.0764445, 0.0783475, 0.0195,
  0.0771216, 0.0774676, 0.019,
  0.0767641, 0.0760358, 0.019,
  0.0757367, 0.0771156, 0.019,
  0.0760824, 0.0785846, 0.019,
  0.07721, 0.08022, 0.02,
  0.0785019, 0.0813117, 0.02,
  0.0794045, 0.0810127, 0.02,
  0.0783939, 0.0796506, 0.02,
  0.077038, 0.0786919, 0.02,
  0.07692, 0.08004, 0.0205,
  0.0778989, 0.0813083, 0.0205,
  0.0793736, 0.0817939, 0.0205,
  0.0792965, 0.0804911, 0.0205,
  0.0782759, 0.0792244, 0.0205,
  0.0769533, 0.0784478, 0.0205
 ],
 "morphTargets": [],
 "morphColors": [],
 "normals": [],
 "colors": [],
 "uvs": [[]],
  "faces": [
  2, 0, 1, 2, 0,
  2, 1, 3, 2, 0,
  2, 1, 4, 3, 0,
  2, 4, 5, 3, 0,
  2, 4, 6, 5, 0,
  2, 6, 7, 5, 0,
  2, 6, 8, 7, 0,
  2, 8, 9, 7, 0,
  2, 9, 10, 7, 0,
  2, 9, 11, 10, 0,
  2, 9, 12, 11, 0,
  2, 9, 13, 12, 0,
  2, 9, 0, 13, 0,
  2, 0, 2, 13, 0,
  2, 14, 1, 0, 0,
  2, 14, 15, 1, 0,
  2, 15, 4, 1, 0,
  2, 15, 16, 4, 0,
  2, 16, 6, 4, 0,
  2, 16, 17, 6, 0,
  2, 17, 8, 6, 0,
  2, 17, 18, 8, 0,
  2, 18, 9, 8, 0,
  2, 18, 0, 9, 0,
  2, 18, 14, 0, 0,
  2, 19, 20, 14, 0,
  2, 20, 15, 14, 0,
  2, 20, 21, 15, 0,
  2, 21, 16, 15, 0,
  2, 21, 22, 16, 0,
  2, 22, 17, 16, 0,
  2, 22, 23, 17, 0,
  2, 23, 18, 17, 0,
  2, 23, 24, 18, 0,
  2, 24, 19, 18, 0,
  2, 19, 14, 18, 0
]
 }
