 {
  "metadata" :
  {
   "formatVersion" : 3,
   "sourceFile" : "mch002r_022d",
   "generatedBy" : "Tr3 20161112",
   "vertices" : 50,
   "faces" : 50,
   "normals" : 0,
   "colors" : 0,
   "uvs" : 0,
   "materials" : 1
  },
  "scale" : 1.0,
  "materials": [{
    "DbgColor": 0,
    "DbgIndex": 0,
    "DbgName" : "Join labvest_30: Vestibule",
    "colorAmbient": [0.0, 0.0, 0.0],
    "colorDiffuse": [ 0.678, 0.847, 0.902],
    "colorSpecular": [0.16, 0.16, 0.16]
    }],
  "vertices": [
  0.06607, 0.0753, 0.015,
  0.06607, 0.07589, 0.015,
  0.0662, 0.07539, 0.0145,
  0.06629, 0.076, 0.0145,
  0.06607, 0.07608, 0.015,
  0.06601, 0.07673, 0.015,
  0.06626, 0.07642, 0.0145,
  0.0661, 0.07688, 0.0145,
  0.06579, 0.07736, 0.015,
  0.06581, 0.07734, 0.0145,
  0.0657, 0.07801, 0.015,
  0.06577, 0.07804, 0.0145,
  0.06595, 0.07823, 0.015,
  0.06632, 0.07845, 0.015,
  0.06607, 0.0786, 0.0145,
  0.06645, 0.07907, 0.015,
  0.06604, 0.07918, 0.0145,
  0.06632, 0.07963, 0.015,
  0.06579, 0.0794, 0.0145,
  0.06601, 0.08013, 0.015,
  0.06545, 0.07943, 0.0145,
  0.06561, 0.08035, 0.015,
  0.06498, 0.08038, 0.015,
  0.06461, 0.08007, 0.015,
  0.06464, 0.07957, 0.015,
  0.06512, 0.0793, 0.0145,
  0.06478, 0.07907, 0.0145,
  0.06486, 0.07895, 0.015,
  0.06486, 0.07857, 0.015,
  0.06448, 0.07838, 0.015,
  0.06453, 0.07886, 0.0145,
  0.06423, 0.0786, 0.0145,
  0.06398, 0.0782, 0.0145,
  0.06392, 0.07804, 0.015,
  0.06384, 0.07773, 0.0145,
  0.0637, 0.07736, 0.015,
  0.06388, 0.07739, 0.0145,
  0.06413, 0.07682, 0.0145,
  0.06395, 0.07679, 0.015,
  0.06436, 0.07614, 0.015,
  0.0645, 0.07629, 0.0145,
  0.06495, 0.07572, 0.0145,
  0.06467, 0.07558, 0.015,
  0.06495, 0.07524, 0.015,
  0.06529, 0.07528, 0.0145,
  0.06529, 0.07492, 0.015,
  0.06543, 0.07499, 0.0145,
  0.06557, 0.07489, 0.015,
  0.06596, 0.07509, 0.0145,
  0.06595, 0.07499, 0.015
 ],
 "morphTargets": [],
 "morphColors": [],
 "normals": [],
 "colors": [],
 "uvs": [[]],
  "faces": [
  2, 0, 1, 2, 0,
  2, 1, 3, 2, 0,
  2, 4, 5, 6, 0,
  2, 5, 7, 6, 0,
  2, 5, 8, 7, 0,
  2, 8, 9, 7, 0,
  2, 8, 10, 9, 0,
  2, 10, 11, 9, 0,
  2, 1, 4, 3, 0,
  2, 4, 6, 3, 0,
  2, 12, 13, 14, 0,
  2, 13, 15, 14, 0,
  2, 15, 16, 14, 0,
  2, 15, 17, 16, 0,
  2, 17, 18, 16, 0,
  2, 17, 19, 18, 0,
  2, 19, 20, 18, 0,
  2, 19, 21, 20, 0,
  2, 21, 22, 20, 0,
  2, 22, 23, 20, 0,
  2, 23, 24, 20, 0,
  2, 24, 25, 20, 0,
  2, 24, 26, 25, 0,
  2, 24, 27, 26, 0,
  2, 10, 12, 11, 0,
  2, 12, 14, 11, 0,
  2, 28, 29, 30, 0,
  2, 29, 31, 30, 0,
  2, 29, 32, 31, 0,
  2, 29, 33, 32, 0,
  2, 33, 34, 32, 0,
  2, 33, 35, 34, 0,
  2, 35, 36, 34, 0,
  2, 35, 37, 36, 0,
  2, 35, 38, 37, 0,
  2, 38, 39, 37, 0,
  2, 39, 40, 37, 0,
  2, 39, 41, 40, 0,
  2, 39, 42, 41, 0,
  2, 42, 43, 41, 0,
  2, 43, 44, 41, 0,
  2, 43, 45, 44, 0,
  2, 45, 46, 44, 0,
  2, 47, 48, 46, 0,
  2, 47, 49, 48, 0,
  2, 49, 0, 48, 0,
  2, 0, 2, 48, 0,
  2, 27, 28, 30, 0,
  2, 27, 30, 26, 0,
  2, 45, 47, 46, 0
]
 }
