 {
  "metadata" :
  {
   "formatVersion" : 3,
   "sourceFile" : "mch002r_022d",
   "generatedBy" : "Tr3 20161112",
   "vertices" : 50,
   "faces" : 73,
   "normals" : 0,
   "colors" : 0,
   "uvs" : 0,
   "materials" : 1
  },
  "scale" : 1.0,
  "materials": [{
    "DbgColor": 0,
    "DbgIndex": 0,
    "DbgName" : "tm_medpost_35: Pars tensa",
    "colorAmbient": [0.0, 0.0, 0.0],
    "colorDiffuse": [ 1.000, 1.000, 1.000],
    "colorSpecular": [0.16, 0.16, 0.16]
    }],
  "vertices": [
  0.05842, 0.07312, 0.018,
  0.0587217, 0.0728884, 0.018,
  0.05887, 0.07199, 0.0175,
  0.0590234, 0.0726568, 0.018,
  0.059325, 0.0724252, 0.018,
  0.059085, 0.0716925, 0.0175,
  0.0596496, 0.0722286, 0.018,
  0.0593, 0.071395, 0.0175,
  0.059983, 0.0720458, 0.018,
  0.059515, 0.0710975, 0.0175,
  0.0603165, 0.0718629, 0.018,
  0.05973, 0.0708, 0.0175,
  0.06065, 0.07168, 0.018,
  0.05819, 0.07369, 0.0185,
  0.0585375, 0.0734583, 0.0185,
  0.0588992, 0.0732504, 0.0185,
  0.0592695, 0.0730572, 0.0185,
  0.0596444, 0.072876, 0.0185,
  0.0600488, 0.0727718, 0.0185,
  0.0604533, 0.0726675, 0.0185,
  0.0608667, 0.0726185, 0.0185,
  0.0612834, 0.0725892, 0.0185,
  0.0617, 0.07256, 0.0185,
  0.05819, 0.07476, 0.019,
  0.0585386, 0.0745543, 0.019,
  0.0588918, 0.0743572, 0.019,
  0.0592587, 0.0741862, 0.019,
  0.0596256, 0.0740152, 0.019,
  0.0599924, 0.0738441, 0.019,
  0.0603724, 0.0737075, 0.019,
  0.0607602, 0.0735914, 0.019,
  0.061148, 0.0734753, 0.019,
  0.0615364, 0.0733617, 0.019,
  0.0619309, 0.0732711, 0.019,
  0.0623255, 0.0731806, 0.019,
  0.06272, 0.07309, 0.019,
  0.05858, 0.07544, 0.0195,
  0.0589352, 0.0752248, 0.0195,
  0.0592904, 0.0750097, 0.0195,
  0.0596463, 0.0747959, 0.0195,
  0.0600125, 0.0746, 0.0195,
  0.0603786, 0.0744041, 0.0195,
  0.0607448, 0.0742081, 0.0195,
  0.0611264, 0.0740446, 0.0195,
  0.0615087, 0.0738824, 0.0195,
  0.061891, 0.0737202, 0.0195,
  0.0622733, 0.073558, 0.0195,
  0.0626628, 0.0734149, 0.0195,
  0.0630564, 0.0732825, 0.0195,
  0.06345, 0.07315, 0.0195
 ],
 "morphTargets": [],
 "morphColors": [],
 "normals": [],
 "colors": [],
 "uvs": [[]],
  "faces": [
  2, 0, 1, 2, 0,
  2, 1, 3, 2, 0,
  2, 3, 4, 2, 0,
  2, 4, 5, 2, 0,
  2, 4, 6, 5, 0,
  2, 6, 7, 5, 0,
  2, 6, 8, 7, 0,
  2, 8, 9, 7, 0,
  2, 8, 10, 9, 0,
  2, 10, 11, 9, 0,
  2, 10, 12, 11, 0,
  2, 13, 14, 0, 0,
  2, 14, 15, 0, 0,
  2, 15, 1, 0, 0,
  2, 15, 16, 1, 0,
  2, 16, 3, 1, 0,
  2, 16, 4, 3, 0,
  2, 16, 17, 4, 0,
  2, 17, 6, 4, 0,
  2, 17, 18, 6, 0,
  2, 18, 8, 6, 0,
  2, 18, 19, 8, 0,
  2, 19, 10, 8, 0,
  2, 19, 20, 10, 0,
  2, 20, 12, 10, 0,
  2, 20, 21, 12, 0,
  2, 21, 22, 12, 0,
  2, 23, 24, 13, 0,
  2, 24, 25, 13, 0,
  2, 25, 14, 13, 0,
  2, 25, 26, 14, 0,
  2, 26, 15, 14, 0,
  2, 26, 27, 15, 0,
  2, 27, 16, 15, 0,
  2, 27, 28, 16, 0,
  2, 28, 17, 16, 0,
  2, 28, 18, 17, 0,
  2, 28, 29, 18, 0,
  2, 29, 19, 18, 0,
  2, 29, 30, 19, 0,
  2, 30, 20, 19, 0,
  2, 30, 31, 20, 0,
  2, 31, 21, 20, 0,
  2, 31, 32, 21, 0,
  2, 32, 22, 21, 0,
  2, 32, 33, 22, 0,
  2, 33, 34, 22, 0,
  2, 34, 35, 22, 0,
  2, 36, 37, 23, 0,
  2, 37, 24, 23, 0,
  2, 37, 25, 24, 0,
  2, 37, 38, 25, 0,
  2, 38, 26, 25, 0,
  2, 38, 39, 26, 0,
  2, 39, 27, 26, 0,
  2, 39, 40, 27, 0,
  2, 40, 28, 27, 0,
  2, 40, 41, 28, 0,
  2, 41, 29, 28, 0,
  2, 41, 42, 29, 0,
  2, 42, 30, 29, 0,
  2, 42, 43, 30, 0,
  2, 43, 31, 30, 0,
  2, 43, 44, 31, 0,
  2, 44, 32, 31, 0,
  2, 44, 45, 32, 0,
  2, 45, 33, 32, 0,
  2, 45, 46, 33, 0,
  2, 46, 34, 33, 0,
  2, 46, 47, 34, 0,
  2, 47, 35, 34, 0,
  2, 47, 48, 35, 0,
  2, 48, 49, 35, 0
]
 }
