 {
  "metadata" :
  {
   "formatVersion" : 3,
   "sourceFile" : "mch002r_022d",
   "generatedBy" : "Tr3 20161112",
   "vertices" : 119,
   "faces" : 179,
   "normals" : 0,
   "colors" : 0,
   "uvs" : 0,
   "materials" : 1
  },
  "scale" : 1.0,
  "materials": [{
    "DbgColor": 0,
    "DbgIndex": 0,
    "DbgName" : "os_occcond_42: Occipital bone (condylar part)",
    "colorAmbient": [0.0, 0.0, 0.0],
    "colorDiffuse": [ 1.000, 0.784, 0.588],
    "colorSpecular": [0.16, 0.16, 0.16]
    }],
  "vertices": [
  0.07733, 0.09, 0.0215,
  0.0767776, 0.088429, 0.0215,
  0.07738, 0.09, 0.021,
  0.0768497, 0.0883829, 0.021,
  0.07652, 0.0867746, 0.0215,
  0.0764537, 0.0867341, 0.021,
  0.0765478, 0.0851044, 0.0215,
  0.0762075, 0.0850501, 0.021,
  0.0770521, 0.0835333, 0.0215,
  0.0761933, 0.0833595, 0.021,
  0.0772498, 0.0822314, 0.021,
  0.0784392, 0.0827359, 0.0215,
  0.0789508, 0.08219, 0.021,
  0.0798067, 0.0819834, 0.0215,
  0.0797641, 0.0810866, 0.021,
  0.0795169, 0.0804162, 0.0215,
  0.078903, 0.0796274, 0.021,
  0.0785402, 0.0790565, 0.0215,
  0.0777843, 0.0783548, 0.021,
  0.0773929, 0.0778809, 0.0215,
  0.0764823, 0.0785321, 0.021,
  0.0759059, 0.0785092, 0.0215,
  0.075903, 0.0801186, 0.021,
  0.0745702, 0.0795095, 0.0215,
  0.0742968, 0.0801022, 0.021,
  0.0729529, 0.0797732, 0.0215,
  0.0726807, 0.0796095, 0.021,
  0.0713132, 0.0799785, 0.0215,
  0.0711735, 0.0801865, 0.021,
  0.0698686, 0.080825, 0.0215,
  0.0702611, 0.0816213, 0.021,
  0.0683338, 0.081443, 0.0215,
  0.0690295, 0.0827001, 0.021,
  0.0673781, 0.0823941, 0.021,
  0.0666626, 0.08135, 0.0215,
  0.0658008, 0.0822897, 0.021,
  0.0653907, 0.082096, 0.0215,
  0.0648593, 0.0836838, 0.0215,
  0.0649939, 0.0837776, 0.021,
  0.0642114, 0.0852257, 0.0215,
  0.0643054, 0.0853317, 0.021,
  0.0636263, 0.0867919, 0.0215,
  0.0637668, 0.086946, 0.021,
  0.0631069, 0.0883836, 0.0215,
  0.0630809, 0.0884895, 0.021,
  0.06268, 0.09, 0.0215,
  0.06234, 0.09, 0.021,
  0.07721, 0.09, 0.022,
  0.0768363, 0.0883244, 0.022,
  0.076692, 0.0866174, 0.022,
  0.0770469, 0.08495, 0.022,
  0.078061, 0.0835768, 0.022,
  0.0794644, 0.0826038, 0.022,
  0.0797818, 0.0809618, 0.022,
  0.0790135, 0.0794445, 0.022,
  0.0779181, 0.0781372, 0.022,
  0.0763074, 0.0782112, 0.022,
  0.0748502, 0.079119, 0.022,
  0.0733485, 0.0799387, 0.022,
  0.071645, 0.0800486, 0.022,
  0.0699676, 0.0803595, 0.022,
  0.0683046, 0.0807891, 0.022,
  0.0666172, 0.0809866, 0.022,
  0.065255, 0.0817541, 0.022,
  0.0649374, 0.0834386, 0.022,
  0.064348, 0.0850413, 0.022,
  0.0637689, 0.086653, 0.022,
  0.0633024, 0.0883056, 0.022,
  0.06302, 0.09, 0.022,
  0.07693, 0.09, 0.0225,
  0.0766743, 0.0883268, 0.0225,
  0.0768356, 0.0866268, 0.0225,
  0.0773505, 0.0849984, 0.0225,
  0.07826, 0.0835582, 0.0225,
  0.079421, 0.0823055, 0.0225,
  0.0797762, 0.0807, 0.0225,
  0.0789287, 0.0792798, 0.0225,
  0.0777301, 0.0780937, 0.0225,
  0.0761105, 0.0783511, 0.0225,
  0.0746906, 0.0793058, 0.0225,
  0.0732685, 0.0802551, 0.0225,
  0.0716743, 0.0806162, 0.0225,
  0.0700101, 0.0802686, 0.0225,
  0.0683023, 0.0803345, 0.0225,
  0.06663, 0.0806891, 0.0225,
  0.0652339, 0.0815766, 0.0225,
  0.0647477, 0.0832083, 0.0225,
  0.0643857, 0.0848816, 0.0225,
  0.0639613, 0.0865369, 0.0225,
  0.064328, 0.0881646, 0.0225,
  0.065372, 0.0894152, 0.0225,
  0.06698, 0.09, 0.0225,
  0.07661, 0.09, 0.023,
  0.0764153, 0.0883579, 0.023,
  0.0767822, 0.0866879, 0.023,
  0.0774358, 0.0851047, 0.023,
  0.0782097, 0.0835729, 0.023,
  0.0791257, 0.0821306, 0.023,
  0.0798596, 0.0806393, 0.023,
  0.0788857, 0.0792557, 0.023,
  0.0775653, 0.0781758, 0.023,
  0.0759898, 0.0785847, 0.023,
  0.0746029, 0.0795954, 0.023,
  0.0732346, 0.0806311, 0.023,
  0.071735, 0.0814292, 0.023,
  0.0700666, 0.0812031, 0.023,
  0.0684075, 0.0808542, 0.023,
  0.0667066, 0.0810259, 0.023,
  0.0652897, 0.0818651, 0.023,
  0.0645547, 0.083404, 0.023,
  0.0642358, 0.0850881, 0.023,
  0.0641661, 0.0867994, 0.023,
  0.0645894, 0.0884377, 0.023,
  0.0659816, 0.0892594, 0.023,
  0.0675987, 0.0887253, 0.023,
  0.0691365, 0.0880453, 0.023,
  0.0708138, 0.0883126, 0.023,
  0.0723493, 0.0890684, 0.023,
  0.07379, 0.09, 0.023
 ],
 "morphTargets": [],
 "morphColors": [],
 "normals": [],
 "colors": [],
 "uvs": [[]],
  "faces": [
  2, 0, 1, 2, 0,
  2, 1, 3, 2, 0,
  2, 1, 4, 3, 0,
  2, 4, 5, 3, 0,
  2, 4, 6, 5, 0,
  2, 6, 7, 5, 0,
  2, 6, 8, 7, 0,
  2, 8, 9, 7, 0,
  2, 8, 10, 9, 0,
  2, 8, 11, 10, 0,
  2, 11, 12, 10, 0,
  2, 11, 13, 12, 0,
  2, 13, 14, 12, 0,
  2, 13, 15, 14, 0,
  2, 15, 16, 14, 0,
  2, 15, 17, 16, 0,
  2, 17, 18, 16, 0,
  2, 17, 19, 18, 0,
  2, 19, 20, 18, 0,
  2, 19, 21, 20, 0,
  2, 21, 22, 20, 0,
  2, 21, 23, 22, 0,
  2, 23, 24, 22, 0,
  2, 23, 25, 24, 0,
  2, 25, 26, 24, 0,
  2, 25, 27, 26, 0,
  2, 27, 28, 26, 0,
  2, 27, 29, 28, 0,
  2, 29, 30, 28, 0,
  2, 29, 31, 30, 0,
  2, 31, 32, 30, 0,
  2, 31, 33, 32, 0,
  2, 31, 34, 33, 0,
  2, 34, 35, 33, 0,
  2, 34, 36, 35, 0,
  2, 36, 37, 35, 0,
  2, 37, 38, 35, 0,
  2, 37, 39, 38, 0,
  2, 39, 40, 38, 0,
  2, 39, 41, 40, 0,
  2, 41, 42, 40, 0,
  2, 41, 43, 42, 0,
  2, 43, 44, 42, 0,
  2, 43, 45, 44, 0,
  2, 45, 46, 44, 0,
  2, 47, 1, 0, 0,
  2, 47, 48, 1, 0,
  2, 48, 4, 1, 0,
  2, 48, 49, 4, 0,
  2, 49, 6, 4, 0,
  2, 49, 50, 6, 0,
  2, 50, 8, 6, 0,
  2, 50, 51, 8, 0,
  2, 51, 11, 8, 0,
  2, 51, 52, 11, 0,
  2, 52, 13, 11, 0,
  2, 52, 53, 13, 0,
  2, 53, 15, 13, 0,
  2, 53, 54, 15, 0,
  2, 54, 17, 15, 0,
  2, 54, 55, 17, 0,
  2, 55, 19, 17, 0,
  2, 55, 56, 19, 0,
  2, 56, 21, 19, 0,
  2, 56, 57, 21, 0,
  2, 57, 23, 21, 0,
  2, 57, 58, 23, 0,
  2, 58, 25, 23, 0,
  2, 58, 59, 25, 0,
  2, 59, 27, 25, 0,
  2, 59, 60, 27, 0,
  2, 60, 29, 27, 0,
  2, 60, 61, 29, 0,
  2, 61, 31, 29, 0,
  2, 61, 34, 31, 0,
  2, 61, 62, 34, 0,
  2, 62, 63, 34, 0,
  2, 63, 36, 34, 0,
  2, 63, 64, 36, 0,
  2, 64, 37, 36, 0,
  2, 64, 65, 37, 0,
  2, 65, 39, 37, 0,
  2, 65, 66, 39, 0,
  2, 66, 41, 39, 0,
  2, 66, 67, 41, 0,
  2, 67, 43, 41, 0,
  2, 67, 68, 43, 0,
  2, 68, 45, 43, 0,
  2, 69, 48, 47, 0,
  2, 69, 70, 48, 0,
  2, 70, 71, 48, 0,
  2, 71, 49, 48, 0,
  2, 71, 50, 49, 0,
  2, 71, 72, 50, 0,
  2, 72, 51, 50, 0,
  2, 72, 73, 51, 0,
  2, 73, 52, 51, 0,
  2, 73, 74, 52, 0,
  2, 74, 53, 52, 0,
  2, 74, 75, 53, 0,
  2, 75, 54, 53, 0,
  2, 75, 76, 54, 0,
  2, 76, 55, 54, 0,
  2, 76, 77, 55, 0,
  2, 77, 56, 55, 0,
  2, 77, 78, 56, 0,
  2, 78, 57, 56, 0,
  2, 78, 79, 57, 0,
  2, 79, 58, 57, 0,
  2, 79, 80, 58, 0,
  2, 80, 59, 58, 0,
  2, 80, 81, 59, 0,
  2, 81, 82, 59, 0,
  2, 82, 60, 59, 0,
  2, 82, 83, 60, 0,
  2, 83, 61, 60, 0,
  2, 83, 84, 61, 0,
  2, 84, 62, 61, 0,
  2, 84, 85, 62, 0,
  2, 85, 63, 62, 0,
  2, 85, 86, 63, 0,
  2, 86, 64, 63, 0,
  2, 86, 87, 64, 0,
  2, 87, 65, 64, 0,
  2, 87, 88, 65, 0,
  2, 88, 66, 65, 0,
  2, 88, 89, 66, 0,
  2, 89, 67, 66, 0,
  2, 89, 68, 67, 0,
  2, 89, 90, 68, 0,
  2, 90, 91, 68, 0,
  2, 92, 70, 69, 0,
  2, 92, 93, 70, 0,
  2, 93, 94, 70, 0,
  2, 94, 71, 70, 0,
  2, 94, 95, 71, 0,
  2, 95, 72, 71, 0,
  2, 95, 96, 72, 0,
  2, 96, 73, 72, 0,
  2, 96, 97, 73, 0,
  2, 97, 74, 73, 0,
  2, 97, 75, 74, 0,
  2, 97, 98, 75, 0,
  2, 98, 76, 75, 0,
  2, 98, 99, 76, 0,
  2, 99, 77, 76, 0,
  2, 99, 100, 77, 0,
  2, 100, 78, 77, 0,
  2, 100, 101, 78, 0,
  2, 101, 79, 78, 0,
  2, 101, 102, 79, 0,
  2, 102, 80, 79, 0,
  2, 102, 103, 80, 0,
  2, 103, 81, 80, 0,
  2, 103, 104, 81, 0,
  2, 104, 105, 81, 0,
  2, 105, 82, 81, 0,
  2, 105, 106, 82, 0,
  2, 106, 83, 82, 0,
  2, 106, 107, 83, 0,
  2, 107, 84, 83, 0,
  2, 107, 85, 84, 0,
  2, 107, 108, 85, 0,
  2, 108, 86, 85, 0,
  2, 108, 109, 86, 0,
  2, 109, 87, 86, 0,
  2, 109, 110, 87, 0,
  2, 110, 88, 87, 0,
  2, 110, 111, 88, 0,
  2, 111, 89, 88, 0,
  2, 111, 112, 89, 0,
  2, 112, 90, 89, 0,
  2, 112, 113, 90, 0,
  2, 113, 91, 90, 0,
  2, 113, 114, 91, 0,
  2, 114, 115, 91, 0,
  2, 115, 116, 91, 0,
  2, 116, 117, 91, 0,
  2, 117, 118, 91, 0
]
 }
