 {
  "metadata" :
  {
   "formatVersion" : 3,
   "sourceFile" : "mch002r_022d",
   "generatedBy" : "Tr3 20161112",
   "vertices" : 25,
   "faces" : 24,
   "normals" : 0,
   "colors" : 0,
   "uvs" : 0,
   "materials" : 1
  },
  "scale" : 1.0,
  "materials": [{
    "DbgColor": 0,
    "DbgIndex": 0,
    "DbgName" : "Cap labscc_lat_27_tail: Semicircular canals",
    "colorAmbient": [0.0, 0.0, 0.0],
    "colorDiffuse": [ 1.000, 0.667, 1.000],
    "colorSpecular": [0.16, 0.16, 0.16]
    }],
  "vertices": [
  0.05872, 0.0806, 0.014,
  0.0583, 0.07962, 0.014,
  0.05909, 0.07952, 0.014,
  0.0589, 0.07877, 0.014,
  0.05792, 0.07915, 0.014,
  0.05788, 0.07798, 0.014,
  0.0589, 0.07784, 0.014,
  0.05806, 0.07718, 0.014,
  0.05867, 0.07718, 0.014,
  0.0595367, 0.0805283, 0.014,
  0.05975, 0.07999, 0.014,
  0.06031, 0.08032, 0.014,
  0.06352, 0.07926, 0.014,
  0.06399, 0.07988, 0.014,
  0.06317, 0.07965, 0.014,
  0.06356, 0.0801, 0.014,
  0.06313, 0.08036, 0.014,
  0.0624, 0.0801, 0.014,
  0.06255, 0.08072, 0.014,
  0.06143, 0.0805, 0.014,
  0.06173, 0.08114, 0.014,
  0.0612, 0.08144, 0.014,
  0.06096, 0.0805, 0.014,
  0.06007, 0.08144, 0.014,
  0.05928, 0.0813, 0.014
 ],
 "morphTargets": [],
 "morphColors": [],
 "normals": [],
 "colors": [],
 "uvs": [[]],
  "faces": [
  2, 0, 1, 2, 0,
  2, 2, 1, 3, 0,
  2, 1, 4, 3, 0,
  2, 4, 5, 3, 0,
  2, 3, 5, 6, 0,
  2, 5, 7, 6, 0,
  2, 7, 8, 6, 0,
  2, 9, 0, 2, 0,
  2, 9, 10, 11, 0,
  2, 12, 13, 14, 0,
  2, 13, 15, 14, 0,
  2, 15, 16, 14, 0,
  2, 14, 16, 17, 0,
  2, 16, 18, 17, 0,
  2, 17, 18, 19, 0,
  2, 18, 20, 19, 0,
  2, 20, 21, 19, 0,
  2, 19, 21, 22, 0,
  2, 21, 23, 22, 0,
  2, 22, 23, 11, 0,
  2, 11, 23, 9, 0,
  2, 23, 24, 9, 0,
  2, 24, 0, 9, 0,
  2, 10, 9, 2, 0
]
 }
