 {
  "metadata" :
  {
   "formatVersion" : 3,
   "sourceFile" : "mch002r_022d",
   "generatedBy" : "Tr3 20161112",
   "vertices" : 9,
   "faces" : 7,
   "normals" : 0,
   "colors" : 0,
   "uvs" : 0,
   "materials" : 1
  },
  "scale" : 1.0,
  "materials": [{
    "DbgColor": 0,
    "DbgIndex": 0,
    "DbgName" : "Join inc_med_30: Incus",
    "colorAmbient": [0.0, 0.0, 0.0],
    "colorDiffuse": [ 1.000, 0.784, 0.588],
    "colorSpecular": [0.16, 0.16, 0.16]
    }],
  "vertices": [
  0.0600261, 0.073738, 0.015,
  0.0608895, 0.0731338, 0.0145,
  0.0594271, 0.0738011, 0.0145,
  0.05754, 0.07512, 0.015,
  0.0586842, 0.0742484, 0.015,
  0.0579893, 0.0747043, 0.0145,
  0.0610765, 0.0730289, 0.015,
  0.06024, 0.07198, 0.015,
  0.06005, 0.07181, 0.0145
 ],
 "morphTargets": [],
 "morphColors": [],
 "normals": [],
 "colors": [],
 "uvs": [[]],
  "faces": [
  2, 0, 1, 2, 0,
  2, 3, 4, 5, 0,
  2, 4, 2, 5, 0,
  2, 4, 0, 2, 0,
  2, 6, 7, 1, 0,
  2, 0, 6, 1, 0,
  2, 7, 8, 1, 0
]
 }
