 {
  "metadata" :
  {
   "formatVersion" : 3,
   "sourceFile" : "mch002r_022d",
   "generatedBy" : "Tr3 20161112",
   "vertices" : 27,
   "faces" : 32,
   "normals" : 0,
   "colors" : 0,
   "uvs" : 0,
   "materials" : 1
  },
  "scale" : 1.0,
  "materials": [{
    "DbgColor": 0,
    "DbgIndex": 0,
    "DbgName" : "9_48: (no description)",
    "colorAmbient": [0.0, 0.0, 0.0],
    "colorDiffuse": [ 1.000, 1.000, 1.000],
    "colorSpecular": [0.16, 0.16, 0.16]
    }],
  "vertices": [
  0.04198, 0.05096, 0.0275,
  0.0409426, 0.0561559, 0.0275,
  0.04198, 0.05096, 0.026,
  0.0409426, 0.0561559, 0.026,
  0.0398663, 0.0613268, 0.026,
  0.0398663, 0.0613268, 0.0275,
  0.0404411, 0.0665292, 0.0275,
  0.0404411, 0.0665292, 0.026,
  0.0445191, 0.0697115, 0.026,
  0.0445191, 0.0697115, 0.0275,
  0.0461435, 0.0741454, 0.0275,
  0.0461435, 0.0741454, 0.026,
  0.0462454, 0.0794427, 0.026,
  0.0462454, 0.0794427, 0.0275,
  0.0463117, 0.0847413, 0.0275,
  0.0463117, 0.0847413, 0.026,
  0.04638, 0.09004, 0.026,
  0.04638, 0.09004, 0.0275,
  0.04198, 0.05096, 0.0285,
  0.0409426, 0.0561559, 0.0285,
  0.0398663, 0.0613268, 0.0285,
  0.0404411, 0.0665292, 0.0285,
  0.0445191, 0.0697115, 0.0285,
  0.0461435, 0.0741454, 0.0285,
  0.0462454, 0.0794427, 0.0285,
  0.0463117, 0.0847413, 0.0285,
  0.04638, 0.09004, 0.0285
 ],
 "morphTargets": [],
 "morphColors": [],
 "normals": [],
 "colors": [],
 "uvs": [[]],
  "faces": [
  2, 0, 1, 2, 0,
  2, 1, 3, 2, 0,
  2, 1, 4, 3, 0,
  2, 1, 5, 4, 0,
  2, 5, 6, 4, 0,
  2, 6, 7, 4, 0,
  2, 6, 8, 7, 0,
  2, 6, 9, 8, 0,
  2, 9, 10, 8, 0,
  2, 10, 11, 8, 0,
  2, 10, 12, 11, 0,
  2, 10, 13, 12, 0,
  2, 13, 14, 12, 0,
  2, 14, 15, 12, 0,
  2, 14, 16, 15, 0,
  2, 14, 17, 16, 0,
  2, 18, 19, 0, 0,
  2, 19, 1, 0, 0,
  2, 19, 5, 1, 0,
  2, 19, 20, 5, 0,
  2, 20, 21, 5, 0,
  2, 21, 6, 5, 0,
  2, 21, 9, 6, 0,
  2, 21, 22, 9, 0,
  2, 22, 23, 9, 0,
  2, 23, 10, 9, 0,
  2, 23, 13, 10, 0,
  2, 23, 24, 13, 0,
  2, 24, 25, 13, 0,
  2, 25, 14, 13, 0,
  2, 25, 17, 14, 0,
  2, 25, 26, 17, 0
]
 }
