 {
  "metadata" :
  {
   "formatVersion" : 3,
   "sourceFile" : "mch002r_022d",
   "generatedBy" : "Tr3 20161112",
   "vertices" : 107,
   "faces" : 139,
   "normals" : 0,
   "colors" : 0,
   "uvs" : 0,
   "materials" : 1
  },
  "scale" : 1.0,
  "materials": [{
    "DbgColor": 0,
    "DbgIndex": 0,
    "DbgName" : "os_temp_b_29: Temporal bone",
    "colorAmbient": [0.0, 0.0, 0.0],
    "colorDiffuse": [ 1.000, 0.784, 0.588],
    "colorSpecular": [0.16, 0.16, 0.16]
    }],
  "vertices": [
  0.05603, 0.09, 0.015,
  0.0566185, 0.0886409, 0.0145,
  0.0556, 0.09, 0.0145,
  0.0570076, 0.0886176, 0.015,
  0.0579517, 0.0875858, 0.0145,
  0.0583146, 0.0875341, 0.015,
  0.0593093, 0.0865622, 0.0145,
  0.0596284, 0.0864577, 0.015,
  0.0607378, 0.0856427, 0.0145,
  0.0609069, 0.0853524, 0.015,
  0.0620935, 0.0846166, 0.0145,
  0.0622029, 0.08428, 0.015,
  0.0629833, 0.0831866, 0.0145,
  0.063155, 0.082876, 0.015,
  0.0644261, 0.0831327, 0.0145,
  0.064634, 0.083216, 0.015,
  0.0660002, 0.083582, 0.0145,
  0.0662933, 0.0834712, 0.015,
  0.0675136, 0.0830534, 0.0145,
  0.0678684, 0.0828989, 0.015,
  0.0689364, 0.0822398, 0.0145,
  0.0692645, 0.0819597, 0.015,
  0.0701586, 0.0810632, 0.0145,
  0.0705042, 0.080809, 0.015,
  0.0716086, 0.0801753, 0.0145,
  0.0713534, 0.0797492, 0.015,
  0.0726126, 0.0788364, 0.0145,
  0.0717627, 0.0786023, 0.015,
  0.072984, 0.0777196, 0.015,
  0.0737817, 0.0776089, 0.0145,
  0.0740058, 0.0764395, 0.015,
  0.074472, 0.0760818, 0.0145,
  0.0750404, 0.0751196, 0.015,
  0.0755156, 0.0747412, 0.0145,
  0.076273, 0.0739555, 0.015,
  0.0767796, 0.0736226, 0.0145,
  0.0772475, 0.0725667, 0.015,
  0.0777116, 0.0722033, 0.0145,
  0.0781748, 0.071144, 0.015,
  0.078515, 0.0707048, 0.0145,
  0.07863, 0.0695433, 0.015,
  0.0788681, 0.0690668, 0.0145,
  0.0782779, 0.0679137, 0.015,
  0.07835, 0.0674972, 0.0145,
  0.0784259, 0.0662592, 0.015,
  0.0788703, 0.0659313, 0.0145,
  0.0789728, 0.0646673, 0.015,
  0.0791679, 0.0642769, 0.0145,
  0.07915, 0.0629817, 0.015,
  0.0789746, 0.06259, 0.0145,
  0.0777659, 0.0624546, 0.015,
  0.0777054, 0.0619558, 0.0145,
  0.0760435, 0.0623148, 0.0145,
  0.0761665, 0.0630122, 0.015,
  0.0744783, 0.0629781, 0.0145,
  0.0745236, 0.063409, 0.015,
  0.0729484, 0.0637158, 0.0145,
  0.0729532, 0.0640558, 0.015,
  0.0713617, 0.0643272, 0.0145,
  0.0713453, 0.0645952, 0.015,
  0.0699081, 0.0651983, 0.0145,
  0.0697509, 0.065141, 0.015,
  0.0686248, 0.0663098, 0.0145,
  0.0685396, 0.0663142, 0.015,
  0.0674858, 0.0675698, 0.0145,
  0.0674562, 0.0676112, 0.015,
  0.0667354, 0.0690746, 0.0145,
  0.06723, 0.0692773, 0.015,
  0.0662545, 0.0706058, 0.015,
  0.0659799, 0.0705478, 0.0145,
  0.06523, 0.07196, 0.015,
  0.06489, 0.07185, 0.0145,
  0.0566, 0.09, 0.0155,
  0.0576968, 0.0886911, 0.0155,
  0.0588693, 0.0874454, 0.0155,
  0.0599849, 0.086151, 0.0155,
  0.0614748, 0.0853199, 0.0155,
  0.0625999, 0.0840691, 0.0155,
  0.0637557, 0.0833854, 0.0155,
  0.0648717, 0.0844814, 0.0155,
  0.066454, 0.0838842, 0.0155,
  0.068038, 0.0832331, 0.0155,
  0.0693321, 0.0821755, 0.0155,
  0.0705515, 0.0809776, 0.0155,
  0.0710073, 0.0797196, 0.0155,
  0.0705754, 0.07882, 0.0155,
  0.0721683, 0.0784427, 0.0155,
  0.0730808, 0.0770636, 0.0155,
  0.0743437, 0.0759759, 0.0155,
  0.075187, 0.0745695, 0.0155,
  0.0764652, 0.0734338, 0.0155,
  0.0772237, 0.0719306, 0.0155,
  0.0779136, 0.0703648, 0.0155,
  0.0781779, 0.0687032, 0.0155,
  0.0779138, 0.067068, 0.0155,
  0.0783244, 0.0654134, 0.0155,
  0.07854, 0.0637258, 0.0155,
  0.0774538, 0.0630442, 0.0155,
  0.0758727, 0.0636982, 0.0155,
  0.0742311, 0.0641863, 0.0155,
  0.0725872, 0.0646591, 0.0155,
  0.0709011, 0.0648938, 0.0155,
  0.0693592, 0.0656072, 0.0155,
  0.0683034, 0.0669253, 0.0155,
  0.0672429, 0.0682436, 0.0155,
  0.06663, 0.0698088, 0.0155,
  0.06575, 0.07123, 0.0155
 ],
 "morphTargets": [],
 "morphColors": [],
 "normals": [],
 "colors": [],
 "uvs": [[]],
  "faces": [
  2, 0, 1, 2, 0,
  2, 0, 3, 1, 0,
  2, 3, 4, 1, 0,
  2, 3, 5, 4, 0,
  2, 5, 6, 4, 0,
  2, 5, 7, 6, 0,
  2, 7, 8, 6, 0,
  2, 7, 9, 8, 0,
  2, 9, 10, 8, 0,
  2, 9, 11, 10, 0,
  2, 11, 12, 10, 0,
  2, 11, 13, 12, 0,
  2, 13, 14, 12, 0,
  2, 13, 15, 14, 0,
  2, 15, 16, 14, 0,
  2, 15, 17, 16, 0,
  2, 17, 18, 16, 0,
  2, 17, 19, 18, 0,
  2, 19, 20, 18, 0,
  2, 19, 21, 20, 0,
  2, 21, 22, 20, 0,
  2, 21, 23, 22, 0,
  2, 23, 24, 22, 0,
  2, 23, 25, 24, 0,
  2, 25, 26, 24, 0,
  2, 25, 27, 26, 0,
  2, 27, 28, 26, 0,
  2, 28, 29, 26, 0,
  2, 28, 30, 29, 0,
  2, 30, 31, 29, 0,
  2, 30, 32, 31, 0,
  2, 32, 33, 31, 0,
  2, 32, 34, 33, 0,
  2, 34, 35, 33, 0,
  2, 34, 36, 35, 0,
  2, 36, 37, 35, 0,
  2, 36, 38, 37, 0,
  2, 38, 39, 37, 0,
  2, 38, 40, 39, 0,
  2, 40, 41, 39, 0,
  2, 40, 42, 41, 0,
  2, 42, 43, 41, 0,
  2, 42, 44, 43, 0,
  2, 44, 45, 43, 0,
  2, 44, 46, 45, 0,
  2, 46, 47, 45, 0,
  2, 46, 48, 47, 0,
  2, 48, 49, 47, 0,
  2, 48, 50, 49, 0,
  2, 50, 51, 49, 0,
  2, 50, 52, 51, 0,
  2, 50, 53, 52, 0,
  2, 53, 54, 52, 0,
  2, 53, 55, 54, 0,
  2, 55, 56, 54, 0,
  2, 55, 57, 56, 0,
  2, 57, 58, 56, 0,
  2, 57, 59, 58, 0,
  2, 59, 60, 58, 0,
  2, 59, 61, 60, 0,
  2, 61, 62, 60, 0,
  2, 61, 63, 62, 0,
  2, 63, 64, 62, 0,
  2, 63, 65, 64, 0,
  2, 65, 66, 64, 0,
  2, 65, 67, 66, 0,
  2, 67, 68, 66, 0,
  2, 68, 69, 66, 0,
  2, 68, 70, 69, 0,
  2, 70, 71, 69, 0,
  2, 72, 3, 0, 0,
  2, 72, 73, 3, 0,
  2, 73, 5, 3, 0,
  2, 73, 74, 5, 0,
  2, 74, 7, 5, 0,
  2, 74, 75, 7, 0,
  2, 75, 9, 7, 0,
  2, 75, 76, 9, 0,
  2, 76, 11, 9, 0,
  2, 76, 77, 11, 0,
  2, 77, 13, 11, 0,
  2, 77, 78, 13, 0,
  2, 78, 15, 13, 0,
  2, 78, 79, 15, 0,
  2, 79, 17, 15, 0,
  2, 79, 80, 17, 0,
  2, 80, 19, 17, 0,
  2, 80, 81, 19, 0,
  2, 81, 82, 19, 0,
  2, 82, 21, 19, 0,
  2, 82, 83, 21, 0,
  2, 83, 23, 21, 0,
  2, 83, 84, 23, 0,
  2, 84, 25, 23, 0,
  2, 84, 85, 25, 0,
  2, 85, 27, 25, 0,
  2, 85, 86, 27, 0,
  2, 86, 28, 27, 0,
  2, 86, 87, 28, 0,
  2, 87, 30, 28, 0,
  2, 87, 88, 30, 0,
  2, 88, 32, 30, 0,
  2, 88, 89, 32, 0,
  2, 89, 34, 32, 0,
  2, 89, 90, 34, 0,
  2, 90, 36, 34, 0,
  2, 90, 91, 36, 0,
  2, 91, 38, 36, 0,
  2, 91, 92, 38, 0,
  2, 92, 40, 38, 0,
  2, 92, 93, 40, 0,
  2, 93, 42, 40, 0,
  2, 93, 94, 42, 0,
  2, 94, 44, 42, 0,
  2, 94, 95, 44, 0,
  2, 95, 46, 44, 0,
  2, 95, 96, 46, 0,
  2, 96, 48, 46, 0,
  2, 96, 50, 48, 0,
  2, 96, 97, 50, 0,
  2, 97, 53, 50, 0,
  2, 97, 98, 53, 0,
  2, 98, 55, 53, 0,
  2, 98, 99, 55, 0,
  2, 99, 57, 55, 0,
  2, 99, 100, 57, 0,
  2, 100, 59, 57, 0,
  2, 100, 101, 59, 0,
  2, 101, 61, 59, 0,
  2, 101, 102, 61, 0,
  2, 102, 63, 61, 0,
  2, 102, 103, 63, 0,
  2, 103, 65, 63, 0,
  2, 103, 104, 65, 0,
  2, 104, 67, 65, 0,
  2, 104, 105, 67, 0,
  2, 105, 68, 67, 0,
  2, 105, 106, 68, 0,
  2, 106, 70, 68, 0
]
 }
