 {
  "metadata" :
  {
   "formatVersion" : 3,
   "sourceFile" : "mch002r_022d",
   "generatedBy" : "Tr3 20161112",
   "vertices" : 170,
   "faces" : 272,
   "normals" : 0,
   "colors" : 0,
   "uvs" : 0,
   "materials" : 1
  },
  "scale" : 1.0,
  "materials": [{
    "DbgColor": 0,
    "DbgIndex": 0,
    "DbgName" : "os_cav_38: Cavity wall",
    "colorAmbient": [0.0, 0.0, 0.0],
    "colorDiffuse": [ 1.000, 0.784, 0.588],
    "colorSpecular": [0.16, 0.16, 0.16]
    }],
  "vertices": [
  0.0649, 0.06915, 0.0195,
  0.0651998, 0.0688386, 0.019,
  0.06436, 0.06886, 0.019,
  0.0657301, 0.06935, 0.0195,
  0.0660042, 0.0686115, 0.019,
  0.0664668, 0.0692634, 0.019,
  0.0665479, 0.0695896, 0.0195,
  0.0670404, 0.069767, 0.019,
  0.0668697, 0.0703446, 0.0195,
  0.067873, 0.0698538, 0.019,
  0.0677688, 0.0704663, 0.019,
  0.0672, 0.0709831, 0.019,
  0.0669708, 0.0711865, 0.0195,
  0.0674606, 0.0717918, 0.019,
  0.06766, 0.0716507, 0.0195,
  0.0674963, 0.0724437, 0.0195,
  0.0676177, 0.0726085, 0.019,
  0.06703, 0.0730465, 0.019,
  0.066849, 0.0730105, 0.0195,
  0.0661823, 0.0730706, 0.019,
  0.0660582, 0.0733286, 0.0195,
  0.0656062, 0.0736229, 0.019,
  0.0656484, 0.0740511, 0.0195,
  0.0649991, 0.0741217, 0.019,
  0.0652251, 0.0747651, 0.0195,
  0.0644808, 0.0746768, 0.019,
  0.0645723, 0.0755152, 0.019,
  0.0653092, 0.0755708, 0.0195,
  0.0651683, 0.076094, 0.019,
  0.0659638, 0.0760953, 0.0195,
  0.0659699, 0.0762872, 0.019,
  0.0667502, 0.0764457, 0.0195,
  0.0668068, 0.076205, 0.019,
  0.0675629, 0.0758278, 0.019,
  0.0684108, 0.0758328, 0.019,
  0.0682916, 0.0765621, 0.019,
  0.0676304, 0.0769965, 0.019,
  0.0671403, 0.0771887, 0.0195,
  0.0674563, 0.0778002, 0.019,
  0.0667138, 0.0777664, 0.019,
  0.0665104, 0.0776176, 0.0195,
  0.0658934, 0.0779561, 0.019,
  0.0656521, 0.0776794, 0.0195,
  0.0650545, 0.0780636, 0.019,
  0.0648575, 0.0779348, 0.0195,
  0.0643445, 0.07848, 0.019,
  0.0641473, 0.0780299, 0.0195,
  0.0635522, 0.0782622, 0.019,
  0.0635659, 0.077787, 0.0195,
  0.0630154, 0.0782095, 0.0195,
  0.0629027, 0.0777164, 0.019,
  0.0625598, 0.077515, 0.0195,
  0.0620856, 0.0775478, 0.019,
  0.0617835, 0.0773761, 0.0195,
  0.0612346, 0.0775088, 0.019,
  0.0610147, 0.0776732, 0.0195,
  0.0604109, 0.0772935, 0.019,
  0.0602452, 0.0773315, 0.0195,
  0.0597773, 0.0767319, 0.019,
  0.0595938, 0.0768064, 0.0195,
  0.0592092, 0.0761094, 0.019,
  0.059025, 0.0761699, 0.0195,
  0.0587438, 0.0753966, 0.019,
  0.05858, 0.07544, 0.0195,
  0.05819, 0.07476, 0.019,
  0.0653, 0.06962, 0.02,
  0.0661094, 0.0698265, 0.02,
  0.0666493, 0.0701825, 0.02,
  0.067214, 0.0707309, 0.02,
  0.0677962, 0.071351, 0.02,
  0.0675737, 0.0721324, 0.02,
  0.0672034, 0.0729133, 0.02,
  0.0675228, 0.0737111, 0.02,
  0.0670021, 0.0742037, 0.02,
  0.0669183, 0.0747457, 0.02,
  0.0677632, 0.0749295, 0.02,
  0.0674707, 0.0755155, 0.02,
  0.0666427, 0.0753399, 0.02,
  0.0659056, 0.0755631, 0.02,
  0.0661518, 0.0763298, 0.02,
  0.0664588, 0.0770788, 0.02,
  0.0657657, 0.0774521, 0.02,
  0.0649255, 0.0776665, 0.02,
  0.0640968, 0.0777816, 0.02,
  0.0633426, 0.0780424, 0.02,
  0.0625421, 0.0778504, 0.02,
  0.0618781, 0.0772929, 0.02,
  0.0610583, 0.0774936, 0.02,
  0.0602386, 0.0773061, 0.02,
  0.0595466, 0.07681, 0.02,
  0.05923, 0.07605, 0.02,
  0.06565, 0.07018, 0.0205,
  0.0663405, 0.0706181, 0.0205,
  0.0670765, 0.0707377, 0.0205,
  0.0678817, 0.0707127, 0.0205,
  0.0681955, 0.0713926, 0.0205,
  0.0678268, 0.0721613, 0.0205,
  0.0675033, 0.0729483, 0.0205,
  0.0675749, 0.073773, 0.0205,
  0.0669864, 0.0743254, 0.0205,
  0.0674004, 0.074803, 0.0205,
  0.0678285, 0.0752726, 0.0205,
  0.0671122, 0.0756016, 0.0205,
  0.0663005, 0.0754457, 0.0205,
  0.0659002, 0.0761406, 0.0205,
  0.0653589, 0.0767941, 0.0205,
  0.0646506, 0.0772258, 0.0205,
  0.0638835, 0.0775966, 0.0205,
  0.063137, 0.0779434, 0.0205,
  0.0623957, 0.0776615, 0.0205,
  0.061633, 0.0776944, 0.0205,
  0.0611469, 0.0770675, 0.0205,
  0.0603168, 0.0770947, 0.0205,
  0.05987, 0.07646, 0.0205,
  0.06591, 0.07088, 0.021,
  0.0667609, 0.0710169, 0.021,
  0.0676261, 0.0710427, 0.021,
  0.0684625, 0.0712563, 0.021,
  0.06916, 0.0717195, 0.021,
  0.0686557, 0.0723438, 0.021,
  0.0681063, 0.0730171, 0.021,
  0.0675711, 0.0737034, 0.021,
  0.06701, 0.0743267, 0.021,
  0.0673074, 0.0750662, 0.021,
  0.0666402, 0.0755574, 0.021,
  0.0658444, 0.0758707, 0.021,
  0.0652987, 0.0765263, 0.021,
  0.0649383, 0.0773001, 0.021,
  0.0641203, 0.0775731, 0.021,
  0.0633855, 0.0779158, 0.021,
  0.0625599, 0.0778278, 0.021,
  0.0617175, 0.0776556, 0.021,
  0.0613186, 0.0769556, 0.021,
  0.0606, 0.07654, 0.021,
  0.06595, 0.07186, 0.0215,
  0.0667648, 0.0719002, 0.0215,
  0.0675557, 0.0720499, 0.0215,
  0.0681639, 0.0725347, 0.0215,
  0.0680265, 0.0733135, 0.0215,
  0.0675687, 0.073985, 0.0215,
  0.067105, 0.0746376, 0.0215,
  0.066643, 0.0753028, 0.0215,
  0.0660034, 0.075803, 0.0215,
  0.0657652, 0.0765536, 0.0215,
  0.0651495, 0.0770782, 0.0215,
  0.0643969, 0.0773983, 0.0215,
  0.0636491, 0.0777251, 0.0215,
  0.0628666, 0.07789, 0.0215,
  0.062109, 0.0776167, 0.0215,
  0.061554, 0.0770721, 0.0215,
  0.06171, 0.07627, 0.0215,
  0.06524, 0.07351, 0.022,
  0.0659167, 0.0729758, 0.022,
  0.0665882, 0.0724365, 0.022,
  0.0672224, 0.0719107, 0.022,
  0.06785, 0.0723835, 0.022,
  0.0677813, 0.0732332, 0.022,
  0.0673255, 0.0739607, 0.022,
  0.0669539, 0.0747298, 0.022,
  0.0665027, 0.0754583, 0.022,
  0.065894, 0.0760687, 0.022,
  0.065308, 0.0766879, 0.022,
  0.064554, 0.0771018, 0.022,
  0.0637752, 0.0774708, 0.022,
  0.0629561, 0.0776782, 0.022,
  0.0621138, 0.0775097, 0.022,
  0.0617493, 0.0769272, 0.022,
  0.0624012, 0.0763858, 0.022,
  0.0630284, 0.0757958, 0.022,
  0.06367, 0.07522, 0.022
 ],
 "morphTargets": [],
 "morphColors": [],
 "normals": [],
 "colors": [],
 "uvs": [[]],