 {
  "metadata" :
  {
   "formatVersion" : 3,
   "sourceFile" : "mch002r_022d",
   "generatedBy" : "Tr3 20161112",
   "vertices" : 17,
   "faces" : 17,
   "normals" : 0,
   "colors" : 0,
   "uvs" : 0,
   "materials" : 1
  },
  "scale" : 1.0,
  "materials": [{
    "DbgColor": 0,
    "DbgIndex": 0,
    "DbgName" : "Join os_occcond_39: Occipital bone (condylar part)",
    "colorAmbient": [0.0, 0.0, 0.0],
    "colorDiffuse": [ 1.000, 0.784, 0.588],
    "colorSpecular": [0.16, 0.16, 0.16]
    }],
  "vertices": [
  0.0662, 0.09, 0.0195,
  0.0666273, 0.0885279, 0.0195,
  0.0659341, 0.0885785, 0.019,
  0.0645799, 0.0895536, 0.019,
  0.0632627, 0.0894249, 0.019,
  0.0646791, 0.0857726, 0.0195,
  0.0640424, 0.0871771, 0.0195,
  0.0646823, 0.0863963, 0.019,
  0.06393, 0.08789, 0.019,
  0.0634199, 0.088588, 0.0195,
  0.0628, 0.09, 0.0195,
  0.0645, 0.09, 0.0195,
  0.0659118, 0.0855093, 0.019,
  0.066528, 0.0854675, 0.0195,
  0.0664222, 0.0870364, 0.019,
  0.0667242, 0.086993, 0.0195,
  0.0655406, 0.0845313, 0.0195
 ],
 "morphTargets": [],
 "morphColors": [],
 "normals": [],
 "colors": [],
 "uvs": [[]],
  "faces": [
  2, 0, 1, 2, 0,
  2, 0, 3, 4, 0,
  2, 0, 2, 3, 0,
  2, 5, 6, 7, 0,
  2, 6, 8, 7, 0,
  2, 6, 9, 8, 0,
  2, 9, 4, 8, 0,
  2, 9, 10, 4, 0,
  2, 10, 11, 4, 0,
  2, 11, 0, 4, 0,
  2, 5, 7, 12, 0,
  2, 13, 12, 14, 0,
  2, 1, 14, 2, 0,
  2, 1, 15, 14, 0,
  2, 15, 13, 14, 0,
  2, 16, 5, 12, 0,
  2, 13, 16, 12, 0
]
 }
