 {
  "metadata" :
  {
   "formatVersion" : 3,
   "sourceFile" : "mch002r_022d",
   "generatedBy" : "Tr3 20161112",
   "vertices" : 158,
   "faces" : 268,
   "normals" : 0,
   "colors" : 0,
   "uvs" : 0,
   "materials" : 1
  },
  "scale" : 1.0,
  "materials": [{
    "DbgColor": 0,
    "DbgIndex": 0,
    "DbgName" : "skin_ant_35: Skin",
    "colorAmbient": [0.0, 0.0, 0.0],
    "colorDiffuse": [ 1.000, 0.753, 0.796],
    "colorSpecular": [0.16, 0.16, 0.16]
    }],
  "vertices": [
  0.0407, 0.05, 0.018,
  0.0403288, 0.0515939, 0.018,
  0.04063, 0.05, 0.0175,
  0.04039, 0.0517016, 0.0175,
  0.0399575, 0.0531878, 0.018,
  0.0399501, 0.0533758, 0.0175,
  0.0396981, 0.0548001, 0.018,
  0.0396554, 0.0550763, 0.0175,
  0.0395411, 0.0564291, 0.018,
  0.0395279, 0.0568061, 0.0175,
  0.0394449, 0.0580616, 0.018,
  0.0395796, 0.0585359, 0.0175,
  0.0394137, 0.0596979, 0.018,
  0.0397071, 0.0602656, 0.0175,
  0.0397265, 0.0612993, 0.018,
  0.040141, 0.0619417, 0.0175,
  0.0400805, 0.0628972, 0.018,
  0.0405235, 0.0636309, 0.0175,
  0.0401794, 0.0645206, 0.018,
  0.04039, 0.0653503, 0.0175,
  0.0401717, 0.0661568, 0.018,
  0.0403257, 0.0670686, 0.0175,
  0.0402787, 0.0677696, 0.018,
  0.041181, 0.0685163, 0.0175,
  0.0413421, 0.0689954, 0.018,
  0.0427105, 0.0692443, 0.0175,
  0.0428708, 0.0692914, 0.018,
  0.0444441, 0.06919, 0.0175,
  0.0444621, 0.0689092, 0.018,
  0.04617, 0.06905, 0.0175,
  0.04604, 0.06848, 0.018,
  0.04073, 0.05, 0.0185,
  0.0402495, 0.0516119, 0.0185,
  0.0398053, 0.0532339, 0.0185,
  0.0396162, 0.0548917, 0.0185,
  0.0392478, 0.0565315, 0.0185,
  0.0391962, 0.0582126, 0.0185,
  0.0392859, 0.0598895, 0.0185,
  0.0395333, 0.0615476, 0.0185,
  0.03983, 0.0631899, 0.0185,
  0.0401135, 0.0648419, 0.0185,
  0.0399169, 0.0665091, 0.0185,
  0.0403198, 0.0680766, 0.0185,
  0.0413448, 0.0693948, 0.0185,
  0.0429053, 0.0694664, 0.0185,
  0.0443878, 0.068672, 0.0185,
  0.04601, 0.06823, 0.0185,
  0.04083, 0.05, 0.019,
  0.0404511, 0.0516419, 0.019,
  0.0402, 0.0532984, 0.019,
  0.0399124, 0.0549517, 0.019,
  0.0396143, 0.0566098, 0.019,
  0.039346, 0.0582698, 0.019,
  0.039405, 0.0599538, 0.019,
  0.0396757, 0.0616124, 0.019,
  0.0400179, 0.0632624, 0.019,
  0.0403271, 0.0649185, 0.019,
  0.0401336, 0.0665835, 0.019,
  0.0401668, 0.0682481, 0.019,
  0.0413496, 0.0693859, 0.019,
  0.0429786, 0.0694812, 0.019,
  0.044438, 0.0686532, 0.019,
  0.04596, 0.06796, 0.019,
  0.04099, 0.05, 0.0195,
  0.0406422, 0.0516881, 0.0195,
  0.0402168, 0.0533579, 0.0195,
  0.0397762, 0.0550242, 0.0195,
  0.039478, 0.0567191, 0.0195,
  0.0393152, 0.0584348, 0.0195,
  0.0393854, 0.0601509, 0.0195,
  0.0395583, 0.0618657, 0.0195,
  0.0399311, 0.0635379, 0.0195,
  0.0401961, 0.0652169, 0.0195,
  0.0400095, 0.0669282, 0.0195,
  0.0400221, 0.0686327, 0.0195,
  0.0412926, 0.0697092, 0.0195,
  0.0429784, 0.0695396, 0.0195,
  0.0444538, 0.0686627, 0.0195,
  0.04597, 0.06788, 0.0195,
  0.04119, 0.05, 0.02,
  0.0408013, 0.0516658, 0.02,
  0.0405911, 0.0533475, 0.02,
  0.0401152, 0.0549905, 0.02,
  0.0398851, 0.0566821, 0.02,
  0.0397011, 0.0583827, 0.02,
  0.0397071, 0.0600912, 0.02,
  0.0397517, 0.0618012, 0.02,
  0.0400901, 0.063472, 0.02,
  0.0404503, 0.0651424, 0.02,
  0.0402299, 0.0668176, 0.02,
  0.0402433, 0.0684833, 0.02,
  0.0414529, 0.0696929, 0.02,
  0.0430743, 0.0695905, 0.02,
  0.0444908, 0.0686427, 0.02,
  0.04598, 0.06786, 0.02,
  0.0414, 0.05, 0.0205,
  0.0409638, 0.0516342, 0.0205,
  0.0407176, 0.0532929, 0.0205,
  0.0402522, 0.054919, 0.0205,
  0.04002, 0.0565779, 0.0205,
  0.039632, 0.0582218, 0.0205,
  0.0395668, 0.0599109, 0.0205,
  0.0396645, 0.0615965, 0.0205,
  0.0399525, 0.0632568, 0.0205,
  0.0403431, 0.0649009, 0.0205,
  0.0402798, 0.0665836, 0.0205,
  0.0402129, 0.0682692, 0.0205,
  0.0413492, 0.0694821, 0.0205,
  0.0430089, 0.0694249, 0.0205,
  0.0445329, 0.0686935, 0.0205,
  0.04602, 0.06789, 0.0205,
  0.04161, 0.05, 0.021,
  0.0412374, 0.0516024, 0.021,
  0.0409665, 0.0532267, 0.021,
  0.0406634, 0.0548442, 0.021,
  0.040262, 0.0564413, 0.021,
  0.0398606, 0.0580383, 0.021,
  0.0396919, 0.059675, 0.021,
  0.0397455, 0.0612742, 0.021,
  0.0399439, 0.0628543, 0.021,
  0.0403651, 0.0644463, 0.021,
  0.0406608, 0.0660563, 0.021,
  0.040515, 0.0676859, 0.021,
  0.041469, 0.068959, 0.021,
  0.0429977, 0.0691682, 0.021,
  0.0445217, 0.0685493, 0.021,
  0.04607, 0.06799, 0.021,
  0.0418, 0.05, 0.0215,
  0.0413071, 0.0515148, 0.0215,
  0.0409344, 0.0531238, 0.0215,
  0.0406053, 0.054742, 0.0215,
  0.0402281, 0.0563504, 0.0215,
  0.0397983, 0.0579453, 0.0215,
  0.0395995, 0.0595763, 0.0215,
  0.0395458, 0.0612259, 0.0215,
  0.039712, 0.0628694, 0.0215,
  0.0400421, 0.0644804, 0.0215,
  0.0404261, 0.0660799, 0.0215,
  0.0405545, 0.0677268, 0.0215,
  0.0414495, 0.0690225, 0.0215,
  0.0430469, 0.0693069, 0.0215,
  0.0446017, 0.0687578, 0.0215,
  0.04616, 0.06821, 0.0215,
  0.04193, 0.05, 0.022,
  0.0414911, 0.0516695, 0.022,
  0.0411318, 0.0533575, 0.022,
  0.0407293, 0.0550359, 0.022,
  0.0403475, 0.0567191, 0.022,
  0.0399594, 0.0584009, 0.022,
  0.0397378, 0.0601048, 0.022,
  0.0397068, 0.0618297, 0.022,
  0.0398582, 0.0635409, 0.022,
  0.0402785, 0.0652152, 0.022,
  0.0407266, 0.0668821, 0.022,
  0.0413037, 0.0684223, 0.022,
  0.0428912, 0.0689025, 0.022,
  0.0446157, 0.0688423, 0.022,
  0.04634, 0.06879, 0.022
 ],
 "morphTargets": [],
 "morphColors": [],
 "normals": [],
 "colors": [],
 "uvs": [[]],