 {
  "metadata" :
  {
   "formatVersion" : 3,
   "sourceFile" : "mch002r_022d",
   "generatedBy" : "Tr3 20161112",
   "vertices" : 9,
   "faces" : 8,
   "normals" : 0,
   "colors" : 0,
   "uvs" : 0,
   "materials" : 1
  },
  "scale" : 1.0,
  "materials": [{
    "DbgColor": 0,
    "DbgIndex": 0,
    "DbgName" : "1b_aa40: (no description)",
    "colorAmbient": [0.0, 0.0, 0.0],
    "colorDiffuse": [ 1.000, 1.000, 1.000],
    "colorSpecular": [0.16, 0.16, 0.16]
    }],
  "vertices": [
  0.05647, 0.08008, 0.0205,
  0.0561038, 0.0766952, 0.02,
  0.05502, 0.08022, 0.02,
  0.0570859, 0.076994, 0.0205,
  0.05923, 0.07605, 0.02,
  0.05987, 0.07646, 0.0205,
  0.05736, 0.07964, 0.021,
  0.0578973, 0.0766404, 0.021,
  0.0606, 0.07654, 0.021
 ],
 "morphTargets": [],
 "morphColors": [],
 "normals": [],
 "colors": [],
 "uvs": [[]],
  "faces": [
  2, 0, 1, 2, 0,
  2, 0, 3, 1, 0,
  2, 3, 4, 1, 0,
  2, 3, 5, 4, 0,
  2, 6, 3, 0, 0,
  2, 6, 7, 3, 0,
  2, 7, 5, 3, 0,
  2, 7, 8, 5, 0
]
 }
