 {
  "metadata" :
  {
   "formatVersion" : 3,
   "sourceFile" : "mch002r_022d",
   "generatedBy" : "Tr3 20161112",
   "vertices" : 244,
   "faces" : 420,
   "normals" : 0,
   "colors" : 0,
   "uvs" : 0,
   "materials" : 1
  },
  "scale" : 1.0,
  "materials": [{
    "DbgColor": 0,
    "DbgIndex": 0,
    "DbgName" : "os_temp_ant_01: Temporal bone",
    "colorAmbient": [0.0, 0.0, 0.0],
    "colorDiffuse": [ 1.000, 0.784, 0.588],
    "colorSpecular": [0.16, 0.16, 0.16]
    }],
  "vertices": [
  0.04451, 0.07891, 0.001,
  0.0445989, 0.0771852, 0.001,
  0.04432, 0.07686, 0.0005,
  0.0445143, 0.0754594, 0.001,
  0.0444123, 0.0751752, 0.0005,
  0.0445969, 0.073733, 0.001,
  0.0442551, 0.0734725, 0.0005,
  0.0446795, 0.0720067, 0.001,
  0.0448476, 0.0702886, 0.001,
  0.0444226, 0.0717601, 0.0005,
  0.0445271, 0.0700472, 0.0005,
  0.0451269, 0.068585, 0.001,
  0.0450314, 0.068404, 0.0005,
  0.0456365, 0.0669335, 0.001,
  0.0455143, 0.0667568, 0.0005,
  0.0462682, 0.0653248, 0.001,
  0.0458394, 0.065067, 0.0005,
  0.0467875, 0.0636786, 0.001,
  0.0461574, 0.0633759, 0.0005,
  0.0472455, 0.062012, 0.001,
  0.0466685, 0.0617364, 0.0005,
  0.047702, 0.0603451, 0.001,
  0.0472157, 0.0601051, 0.0005,
  0.0483188, 0.0587315, 0.001,
  0.0477439, 0.0584674, 0.0005,
  0.0487808, 0.0570749, 0.001,
  0.0482721, 0.0568297, 0.0005,
  0.0492394, 0.0554257, 0.001,
  0.0487901, 0.0551888, 0.0005,
  0.0499953, 0.053873, 0.001,
  0.0494146, 0.0535903, 0.0005,
  0.0500151, 0.0523384, 0.001,
  0.050109, 0.0520168, 0.0005,
  0.0488029, 0.0522618, 0.0005,
  0.0486908, 0.0521697, 0.001,
  0.0481603, 0.0538146, 0.001,
  0.0481568, 0.0538567, 0.0005,
  0.0476299, 0.0554596, 0.001,
  0.0475108, 0.0554516, 0.0005,
  0.0470994, 0.0571045, 0.001,
  0.0468647, 0.0570464, 0.0005,
  0.0465961, 0.0587574, 0.001,
  0.0462186, 0.0586413, 0.0005,
  0.0456467, 0.060261, 0.0005,
  0.0461551, 0.0604285, 0.001,
  0.0454028, 0.0619584, 0.0005,
  0.045714, 0.0620996, 0.001,
  0.0450621, 0.0636288, 0.0005,
  0.045273, 0.0637708, 0.001,
  0.0445777, 0.0652501, 0.0005,
  0.0448526, 0.0654461, 0.001,
  0.0443693, 0.0669582, 0.0005,
  0.0446012, 0.0671561, 0.001,
  0.0440122, 0.0686363, 0.0005,
  0.0442746, 0.0688496, 0.001,
  0.0435436, 0.0702921, 0.0005,
  0.0437878, 0.070508, 0.001,
  0.043277, 0.0719727, 0.0005,
  0.04357, 0.072205, 0.001,
  0.043486, 0.0736676, 0.0005,
  0.0435904, 0.0739326, 0.001,
  0.0435977, 0.0753576, 0.0005,
  0.0437294, 0.0756553, 0.001,
  0.0438327, 0.0773795, 0.001,
  0.04469, 0.07929, 0.0015,
  0.0447819, 0.0776392, 0.0015,
  0.0446875, 0.0759536, 0.0015,
  0.0450879, 0.0743017, 0.0015,
  0.0452447, 0.0726116, 0.0015,
  0.0453705, 0.0709162, 0.0015,
  0.0455097, 0.0692223, 0.0015,
  0.045934, 0.067576, 0.0015,
  0.0465013, 0.0659746, 0.0015,
  0.0470575, 0.06437, 0.0015,
  0.0474575, 0.0627176, 0.0015,
  0.0478563, 0.061065, 0.0015,
  0.0482537, 0.0594119, 0.0015,
  0.0487993, 0.0578044, 0.0015,
  0.0493977, 0.0562132, 0.0015,
  0.049975, 0.054614, 0.0015,
  0.0503957, 0.0529693, 0.0015,
  0.0493967, 0.0519369, 0.0015,
  0.0485038, 0.0528541, 0.0015,
  0.0480295, 0.0544867, 0.0015,
  0.0475552, 0.0561193, 0.0015,
  0.0470808, 0.0577519, 0.0015,
  0.0466627, 0.0593993, 0.0015,
  0.0462761, 0.0610549, 0.0015,
  0.0458896, 0.0627105, 0.0015,
  0.0455031, 0.0643661, 0.0015,
  0.0451244, 0.0660234, 0.0015,
  0.0447606, 0.0676842, 0.0015,
  0.0443968, 0.0693449, 0.0015,
  0.044033, 0.0710056, 0.0015,
  0.0438592, 0.0726901, 0.0015,
  0.04394, 0.0743861, 0.0015,
  0.04394, 0.0760862, 0.0015,
  0.0440526, 0.0777749, 0.0015,
  0.04525, 0.08022, 0.002,
  0.0450452, 0.0785591, 0.002,
  0.0450067, 0.076846, 0.002,
  0.0451154, 0.0751371, 0.002,
  0.0452671, 0.0734315, 0.002,
  0.0456023, 0.0717596, 0.002,
  0.0458756, 0.0700691, 0.002,
  0.0463215, 0.068419, 0.002,
  0.0468653, 0.0667939, 0.002,
  0.0471675, 0.0651077, 0.002,
  0.0474629, 0.0634197, 0.002,
  0.0477574, 0.0617316, 0.002,
  0.0481653, 0.0600723, 0.002,
  0.0487127, 0.0584485, 0.002,
  0.0494043, 0.0568823, 0.002,
  0.050127, 0.0553285, 0.002,
  0.0505939, 0.0536826, 0.002,
  0.0504875, 0.05199, 0.002,
  0.0488052, 0.0520258, 0.002,
  0.0485775, 0.0537242, 0.002,
  0.0483016, 0.0554155, 0.002,
  0.0477723, 0.0570405, 0.002,
  0.0471854, 0.0586505, 0.002,
  0.0465985, 0.0602605, 0.002,
  0.0461383, 0.0619088, 0.002,
  0.0457336, 0.063574, 0.002,
  0.0455265, 0.0652746, 0.002,
  0.0452541, 0.0669652, 0.002,
  0.0449267, 0.0686473, 0.002,
  0.0445992, 0.0703293, 0.002,
  0.0442718, 0.0720114, 0.002,
  0.0440111, 0.073704, 0.002,
  0.0440862, 0.0754038, 0.002,
  0.0442122, 0.0771121, 0.002,
  0.0443148, 0.0788227, 0.002,
  0.04581, 0.08172, 0.0025,
  0.0456056, 0.0800231, 0.0025,
  0.0453558, 0.0783294, 0.0025,
  0.0452906, 0.076618, 0.0025,
  0.045441, 0.074935, 0.0025,
  0.045939, 0.0732971, 0.0025,
  0.0461831, 0.0716019, 0.0025,
  0.0464363, 0.0699081, 0.0025,
  0.0466996, 0.0682158, 0.0025,
  0.0471962, 0.066579, 0.0025,
  0.0475865, 0.0649194, 0.0025,
  0.0477966, 0.0632196, 0.0025,
  0.0482882, 0.0615919, 0.0025,
  0.048872, 0.0599837, 0.0025,
  0.0493474, 0.0583383, 0.0025,
  0.0498144, 0.0566906, 0.0025,
  0.0503773, 0.0550753, 0.0025,
  0.0508955, 0.0534565, 0.0025,
  0.0503421, 0.0519294, 0.0025,
  0.0489295, 0.0519849, 0.0025,
  0.0488291, 0.0536779, 0.0025,
  0.0485973, 0.0553612, 0.0025,
  0.0481363, 0.0570107, 0.0025,
  0.0476754, 0.0586602, 0.0025,
  0.0472144, 0.0603097, 0.0025,
  0.0467808, 0.0619663, 0.0025,
  0.046381, 0.0636317, 0.0025,
  0.0459812, 0.065297, 0.0025,
  0.0455918, 0.0669646, 0.0025,
  0.0452777, 0.0686482, 0.0025,
  0.0449636, 0.0703319, 0.0025,
  0.0446495, 0.0720155, 0.0025,
  0.0443354, 0.0736992, 0.0025,
  0.0440671, 0.0753895, 0.0025,
  0.0443466, 0.0770727, 0.0025,
  0.0444001, 0.0787599, 0.0025,
  0.044986, 0.0803693, 0.0025,
  0.04619, 0.08191, 0.003,
  0.0456673, 0.0802866, 0.003,
  0.045777, 0.0785626, 0.003,
  0.0455167, 0.0768644, 0.003,
  0.0456255, 0.0751737, 0.003,
  0.0461663, 0.073523, 0.003,
  0.0464637, 0.0718128, 0.003,
  0.0467454, 0.0700987, 0.003,
  0.0470278, 0.0683848, 0.003,
  0.0475617, 0.0667336, 0.003,
  0.0479809, 0.0650552, 0.003,
  0.0482315, 0.0633363, 0.003,
  0.0485775, 0.0616343, 0.003,
  0.0489311, 0.0599336, 0.003,
  0.0495155, 0.0583014, 0.003,
  0.050146, 0.0566828, 0.003,
  0.0507737, 0.0550631, 0.003,
  0.0512787, 0.0534149, 0.003,
  0.0505254, 0.0520025, 0.003,
  0.0491644, 0.0521184, 0.003,
  0.0490663, 0.0538525, 0.003,
  0.0487759, 0.0555564, 0.003,
  0.0483368, 0.0572368, 0.003,
  0.0479169, 0.0589223, 0.003,
  0.047497, 0.0606079, 0.003,
  0.0470802, 0.0622942, 0.003,
  0.0466718, 0.0639825, 0.003,
  0.0462634, 0.0656709, 0.003,
  0.0459087, 0.0673697, 0.003,
  0.0456513, 0.0690876, 0.003,
  0.045295, 0.0707874, 0.003,
  0.0449297, 0.0724856, 0.003,
  0.0446362, 0.0741975, 0.003,
  0.0443514, 0.0759111, 0.003,
  0.0443471, 0.0776393, 0.003,
  0.0447174, 0.0793363, 0.003,
  0.0451362, 0.0810176, 0.003,
  0.04619, 0.08209, 0.0035,
  0.0461638, 0.0803652, 0.0035,
  0.045937, 0.0786479, 0.0035,
  0.0457551, 0.0769251, 0.0035,
  0.0458046, 0.0752283, 0.0035,
  0.0463639, 0.0735888, 0.0035,
  0.0467993, 0.0719171, 0.0035,
  0.0471049, 0.070212, 0.0035,
  0.0474068, 0.0685061, 0.0035,
  0.0477063, 0.0667999, 0.0035,
  0.0482054, 0.0651452, 0.0035,
  0.0487696, 0.0635073, 0.0035,
  0.0490753, 0.061813, 0.0035,
  0.0492027, 0.0600923, 0.0035,
  0.049803, 0.0584719, 0.0035,
  0.0504924, 0.0568826, 0.0035,
  0.0510908, 0.0552613, 0.0035,
  0.0514907, 0.0535843, 0.0035,
  0.0511429, 0.0520176, 0.0035,
  0.0494549, 0.052149, 0.0035,
  0.0491783, 0.0537914, 0.0035,
  0.0490432, 0.0555064, 0.0035,
  0.048442, 0.057129, 0.0035,
  0.0478755, 0.0587637, 0.0035,
  0.0474155, 0.0604339, 0.0035,
  0.047029, 0.0621212, 0.0035,
  0.0467018, 0.0638224, 0.0035,
  0.0465023, 0.0655413, 0.0035,
  0.0463174, 0.0672622, 0.0035,
  0.0459768, 0.0689607, 0.0035,
  0.0456362, 0.0706592, 0.0035,
  0.0452956, 0.0723578, 0.0035,
  0.0449549, 0.0740563, 0.0035,
