 {
  "metadata" :
  {
   "formatVersion" : 3,
   "sourceFile" : "mch002r_022d",
   "generatedBy" : "Tr3 20161112",
   "vertices" : 25,
   "faces" : 25,
   "normals" : 0,
   "colors" : 0,
   "uvs" : 0,
   "materials" : 1
  },
  "scale" : 1.0,
  "materials": [{
    "DbgColor": 0,
    "DbgIndex": 0,
    "DbgName" : "Join os_occsq_lat_43: Occipital bone (squamous part)",
    "colorAmbient": [0.0, 0.0, 0.0],
    "colorDiffuse": [ 1.000, 0.784, 0.588],
    "colorSpecular": [0.16, 0.16, 0.16]
    }],
  "vertices": [
  0.0819983, 0.108751, 0.0215,
  0.0835554, 0.1091, 0.0215,
  0.0820908, 0.109619, 0.021,
  0.0836271, 0.110308, 0.021,
  0.08049, 0.1082, 0.0215,
  0.0790109, 0.108256, 0.021,
  0.07746, 0.1076, 0.021,
  0.0805577, 0.108922, 0.021,
  0.0860814, 0.109289, 0.0215,
  0.0850194, 0.108113, 0.0215,
  0.0863235, 0.108786, 0.021,
  0.0850708, 0.107668, 0.021,
  0.0837192, 0.107169, 0.0215,
  0.0836773, 0.106737, 0.021,
  0.0822581, 0.106584, 0.0215,
  0.0820384, 0.106421, 0.021,
  0.0803571, 0.106472, 0.021,
  0.0806671, 0.106632, 0.0215,
  0.0791111, 0.107003, 0.0215,
  0.0787027, 0.106755, 0.021,
  0.0850127, 0.109606, 0.0215,
  0.0851675, 0.110988, 0.021,
  0.0865569, 0.111919, 0.021,
  0.0875928, 0.10944, 0.021,
  0.0790052, 0.107587, 0.0215
 ],
 "morphTargets": [],
 "morphColors": [],
 "normals": [],
 "colors": [],
 "uvs": [[]],
  "faces": [
  2, 0, 1, 2, 0,
  2, 1, 3, 2, 0,
  2, 4, 5, 6, 0,
  2, 4, 7, 5, 0,
  2, 4, 0, 7, 0,
  2, 0, 2, 7, 0,
  2, 8, 9, 10, 0,
  2, 9, 11, 10, 0,
  2, 9, 12, 11, 0,
  2, 12, 13, 11, 0,
  2, 12, 14, 13, 0,
  2, 14, 15, 13, 0,
  2, 14, 16, 15, 0,
  2, 14, 17, 16, 0,
  2, 17, 18, 16, 0,
  2, 18, 19, 16, 0,
  2, 1, 20, 3, 0,
  2, 20, 21, 3, 0,
  2, 20, 8, 21, 0,
  2, 8, 22, 21, 0,
  2, 8, 23, 22, 0,
  2, 8, 10, 23, 0,
  2, 18, 24, 19, 0,
  2, 24, 6, 19, 0,
  2, 24, 4, 6, 0
]
 }
