 {
  "metadata" :
  {
   "formatVersion" : 3,
   "sourceFile" : "mch002r_022d",
   "generatedBy" : "Tr3 20161112",
   "vertices" : 12,
   "faces" : 12,
   "normals" : 0,
   "colors" : 0,
   "uvs" : 0,
   "materials" : 1
  },
  "scale" : 1.0,
  "materials": [{
    "DbgColor": 0,
    "DbgIndex": 0,
    "DbgName" : "2b_a40: (no description)",
    "colorAmbient": [0.0, 0.0, 0.0],
    "colorDiffuse": [ 1.000, 1.000, 1.000],
    "colorSpecular": [0.16, 0.16, 0.16]
    }],
  "vertices": [
  0.06552, 0.07031, 0.0205,
  0.0670407, 0.0688355, 0.0205,
  0.06514, 0.06974, 0.02,
  0.0677849, 0.0683894, 0.02,
  0.069972, 0.0699323, 0.0205,
  0.0720395, 0.0696052, 0.02,
  0.07209, 0.07265, 0.0205,
  0.07246, 0.07265, 0.02,
  0.06582, 0.07096, 0.021,
  0.0667865, 0.0683561, 0.021,
  0.0701797, 0.0689785, 0.021,
  0.07134, 0.0727, 0.021
 ],
 "morphTargets": [],
 "morphColors": [],
 "normals": [],
 "colors": [],
 "uvs": [[]],
  "faces": [
  2, 0, 1, 2, 0,
  2, 1, 3, 2, 0,
  2, 1, 4, 3, 0,
  2, 4, 5, 3, 0,
  2, 4, 6, 5, 0,
  2, 6, 7, 5, 0,
  2, 8, 9, 0, 0,
  2, 9, 1, 0, 0,
  2, 9, 10, 1, 0,
  2, 10, 4, 1, 0,
  2, 10, 11, 4, 0,
  2, 11, 6, 4, 0
]
 }
