 {
  "metadata" :
  {
   "formatVersion" : 3,
   "sourceFile" : "mch002r_022d",
   "generatedBy" : "Tr3 20161112",
   "vertices" : 8,
   "faces" : 6,
   "normals" : 0,
   "colors" : 0,
   "uvs" : 0,
   "materials" : 1
  },
  "scale" : 1.0,
  "materials": [{
    "DbgColor": 0,
    "DbgIndex": 0,
    "DbgName" : "Join os_temp_cut_38: Temporal bone",
    "colorAmbient": [0.0, 0.0, 0.0],
    "colorDiffuse": [ 1.000, 0.784, 0.588],
    "colorSpecular": [0.16, 0.16, 0.16]
    }],
  "vertices": [
  0.05732, 0.09, 0.019,
  0.06136, 0.09, 0.0185,
  0.0597633, 0.09, 0.0185,
  0.0581667, 0.09, 0.0185,
  0.05657, 0.09, 0.0185,
  0.0588367, 0.09, 0.019,
  0.0603533, 0.09, 0.019,
  0.06187, 0.09, 0.019
 ],
 "morphTargets": [],
 "morphColors": [],
 "normals": [],
 "colors": [],
 "uvs": [[]],
  "faces": [
  2, 0, 1, 2, 0,
  2, 0, 3, 4, 0,
  2, 0, 2, 3, 0,
  2, 5, 6, 1, 0,
  2, 0, 5, 1, 0,
  2, 6, 7, 1, 0
]
 }
