 {
  "metadata" :
  {
   "formatVersion" : 3,
   "sourceFile" : "mch002r_022d",
   "generatedBy" : "Tr3 20161112",
   "vertices" : 53,
   "faces" : 73,
   "normals" : 0,
   "colors" : 0,
   "uvs" : 0,
   "materials" : 1
  },
  "scale" : 1.0,
  "materials": [{
    "DbgColor": 0,
    "DbgIndex": 0,
    "DbgName" : "labvest_31: Vestibule",
    "colorAmbient": [0.0, 0.0, 0.0],
    "colorDiffuse": [ 0.678, 0.847, 0.902],
    "colorSpecular": [0.16, 0.16, 0.16]
    }],
  "vertices": [
  0.06586, 0.07648, 0.016,
  0.06573, 0.07661, 0.0155,
  0.06582, 0.0762, 0.0155,
  0.06598, 0.07679, 0.016,
  0.06557, 0.07723, 0.0155,
  0.06598, 0.07729, 0.016,
  0.06564, 0.07754, 0.016,
  0.06542, 0.07789, 0.0155,
  0.06536, 0.07761, 0.016,
  0.0648, 0.07761, 0.016,
  0.06486, 0.07813, 0.0155,
  0.06448, 0.0782, 0.0155,
  0.06402, 0.07782, 0.0155,
  0.06439, 0.07736, 0.016,
  0.06392, 0.07714, 0.0155,
  0.06414, 0.07686, 0.016,
  0.06405, 0.07658, 0.0155,
  0.06414, 0.07655, 0.016,
  0.0642, 0.07598, 0.016,
  0.06433, 0.07586, 0.0155,
  0.06448, 0.07524, 0.016,
  0.06464, 0.07514, 0.0155,
  0.06498, 0.07461, 0.016,
  0.06501, 0.07468, 0.0155,
  0.06536, 0.07424, 0.016,
  0.06557, 0.07439, 0.0155,
  0.0662, 0.07468, 0.0155,
  0.06657, 0.07505, 0.0155,
  0.06607, 0.0767, 0.0165,
  0.0662, 0.07695, 0.0165,
  0.06617, 0.07742, 0.0165,
  0.06586, 0.07761, 0.0165,
  0.06533, 0.07767, 0.0165,
  0.06486, 0.07754, 0.0165,
  0.06448, 0.07717, 0.0165,
  0.0642, 0.0767, 0.0165,
  0.0642, 0.07617, 0.0165,
  0.06433, 0.07574, 0.0165,
  0.06448, 0.07524, 0.0165,
  0.06467, 0.07474, 0.0165,
  0.06498, 0.07449, 0.0165,
  0.06601, 0.07658, 0.017,
  0.06648, 0.07686, 0.017,
  0.06654, 0.07717, 0.017,
  0.06645, 0.07754, 0.017,
  0.06607, 0.07773, 0.017,
  0.0657, 0.0777, 0.017,
  0.06533, 0.07748, 0.017,
  0.06492, 0.07736, 0.017,
  0.06455, 0.07698, 0.017,
  0.06442, 0.0767, 0.017,
  0.06442, 0.07636, 0.017,
  0.06448, 0.07595, 0.017
 ],
 "morphTargets": [],
 "morphColors": [],
 "normals": [],
 "colors": [],
 "uvs": [[]],
  "faces": [
  2, 0, 1, 2, 0,
  2, 0, 3, 1, 0,
  2, 3, 4, 1, 0,
  2, 3, 5, 4, 0,
  2, 5, 6, 4, 0,
  2, 6, 7, 4, 0,
  2, 6, 8, 7, 0,
  2, 8, 9, 7, 0,
  2, 9, 10, 7, 0,
  2, 9, 11, 10, 0,
  2, 9, 12, 11, 0,
  2, 9, 13, 12, 0,
  2, 13, 14, 12, 0,
  2, 13, 15, 14, 0,
  2, 15, 16, 14, 0,
  2, 15, 17, 16, 0,
  2, 17, 18, 16, 0,
  2, 18, 19, 16, 0,
  2, 18, 20, 19, 0,
  2, 20, 21, 19, 0,
  2, 20, 22, 21, 0,
  2, 22, 23, 21, 0,
  2, 22, 24, 23, 0,
  2, 24, 25, 23, 0,
  2, 24, 26, 25, 0,
  2, 24, 27, 26, 0,
  2, 28, 3, 0, 0,
  2, 28, 29, 3, 0,
  2, 29, 5, 3, 0,
  2, 29, 30, 5, 0,
  2, 30, 31, 5, 0,
  2, 31, 6, 5, 0,
  2, 31, 32, 6, 0,
  2, 32, 8, 6, 0,
  2, 32, 33, 8, 0,
  2, 33, 9, 8, 0,
  2, 33, 13, 9, 0,
  2, 33, 34, 13, 0,
  2, 34, 15, 13, 0,
  2, 34, 35, 15, 0,
  2, 35, 36, 15, 0,
  2, 36, 17, 15, 0,
  2, 36, 18, 17, 0,
  2, 36, 37, 18, 0,
  2, 37, 20, 18, 0,
  2, 37, 38, 20, 0,
  2, 38, 39, 20, 0,
  2, 39, 22, 20, 0,
  2, 39, 40, 22, 0,
  2, 40, 24, 22, 0,
  2, 41, 42, 28, 0,
  2, 42, 29, 28, 0,
  2, 42, 43, 29, 0,
  2, 43, 30, 29, 0,
  2, 43, 44, 30, 0,
  2, 44, 45, 30, 0,
  2, 45, 31, 30, 0,
  2, 45, 46, 31, 0,
  2, 46, 32, 31, 0,
  2, 46, 47, 32, 0,
  2, 47, 33, 32, 0,
  2, 47, 48, 33, 0,
  2, 48, 34, 33, 0,
  2, 48, 49, 34, 0,
  2, 49, 35, 34, 0,
  2, 49, 50, 35, 0,
  2, 50, 51, 35, 0,
  2, 51, 36, 35, 0,
  2, 51, 52, 36, 0,
  2, 52, 37, 36, 0,
  2, 52, 38, 37, 0,
  2, 52, 39, 38, 0,
  2, 52, 40, 39, 0
]
 }
