 {
  "metadata" :
  {
   "formatVersion" : 3,
   "sourceFile" : "mch002r_022d",
   "generatedBy" : "Tr3 20161112",
   "vertices" : 20,
   "faces" : 25,
   "normals" : 0,
   "colors" : 0,
   "uvs" : 0,
   "materials" : 1
  },
  "scale" : 1.0,
  "materials": [{
    "DbgColor": 0,
    "DbgIndex": 0,
    "DbgName" : "Cap labscc_latant_24_head: Semicircular canals",
    "colorAmbient": [0.0, 0.0, 0.0],
    "colorDiffuse": [ 1.000, 0.667, 1.000],
    "colorSpecular": [0.16, 0.16, 0.16]
    }],
  "vertices": [
  0.0608137, 0.0755345, 0.012,
  0.06124, 0.07613, 0.012,
  0.061364, 0.0755832, 0.012,
  0.06064, 0.07602, 0.012,
  0.0601669, 0.075521, 0.012,
  0.05986, 0.07602, 0.012,
  0.0596356, 0.0755803, 0.012,
  0.05922, 0.07583, 0.012,
  0.05926, 0.07545, 0.012,
  0.061089, 0.0750616, 0.012,
  0.0615194, 0.0750982, 0.012,
  0.0617507, 0.0755443, 0.012,
  0.06147, 0.07463, 0.012,
  0.06098, 0.07463, 0.012,
  0.06192, 0.07467, 0.012,
  0.06177, 0.07613, 0.012,
  0.06218, 0.07624, 0.012,
  0.05967, 0.07508, 0.012,
  0.06038, 0.07489, 0.012,
  0.06259, 0.07661, 0.012
 ],
 "morphTargets": [],
 "morphColors": [],
 "normals": [],
 "colors": [],
 "uvs": [[]],
  "faces": [
  2, 0, 1, 2, 0,
  2, 3, 1, 0, 0,
  2, 4, 3, 0, 0,
  2, 5, 3, 4, 0,
  2, 6, 5, 4, 0,
  2, 7, 5, 6, 0,
  2, 8, 7, 6, 0,
  2, 0, 2, 9, 0,
  2, 2, 10, 9, 0,
  2, 2, 11, 10, 0,
  2, 12, 13, 9, 0,
  2, 10, 12, 9, 0,
  2, 14, 12, 10, 0,
  2, 15, 16, 11, 0,
  2, 2, 15, 11, 0,
  2, 1, 15, 2, 0,
  2, 4, 17, 6, 0,
  2, 18, 17, 4, 0,
  2, 0, 18, 4, 0,
  2, 14, 16, 19, 0,
  2, 14, 11, 16, 0,
  2, 14, 10, 11, 0,
  2, 9, 18, 0, 0,
  2, 17, 8, 6, 0,
  2, 9, 13, 18, 0
]
 }
