 {
  "metadata" :
  {
   "formatVersion" : 3,
   "sourceFile" : "mch002r_022d",
   "generatedBy" : "Tr3 20161112",
   "vertices" : 92,
   "faces" : 92,
   "normals" : 0,
   "colors" : 0,
   "uvs" : 0,
   "materials" : 1
  },
  "scale" : 1.0,
  "materials": [{
    "DbgColor": 0,
    "DbgIndex": 0,
    "DbgName" : "Join os_cav_37: Cavity wall",
    "colorAmbient": [0.0, 0.0, 0.0],
    "colorDiffuse": [ 1.000, 0.784, 0.588],
    "colorSpecular": [0.16, 0.16, 0.16]
    }],
  "vertices": [
  0.0636349, 0.0782145, 0.0185,
  0.0615788, 0.0795866, 0.018,
  0.0621215, 0.0801632, 0.018,
  0.0629912, 0.0794212, 0.018,
  0.0637758, 0.0793454, 0.018,
  0.062704, 0.0796406, 0.018,
  0.0612098, 0.0774142, 0.0185,
  0.0606468, 0.0774027, 0.018,
  0.0613889, 0.0772971, 0.018,
  0.0603959, 0.0771876, 0.0185,
  0.0600714, 0.0779867, 0.018,
  0.0592794, 0.077838, 0.018,
  0.0594486, 0.07732, 0.018,
  0.0601154, 0.0769944, 0.018,
  0.0598011, 0.076565, 0.0185,
  0.0596373, 0.0762876, 0.018,
  0.0593652, 0.07583, 0.0185,
  0.0618364, 0.0788152, 0.018,
  0.0624658, 0.0782549, 0.018,
  0.0628651, 0.0778515, 0.0185,
  0.0622191, 0.0775015, 0.018,
  0.0620328, 0.0776446, 0.0185,
  0.0642502, 0.0757629, 0.0185,
  0.0643837, 0.076229, 0.018,
  0.0638053, 0.0758356, 0.018,
  0.0649727, 0.0761909, 0.0185,
  0.0652441, 0.0762065, 0.018,
  0.0658121, 0.0763478, 0.0185,
  0.0660789, 0.076399, 0.018,
  0.0666685, 0.0762865, 0.0185,
  0.0667397, 0.0767141, 0.018,
  0.0672, 0.07689, 0.018,
  0.0674903, 0.0760293, 0.0185,
  0.0676004, 0.0769211, 0.018,
  0.0683325, 0.0760563, 0.0185,
  0.0683655, 0.0766448, 0.0185,
  0.0677961, 0.0770642, 0.0185,
  0.0677378, 0.0772981, 0.018,
  0.0680294, 0.0775709, 0.018,
  0.0679677, 0.0779033, 0.0185,
  0.0682879, 0.0778447, 0.018,
  0.0682425, 0.0782424, 0.018,
  0.0679776, 0.0785062, 0.018,
  0.0674505, 0.0783686, 0.0185,
  0.0675842, 0.0785905, 0.018,
  0.0672875, 0.0783475, 0.018,
  0.0670428, 0.0780394, 0.018,
  0.066732, 0.0779683, 0.0185,
  0.066964, 0.077652, 0.018,
  0.05928, 0.0755177, 0.018,
  0.0590974, 0.0750104, 0.0185,
  0.0590609, 0.0746897, 0.018,
  0.0585095, 0.0744692, 0.0185,
  0.0586849, 0.0739097, 0.018,
  0.05819, 0.07369, 0.0185,
  0.05842, 0.07312, 0.018,
  0.065033, 0.07798, 0.0185,
  0.0648552, 0.0780917, 0.018,
  0.0657103, 0.0780012, 0.018,
  0.06455, 0.0784547, 0.0185,
  0.0643898, 0.0787558, 0.018,
  0.0640771, 0.0789218, 0.0185,
  0.06773, 0.0685, 0.0185,
  0.0698758, 0.0666771, 0.018,
  0.07041, 0.06601, 0.018,
  0.0694614, 0.0674371, 0.018,
  0.0690839, 0.0682166, 0.018,
  0.068529, 0.0688732, 0.018,
  0.0680064, 0.0695629, 0.018,
  0.0672, 0.0691618, 0.0185,
  0.0676465, 0.0697711, 0.0185,
  0.0676051, 0.0703255, 0.018,
  0.067525, 0.070455, 0.0185,
  0.0673095, 0.0711363, 0.018,
  0.0672794, 0.0712717, 0.0185,
  0.0672898, 0.0719846, 0.018,
  0.0674028, 0.0721112, 0.0185,
  0.0670656, 0.072708, 0.018,
  0.0673827, 0.0728658, 0.0185,
  0.0665534, 0.0730962, 0.0185,
  0.0662582, 0.0730206, 0.018,
  0.0657399, 0.0733818, 0.0185,
  0.065442, 0.0733084, 0.018,
  0.0649164, 0.0736347, 0.0185,
  0.0646353, 0.0736222, 0.018,
  0.0642219, 0.0741161, 0.0185,
  0.063965, 0.0741229, 0.018,
  0.06405, 0.0749379, 0.0185,
  0.063826, 0.0749706, 0.018,
  0.0658909, 0.0780272, 0.0185,
  0.0670353, 0.0772561, 0.018,
  0.0661524, 0.0773269, 0.018
 ],
 "morphTargets": [],
 "morphColors": [],
 "normals": [],
 "colors": [],
 "uvs": [[]],
  "faces": [
  2, 0, 1, 2, 0,
  2, 0, 3, 4, 0,
  2, 0, 5, 3, 0,
  2, 0, 2, 5, 0,
  2, 6, 7, 8, 0,
  2, 6, 9, 7, 0,
  2, 9, 10, 7, 0,
  2, 9, 11, 10, 0,
  2, 9, 12, 11, 0,
  2, 9, 13, 12, 0,
  2, 9, 14, 13, 0,
  2, 14, 15, 13, 0,
  2, 14, 16, 15, 0,
  2, 0, 17, 1, 0,
  2, 0, 18, 17, 0,
  2, 0, 19, 18, 0,
  2, 19, 20, 18, 0,
  2, 19, 21, 20, 0,
  2, 21, 8, 20, 0,
  2, 21, 6, 8, 0,
  2, 22, 23, 24, 0,
  2, 22, 25, 23, 0,
  2, 25, 26, 23, 0,
  2, 25, 27, 26, 0,
  2, 27, 28, 26, 0,
  2, 27, 29, 28, 0,
  2, 29, 30, 28, 0,
  2, 29, 31, 30, 0,
  2, 29, 32, 31, 0,
  2, 32, 33, 31, 0,
  2, 32, 34, 33, 0,
  2, 34, 35, 33, 0,
  2, 35, 36, 33, 0,
  2, 36, 37, 33, 0,
  2, 36, 38, 37, 0,
  2, 36, 39, 38, 0,
  2, 39, 40, 38, 0,
  2, 39, 41, 40, 0,
  2, 39, 42, 41, 0,
  2, 39, 43, 42, 0,
  2, 43, 44, 42, 0,
  2, 43, 45, 44, 0,
  2, 43, 46, 45, 0,
  2, 43, 47, 46, 0,
  2, 47, 48, 46, 0,
  2, 16, 49, 15, 0,
  2, 16, 50, 49, 0,
  2, 50, 51, 49, 0,
  2, 50, 52, 51, 0,
  2, 52, 53, 51, 0,
  2, 52, 54, 53, 0,
  2, 54, 55, 53, 0,
  2, 56, 57, 58, 0,
  2, 56, 59, 57, 0,
  2, 59, 60, 57, 0,
  2, 59, 61, 60, 0,
  2, 61, 4, 60, 0,
  2, 61, 0, 4, 0,
  2, 62, 63, 64, 0,
  2, 62, 65, 63, 0,
  2, 62, 66, 65, 0,
  2, 62, 67, 66, 0,
  2, 62, 68, 67, 0,
  2, 62, 69, 68, 0,
  2, 69, 70, 68, 0,
  2, 70, 71, 68, 0,
  2, 70, 72, 71, 0,
  2, 72, 73, 71, 0,
  2, 72, 74, 73, 0,
  2, 74, 75, 73, 0,
  2, 74, 76, 75, 0,
  2, 76, 77, 75, 0,
  2, 76, 78, 77, 0,
  2, 78, 79, 77, 0,
  2, 79, 80, 77, 0,
  2, 79, 81, 80, 0,
  2, 81, 82, 80, 0,
  2, 81, 83, 82, 0,
  2, 83, 84, 82, 0,
  2, 83, 85, 84, 0,
  2, 85, 86, 84, 0,
  2, 85, 87, 86, 0,
  2, 87, 88, 86, 0,
  2, 87, 22, 88, 0,
  2, 22, 24, 88, 0,
  2, 89, 30, 31, 0,
  2, 47, 90, 48, 0,
  2, 47, 89, 90, 0,
  2, 89, 31, 90, 0,
  2, 89, 58, 91, 0,
  2, 89, 91, 30, 0,
  2, 89, 56, 58, 0
]
 }
