 {
  "metadata" :
  {
   "formatVersion" : 3,
   "sourceFile" : "mch002r_022d",
   "generatedBy" : "Tr3 20161112",
   "vertices" : 16,
   "faces" : 18,
   "normals" : 0,
   "colors" : 0,
   "uvs" : 0,
   "materials" : 1
  },
  "scale" : 1.0,
  "materials": [{
    "DbgColor": 0,
    "DbgIndex": 0,
    "DbgName" : "os_temp_cut_34: Temporal bone",
    "colorAmbient": [0.0, 0.0, 0.0],
    "colorDiffuse": [ 1.000, 0.784, 0.588],
    "colorSpecular": [0.16, 0.16, 0.16]
    }],
  "vertices": [
  0.05532, 0.09, 0.0175,
  0.0558933, 0.09, 0.017,
  0.05445, 0.09, 0.017,
  0.0573367, 0.09, 0.017,
  0.05878, 0.09, 0.017,
  0.0566233, 0.09, 0.0175,
  0.0579267, 0.09, 0.0175,
  0.05923, 0.09, 0.0175,
  0.05598, 0.09, 0.018,
  0.0574233, 0.09, 0.018,
  0.0588667, 0.09, 0.018,
  0.06031, 0.09, 0.018,
  0.05657, 0.09, 0.0185,
  0.0581667, 0.09, 0.0185,
  0.0597633, 0.09, 0.0185,
  0.06136, 0.09, 0.0185
 ],
 "morphTargets": [],
 "morphColors": [],
 "normals": [],
 "colors": [],
 "uvs": [[]],
  "faces": [
  2, 0, 1, 2, 0,
  2, 0, 3, 1, 0,
  2, 0, 4, 3, 0,
  2, 0, 5, 4, 0,
  2, 5, 6, 4, 0,
  2, 6, 7, 4, 0,
  2, 8, 9, 0, 0,
  2, 9, 10, 0, 0,
  2, 10, 11, 0, 0,
  2, 11, 5, 0, 0,
  2, 11, 6, 5, 0,
  2, 11, 7, 6, 0,
  2, 12, 13, 8, 0,
  2, 13, 14, 8, 0,
  2, 14, 15, 8, 0,
  2, 15, 9, 8, 0,
  2, 15, 10, 9, 0,
  2, 15, 11, 10, 0
]
 }
