 {
  "metadata" :
  {
   "formatVersion" : 3,
   "sourceFile" : "mch002r_022d",
   "generatedBy" : "Tr3 20161112",
   "vertices" : 47,
   "faces" : 58,
   "normals" : 0,
   "colors" : 0,
   "uvs" : 0,
   "materials" : 1
  },
  "scale" : 1.0,
  "materials": [{
    "DbgColor": 0,
    "DbgIndex": 0,
    "DbgName" : "labscc_latant_24: Semicircular canals",
    "colorAmbient": [0.0, 0.0, 0.0],
    "colorDiffuse": [ 1.000, 0.667, 1.000],
    "colorSpecular": [0.16, 0.16, 0.16]
    }],
  "vertices": [
  0.0627, 0.07691, 0.0125,
  0.06203, 0.07661, 0.0125,
  0.06259, 0.07661, 0.012,
  0.06218, 0.07624, 0.012,
  0.06177, 0.07613, 0.012,
  0.06124, 0.07635, 0.0125,
  0.06124, 0.07613, 0.012,
  0.06072, 0.07624, 0.0125,
  0.06064, 0.07602, 0.012,
  0.06027, 0.07631, 0.0125,
  0.05986, 0.07602, 0.012,
  0.05978, 0.07639, 0.0125,
  0.05922, 0.07583, 0.012,
  0.05926, 0.07654, 0.0125,
  0.05881, 0.07646, 0.0125,
  0.05881, 0.07617, 0.0125,
  0.05892, 0.07583, 0.0125,
  0.05911, 0.07545, 0.0125,
  0.05926, 0.07545, 0.012,
  0.05967, 0.07508, 0.012,
  0.05978, 0.07501, 0.0125,
  0.06038, 0.07489, 0.012,
  0.06057, 0.07478, 0.0125,
  0.06098, 0.07463, 0.012,
  0.06147, 0.07474, 0.0125,
  0.06147, 0.07463, 0.012,
  0.06192, 0.07467, 0.012,
  0.06218, 0.07474, 0.0125,
  0.06283, 0.07704, 0.013,
  0.06248, 0.07665, 0.013,
  0.06177, 0.07654, 0.013,
  0.06128, 0.07654, 0.013,
  0.06087, 0.07646, 0.013,
  0.06034, 0.07646, 0.013,
  0.05997, 0.07661, 0.013,
  0.05967, 0.0768, 0.013,
  0.05922, 0.07721, 0.013,
  0.05866, 0.07726, 0.013,
  0.05844, 0.0768, 0.013,
  0.05859, 0.0762, 0.013,
  0.05903, 0.07583, 0.013,
  0.05956, 0.07542, 0.013,
  0.0602, 0.07512, 0.013,
  0.06083, 0.07489, 0.013,
  0.06177, 0.07489, 0.013,
  0.06233, 0.07501, 0.013,
  0.06285, 0.07497, 0.013
 ],
 "morphTargets": [],
 "morphColors": [],
 "normals": [],
 "colors": [],
 "uvs": [[]],
  "faces": [
  2, 0, 1, 2, 0,
  2, 1, 3, 2, 0,
  2, 1, 4, 3, 0,
  2, 1, 5, 4, 0,
  2, 5, 6, 4, 0,
  2, 5, 7, 6, 0,
  2, 7, 8, 6, 0,
  2, 7, 9, 8, 0,
  2, 9, 10, 8, 0,
  2, 9, 11, 10, 0,
  2, 11, 12, 10, 0,
  2, 11, 13, 12, 0,
  2, 13, 14, 12, 0,
  2, 14, 15, 12, 0,
  2, 15, 16, 12, 0,
  2, 16, 17, 12, 0,
  2, 17, 18, 12, 0,
  2, 17, 19, 18, 0,
  2, 17, 20, 19, 0,
  2, 20, 21, 19, 0,
  2, 20, 22, 21, 0,
  2, 22, 23, 21, 0,
  2, 22, 24, 23, 0,
  2, 24, 25, 23, 0,
  2, 24, 26, 25, 0,
  2, 24, 27, 26, 0,
  2, 28, 29, 0, 0,
  2, 29, 1, 0, 0,
  2, 29, 30, 1, 0,
  2, 30, 5, 1, 0,
  2, 30, 31, 5, 0,
  2, 31, 32, 5, 0,
  2, 32, 7, 5, 0,
  2, 32, 33, 7, 0,
  2, 33, 9, 7, 0,
  2, 33, 34, 9, 0,
  2, 34, 11, 9, 0,
  2, 34, 35, 11, 0,
  2, 35, 13, 11, 0,
  2, 35, 36, 13, 0,
  2, 36, 14, 13, 0,
  2, 36, 37, 14, 0,
  2, 37, 38, 14, 0,
  2, 38, 39, 14, 0,
  2, 39, 15, 14, 0,
  2, 39, 40, 15, 0,
  2, 40, 16, 15, 0,
  2, 40, 17, 16, 0,
  2, 40, 41, 17, 0,
  2, 41, 20, 17, 0,
  2, 41, 42, 20, 0,
  2, 42, 22, 20, 0,
  2, 42, 43, 22, 0,
  2, 43, 24, 22, 0,
  2, 43, 44, 24, 0,
  2, 44, 27, 24, 0,
  2, 44, 45, 27, 0,
  2, 45, 46, 27, 0
]
 }
