 {
  "metadata" :
  {
   "formatVersion" : 3,
   "sourceFile" : "mch002r_022d",
   "generatedBy" : "Tr3 20161112",
   "vertices" : 55,
   "faces" : 76,
   "normals" : 0,
   "colors" : 0,
   "uvs" : 0,
   "materials" : 1
  },
  "scale" : 1.0,
  "materials": [{
    "DbgColor": 0,
    "DbgIndex": 0,
    "DbgName" : "os_temp_postlat_34: Temporal bone",
    "colorAmbient": [0.0, 0.0, 0.0],
    "colorDiffuse": [ 1.000, 0.784, 0.588],
    "colorSpecular": [0.16, 0.16, 0.16]
    }],
  "vertices": [
  0.05778, 0.0715, 0.0175,
  0.0576298, 0.0722669, 0.017,
  0.05822, 0.07076, 0.017,
  0.0571565, 0.0729114, 0.0175,
  0.0563855, 0.0732809, 0.017,
  0.0558711, 0.0739452, 0.0175,
  0.0550987, 0.0742684, 0.017,
  0.0547142, 0.0751361, 0.0175,
  0.053763, 0.0751932, 0.017,
  0.0533441, 0.0760323, 0.0175,
  0.0524764, 0.0761684, 0.017,
  0.05264, 0.077412, 0.0175,
  0.0521692, 0.0777249, 0.017,
  0.0525509, 0.0790619, 0.0175,
  0.0522109, 0.0793262, 0.017,
  0.0526425, 0.0807112, 0.0175,
  0.0517735, 0.0808851, 0.017,
  0.05267, 0.0823411, 0.0175,
  0.0517175, 0.0824975, 0.017,
  0.05273, 0.0839996, 0.0175,
  0.0518544, 0.0841175, 0.017,
  0.0523751, 0.0856521, 0.017,
  0.05367, 0.0853259, 0.0175,
  0.0531228, 0.0870921, 0.017,
  0.0543949, 0.0868148, 0.0175,
  0.0539808, 0.0884728, 0.017,
  0.0549253, 0.0883873, 0.0175,
  0.05445, 0.09, 0.017,
  0.05532, 0.09, 0.0175,
  0.05792, 0.07252, 0.018,
  0.0567577, 0.0735064, 0.018,
  0.0556929, 0.0748239, 0.018,
  0.0544109, 0.0759698, 0.018,
  0.05342, 0.0771566, 0.018,
  0.0533389, 0.0787672, 0.018,
  0.0534938, 0.080387, 0.018,
  0.0533383, 0.0820286, 0.018,
  0.0535006, 0.0837126, 0.018,
  0.0541736, 0.0851976, 0.018,
  0.0549818, 0.086706, 0.018,
  0.0555607, 0.0883279, 0.018,
  0.05598, 0.09, 0.018,
  0.058, 0.07358, 0.0185,
  0.0564163, 0.0739162, 0.0185,
  0.0554838, 0.0752824, 0.0185,
  0.0542142, 0.0763004, 0.0185,
  0.0534557, 0.0776324, 0.0185,
  0.0537462, 0.0792199, 0.0185,
  0.0537106, 0.0808681, 0.0185,
  0.05373, 0.0824489, 0.0185,
  0.0539818, 0.0840748, 0.0185,
  0.0549877, 0.085303, 0.0185,
  0.0553775, 0.0869048, 0.0185,
  0.0559391, 0.0884755, 0.0185,
  0.05657, 0.09, 0.0185
 ],
 "morphTargets": [],
 "morphColors": [],
 "normals": [],
 "colors": [],
 "uvs": [[]],
  "faces": [
  2, 0, 1, 2, 0,
  2, 0, 3, 1, 0,
  2, 3, 4, 1, 0,
  2, 3, 5, 4, 0,
  2, 5, 6, 4, 0,
  2, 5, 7, 6, 0,
  2, 7, 8, 6, 0,
  2, 7, 9, 8, 0,
  2, 9, 10, 8, 0,
  2, 9, 11, 10, 0,
  2, 11, 12, 10, 0,
  2, 11, 13, 12, 0,
  2, 13, 14, 12, 0,
  2, 13, 15, 14, 0,
  2, 15, 16, 14, 0,
  2, 15, 17, 16, 0,
  2, 17, 18, 16, 0,
  2, 17, 19, 18, 0,
  2, 19, 20, 18, 0,
  2, 19, 21, 20, 0,
  2, 19, 22, 21, 0,
  2, 22, 23, 21, 0,
  2, 22, 24, 23, 0,
  2, 24, 25, 23, 0,
  2, 24, 26, 25, 0,
  2, 26, 27, 25, 0,
  2, 26, 28, 27, 0,
  2, 29, 3, 0, 0,
  2, 29, 30, 3, 0,
  2, 30, 5, 3, 0,
  2, 30, 31, 5, 0,
  2, 31, 7, 5, 0,
  2, 31, 32, 7, 0,
  2, 32, 9, 7, 0,
  2, 32, 33, 9, 0,
  2, 33, 11, 9, 0,
  2, 33, 34, 11, 0,
  2, 34, 13, 11, 0,
  2, 34, 35, 13, 0,
  2, 35, 15, 13, 0,
  2, 35, 36, 15, 0,
  2, 36, 17, 15, 0,
  2, 36, 37, 17, 0,
  2, 37, 19, 17, 0,
  2, 37, 22, 19, 0,
  2, 37, 38, 22, 0,
  2, 38, 24, 22, 0,
  2, 38, 39, 24, 0,
  2, 39, 26, 24, 0,
  2, 39, 40, 26, 0,
  2, 40, 28, 26, 0,
  2, 40, 41, 28, 0,
  2, 42, 30, 29, 0,
  2, 42, 43, 30, 0,
  2, 43, 31, 30, 0,
  2, 43, 44, 31, 0,
  2, 44, 32, 31, 0,
  2, 44, 45, 32, 0,
  2, 45, 33, 32, 0,
  2, 45, 46, 33, 0,
  2, 46, 34, 33, 0,
  2, 46, 47, 34, 0,
  2, 47, 35, 34, 0,
  2, 47, 48, 35, 0,
  2, 48, 36, 35, 0,
  2, 48, 49, 36, 0,
  2, 49, 37, 36, 0,
  2, 49, 50, 37, 0,
  2, 50, 38, 37, 0,
  2, 50, 51, 38, 0,
  2, 51, 39, 38, 0,
  2, 51, 52, 39, 0,
  2, 52, 53, 39, 0,
  2, 53, 40, 39, 0,
  2, 53, 41, 40, 0,
  2, 53, 54, 41, 0
]
 }
