 {
  "metadata" :
  {
   "formatVersion" : 3,
   "sourceFile" : "mch002r_022d",
   "generatedBy" : "Tr3 20161112",
   "vertices" : 19,
   "faces" : 19,
   "normals" : 0,
   "colors" : 0,
   "uvs" : 0,
   "materials" : 1
  },
  "scale" : 1.0,
  "materials": [{
    "DbgColor": 0,
    "DbgIndex": 0,
    "DbgName" : "Join os_occbas_43: Occipital bone (basilar part)",
    "colorAmbient": [0.0, 0.0, 0.0],
    "colorDiffuse": [ 1.000, 0.784, 0.588],
    "colorSpecular": [0.16, 0.16, 0.16]
    }],
  "vertices": [
  0.0814899, 0.0766892, 0.0215,
  0.0802628, 0.077705, 0.0215,
  0.08, 0.07683, 0.021,
  0.08, 0.07857, 0.021,
  0.08463, 0.07605, 0.0215,
  0.0842398, 0.0754488, 0.021,
  0.08569, 0.07584, 0.021,
  0.0829922, 0.0758197, 0.0215,
  0.0827002, 0.0754879, 0.021,
  0.081276, 0.0759724, 0.021,
  0.0828787, 0.0790097, 0.0215,
  0.0837546, 0.0781684, 0.021,
  0.0830837, 0.0795383, 0.021,
  0.0838635, 0.0775731, 0.0215,
  0.084709, 0.0769979, 0.021,
  0.0818206, 0.0803503, 0.0215,
  0.0820432, 0.080574, 0.021,
  0.0807765, 0.0798805, 0.021,
  0.0806223, 0.0793735, 0.0215
 ],
 "morphTargets": [],
 "morphColors": [],
 "normals": [],
 "colors": [],
 "uvs": [[]],
  "faces": [
  2, 0, 1, 2, 0,
  2, 1, 3, 2, 0,
  2, 4, 5, 6, 0,
  2, 4, 7, 5, 0,
  2, 7, 8, 5, 0,
  2, 7, 0, 8, 0,
  2, 0, 9, 8, 0,
  2, 0, 2, 9, 0,
  2, 10, 11, 12, 0,
  2, 10, 13, 11, 0,
  2, 13, 14, 11, 0,
  2, 13, 4, 14, 0,
  2, 4, 6, 14, 0,
  2, 15, 16, 17, 0,
  2, 15, 12, 16, 0,
  2, 15, 10, 12, 0,
  2, 18, 15, 17, 0,
  2, 18, 17, 3, 0,
  2, 1, 18, 3, 0
]
 }
