 {
  "metadata" :
  {
   "formatVersion" : 3,
   "sourceFile" : "mch002r_022d",
   "generatedBy" : "Tr3 20161112",
   "vertices" : 68,
   "faces" : 102,
   "normals" : 0,
   "colors" : 0,
   "uvs" : 0,
   "materials" : 1
  },
  "scale" : 1.0,
  "materials": [{
    "DbgColor": 0,
    "DbgIndex": 0,
    "DbgName" : "labcoc_21: Cochlea",
    "colorAmbient": [0.0, 0.0, 0.0],
    "colorDiffuse": [ 0.565, 0.933, 0.565],
    "colorSpecular": [0.16, 0.16, 0.16]
    }],
  "vertices": [
  0.06769, 0.07316, 0.011,
  0.06816, 0.07242, 0.0105,
  0.06863, 0.07279, 0.0105,
  0.06732, 0.07284, 0.011,
  0.06751, 0.07218, 0.011,
  0.06797, 0.07185, 0.011,
  0.06844, 0.07199, 0.0105,
  0.06854, 0.07148, 0.011,
  0.06891, 0.07162, 0.0105,
  0.06933, 0.07115, 0.011,
  0.06956, 0.07125, 0.0105,
  0.07027, 0.07106, 0.011,
  0.07008, 0.07134, 0.0105,
  0.07083, 0.07115, 0.011,
  0.07012, 0.0719, 0.0105,
  0.07111, 0.07148, 0.011,
  0.07092, 0.07204, 0.011,
  0.07031, 0.07246, 0.011,
  0.06975, 0.07242, 0.0105,
  0.06956, 0.07288, 0.011,
  0.06919, 0.07265, 0.0105,
  0.06896, 0.07321, 0.011,
  0.06825, 0.07321, 0.011,
  0.0673, 0.0734, 0.0115,
  0.06696, 0.07306, 0.0115,
  0.06696, 0.07265, 0.0115,
  0.067, 0.07231, 0.0115,
  0.06734, 0.07201, 0.0115,
  0.06779, 0.07186, 0.0115,
  0.06831, 0.07171, 0.0115,
  0.06872, 0.07142, 0.0115,
  0.06921, 0.07119, 0.0115,
  0.06969, 0.071, 0.0115,
  0.07037, 0.07085, 0.0115,
  0.071, 0.07104, 0.0115,
  0.07123, 0.07156, 0.0115,
  0.07108, 0.07209, 0.0115,
  0.07063, 0.07239, 0.0115,
  0.07011, 0.07257, 0.0115,
  0.06925, 0.07287, 0.0115,
  0.06891, 0.07325, 0.0115,
  0.06816, 0.07355, 0.0115,
  0.06775, 0.07355, 0.0115,
  0.06696, 0.07355, 0.012,
  0.06667, 0.07321, 0.012,
  0.06652, 0.0728, 0.012,
  0.06659, 0.0725, 0.012,
  0.06696, 0.07205, 0.012,
  0.06741, 0.07175, 0.012,
  0.06809, 0.07168, 0.012,
  0.06865, 0.07145, 0.012,
  0.06917, 0.07127, 0.012,
  0.06966, 0.07115, 0.012,
  0.07026, 0.07097, 0.012,
  0.07082, 0.07067, 0.012,
  0.07142, 0.07093, 0.012,
  0.07175, 0.07138, 0.012,
  0.07175, 0.07186, 0.012,
  0.07138, 0.0722, 0.012,
  0.07093, 0.07246, 0.012,
  0.07041, 0.07269, 0.012,
  0.06996, 0.07284, 0.012,
  0.06955, 0.07295, 0.012,
  0.06932, 0.07321, 0.012,
  0.06902, 0.07343, 0.012,
  0.06865, 0.07351, 0.012,
  0.06824, 0.07373, 0.012,
  0.06756, 0.07373, 0.012
 ],
 "morphTargets": [],
 "morphColors": [],
 "normals": [],
 "colors": [],
 "uvs": [[]],
  "faces": [
  2, 0, 1, 2, 0,
  2, 0, 3, 1, 0,
  2, 3, 4, 1, 0,
  2, 4, 5, 1, 0,
  2, 5, 6, 1, 0,
  2, 5, 7, 6, 0,
  2, 7, 8, 6, 0,
  2, 7, 9, 8, 0,
  2, 9, 10, 8, 0,
  2, 9, 11, 10, 0,
  2, 11, 12, 10, 0,
  2, 11, 13, 12, 0,
  2, 13, 14, 12, 0,
  2, 13, 15, 14, 0,
  2, 15, 16, 14, 0,
  2, 16, 17, 14, 0,
  2, 17, 18, 14, 0,
  2, 17, 19, 18, 0,
  2, 19, 20, 18, 0,
  2, 19, 21, 20, 0,
  2, 21, 2, 20, 0,
  2, 21, 22, 2, 0,
  2, 22, 0, 2, 0,
  2, 23, 3, 0, 0,
  2, 23, 24, 3, 0,
  2, 24, 25, 3, 0,
  2, 25, 26, 3, 0,
  2, 26, 4, 3, 0,
  2, 26, 27, 4, 0,
  2, 27, 28, 4, 0,
  2, 28, 5, 4, 0,
  2, 28, 29, 5, 0,
  2, 29, 7, 5, 0,
  2, 29, 30, 7, 0,
  2, 30, 9, 7, 0,
  2, 30, 31, 9, 0,
  2, 31, 32, 9, 0,
  2, 32, 11, 9, 0,
  2, 32, 33, 11, 0,
  2, 33, 13, 11, 0,
  2, 33, 34, 13, 0,
  2, 34, 15, 13, 0,
  2, 34, 35, 15, 0,
  2, 35, 16, 15, 0,
  2, 35, 36, 16, 0,
  2, 36, 37, 16, 0,
  2, 37, 17, 16, 0,
  2, 37, 38, 17, 0,
  2, 38, 19, 17, 0,
  2, 38, 39, 19, 0,
  2, 39, 21, 19, 0,
  2, 39, 40, 21, 0,
  2, 40, 22, 21, 0,
  2, 40, 41, 22, 0,
  2, 41, 0, 22, 0,
  2, 41, 42, 0, 0,
  2, 42, 23, 0, 0,
  2, 43, 24, 23, 0,
  2, 43, 44, 24, 0,
  2, 44, 45, 24, 0,
  2, 45, 25, 24, 0,
  2, 45, 46, 25, 0,
  2, 46, 26, 25, 0,
  2, 46, 47, 26, 0,
  2, 47, 27, 26, 0,
  2, 47, 48, 27, 0,
  2, 48, 28, 27, 0,
  2, 48, 49, 28, 0,
  2, 49, 29, 28, 0,
  2, 49, 50, 29, 0,
  2, 50, 30, 29, 0,
  2, 50, 51, 30, 0,
  2, 51, 31, 30, 0,
  2, 51, 52, 31, 0,
  2, 52, 32, 31, 0,
  2, 52, 53, 32, 0,
  2, 53, 33, 32, 0,
  2, 53, 54, 33, 0,
  2, 54, 34, 33, 0,
  2, 54, 55, 34, 0,
  2, 55, 35, 34, 0,
  2, 55, 56, 35, 0,
  2, 56, 57, 35, 0,
  2, 57, 58, 35, 0,
  2, 58, 36, 35, 0,
  2, 58, 59, 36, 0,
  2, 59, 37, 36, 0,
  2, 59, 60, 37, 0,
  2, 60, 38, 37, 0,
  2, 60, 61, 38, 0,
  2, 61, 62, 38, 0,
  2, 62, 39, 38, 0,
  2, 62, 63, 39, 0,
  2, 63, 40, 39, 0,
  2, 63, 64, 40, 0,
  2, 64, 65, 40, 0,
  2, 65, 41, 40, 0,
  2, 65, 66, 41, 0,
  2, 66, 42, 41, 0,
  2, 66, 67, 42, 0,
  2, 67, 23, 42, 0,
  2, 67, 43, 23, 0
]
 }
