 {
  "metadata" :
  {
   "formatVersion" : 3,
   "sourceFile" : "mch002r_022d",
   "generatedBy" : "Tr3 20161112",
   "vertices" : 20,
   "faces" : 18,
   "normals" : 0,
   "colors" : 0,
   "uvs" : 0,
   "materials" : 1
  },
  "scale" : 1.0,
  "materials": [{
    "DbgColor": 0,
    "DbgIndex": 0,
    "DbgName" : "construct2: Construction line for probe tip",
    "colorAmbient": [0.0, 0.0, 0.0],
    "colorDiffuse": [ 1.000, 0.000, 0.000],
    "colorSpecular": [0.16, 0.16, 0.16]
    }],
  "vertices": [
  0.04686, 0.06726, 0.018,
  0.04801, 0.07185, 0.0175,
  0.04684, 0.06729, 0.0175,
  0.04804, 0.07186, 0.018,
  0.04688, 0.06724, 0.0185,
  0.04807, 0.07186, 0.0185,
  0.0469, 0.06722, 0.019,
  0.04811, 0.07187, 0.019,
  0.04692, 0.06719, 0.0195,
  0.04814, 0.07187, 0.0195,
  0.04694, 0.06717, 0.02,
  0.04817, 0.07187, 0.02,
  0.04696, 0.06714, 0.0205,
  0.0482, 0.07188, 0.0205,
  0.04698, 0.06712, 0.021,
  0.04823, 0.07188, 0.021,
  0.047, 0.06709, 0.0215,
  0.04826, 0.07188, 0.0215,
  0.04701, 0.06707, 0.022,
  0.04829, 0.07189, 0.022
 ],
 "morphTargets": [],
 "morphColors": [],
 "normals": [],
 "colors": [],
 "uvs": [[]],
  "faces": [
  2, 0, 1, 2, 0,
  2, 0, 3, 1, 0,
  2, 4, 5, 0, 0,
  2, 5, 3, 0, 0,
  2, 6, 5, 4, 0,
  2, 6, 7, 5, 0,
  2, 8, 9, 6, 0,
  2, 9, 7, 6, 0,
  2, 10, 11, 8, 0,
  2, 11, 9, 8, 0,
  2, 12, 11, 10, 0,
  2, 12, 13, 11, 0,
  2, 14, 15, 12, 0,
  2, 15, 13, 12, 0,
  2, 16, 17, 14, 0,
  2, 17, 15, 14, 0,
  2, 18, 19, 16, 0,
  2, 19, 17, 16, 0
]
 }
