 {
  "metadata" :
  {
   "formatVersion" : 3,
   "sourceFile" : "mch002r_022d",
   "generatedBy" : "Tr3 20161112",
   "vertices" : 12,
   "faces" : 12,
   "normals" : 0,
   "colors" : 0,
   "uvs" : 0,
   "materials" : 1
  },
  "scale" : 1.0,
  "materials": [{
    "DbgColor": 0,
    "DbgIndex": 0,
    "DbgName" : "Join skin_24b: Skin",
    "colorAmbient": [0.0, 0.0, 0.0],
    "colorDiffuse": [ 1.000, 0.753, 0.796],
    "colorSpecular": [0.16, 0.16, 0.16]
    }],
  "vertices": [
  0.0399925, 0.0696275, 0.012,
  0.0411641, 0.0689972, 0.012,
  0.0408842, 0.0699148, 0.0115,
  0.0419478, 0.0685333, 0.0115,
  0.04047, 0.06776, 0.012,
  0.0427452, 0.0669803, 0.0115,
  0.0407229, 0.0666852, 0.0115,
  0.0393244, 0.06849, 0.012,
  0.0390179, 0.0696725, 0.0115,
  0.0383979, 0.0713024, 0.0115,
  0.0395955, 0.0710917, 0.0115,
  0.0396725, 0.0680549, 0.0115
 ],
 "morphTargets": [],
 "morphColors": [],
 "normals": [],
 "colors": [],
 "uvs": [[]],
  "faces": [
  2, 0, 1, 2, 0,
  2, 1, 3, 2, 0,
  2, 1, 4, 3, 0,
  2, 4, 5, 3, 0,
  2, 4, 6, 5, 0,
  2, 7, 0, 8, 0,
  2, 0, 9, 8, 0,
  2, 0, 10, 9, 0,
  2, 0, 2, 10, 0,
  2, 4, 7, 11, 0,
  2, 4, 11, 6, 0,
  2, 7, 8, 11, 0
]
 }
