 {
  "metadata" :
  {
   "formatVersion" : 3,
   "sourceFile" : "mch002r_022d",
   "generatedBy" : "Tr3 20161112",
   "vertices" : 145,
   "faces" : 147,
   "normals" : 0,
   "colors" : 0,
   "uvs" : 0,
   "materials" : 1
  },
  "scale" : 1.0,
  "materials": [{
    "DbgColor": 0,
    "DbgIndex": 0,
    "DbgName" : "Join os_cav_27: Cavity wall",
    "colorAmbient": [0.0, 0.0, 0.0],
    "colorDiffuse": [ 1.000, 0.784, 0.588],
    "colorSpecular": [0.16, 0.16, 0.16]
    }],
  "vertices": [
  0.05961, 0.0691, 0.0135,
  0.060377, 0.0695025, 0.0135,
  0.0603451, 0.0693681, 0.013,
  0.05956, 0.069, 0.013,
  0.0619936, 0.070087, 0.0135,
  0.0624817, 0.0707507, 0.0135,
  0.0620498, 0.069957, 0.013,
  0.0629113, 0.0698466, 0.013,
  0.0637711, 0.0697931, 0.013,
  0.0609041, 0.070033, 0.013,
  0.0611915, 0.0697834, 0.0135,
  0.0615545, 0.0705, 0.013,
  0.0630326, 0.0723043, 0.0135,
  0.062475, 0.0724816, 0.013,
  0.0628532, 0.0717009, 0.013,
  0.0627099, 0.0730734, 0.0135,
  0.0620807, 0.0732585, 0.013,
  0.0620944, 0.0736805, 0.0135,
  0.0612925, 0.0736288, 0.013,
  0.0613769, 0.0740752, 0.0135,
  0.060507, 0.0740055, 0.013,
  0.0605271, 0.0741023, 0.0135,
  0.0596961, 0.0743218, 0.013,
  0.05991, 0.0746693, 0.0135,
  0.0591172, 0.0750165, 0.0135,
  0.0638904, 0.0705663, 0.013,
  0.0631507, 0.0708889, 0.013,
  0.0628431, 0.0715321, 0.0135,
  0.0575539, 0.0757459, 0.0135,
  0.0570941, 0.0764375, 0.0135,
  0.0577483, 0.0758994, 0.013,
  0.0575699, 0.0767351, 0.013,
  0.0572948, 0.0772787, 0.0135,
  0.0574805, 0.0776011, 0.013,
  0.0573129, 0.0784537, 0.013,
  0.0571307, 0.0781174, 0.0135,
  0.05703, 0.0789772, 0.0135,
  0.057077, 0.0792923, 0.013,
  0.0569198, 0.0798263, 0.0135,
  0.0568503, 0.0801335, 0.013,
  0.0565725, 0.0806094, 0.0135,
  0.0561704, 0.0805718, 0.013,
  0.0559022, 0.0811189, 0.0135,
  0.0555534, 0.0811778, 0.013,
  0.0551179, 0.0814857, 0.0135,
  0.0547909, 0.0815608, 0.013,
  0.0543054, 0.0817825, 0.0135,
  0.0539749, 0.081866, 0.013,
  0.053588, 0.082222, 0.0135,
  0.0531497, 0.0821442, 0.013,
  0.0528576, 0.0826834, 0.0135,
  0.052406, 0.0825757, 0.013,
  0.0521954, 0.0831929, 0.0135,
  0.0517022, 0.0830892, 0.013,
  0.051357, 0.0829771, 0.0135,
  0.0509585, 0.0827021, 0.013,
  0.0506708, 0.0825211, 0.0135,
  0.0588767, 0.0746178, 0.013,
  0.058302, 0.0753093, 0.0135,
  0.0582317, 0.0751883, 0.013,
  0.0554066, 0.0741315, 0.0135,
  0.05545, 0.0732728, 0.0135,
  0.0550385, 0.0734515, 0.013,
  0.0550321, 0.0727137, 0.013,
  0.0552893, 0.0724396, 0.0135,
  0.0552156, 0.0718677, 0.013,
  0.0553846, 0.0715787, 0.0135,
  0.0555478, 0.0710631, 0.013,
  0.0555807, 0.0707522, 0.0135,
  0.0560872, 0.0703922, 0.013,
  0.0560408, 0.0700195, 0.0135,
  0.0566098, 0.0697118, 0.013,
  0.0565278, 0.0693068, 0.0135,
  0.0569911, 0.0689671, 0.013,
  0.0571266, 0.0687443, 0.0135,
  0.0578437, 0.0688194, 0.013,
  0.0579559, 0.0686265, 0.0135,
  0.0587079, 0.0688185, 0.013,
  0.0587981, 0.0687982, 0.0135,
  0.0521454, 0.074619, 0.0135,
  0.0519341, 0.074308, 0.013,
  0.0513496, 0.0747396, 0.013,
  0.0526072, 0.0741135, 0.0135,
  0.0528033, 0.07436, 0.013,
  0.0534602, 0.074232, 0.0135,
  0.0536656, 0.0744602, 0.013,
  0.054095, 0.0747866, 0.0135,
  0.0543395, 0.0749046, 0.013,
  0.0548691, 0.0747797, 0.0135,
  0.0550098, 0.0745768, 0.013,
  0.0545163, 0.0740538, 0.013,
  0.05432, 0.07383, 0.0135,
  0.0536862, 0.0737963, 0.013,
  0.0539025, 0.0737882, 0.0135,
  0.053512, 0.073658, 0.0135,
  0.0529118, 0.07349, 0.013,
  0.0531369, 0.0734733, 0.0135,
  0.0527311, 0.0733663, 0.0135,
  0.0523586, 0.0731959, 0.0135,
  0.0520406, 0.07349, 0.013,
  0.05204, 0.0729228, 0.0135,
  0.051514, 0.0729182, 0.013,
  0.0517777, 0.072597, 0.0135,
  0.0515509, 0.0722491, 0.0135,
  0.05122, 0.0721053, 0.013,
  0.0514421, 0.0718438, 0.0135,
  0.0508986, 0.0713023, 0.013,
  0.0514603, 0.0714427, 0.0135,
  0.0516249, 0.0710756, 0.0135,
  0.0512162, 0.0706165, 0.013,
  0.0519891, 0.0707796, 0.013,
  0.0520145, 0.0710772, 0.0135,
  0.0524803, 0.0714646, 0.013,
  0.0523696, 0.0712924, 0.0135,
  0.052603, 0.0716303, 0.0135,
  0.0527511, 0.0720218, 0.0135,
  0.0529439, 0.0721924, 0.013,
  0.0529827, 0.0723717, 0.0135,
  0.0532216, 0.0727143, 0.0135,
  0.0537298, 0.0725216, 0.013,
  0.0535718, 0.0729455, 0.0135,
  0.053922, 0.0731768, 0.0135,
  0.0504493, 0.0820759, 0.013,
  0.0505675, 0.0817205, 0.0135,
  0.0506927, 0.0813, 0.013,
  0.0510648, 0.0810325, 0.0135,
  0.0513072, 0.0806927, 0.013,
  0.0516596, 0.0804122, 0.0135,
  0.051973, 0.0801308, 0.013,
  0.0521924, 0.0797295, 0.0135,
  0.0525344, 0.079468, 0.013,
  0.0526558, 0.0790003, 0.0135,
  0.05287, 0.0786976, 0.013,
  0.0529342, 0.0781842, 0.0135,
  0.0530639, 0.0778538, 0.013,
  0.0533224, 0.0774119, 0.0135,
  0.0531918, 0.0769928, 0.013,
  0.0534773, 0.0765679, 0.0135,
  0.0532685, 0.0761538, 0.013,
  0.0532725, 0.0757293, 0.0135,
  0.0527085, 0.0755145, 0.013,
  0.0527644, 0.0751143, 0.0135,
  0.0518755, 0.0752668, 0.013,
  0.054262, 0.0734144, 0.0135,
  0.0543077, 0.0731733, 0.013
 ],
 "morphTargets": [],
 "morphColors": [],
 "normals": [],
 "colors": [],
 "uvs": [[]],