 {
  "metadata" :
  {
   "formatVersion" : 3,
   "sourceFile" : "mch002r_022d",
   "generatedBy" : "Tr3 20161112",
   "vertices" : 61,
   "faces" : 59,
   "normals" : 0,
   "colors" : 0,
   "uvs" : 0,
   "materials" : 1
  },
  "scale" : 1.0,
  "materials": [{
    "DbgColor": 0,
    "DbgIndex": 0,
    "DbgName" : "os_temp_b_32: Temporal bone",
    "colorAmbient": [0.0, 0.0, 0.0],
    "colorDiffuse": [ 1.000, 0.784, 0.588],
    "colorSpecular": [0.16, 0.16, 0.16]
    }],
  "vertices": [
  0.05803, 0.09, 0.0165,
  0.0584138, 0.0887084, 0.016,
  0.05729, 0.09, 0.016,
  0.0590413, 0.0886365, 0.0165,
  0.059484, 0.087371, 0.016,
  0.0599253, 0.0871721, 0.0165,
  0.0605114, 0.0860083, 0.016,
  0.0610543, 0.0859155, 0.0165,
  0.0620333, 0.0853596, 0.016,
  0.0624348, 0.0849579, 0.0165,
  0.0630604, 0.0840732, 0.016,
  0.0639327, 0.0848723, 0.0165,
  0.0645371, 0.08471, 0.016,
  0.0656111, 0.0848782, 0.0165,
  0.0661586, 0.0842318, 0.016,
  0.0663017, 0.083401, 0.0165,
  0.067566, 0.0832712, 0.016,
  0.0677219, 0.0824791, 0.0165,
  0.0687937, 0.0821055, 0.016,
  0.0690527, 0.0813906, 0.0165,
  0.069938, 0.0808321, 0.016,
  0.0704221, 0.0803572, 0.0165,
  0.0706801, 0.0796683, 0.016,
  0.0705263, 0.0789303, 0.0165,
  0.0707871, 0.0783095, 0.016,
  0.0699023, 0.077966, 0.0165,
  0.0715629, 0.0776085, 0.0165,
  0.0723499, 0.077722, 0.016,
  0.0730146, 0.0767418, 0.0165,
  0.0736625, 0.0766282, 0.016,
  0.0741614, 0.0754652, 0.0165,
  0.0745631, 0.075244, 0.016,
  0.0751904, 0.0741053, 0.0165,
  0.0756673, 0.0739375, 0.016,
  0.0762392, 0.0727438, 0.0165,
  0.0765809, 0.0724935, 0.016,
  0.0769567, 0.0711852, 0.0165,
  0.0772792, 0.0709327, 0.016,
  0.077308, 0.0695166, 0.0165,
  0.077805, 0.0693023, 0.016,
  0.0766822, 0.0681526, 0.0165,
  0.07737, 0.0676784, 0.016,
  0.0769266, 0.0664652, 0.0165,
  0.0775396, 0.0659807, 0.016,
  0.0771991, 0.0647707, 0.0165,
  0.0780088, 0.0643377, 0.016,
  0.0776791, 0.0631965, 0.016,
  0.0763524, 0.0639949, 0.0165,
  0.076184, 0.0640156, 0.016,
  0.0749108, 0.0649236, 0.0165,
  0.0746927, 0.0647949, 0.016,
  0.0732651, 0.06517, 0.0165,
  0.0730125, 0.06484, 0.016,
  0.0715535, 0.06529, 0.0165,
  0.0713172, 0.065047, 0.016,
  0.0699475, 0.0658321, 0.0165,
  0.0697795, 0.0657026, 0.016,
  0.06875, 0.06698, 0.0165,
  0.0685758, 0.0668548, 0.016,
  0.0675553, 0.0682182, 0.016,
  0.06685, 0.06969, 0.016
 ],
 "morphTargets": [],
 "morphColors": [],
 "normals": [],
 "colors": [],
 "uvs": [[]],
  "faces": [
  2, 0, 1, 2, 0,
  2, 0, 3, 1, 0,
  2, 3, 4, 1, 0,
  2, 3, 5, 4, 0,
  2, 5, 6, 4, 0,
  2, 5, 7, 6, 0,
  2, 7, 8, 6, 0,
  2, 7, 9, 8, 0,
  2, 9, 10, 8, 0,
  2, 9, 11, 10, 0,
  2, 11, 12, 10, 0,
  2, 11, 13, 12, 0,
  2, 13, 14, 12, 0,
  2, 13, 15, 14, 0,
  2, 15, 16, 14, 0,
  2, 15, 17, 16, 0,
  2, 17, 18, 16, 0,
  2, 17, 19, 18, 0,
  2, 19, 20, 18, 0,
  2, 19, 21, 20, 0,
  2, 21, 22, 20, 0,
  2, 21, 23, 22, 0,
  2, 23, 24, 22, 0,
  2, 23, 25, 24, 0,
  2, 25, 26, 24, 0,
  2, 26, 27, 24, 0,
  2, 26, 28, 27, 0,
  2, 28, 29, 27, 0,
  2, 28, 30, 29, 0,
  2, 30, 31, 29, 0,
  2, 30, 32, 31, 0,
  2, 32, 33, 31, 0,
  2, 32, 34, 33, 0,
  2, 34, 35, 33, 0,
  2, 34, 36, 35, 0,
  2, 36, 37, 35, 0,
  2, 36, 38, 37, 0,
  2, 38, 39, 37, 0,
  2, 38, 40, 39, 0,
  2, 40, 41, 39, 0,
  2, 40, 42, 41, 0,
  2, 42, 43, 41, 0,
  2, 42, 44, 43, 0,
  2, 44, 45, 43, 0,
  2, 44, 46, 45, 0,
  2, 44, 47, 46, 0,
  2, 47, 48, 46, 0,
  2, 47, 49, 48, 0,
  2, 49, 50, 48, 0,
  2, 49, 51, 50, 0,
  2, 51, 52, 50, 0,
  2, 51, 53, 52, 0,
  2, 53, 54, 52, 0,
  2, 53, 55, 54, 0,
  2, 55, 56, 54, 0,
  2, 55, 57, 56, 0,
  2, 57, 58, 56, 0,
  2, 57, 59, 58, 0,
  2, 57, 60, 59, 0
]
 }
