 {
  "metadata" :
  {
   "formatVersion" : 3,
   "sourceFile" : "mch002r_022d",
   "generatedBy" : "Tr3 20161112",
   "vertices" : 28,
   "faces" : 26,
   "normals" : 0,
   "colors" : 0,
   "uvs" : 0,
   "materials" : 1
  },
  "scale" : 1.0,
  "materials": [{
    "DbgColor": 0,
    "DbgIndex": 0,
    "DbgName" : "Join labscc_lat_27: Semicircular canals",
    "colorAmbient": [0.0, 0.0, 0.0],
    "colorDiffuse": [ 1.000, 0.667, 1.000],
    "colorSpecular": [0.16, 0.16, 0.16]
    }],
  "vertices": [
  0.06293, 0.08077, 0.0135,
  0.06293, 0.08069, 0.013,
  0.06337, 0.08047, 0.013,
  0.06349, 0.08039, 0.0135,
  0.0621, 0.08114, 0.0135,
  0.06184, 0.0811, 0.013,
  0.06244, 0.08091, 0.013,
  0.06147, 0.08129, 0.0135,
  0.06139, 0.08114, 0.013,
  0.06109, 0.08136, 0.0135,
  0.06109, 0.08084, 0.013,
  0.06248, 0.08106, 0.0135,
  0.06382, 0.08024, 0.0135,
  0.06379, 0.08024, 0.013,
  0.06412, 0.08002, 0.013,
  0.06225, 0.08013, 0.0135,
  0.06233, 0.08017, 0.013,
  0.06177, 0.08035, 0.013,
  0.0627, 0.07998, 0.013,
  0.06278, 0.07976, 0.0135,
  0.06304, 0.07972, 0.013,
  0.06315, 0.07946, 0.0135,
  0.06322, 0.07923, 0.013,
  0.06341, 0.07912, 0.0135,
  0.06147, 0.08039, 0.0135,
  0.06094, 0.0805, 0.0135,
  0.06132, 0.08047, 0.013,
  0.06038, 0.08151, 0.0135
 ],
 "morphTargets": [],
 "morphColors": [],
 "normals": [],
 "colors": [],
 "uvs": [[]],
  "faces": [
  2, 0, 1, 2, 0,
  2, 3, 0, 2, 0,
  2, 4, 5, 6, 0,
  2, 4, 7, 5, 0,
  2, 7, 8, 5, 0,
  2, 7, 9, 8, 0,
  2, 9, 10, 8, 0,
  2, 0, 6, 1, 0,
  2, 0, 11, 6, 0,
  2, 11, 4, 6, 0,
  2, 12, 13, 14, 0,
  2, 12, 3, 13, 0,
  2, 3, 2, 13, 0,
  2, 15, 16, 17, 0,
  2, 15, 18, 16, 0,
  2, 15, 19, 18, 0,
  2, 19, 20, 18, 0,
  2, 19, 21, 20, 0,
  2, 21, 22, 20, 0,
  2, 21, 23, 22, 0,
  2, 24, 15, 17, 0,
  2, 25, 26, 10, 0,
  2, 25, 24, 26, 0,
  2, 9, 27, 10, 0,
  2, 27, 25, 10, 0,
  2, 24, 17, 26, 0
]
 }
