 {
  "metadata" :
  {
   "formatVersion" : 3,
   "sourceFile" : "mch002r_022d",
   "generatedBy" : "Tr3 20161112",
   "vertices" : 26,
   "faces" : 33,
   "normals" : 0,
   "colors" : 0,
   "uvs" : 0,
   "materials" : 1
  },
  "scale" : 1.0,
  "materials": [{
    "DbgColor": 0,
    "DbgIndex": 0,
    "DbgName" : "os_temp_cut_22: Temporal bone",
    "colorAmbient": [0.0, 0.0, 0.0],
    "colorDiffuse": [ 1.000, 0.784, 0.588],
    "colorSpecular": [0.16, 0.16, 0.16]
    }],
  "vertices": [
  0.04927, 0.09, 0.0115,
  0.0506733, 0.09, 0.0115,
  0.04865, 0.09, 0.011,
  0.05019, 0.09, 0.011,
  0.0520767, 0.09, 0.0115,
  0.05173, 0.09, 0.011,
  0.05327, 0.09, 0.011,
  0.05348, 0.09, 0.0115,
  0.04974, 0.09, 0.012,
  0.05108, 0.09, 0.012,
  0.05242, 0.09, 0.012,
  0.05376, 0.09, 0.012,
  0.05007, 0.09, 0.0125,
  0.0514167, 0.09, 0.0125,
  0.0527633, 0.09, 0.0125,
  0.05411, 0.09, 0.0125,
  0.05058, 0.09, 0.013,
  0.0518133, 0.09, 0.013,
  0.0530467, 0.09, 0.013,
  0.05428, 0.09, 0.013,
  0.0511, 0.09, 0.0135,
  0.052805, 0.09, 0.0135,
  0.05451, 0.09, 0.0135,
  0.05147, 0.09, 0.014,
  0.05319, 0.09, 0.014,
  0.05491, 0.09, 0.014
 ],
 "morphTargets": [],
 "morphColors": [],
 "normals": [],
 "colors": [],
 "uvs": [[]],
  "faces": [
  2, 0, 1, 2, 0,
  2, 1, 3, 2, 0,
  2, 1, 4, 3, 0,
  2, 4, 5, 3, 0,
  2, 4, 6, 5, 0,
  2, 4, 7, 6, 0,
  2, 8, 9, 0, 0,
  2, 9, 1, 0, 0,
  2, 9, 10, 1, 0,
  2, 10, 4, 1, 0,
  2, 10, 7, 4, 0,
  2, 10, 11, 7, 0,
  2, 12, 13, 8, 0,
  2, 13, 9, 8, 0,
  2, 13, 10, 9, 0,
  2, 13, 14, 10, 0,
  2, 14, 15, 10, 0,
  2, 15, 11, 10, 0,
  2, 16, 17, 12, 0,
  2, 17, 13, 12, 0,
  2, 17, 18, 13, 0,
  2, 18, 14, 13, 0,
  2, 18, 15, 14, 0,
  2, 18, 19, 15, 0,
  2, 20, 21, 16, 0,
  2, 21, 17, 16, 0,
  2, 21, 22, 17, 0,
  2, 22, 18, 17, 0,
  2, 22, 19, 18, 0,
  2, 23, 24, 20, 0,
  2, 24, 21, 20, 0,
  2, 24, 22, 21, 0,
  2, 24, 25, 22, 0
]
 }
