 {
  "metadata" :
  {
   "formatVersion" : 3,
   "sourceFile" : "mch002r_022d",
   "generatedBy" : "Tr3 20161112",
   "vertices" : 74,
   "faces" : 72,
   "normals" : 0,
   "colors" : 0,
   "uvs" : 0,
   "materials" : 1
  },
  "scale" : 1.0,
  "materials": [{
    "DbgColor": 0,
    "DbgIndex": 0,
    "DbgName" : "os_occcond_ext_lat_b_40: Occipital bone (condylar part)",
    "colorAmbient": [0.0, 0.0, 0.0],
    "colorDiffuse": [ 1.000, 0.784, 0.588],
    "colorSpecular": [0.16, 0.16, 0.16]
    }],
  "vertices": [
  0.06113, 0.09368, 0.0205,
  0.0611729, 0.0953633, 0.0205,
  0.06059, 0.09412, 0.02,
  0.0606361, 0.095801, 0.02,
  0.0618487, 0.0969336, 0.0205,
  0.061105, 0.0974455, 0.02,
  0.0620976, 0.0988196, 0.02,
  0.0628413, 0.0983366, 0.0205,
  0.0631536, 0.100143, 0.02,
  0.0637885, 0.0997695, 0.0205,
  0.06465, 0.101258, 0.0205,
  0.0638198, 0.101725, 0.02,
  0.0651952, 0.102882, 0.0205,
  0.0646758, 0.10321, 0.02,
  0.0657866, 0.104507, 0.02,
  0.0663662, 0.10356, 0.0205,
  0.0675921, 0.104759, 0.0205,
  0.0671796, 0.105494, 0.02,
  0.0687734, 0.106105, 0.02,
  0.0689737, 0.105756, 0.0205,
  0.070439, 0.106146, 0.02,
  0.07064, 0.105934, 0.0205,
  0.0720342, 0.105516, 0.02,
  0.0722861, 0.105446, 0.0205,
  0.0736083, 0.104832, 0.02,
  0.0738472, 0.104728, 0.0205,
  0.0751756, 0.104132, 0.02,
  0.0754053, 0.104, 0.0205,
  0.0767589, 0.103471, 0.02,
  0.0769878, 0.103326, 0.0205,
  0.0771638, 0.102553, 0.02,
  0.0785357, 0.102579, 0.0205,
  0.0794888, 0.101265, 0.0205,
  0.0788454, 0.0997006, 0.0205,
  0.0776305, 0.0990407, 0.0205,
  0.0765967, 0.100407, 0.0205,
  0.0754894, 0.102198, 0.02,
  0.0750191, 0.100865, 0.0205,
  0.0738396, 0.101726, 0.02,
  0.0734746, 0.100146, 0.0205,
  0.0722598, 0.101486, 0.02,
  0.0719252, 0.0994562, 0.0205,
  0.0705755, 0.101229, 0.02,
  0.0707728, 0.0984632, 0.0205,
  0.068882, 0.101506, 0.02,
  0.0672394, 0.101442, 0.02,
  0.0661171, 0.100144, 0.02,
  0.0652831, 0.0986856, 0.02,
  0.0655996, 0.0970964, 0.02,
  0.0669825, 0.0960964, 0.02,
  0.0705976, 0.0967602, 0.0205,
  0.0676392, 0.0945361, 0.02,
  0.0706102, 0.0950455, 0.0205,
  0.0708574, 0.0933436, 0.0205,
  0.0679319, 0.0928453, 0.02,
  0.0690275, 0.0919246, 0.02,
  0.070628, 0.0914785, 0.02,
  0.0715833, 0.0918303, 0.0205,
  0.0721052, 0.0906788, 0.02,
  0.0729913, 0.0924705, 0.0205,
  0.0735567, 0.0915455, 0.02,
  0.0748981, 0.0926158, 0.02,
  0.0743035, 0.0935782, 0.0205,
  0.0763963, 0.093237, 0.02,
  0.0755877, 0.0947191, 0.0205,
  0.0767439, 0.0959854, 0.0205,
  0.0778567, 0.0972928, 0.0205,
  0.0787621, 0.0966619, 0.0205,
  0.0784768, 0.0949693, 0.0205,
  0.0779916, 0.0933193, 0.0205,
  0.0769055, 0.0916928, 0.02,
  0.0775363, 0.0916609, 0.0205,
  0.07709, 0.09, 0.0205,
  0.07664, 0.09, 0.02
 ],
 "morphTargets": [],
 "morphColors": [],
 "normals": [],
 "colors": [],
 "uvs": [[]],
  "faces": [
  2, 0, 1, 2, 0,
  2, 1, 3, 2, 0,
  2, 1, 4, 3, 0,
  2, 4, 5, 3, 0,
  2, 4, 6, 5, 0,
  2, 4, 7, 6, 0,
  2, 7, 8, 6, 0,
  2, 7, 9, 8, 0,
  2, 9, 10, 8, 0,
  2, 10, 11, 8, 0,
  2, 10, 12, 11, 0,
  2, 12, 13, 11, 0,
  2, 12, 14, 13, 0,
  2, 12, 15, 14, 0,
  2, 15, 16, 14, 0,
  2, 16, 17, 14, 0,
  2, 16, 18, 17, 0,
  2, 16, 19, 18, 0,
  2, 19, 20, 18, 0,
  2, 19, 21, 20, 0,
  2, 21, 22, 20, 0,
  2, 21, 23, 22, 0,
  2, 23, 24, 22, 0,
  2, 23, 25, 24, 0,
  2, 25, 26, 24, 0,
  2, 25, 27, 26, 0,
  2, 27, 28, 26, 0,
  2, 27, 29, 28, 0,
  2, 29, 30, 28, 0,
  2, 29, 31, 30, 0,
  2, 31, 32, 30, 0,
  2, 32, 33, 30, 0,
  2, 33, 34, 30, 0,
  2, 34, 35, 30, 0,
  2, 35, 36, 30, 0,
  2, 35, 37, 36, 0,
  2, 37, 38, 36, 0,
  2, 37, 39, 38, 0,
  2, 39, 40, 38, 0,
  2, 39, 41, 40, 0,
  2, 41, 42, 40, 0,
  2, 41, 43, 42, 0,
  2, 43, 44, 42, 0,
  2, 43, 45, 44, 0,
  2, 43, 46, 45, 0,
  2, 43, 47, 46, 0,
  2, 43, 48, 47, 0,
  2, 43, 49, 48, 0,
  2, 43, 50, 49, 0,
  2, 50, 51, 49, 0,
  2, 50, 52, 51, 0,
  2, 52, 53, 51, 0,
  2, 53, 54, 51, 0,
  2, 53, 55, 54, 0,
  2, 53, 56, 55, 0,
  2, 53, 57, 56, 0,
  2, 57, 58, 56, 0,
  2, 57, 59, 58, 0,
  2, 59, 60, 58, 0,
  2, 59, 61, 60, 0,
  2, 59, 62, 61, 0,
  2, 62, 63, 61, 0,
  2, 62, 64, 63, 0,
  2, 64, 65, 63, 0,
  2, 65, 66, 63, 0,
  2, 66, 67, 63, 0,
  2, 67, 68, 63, 0,
  2, 68, 69, 63, 0,
  2, 69, 70, 63, 0,
  2, 69, 71, 70, 0,
  2, 71, 72, 70, 0,
  2, 72, 73, 70, 0
]
 }
