 {
  "metadata" :
  {
   "formatVersion" : 3,
   "sourceFile" : "mch002r_022d",
   "generatedBy" : "Tr3 20161112",
   "vertices" : 28,
   "faces" : 28,
   "normals" : 0,
   "colors" : 0,
   "uvs" : 0,
   "materials" : 1
  },
  "scale" : 1.0,
  "materials": [{
    "DbgColor": 0,
    "DbgIndex": 0,
    "DbgName" : "Join os_occcond_post_47: Occipital bone (condylar part)",
    "colorAmbient": [0.0, 0.0, 0.0],
    "colorDiffuse": [ 1.000, 0.784, 0.588],
    "colorSpecular": [0.16, 0.16, 0.16]
    }],
  "vertices": [
  0.07653, 0.0962, 0.0235,
  0.0743801, 0.0953668, 0.023,
  0.0748, 0.09368, 0.023,
  0.0763983, 0.0992485, 0.0235,
  0.0752467, 0.100412, 0.023,
  0.0747132, 0.0987497, 0.023,
  0.0769918, 0.100675, 0.0235,
  0.0757936, 0.102061, 0.023,
  0.077049, 0.102829, 0.023,
  0.0742178, 0.0970781, 0.023,
  0.0762499, 0.0977127, 0.0235,
  0.0795925, 0.101109, 0.0235,
  0.0802386, 0.0997256, 0.023,
  0.0801708, 0.101349, 0.023,
  0.0795181, 0.0996795, 0.0235,
  0.0793432, 0.0982286, 0.023,
  0.0785938, 0.0984333, 0.0235,
  0.0784747, 0.0967218, 0.023,
  0.0775995, 0.0972376, 0.0235,
  0.077902, 0.0950754, 0.023,
  0.0774785, 0.0933819, 0.023,
  0.0770651, 0.0916856, 0.023,
  0.07661, 0.09, 0.023,
  0.07379, 0.09, 0.023,
  0.0781715, 0.1016, 0.0235,
  0.078584, 0.10205, 0.023,
  0.0743529, 0.0911629, 0.023,
  0.0747147, 0.0923933, 0.023
 ],
 "morphTargets": [],
 "morphColors": [],
 "normals": [],
 "colors": [],
 "uvs": [[]],
  "faces": [
  2, 0, 1, 2, 0,
  2, 3, 4, 5, 0,
  2, 3, 6, 4, 0,
  2, 6, 7, 4, 0,
  2, 6, 8, 7, 0,
  2, 0, 9, 1, 0,
  2, 0, 10, 9, 0,
  2, 10, 5, 9, 0,
  2, 10, 3, 5, 0,
  2, 11, 12, 13, 0,
  2, 11, 14, 12, 0,
  2, 14, 15, 12, 0,
  2, 14, 16, 15, 0,
  2, 16, 17, 15, 0,
  2, 16, 18, 17, 0,
  2, 18, 0, 17, 0,
  2, 0, 19, 17, 0,
  2, 0, 20, 19, 0,
  2, 0, 21, 20, 0,
  2, 0, 22, 21, 0,
  2, 0, 23, 22, 0,
  2, 6, 24, 8, 0,
  2, 24, 25, 8, 0,
  2, 24, 11, 25, 0,
  2, 11, 13, 25, 0,
  2, 0, 26, 23, 0,
  2, 0, 27, 26, 0,
  2, 0, 2, 27, 0
]
 }
