 {
  "metadata" :
  {
   "formatVersion" : 3,
   "sourceFile" : "mch002r_022d",
   "generatedBy" : "Tr3 20161112",
   "vertices" : 21,
   "faces" : 26,
   "normals" : 0,
   "colors" : 0,
   "uvs" : 0,
   "materials" : 1
  },
  "scale" : 1.0,
  "materials": [{
    "DbgColor": 0,
    "DbgIndex": 0,
    "DbgName" : "2_11: (no description)",
    "colorAmbient": [0.0, 0.0, 0.0],
    "colorDiffuse": [ 1.000, 1.000, 1.000],
    "colorSpecular": [0.16, 0.16, 0.16]
    }],
  "vertices": [
  0.05545, 0.05152, 0.0125,
  0.0473597, 0.0511517, 0.0125,
  0.05386, 0.05142, 0.011,
  0.0467452, 0.05, 0.011,
  0.03927, 0.05077, 0.0125,
  0.03927, 0.05077, 0.011,
  0.05689, 0.05152, 0.014,
  0.0510455, 0.0512889, 0.014,
  0.0452034, 0.0509686, 0.014,
  0.03936, 0.05068, 0.014,
  0.05689, 0.05152, 0.0145,
  0.0510455, 0.0512889, 0.0145,
  0.0452034, 0.0509686, 0.0145,
  0.03936, 0.05068, 0.0145,
  0.05689, 0.05152, 0.015,
  0.0510455, 0.0512889, 0.015,
  0.0452034, 0.0509686, 0.015,
  0.03936, 0.05068, 0.015,
  0.05666, 0.05157, 0.016,
  0.0482197, 0.0511306, 0.016,
  0.03978, 0.05068, 0.016
 ],
 "morphTargets": [],
 "morphColors": [],
 "normals": [],
 "colors": [],
 "uvs": [[]],
  "faces": [
  2, 0, 1, 2, 0,
  2, 1, 3, 2, 0,
  2, 1, 4, 3, 0,
  2, 4, 5, 3, 0,
  2, 6, 7, 0, 0,
  2, 7, 1, 0, 0,
  2, 7, 8, 1, 0,
  2, 8, 4, 1, 0,
  2, 8, 9, 4, 0,
  2, 10, 11, 6, 0,
  2, 11, 7, 6, 0,
  2, 11, 8, 7, 0,
  2, 11, 12, 8, 0,
  2, 12, 13, 8, 0,
  2, 13, 9, 8, 0,
  2, 14, 15, 10, 0,
  2, 15, 11, 10, 0,
  2, 15, 12, 11, 0,
  2, 15, 16, 12, 0,
  2, 16, 17, 12, 0,
  2, 17, 13, 12, 0,
  2, 18, 15, 14, 0,
  2, 18, 19, 15, 0,
  2, 19, 16, 15, 0,
  2, 19, 20, 16, 0,
  2, 20, 17, 16, 0
]
 }
