 {
  "metadata" :
  {
   "formatVersion" : 3,
   "sourceFile" : "mch002r_022d",
   "generatedBy" : "Tr3 20161112",
   "vertices" : 19,
   "faces" : 18,
   "normals" : 0,
   "colors" : 0,
   "uvs" : 0,
   "materials" : 1
  },
  "scale" : 1.0,
  "materials": [{
    "DbgColor": 0,
    "DbgIndex": 0,
    "DbgName" : "Join labvest_q_35: Vestibule",
    "colorAmbient": [0.0, 0.0, 0.0],
    "colorDiffuse": [ 0.678, 0.847, 0.902],
    "colorSpecular": [0.16, 0.16, 0.16]
    }],
  "vertices": [
  0.0662882, 0.0770835, 0.0175,
  0.06607, 0.07773, 0.017,
  0.06645, 0.07754, 0.017,
  0.0657026, 0.0776741, 0.0175,
  0.0648731, 0.0775552, 0.0175,
  0.06533, 0.07748, 0.017,
  0.06492, 0.07736, 0.017,
  0.06455, 0.07698, 0.017,
  0.0643994, 0.0768369, 0.0175,
  0.06442, 0.0767, 0.017,
  0.0657, 0.0777, 0.017,
  0.06595, 0.0763, 0.0175,
  0.06601, 0.07658, 0.017,
  0.06648, 0.07686, 0.017,
  0.06654, 0.07717, 0.017,
  0.0643799, 0.0760553, 0.0175,
  0.06448, 0.07595, 0.017,
  0.06442, 0.07636, 0.017,
  0.0651858, 0.0759103, 0.0175
 ],
 "morphTargets": [],
 "morphColors": [],
 "normals": [],
 "colors": [],
 "uvs": [[]],
  "faces": [
  2, 0, 1, 2, 0,
  2, 3, 4, 5, 0,
  2, 4, 6, 5, 0,
  2, 4, 7, 6, 0,
  2, 4, 8, 7, 0,
  2, 8, 9, 7, 0,
  2, 0, 3, 1, 0,
  2, 3, 10, 1, 0,
  2, 3, 5, 10, 0,
  2, 11, 0, 12, 0,
  2, 0, 13, 12, 0,
  2, 0, 14, 13, 0,
  2, 0, 2, 14, 0,
  2, 15, 16, 17, 0,
  2, 15, 18, 16, 0,
  2, 8, 17, 9, 0,
  2, 8, 15, 17, 0,
  2, 18, 11, 16, 0
]
 }
