 {
  "metadata" :
  {
   "formatVersion" : 3,
   "sourceFile" : "mch002r_022d",
   "generatedBy" : "Tr3 20161112",
   "vertices" : 16,
   "faces" : 14,
   "normals" : 0,
   "colors" : 0,
   "uvs" : 0,
   "materials" : 1
  },
  "scale" : 1.0,
  "materials": [{
    "DbgColor": 0,
    "DbgIndex": 0,
    "DbgName" : "Join os_temp_ext_34: Temporal bone",
    "colorAmbient": [0.0, 0.0, 0.0],
    "colorDiffuse": [ 1.000, 0.784, 0.588],
    "colorSpecular": [0.16, 0.16, 0.16]
    }],
  "vertices": [
  0.05445, 0.09, 0.017,
  0.054248, 0.0915755, 0.0165,
  0.05404, 0.09, 0.0165,
  0.0545645, 0.0916319, 0.017,
  0.0544273, 0.093136, 0.0165,
  0.05744, 0.0929226, 0.017,
  0.0571497, 0.0913185, 0.0165,
  0.0567319, 0.0928246, 0.0165,
  0.0579276, 0.0913698, 0.017,
  0.05803, 0.09, 0.0165,
  0.05878, 0.09, 0.017,
  0.0547297, 0.0931966, 0.017,
  0.0555089, 0.0942975, 0.0165,
  0.0559072, 0.0943226, 0.017,
  0.0567597, 0.0944047, 0.0165,
  0.0573084, 0.0945055, 0.017
 ],
 "morphTargets": [],
 "morphColors": [],
 "normals": [],
 "colors": [],
 "uvs": [[]],
  "faces": [
  2, 0, 1, 2, 0,
  2, 3, 4, 1, 0,
  2, 0, 3, 1, 0,
  2, 5, 6, 7, 0,
  2, 5, 8, 6, 0,
  2, 8, 9, 6, 0,
  2, 8, 10, 9, 0,
  2, 3, 11, 4, 0,
  2, 11, 12, 4, 0,
  2, 11, 13, 12, 0,
  2, 13, 14, 12, 0,
  2, 13, 15, 14, 0,
  2, 15, 5, 14, 0,
  2, 5, 7, 14, 0
]
 }
