 {
  "metadata" :
  {
   "formatVersion" : 3,
   "sourceFile" : "mch002r_022d",
   "generatedBy" : "Tr3 20161112",
   "vertices" : 32,
   "faces" : 39,
   "normals" : 0,
   "colors" : 0,
   "uvs" : 0,
   "materials" : 1
  },
  "scale" : 1.0,
  "materials": [{
    "DbgColor": 0,
    "DbgIndex": 0,
    "DbgName" : "os_temp_ext_ant_34: Temporal bone",
    "colorAmbient": [0.0, 0.0, 0.0],
    "colorDiffuse": [ 1.000, 0.784, 0.588],
    "colorSpecular": [0.16, 0.16, 0.16]
    }],
  "vertices": [
  0.05467, 0.05, 0.0175,
  0.0543586, 0.0484067, 0.017,
  0.05442, 0.05002, 0.017,
  0.0546767, 0.0483452, 0.0175,
  0.0546264, 0.0468289, 0.017,
  0.0549262, 0.0467162, 0.0175,
  0.0550994, 0.0452852, 0.017,
  0.0553813, 0.0451269, 0.0175,
  0.0557281, 0.0438175, 0.017,
  0.0561766, 0.0436836, 0.0175,
  0.0557289, 0.043186, 0.0175,
  0.055494, 0.0431776, 0.017,
  0.0542016, 0.0437609, 0.0175,
  0.0540937, 0.0438743, 0.017,
  0.0534249, 0.0450678, 0.0175,
  0.0533966, 0.0452823, 0.017,
  0.0531854, 0.0467021, 0.0175,
  0.0530358, 0.0468539, 0.017,
  0.0530319, 0.0483496, 0.0175,
  0.052851, 0.0484581, 0.017,
  0.05311, 0.05, 0.0175,
  0.05283, 0.05007, 0.017,
  0.05453, 0.05, 0.018,
  0.05457, 0.0483949, 0.018,
  0.0547741, 0.0468074, 0.018,
  0.0551549, 0.0452511, 0.018,
  0.055624, 0.0437356, 0.018,
  0.0542043, 0.0438955, 0.018,
  0.0535169, 0.0452687, 0.018,
  0.0533604, 0.046866, 0.018,
  0.0533081, 0.0484706, 0.018,
  0.05372, 0.05, 0.018
 ],
 "morphTargets": [],
 "morphColors": [],
 "normals": [],
 "colors": [],
 "uvs": [[]],
  "faces": [
  2, 0, 1, 2, 0,
  2, 0, 3, 1, 0,
  2, 3, 4, 1, 0,
  2, 3, 5, 4, 0,
  2, 5, 6, 4, 0,
  2, 5, 7, 6, 0,
  2, 7, 8, 6, 0,
  2, 7, 9, 8, 0,
  2, 9, 10, 8, 0,
  2, 10, 11, 8, 0,
  2, 10, 12, 11, 0,
  2, 12, 13, 11, 0,
  2, 12, 14, 13, 0,
  2, 14, 15, 13, 0,
  2, 14, 16, 15, 0,
  2, 16, 17, 15, 0,
  2, 16, 18, 17, 0,
  2, 18, 19, 17, 0,
  2, 18, 20, 19, 0,
  2, 20, 21, 19, 0,
  2, 22, 23, 0, 0,
  2, 23, 3, 0, 0,
  2, 23, 24, 3, 0,
  2, 24, 5, 3, 0,
  2, 24, 25, 5, 0,
  2, 25, 7, 5, 0,
  2, 25, 26, 7, 0,
  2, 26, 9, 7, 0,
  2, 26, 10, 9, 0,
  2, 26, 12, 10, 0,
  2, 26, 27, 12, 0,
  2, 27, 14, 12, 0,
  2, 27, 28, 14, 0,
  2, 28, 16, 14, 0,
  2, 28, 29, 16, 0,
  2, 29, 18, 16, 0,
  2, 29, 30, 18, 0,
  2, 30, 20, 18, 0,
  2, 30, 31, 20, 0
]
 }
