 {
  "metadata" :
  {
   "formatVersion" : 3,
   "sourceFile" : "mch002r_022d",
   "generatedBy" : "Tr3 20161112",
   "vertices" : 42,
   "faces" : 42,
   "normals" : 0,
   "colors" : 0,
   "uvs" : 0,
   "materials" : 1
  },
  "scale" : 1.0,
  "materials": [{
    "DbgColor": 0,
    "DbgIndex": 0,
    "DbgName" : "Join os_cav_45: Cavity wall",
    "colorAmbient": [0.0, 0.0, 0.0],
    "colorDiffuse": [ 1.000, 0.784, 0.588],
    "colorSpecular": [0.16, 0.16, 0.16]
    }],
  "vertices": [
  0.0668943, 0.0728847, 0.0225,
  0.0672224, 0.0719107, 0.022,
  0.0665882, 0.0724365, 0.022,
  0.0674421, 0.0732171, 0.0225,
  0.06785, 0.0723835, 0.022,
  0.06582, 0.07418, 0.0225,
  0.0662667, 0.0734483, 0.0225,
  0.06524, 0.07351, 0.022,
  0.0659167, 0.0729758, 0.022,
  0.0667732, 0.0747985, 0.0225,
  0.0665027, 0.0754583, 0.022,
  0.0669539, 0.0747298, 0.022,
  0.0662419, 0.0754793, 0.0225,
  0.065894, 0.0760687, 0.022,
  0.065709, 0.0761588, 0.0225,
  0.065308, 0.0766879, 0.022,
  0.0650403, 0.0767034, 0.0225,
  0.064554, 0.0771018, 0.022,
  0.0643397, 0.0772085, 0.0225,
  0.0637752, 0.0774708, 0.022,
  0.0635844, 0.0776193, 0.0225,
  0.0629561, 0.0776782, 0.022,
  0.0677813, 0.0732332, 0.022,
  0.0673255, 0.0739607, 0.022,
  0.06712, 0.0740165, 0.0225,
  0.0624258, 0.0767934, 0.0225,
  0.0624012, 0.0763858, 0.022,
  0.0617493, 0.0769272, 0.022,
  0.0631003, 0.0762612, 0.0225,
  0.0630284, 0.0757958, 0.022,
  0.0638524, 0.0758368, 0.0225,
  0.06367, 0.07522, 0.022,
  0.0645863, 0.075389, 0.0225,
  0.0639317, 0.074935, 0.022,
  0.0641933, 0.07465, 0.022,
  0.0652093, 0.0747907, 0.0225,
  0.064455, 0.074365, 0.022,
  0.0647167, 0.07408, 0.022,
  0.0649783, 0.073795, 0.022,
  0.0619621, 0.0774816, 0.0225,
  0.0621138, 0.0775097, 0.022,
  0.0627323, 0.07776, 0.0225
 ],
 "morphTargets": [],
 "morphColors": [],
 "normals": [],
 "colors": [],
 "uvs": [[]],
  "faces": [
  2, 0, 1, 2, 0,
  2, 0, 3, 4, 0,
  2, 0, 4, 1, 0,
  2, 5, 6, 7, 0,
  2, 6, 8, 7, 0,
  2, 6, 0, 8, 0,
  2, 0, 2, 8, 0,
  2, 9, 10, 11, 0,
  2, 9, 12, 10, 0,
  2, 12, 13, 10, 0,
  2, 12, 14, 13, 0,
  2, 14, 15, 13, 0,
  2, 14, 16, 15, 0,
  2, 16, 17, 15, 0,
  2, 16, 18, 17, 0,
  2, 18, 19, 17, 0,
  2, 18, 20, 19, 0,
  2, 20, 21, 19, 0,
  2, 3, 22, 4, 0,
  2, 3, 23, 22, 0,
  2, 3, 24, 23, 0,
  2, 24, 11, 23, 0,
  2, 24, 9, 11, 0,
  2, 25, 26, 27, 0,
  2, 25, 28, 26, 0,
  2, 28, 29, 26, 0,
  2, 28, 30, 29, 0,
  2, 30, 31, 29, 0,
  2, 30, 32, 31, 0,
  2, 32, 33, 31, 0,
  2, 32, 34, 33, 0,
  2, 32, 35, 34, 0,
  2, 35, 36, 34, 0,
  2, 35, 37, 36, 0,
  2, 35, 38, 37, 0,
  2, 35, 5, 38, 0,
  2, 5, 7, 38, 0,
  2, 39, 27, 40, 0,
  2, 39, 25, 27, 0,
  2, 41, 40, 21, 0,
  2, 41, 39, 40, 0,
  2, 20, 41, 21, 0
]
 }
