 {
  "metadata" :
  {
   "formatVersion" : 3,
   "sourceFile" : "mch002r_022d",
   "generatedBy" : "Tr3 20161112",
   "vertices" : 11,
   "faces" : 11,
   "normals" : 0,
   "colors" : 0,
   "uvs" : 0,
   "materials" : 1
  },
  "scale" : 1.0,
  "materials": [{
    "DbgColor": 0,
    "DbgIndex": 0,
    "DbgName" : "os_temp_cut_38: Temporal bone",
    "colorAmbient": [0.0, 0.0, 0.0],
    "colorDiffuse": [ 1.000, 0.784, 0.588],
    "colorSpecular": [0.16, 0.16, 0.16]
    }],
  "vertices": [
  0.0576, 0.09, 0.0195,
  0.059, 0.09, 0.0195,
  0.05732, 0.09, 0.019,
  0.0604, 0.09, 0.0195,
  0.0618, 0.09, 0.0195,
  0.0588367, 0.09, 0.019,
  0.0603533, 0.09, 0.019,
  0.06187, 0.09, 0.019,
  0.05859, 0.09, 0.02,
  0.06005, 0.09, 0.02,
  0.06151, 0.09, 0.02
 ],
 "morphTargets": [],
 "morphColors": [],
 "normals": [],
 "colors": [],
 "uvs": [[]],
  "faces": [
  2, 0, 1, 2, 0,
  2, 1, 3, 2, 0,
  2, 3, 4, 2, 0,
  2, 4, 5, 2, 0,
  2, 4, 6, 5, 0,
  2, 4, 7, 6, 0,
  2, 8, 1, 0, 0,
  2, 8, 3, 1, 0,
  2, 8, 4, 3, 0,
  2, 8, 9, 4, 0,
  2, 9, 10, 4, 0
]
 }
