 {
  "metadata" :
  {
   "formatVersion" : 3,
   "sourceFile" : "mch002r_022d",
   "generatedBy" : "Tr3 20161112",
   "vertices" : 143,
   "faces" : 188,
   "normals" : 0,
   "colors" : 0,
   "uvs" : 0,
   "materials" : 1
  },
  "scale" : 1.0,
  "materials": [{
    "DbgColor": 0,
    "DbgIndex": 0,
    "DbgName" : "skin_24a: Skin",
    "colorAmbient": [0.0, 0.0, 0.0],
    "colorDiffuse": [ 1.000, 0.753, 0.796],
    "colorSpecular": [0.16, 0.16, 0.16]
    }],
  "vertices": [
  0.03964, 0.05, 0.0125,
  0.0394819, 0.0516978, 0.012,
  0.03974, 0.05, 0.012,
  0.0394324, 0.0517125, 0.0125,
  0.0393314, 0.0534055, 0.012,
  0.03927, 0.0534296, 0.0125,
  0.0392772, 0.055122, 0.012,
  0.0391317, 0.0551491, 0.0125,
  0.0393511, 0.056837, 0.012,
  0.0392151, 0.056872, 0.0125,
  0.0394243, 0.0585528, 0.012,
  0.0393952, 0.058583, 0.0125,
  0.0396328, 0.0601756, 0.012,
  0.0399629, 0.0601316, 0.0125,
  0.0391181, 0.0616357, 0.0125,
  0.0389, 0.0617255, 0.012,
  0.0382773, 0.0631417, 0.0125,
  0.038013, 0.0631863, 0.012,
  0.0376452, 0.0647456, 0.0125,
  0.037474, 0.0648162, 0.012,
  0.0374154, 0.0664553, 0.0125,
  0.0372434, 0.0665076, 0.012,
  0.0377919, 0.0680526, 0.0125,
  0.0379068, 0.0680569, 0.012,
  0.0389654, 0.0692756, 0.0125,
  0.0393979, 0.0680531, 0.012,
  0.0404925, 0.0700587, 0.0125,
  0.0419752, 0.0709052, 0.0125,
  0.0433907, 0.0707312, 0.0125,
  0.0427785, 0.0692896, 0.0125,
  0.041462, 0.0682102, 0.0125,
  0.0405352, 0.0667989, 0.0125,
  0.0398911, 0.0665152, 0.012,
  0.0409294, 0.0653828, 0.012,
  0.0415977, 0.0658523, 0.0125,
  0.0424872, 0.0660615, 0.012,
  0.0430763, 0.0666455, 0.0125,
  0.0439502, 0.0669502, 0.012,
  0.0443, 0.0678614, 0.0125,
  0.044924, 0.0683379, 0.012,
  0.0450338, 0.0693996, 0.0125,
  0.0454846, 0.0699488, 0.012,
  0.0453831, 0.0710825, 0.0125,
  0.045677, 0.0716458, 0.012,
  0.0450589, 0.072749, 0.0125,
  0.0453618, 0.0733073, 0.012,
  0.0445763, 0.0744052, 0.0125,
  0.0447943, 0.0749281, 0.012,
  0.0441161, 0.0760652, 0.0125,
  0.0444699, 0.07659, 0.012,
  0.0439409, 0.0777814, 0.0125,
  0.0438824, 0.0782038, 0.012,
  0.0429544, 0.0791952, 0.0125,
  0.0428745, 0.0795716, 0.012,
  0.0415735, 0.0802254, 0.0125,
  0.0413859, 0.080411, 0.012,
  0.0399027, 0.0806383, 0.0125,
  0.0396994, 0.0806953, 0.012,
  0.0382247, 0.0802378, 0.0125,
  0.0381057, 0.0801838, 0.012,
  0.0369761, 0.0790631, 0.0125,
  0.0368945, 0.0789664, 0.012,
  0.0356189, 0.0780541, 0.0125,
  0.0355844, 0.077954, 0.012,
  0.0341263, 0.0786419, 0.012,
  0.0340655, 0.0785145, 0.0125,
  0.0328311, 0.0796216, 0.012,
  0.0328414, 0.07973, 0.0125,
  0.0316109, 0.0802036, 0.012,
  0.0312872, 0.0803979, 0.0125,
  0.0322823, 0.0817043, 0.012,
  0.0319403, 0.0818461, 0.0125,
  0.0333198, 0.0828621, 0.0125,
  0.0336451, 0.0827375, 0.012,
  0.0346621, 0.0839418, 0.0125,
  0.0349812, 0.0838077, 0.012,
  0.0362078, 0.0844353, 0.0125,
  0.0365824, 0.084106, 0.012,
  0.0377573, 0.0837414, 0.0125,
  0.0380307, 0.0831911, 0.012,
  0.0392461, 0.08303, 0.0125,
  0.0396172, 0.082641, 0.012,
  0.0409553, 0.0828573, 0.0125,
  0.0413207, 0.0825127, 0.012,
  0.0424592, 0.0834248, 0.0125,
  0.0425626, 0.0834761, 0.012,
  0.04292, 0.0850205, 0.0125,
  0.0428941, 0.0850857, 0.012,
  0.0422742, 0.0865729, 0.0125,
  0.042071, 0.0865696, 0.012,
  0.0420711, 0.0882763, 0.0125,
  0.0419855, 0.0882848, 0.012,
  0.04214, 0.09, 0.0125,
  0.0419, 0.09, 0.012,
  0.03952, 0.05, 0.013,
  0.0394243, 0.0517332, 0.013,
  0.0391425, 0.0534365, 0.013,
  0.0390557, 0.0551639, 0.013,
  0.0391134, 0.0568961, 0.013,
  0.0393057, 0.0586174, 0.013,
  0.0397831, 0.0602734, 0.013,
  0.0392999, 0.0618902, 0.013,
  0.0383587, 0.0633483, 0.013,
  0.0377632, 0.0649447, 0.013,
  0.0373891, 0.0666233, 0.013,
  0.0378042, 0.0682997, 0.013,
  0.0388776, 0.0695819, 0.013,
  0.0402075, 0.0706973, 0.013,
  0.0415387, 0.0718108, 0.013,
  0.0431106, 0.0724991, 0.013,
  0.0441651, 0.0713387, 0.013,
  0.0440252, 0.0696407, 0.013,
  0.0429974, 0.0683341, 0.013,
  0.0415425, 0.0674698, 0.013,
  0.0424364, 0.0666577, 0.013,
  0.0436987, 0.0678131, 0.013,
  0.0445327, 0.0693257, 0.013,
  0.0448551, 0.0710179, 0.013,
  0.0444902, 0.0726981, 0.013,
  0.04388, 0.0743215, 0.013,
  0.0439444, 0.0760439, 0.013,
  0.04394, 0.0777796, 0.013,
  0.0429281, 0.0791793, 0.013,
  0.0415567, 0.0802171, 0.013,
  0.0399117, 0.0805753, 0.013,
  0.0382229, 0.0803188, 0.013,
  0.0369004, 0.0791946, 0.013,
  0.0354769, 0.0782957, 0.013,
  0.0338779, 0.0787218, 0.013,
  0.0325636, 0.0798557, 0.013,
  0.03123, 0.0808672, 0.013,
  0.0319083, 0.0822853, 0.013,
  0.0332418, 0.0833965, 0.013,
  0.0345753, 0.0845077, 0.013,
  0.0362851, 0.08461, 0.013,
  0.0378017, 0.0837962, 0.013,
  0.0394003, 0.0832944, 0.013,
  0.0411277, 0.083124, 0.013,
  0.0425567, 0.083646, 0.013,
  0.0432318, 0.0850712, 0.013,
  0.0424134, 0.0865475, 0.013,
  0.0422262, 0.0882732, 0.013,
  0.04239, 0.09, 0.013
 ],
 "morphTargets": [],
 "morphColors": [],
 "normals": [],
 "colors": [],
 "uvs": [[]],