 {
  "metadata" :
  {
   "formatVersion" : 3,
   "sourceFile" : "mch002r_022d",
   "generatedBy" : "Tr3 20161112",
   "vertices" : 33,
   "faces" : 33,
   "normals" : 0,
   "colors" : 0,
   "uvs" : 0,
   "materials" : 1
  },
  "scale" : 1.0,
  "materials": [{
    "DbgColor": 0,
    "DbgIndex": 0,
    "DbgName" : "Join labvest_31: Vestibule",
    "colorAmbient": [0.0, 0.0, 0.0],
    "colorDiffuse": [ 0.678, 0.847, 0.902],
    "colorSpecular": [0.16, 0.16, 0.16]
    }],
  "vertices": [
  0.06486, 0.07813, 0.0155,
  0.06448, 0.0782, 0.0155,
  0.06448, 0.07838, 0.015,
  0.06392, 0.07804, 0.015,
  0.06405, 0.07658, 0.0155,
  0.06433, 0.07586, 0.0155,
  0.06436, 0.07614, 0.015,
  0.06467, 0.07558, 0.015,
  0.06402, 0.07782, 0.0155,
  0.0637, 0.07736, 0.015,
  0.06392, 0.07714, 0.0155,
  0.06395, 0.07679, 0.015,
  0.06557, 0.07439, 0.0155,
  0.0662, 0.07468, 0.0155,
  0.06557, 0.07489, 0.015,
  0.06595, 0.07499, 0.015,
  0.06657, 0.07505, 0.0155,
  0.06607, 0.0753, 0.015,
  0.06607, 0.07589, 0.015,
  0.06582, 0.0762, 0.0155,
  0.06607, 0.07608, 0.015,
  0.06601, 0.07673, 0.015,
  0.06573, 0.07661, 0.0155,
  0.06557, 0.07723, 0.0155,
  0.06464, 0.07514, 0.0155,
  0.06495, 0.07524, 0.015,
  0.06501, 0.07468, 0.0155,
  0.06529, 0.07492, 0.015,
  0.06486, 0.07857, 0.015,
  0.06542, 0.07789, 0.0155,
  0.0657, 0.07801, 0.015,
  0.06579, 0.07736, 0.015,
  0.06595, 0.07823, 0.015
 ],
 "morphTargets": [],
 "morphColors": [],
 "normals": [],
 "colors": [],
 "uvs": [[]],
  "faces": [
  2, 0, 1, 2, 0,
  2, 1, 3, 2, 0,
  2, 4, 5, 6, 0,
  2, 5, 7, 6, 0,
  2, 1, 8, 3, 0,
  2, 8, 9, 3, 0,
  2, 8, 10, 9, 0,
  2, 10, 11, 9, 0,
  2, 10, 4, 11, 0,
  2, 4, 6, 11, 0,
  2, 12, 13, 14, 0,
  2, 13, 15, 14, 0,
  2, 13, 16, 15, 0,
  2, 16, 17, 15, 0,
  2, 16, 18, 17, 0,
  2, 16, 19, 18, 0,
  2, 19, 20, 18, 0,
  2, 19, 21, 20, 0,
  2, 19, 22, 21, 0,
  2, 22, 23, 21, 0,
  2, 5, 24, 7, 0,
  2, 24, 25, 7, 0,
  2, 24, 26, 25, 0,
  2, 26, 27, 25, 0,
  2, 26, 12, 27, 0,
  2, 12, 14, 27, 0,
  2, 0, 2, 28, 0,
  2, 29, 0, 30, 0,
  2, 23, 31, 21, 0,
  2, 23, 29, 31, 0,
  2, 29, 30, 31, 0,
  2, 0, 28, 32, 0,
  2, 0, 32, 30, 0
]
 }
