 {
  "metadata" :
  {
   "formatVersion" : 3,
   "sourceFile" : "mch002r_022d",
   "generatedBy" : "Tr3 20161112",
   "vertices" : 47,
   "faces" : 47,
   "normals" : 0,
   "colors" : 0,
   "uvs" : 0,
   "materials" : 1
  },
  "scale" : 1.0,
  "materials": [{
    "DbgColor": 0,
    "DbgIndex": 0,
    "DbgName" : "labcoc_base_35: Cochlea",
    "colorAmbient": [0.0, 0.0, 0.0],
    "colorDiffuse": [ 0.565, 0.933, 0.565],
    "colorSpecular": [0.16, 0.16, 0.16]
    }],
  "vertices": [
  0.06598, 0.07549, 0.018,
  0.06645, 0.07536, 0.018,
  0.0661, 0.07567, 0.0175,
  0.06673, 0.07558, 0.0175,
  0.06713, 0.0753, 0.018,
  0.06741, 0.07542, 0.0175,
  0.06791, 0.07524, 0.018,
  0.06822, 0.07524, 0.0175,
  0.06872, 0.07511, 0.018,
  0.06897, 0.07521, 0.0175,
  0.06913, 0.07486, 0.018,
  0.0696, 0.07492, 0.0175,
  0.06947, 0.07455, 0.018,
  0.07006, 0.07449, 0.0175,
  0.06991, 0.07411, 0.018,
  0.07037, 0.07408, 0.0175,
  0.07019, 0.07386, 0.018,
  0.07065, 0.07377, 0.0175,
  0.07041, 0.07355, 0.018,
  0.071, 0.07355, 0.0175,
  0.07122, 0.07321, 0.0175,
  0.07112, 0.07284, 0.0175,
  0.07075, 0.07277, 0.0175,
  0.07031, 0.07305, 0.0175,
  0.07019, 0.07346, 0.018,
  0.06978, 0.07343, 0.018,
  0.0696, 0.07315, 0.0175,
  0.069, 0.07355, 0.018,
  0.06897, 0.0734, 0.0175,
  0.06822, 0.07346, 0.0175,
  0.06813, 0.07365, 0.018,
  0.06738, 0.07352, 0.0175,
  0.06741, 0.07371, 0.018,
  0.06679, 0.0738, 0.018,
  0.0667, 0.07368, 0.0175,
  0.06629, 0.07386, 0.018,
  0.06601, 0.07383, 0.0175,
  0.06586, 0.07411, 0.018,
  0.06551, 0.07405, 0.0175,
  0.06557, 0.07446, 0.018,
  0.06517, 0.07433, 0.0175,
  0.06551, 0.07474, 0.018,
  0.06492, 0.07474, 0.0175,
  0.06557, 0.07511, 0.018,
  0.06486, 0.07511, 0.0175,
  0.06501, 0.07536, 0.0175,
  0.06554, 0.07561, 0.0175
 ],
 "morphTargets": [],
 "morphColors": [],
 "normals": [],
 "colors": [],
 "uvs": [[]],
  "faces": [
  2, 0, 1, 2, 0,
  2, 1, 3, 2, 0,
  2, 1, 4, 3, 0,
  2, 4, 5, 3, 0,
  2, 4, 6, 5, 0,
  2, 6, 7, 5, 0,
  2, 6, 8, 7, 0,
  2, 8, 9, 7, 0,
  2, 8, 10, 9, 0,
  2, 10, 11, 9, 0,
  2, 10, 12, 11, 0,
  2, 12, 13, 11, 0,
  2, 12, 14, 13, 0,
  2, 14, 15, 13, 0,
  2, 14, 16, 15, 0,
  2, 16, 17, 15, 0,
  2, 16, 18, 17, 0,
  2, 18, 19, 17, 0,
  2, 18, 20, 19, 0,
  2, 18, 21, 20, 0,
  2, 18, 22, 21, 0,
  2, 18, 23, 22, 0,
  2, 18, 24, 23, 0,
  2, 24, 25, 23, 0,
  2, 25, 26, 23, 0,
  2, 25, 27, 26, 0,
  2, 27, 28, 26, 0,
  2, 27, 29, 28, 0,
  2, 27, 30, 29, 0,
  2, 30, 31, 29, 0,
  2, 30, 32, 31, 0,
  2, 32, 33, 31, 0,
  2, 33, 34, 31, 0,
  2, 33, 35, 34, 0,
  2, 35, 36, 34, 0,
  2, 35, 37, 36, 0,
  2, 37, 38, 36, 0,
  2, 37, 39, 38, 0,
  2, 39, 40, 38, 0,
  2, 39, 41, 40, 0,
  2, 41, 42, 40, 0,
  2, 41, 43, 42, 0,
  2, 43, 44, 42, 0,
  2, 43, 45, 44, 0,
  2, 43, 46, 45, 0,
  2, 43, 0, 46, 0,
  2, 0, 2, 46, 0
]
 }
