 {
  "metadata" :
  {
   "formatVersion" : 3,
   "sourceFile" : "mch002r_022d",
   "generatedBy" : "Tr3 20161112",
   "vertices" : 36,
   "faces" : 36,
   "normals" : 0,
   "colors" : 0,
   "uvs" : 0,
   "materials" : 1
  },
  "scale" : 1.0,
  "materials": [{
    "DbgColor": 0,
    "DbgIndex": 0,
    "DbgName" : "labscc_11: Semicircular canals",
    "colorAmbient": [0.0, 0.0, 0.0],
    "colorDiffuse": [ 1.000, 0.667, 1.000],
    "colorSpecular": [0.16, 0.16, 0.16]
    }],
  "vertices": [
  0.06173, 0.07762, 0.006,
  0.06158, 0.07732, 0.006,
  0.06162, 0.07761, 0.0055,
  0.06143, 0.07728, 0.0055,
  0.06147, 0.07688, 0.006,
  0.0611, 0.07718, 0.0055,
  0.06132, 0.07643, 0.006,
  0.06098, 0.07628, 0.006,
  0.06068, 0.07658, 0.006,
  0.06064, 0.07691, 0.006,
  0.06079, 0.07747, 0.006,
  0.06101, 0.07746, 0.0055,
  0.06117, 0.07789, 0.006,
  0.0612, 0.07803, 0.0055,
  0.06132, 0.07826, 0.006,
  0.06148, 0.07854, 0.0055,
  0.06173, 0.07863, 0.006,
  0.06185, 0.07887, 0.0055,
  0.06218, 0.07908, 0.006,
  0.06246, 0.07924, 0.0055,
  0.06244, 0.07938, 0.006,
  0.06293, 0.07957, 0.0055,
  0.063, 0.07994, 0.006,
  0.06321, 0.07957, 0.0055,
  0.06337, 0.08017, 0.006,
  0.0636, 0.08009, 0.006,
  0.0636, 0.07968, 0.006,
  0.06337, 0.07919, 0.006,
  0.06321, 0.07905, 0.0055,
  0.063, 0.07886, 0.006,
  0.06302, 0.07873, 0.0055,
  0.06274, 0.07871, 0.006,
  0.06264, 0.0784, 0.0055,
  0.06229, 0.07833, 0.006,
  0.06204, 0.07789, 0.0055,
  0.06199, 0.07796, 0.006
 ],
 "morphTargets": [],
 "morphColors": [],
 "normals": [],
 "colors": [],
 "uvs": [[]],
  "faces": [
  2, 0, 1, 2, 0,
  2, 1, 3, 2, 0,
  2, 1, 4, 3, 0,
  2, 4, 5, 3, 0,
  2, 4, 6, 5, 0,
  2, 6, 7, 5, 0,
  2, 7, 8, 5, 0,
  2, 8, 9, 5, 0,
  2, 9, 10, 5, 0,
  2, 10, 11, 5, 0,
  2, 10, 12, 11, 0,
  2, 12, 13, 11, 0,
  2, 12, 14, 13, 0,
  2, 14, 15, 13, 0,
  2, 14, 16, 15, 0,
  2, 16, 17, 15, 0,
  2, 16, 18, 17, 0,
  2, 18, 19, 17, 0,
  2, 18, 20, 19, 0,
  2, 20, 21, 19, 0,
  2, 20, 22, 21, 0,
  2, 22, 23, 21, 0,
  2, 22, 24, 23, 0,
  2, 24, 25, 23, 0,
  2, 25, 26, 23, 0,
  2, 26, 27, 23, 0,
  2, 27, 28, 23, 0,
  2, 27, 29, 28, 0,
  2, 29, 30, 28, 0,
  2, 29, 31, 30, 0,
  2, 31, 32, 30, 0,
  2, 31, 33, 32, 0,
  2, 33, 34, 32, 0,
  2, 33, 35, 34, 0,
  2, 35, 0, 34, 0,
  2, 0, 2, 34, 0
]
 }
