 {
  "metadata" :
  {
   "formatVersion" : 3,
   "sourceFile" : "mch002r_022d",
   "generatedBy" : "Tr3 20161112",
   "vertices" : 88,
   "faces" : 140,
   "normals" : 0,
   "colors" : 0,
   "uvs" : 0,
   "materials" : 1
  },
  "scale" : 1.0,
  "materials": [{
    "DbgColor": 0,
    "DbgIndex": 0,
    "DbgName" : "skin_ext_ant_27: Skin",
    "colorAmbient": [0.0, 0.0, 0.0],
    "colorDiffuse": [ 1.000, 0.753, 0.796],
    "colorSpecular": [0.16, 0.16, 0.16]
    }],
  "vertices": [
  0.04596, 0.034, 0.014,
  0.045114, 0.0355119, 0.014,
  0.04593, 0.034, 0.0135,
  0.0450743, 0.0355086, 0.0135,
  0.0442787, 0.0370293, 0.014,
  0.0442414, 0.0370299, 0.0135,
  0.0434986, 0.0385763, 0.014,
  0.0434317, 0.0385631, 0.0135,
  0.042741, 0.0401344, 0.014,
  0.0426615, 0.0401165, 0.0135,
  0.0420343, 0.0417164, 0.014,
  0.0419935, 0.0417171, 0.0135,
  0.0414065, 0.0433309, 0.014,
  0.0413567, 0.04333, 0.0135,
  0.0408313, 0.0449651, 0.014,
  0.0407829, 0.0449664, 0.0135,
  0.0402839, 0.0466089, 0.014,
  0.040253, 0.0466178, 0.0135,
  0.0398305, 0.0482731, 0.014,
  0.0398046, 0.0482926, 0.0135,
  0.03969, 0.05, 0.014,
  0.0395, 0.05, 0.0135,
  0.046, 0.034, 0.0145,
  0.045175, 0.0355114, 0.0145,
  0.0443656, 0.0370312, 0.0145,
  0.0436086, 0.0385775, 0.0145,
  0.042894, 0.0401441, 0.0145,
  0.0422163, 0.041727, 0.0145,
  0.0415578, 0.0433161, 0.0145,
  0.0410418, 0.0449589, 0.0145,
  0.040532, 0.0466036, 0.0145,
  0.0402118, 0.0482955, 0.0145,
  0.03997, 0.05, 0.0145,
  0.04604, 0.034, 0.015,
  0.0452686, 0.0355339, 0.015,
  0.0445064, 0.0370724, 0.015,
  0.0437778, 0.0386269, 0.015,
  0.0430689, 0.0401907, 0.015,
  0.0424102, 0.0417763, 0.015,
  0.0417708, 0.0433694, 0.015,
  0.041173, 0.0449789, 0.015,
  0.0407275, 0.0466316, 0.015,
  0.0403937, 0.0483158, 0.015,
  0.04006, 0.05, 0.015,
  0.04609, 0.034, 0.0155,
  0.0453411, 0.0355413, 0.0155,
  0.0446043, 0.0370884, 0.0155,
  0.0438746, 0.0386389, 0.0155,
  0.0431829, 0.0402067, 0.0155,
  0.0425071, 0.0417813, 0.0155,
  0.0418642, 0.0433697, 0.0155,
  0.0412854, 0.0449821, 0.0155,
  0.0408124, 0.0466286, 0.0155,
  0.0404852, 0.0483104, 0.0155,
  0.0402, 0.05, 0.0155,
  0.04613, 0.034, 0.016,
  0.0453932, 0.0355494, 0.016,
  0.0446566, 0.0370989, 0.016,
  0.0439351, 0.0386555, 0.016,
  0.0432277, 0.0402184, 0.016,
  0.0425609, 0.0417992, 0.016,
  0.0419174, 0.0433895, 0.016,
  0.0412956, 0.0449885, 0.016,
  0.0408433, 0.0466373, 0.016,
  0.0405016, 0.0483187, 0.016,
  0.04016, 0.05, 0.016,
  0.04618, 0.034, 0.0165,
  0.0454586, 0.0355532, 0.0165,
  0.044738, 0.0371069, 0.0165,
  0.0440227, 0.0386629, 0.0165,
  0.0433379, 0.0402326, 0.0165,
  0.0426911, 0.0418178, 0.0165,
  0.0420835, 0.0434191, 0.0165,
  0.0415991, 0.0450613, 0.0165,
  0.0410939, 0.0466974, 0.0165,
  0.0405764, 0.0483293, 0.0165,
  0.0402, 0.05, 0.0165,
  0.04624, 0.034, 0.017,
  0.0455397, 0.0355584, 0.017,
  0.0448394, 0.0371168, 0.017,
  0.0441495, 0.0386799, 0.017,
  0.0434679, 0.0402464, 0.017,
  0.0428127, 0.0418244, 0.017,
  0.0422677, 0.0434427, 0.017,
  0.0417512, 0.0450713, 0.017,
  0.0412378, 0.0467008, 0.017,
  0.0407822, 0.048347, 0.017,
  0.04035, 0.05, 0.017
 ],
 "morphTargets": [],
 "morphColors": [],
 "normals": [],
 "colors": [],
 "uvs": [[]],
  "faces": [
  2, 0, 1, 2, 0,
  2, 1, 3, 2, 0,
  2, 1, 4, 3, 0,
  2, 4, 5, 3, 0,
  2, 4, 6, 5, 0,
  2, 6, 7, 5, 0,
  2, 6, 8, 7, 0,
  2, 8, 9, 7, 0,
  2, 8, 10, 9, 0,
  2, 10, 11, 9, 0,
  2, 10, 12, 11, 0,
  2, 12, 13, 11, 0,
  2, 12, 14, 13, 0,
  2, 14, 15, 13, 0,
  2, 14, 16, 15, 0,
  2, 16, 17, 15, 0,
  2, 16, 18, 17, 0,
  2, 18, 19, 17, 0,
  2, 18, 20, 19, 0,
  2, 20, 21, 19, 0,
  2, 22, 23, 0, 0,
  2, 23, 1, 0, 0,
  2, 23, 24, 1, 0,
  2, 24, 4, 1, 0,
  2, 24, 25, 4, 0,
  2, 25, 6, 4, 0,
  2, 25, 26, 6, 0,
  2, 26, 8, 6, 0,
  2, 26, 27, 8, 0,
  2, 27, 10, 8, 0,
  2, 27, 28, 10, 0,
  2, 28, 12, 10, 0,
  2, 28, 29, 12, 0,
  2, 29, 14, 12, 0,
  2, 29, 30, 14, 0,
  2, 30, 16, 14, 0,
  2, 30, 31, 16, 0,
  2, 31, 18, 16, 0,
  2, 31, 32, 18, 0,
  2, 32, 20, 18, 0,
  2, 33, 34, 22, 0,
  2, 34, 23, 22, 0,
  2, 34, 35, 23, 0,
  2, 35, 24, 23, 0,
  2, 35, 36, 24, 0,
  2, 36, 25, 24, 0,
  2, 36, 37, 25, 0,
  2, 37, 26, 25, 0,
  2, 37, 38, 26, 0,
  2, 38, 27, 26, 0,
  2, 38, 39, 27, 0,
  2, 39, 28, 27, 0,
  2, 39, 40, 28, 0,
  2, 40, 29, 28, 0,
  2, 40, 41, 29, 0,
  2, 41, 30, 29, 0,
  2, 41, 42, 30, 0,
  2, 42, 31, 30, 0,
  2, 42, 43, 31, 0,
  2, 43, 32, 31, 0,
  2, 44, 45, 33, 0,
  2, 45, 34, 33, 0,
  2, 45, 46, 34, 0,
  2, 46, 35, 34, 0,
  2, 46, 47, 35, 0,
  2, 47, 36, 35, 0,
  2, 47, 48, 36, 0,
  2, 48, 37, 36, 0,
  2, 48, 49, 37, 0,
  2, 49, 38, 37, 0,
  2, 49, 50, 38, 0,
  2, 50, 39, 38, 0,
  2, 50, 51, 39, 0,
  2, 51, 40, 39, 0,
  2, 51, 52, 40, 0,
  2, 52, 41, 40, 0,
  2, 52, 53, 41, 0,
  2, 53, 42, 41, 0,
  2, 53, 54, 42, 0,
  2, 54, 43, 42, 0,
  2, 55, 56, 44, 0,
  2, 56, 45, 44, 0,
  2, 56, 57, 45, 0,
  2, 57, 46, 45, 0,
  2, 57, 58, 46, 0,
  2, 58, 47, 46, 0,
  2, 58, 59, 47, 0,
  2, 59, 48, 47, 0,
  2, 59, 60, 48, 0,
  2, 60, 49, 48, 0,
  2, 60, 50, 49, 0,
  2, 60, 61, 50, 0,
  2, 61, 51, 50, 0,
  2, 61, 62, 51, 0,
  2, 62, 52, 51, 0,
  2, 62, 63, 52, 0,
  2, 63, 53, 52, 0,
  2, 63, 64, 53, 0,
  2, 64, 54, 53, 0,
  2, 64, 65, 54, 0,
  2, 66, 67, 55, 0,
  2, 67, 56, 55, 0,
  2, 67, 68, 56, 0,
  2, 68, 57, 56, 0,
  2, 68, 69, 57, 0,
  2, 69, 58, 57, 0,
  2, 69, 70, 58, 0,
  2, 70, 59, 58, 0,
  2, 70, 71, 59, 0,
  2, 71, 60, 59, 0,
  2, 71, 72, 60, 0,
  2, 72, 61, 60, 0,
  2, 72, 73, 61, 0,
  2, 73, 62, 61, 0,
  2, 73, 74, 62, 0,
  2, 74, 63, 62, 0,
  2, 74, 75, 63, 0,
  2, 75, 64, 63, 0,
  2, 75, 76, 64, 0,
  2, 76, 65, 64, 0,
  2, 77, 78, 66, 0,
  2, 78, 67, 66, 0,
  2, 78, 79, 67, 0,
  2, 79, 68, 67, 0,
  2, 79, 80, 68, 0,
  2, 80, 69, 68, 0,
  2, 80, 81, 69, 0,
  2, 81, 70, 69, 0,
  2, 81, 82, 70, 0,
  2, 82, 71, 70, 0,
  2, 82, 83, 71, 0,
  2, 83, 72, 71, 0,
  2, 83, 84, 72, 0,
  2, 84, 73, 72, 0,
  2, 84, 85, 73, 0,
  2, 85, 74, 73, 0,
  2, 85, 86, 74, 0,
  2, 86, 75, 74, 0,
  2, 86, 87, 75, 0,
  2, 87, 76, 75, 0
]
 }
