 {
  "metadata" :
  {
   "formatVersion" : 3,
   "sourceFile" : "mch002r_022d",
   "generatedBy" : "Tr3 20161112",
   "vertices" : 64,
   "faces" : 63,
   "normals" : 0,
   "colors" : 0,
   "uvs" : 0,
   "materials" : 1
  },
  "scale" : 1.0,
  "materials": [{
    "DbgColor": 0,
    "DbgIndex": 0,
    "DbgName" : "Join labcoc_base_31: Cochlea",
    "colorAmbient": [0.0, 0.0, 0.0],
    "colorDiffuse": [ 0.565, 0.933, 0.565],
    "colorSpecular": [0.16, 0.16, 0.16]
    }],
  "vertices": [
  0.06763, 0.07474, 0.0155,
  0.0681, 0.07483, 0.015,
  0.06769, 0.07496, 0.015,
  0.06813, 0.07449, 0.0155,
  0.06866, 0.0743, 0.0155,
  0.0686, 0.07439, 0.015,
  0.069, 0.07424, 0.015,
  0.06925, 0.07405, 0.0155,
  0.06941, 0.07402, 0.015,
  0.06969, 0.0738, 0.0155,
  0.06825, 0.07464, 0.015,
  0.06657, 0.07505, 0.0155,
  0.06716, 0.07492, 0.0155,
  0.06707, 0.07521, 0.015,
  0.06732, 0.07496, 0.015,
  0.07059, 0.07299, 0.0155,
  0.07072, 0.07256, 0.0155,
  0.07081, 0.07277, 0.015,
  0.07087, 0.07224, 0.015,
  0.07084, 0.07199, 0.0155,
  0.07097, 0.07181, 0.015,
  0.07112, 0.07171, 0.0155,
  0.07125, 0.07159, 0.015,
  0.07181, 0.07143, 0.0155,
  0.07168, 0.07147, 0.015,
  0.07215, 0.0715, 0.015,
  0.07246, 0.07153, 0.0155,
  0.07256, 0.07175, 0.015,
  0.07274, 0.07178, 0.0155,
  0.07265, 0.07218, 0.015,
  0.07281, 0.07224, 0.0155,
  0.07256, 0.07265, 0.015,
  0.07265, 0.07287, 0.0155,
  0.07218, 0.07321, 0.015,
  0.07231, 0.07334, 0.0155,
  0.07181, 0.07343, 0.015,
  0.07196, 0.07371, 0.0155,
  0.07134, 0.07374, 0.015,
  0.07137, 0.07396, 0.0155,
  0.07097, 0.07399, 0.015,
  0.07097, 0.07411, 0.0155,
  0.07078, 0.0743, 0.0155,
  0.07056, 0.07411, 0.015,
  0.07016, 0.07455, 0.0155,
  0.07009, 0.0743, 0.015,
  0.06969, 0.07471, 0.015,
  0.06931, 0.0748, 0.0155,
  0.0691, 0.07496, 0.015,
  0.06866, 0.07505, 0.0155,
  0.06866, 0.0753, 0.015,
  0.06788, 0.07533, 0.0155,
  0.06835, 0.0757, 0.015,
  0.06788, 0.07598, 0.015,
  0.06738, 0.07598, 0.015,
  0.06701, 0.07567, 0.0155,
  0.06713, 0.07586, 0.015,
  0.06701, 0.07555, 0.015,
  0.06629, 0.07592, 0.0155,
  0.06582, 0.0762, 0.0155,
  0.07022, 0.07349, 0.0155,
  0.06997, 0.07362, 0.015,
  0.07044, 0.07343, 0.015,
  0.07053, 0.07324, 0.0155,
  0.07069, 0.07321, 0.015
 ],
 "morphTargets": [],
 "morphColors": [],
 "normals": [],
 "colors": [],
 "uvs": [[]],
  "faces": [
  2, 0, 1, 2, 0,
  2, 3, 4, 5, 0,
  2, 4, 6, 5, 0,
  2, 4, 7, 6, 0,
  2, 7, 8, 6, 0,
  2, 7, 9, 8, 0,
  2, 0, 3, 1, 0,
  2, 3, 10, 1, 0,
  2, 3, 5, 10, 0,
  2, 11, 12, 13, 0,
  2, 12, 14, 13, 0,
  2, 12, 0, 14, 0,
  2, 0, 2, 14, 0,
  2, 15, 16, 17, 0,
  2, 16, 18, 17, 0,
  2, 16, 19, 18, 0,
  2, 19, 20, 18, 0,
  2, 19, 21, 20, 0,
  2, 21, 22, 20, 0,
  2, 21, 23, 22, 0,
  2, 23, 24, 22, 0,
  2, 23, 25, 24, 0,
  2, 23, 26, 25, 0,
  2, 26, 27, 25, 0,
  2, 26, 28, 27, 0,
  2, 28, 29, 27, 0,
  2, 28, 30, 29, 0,
  2, 30, 31, 29, 0,
  2, 30, 32, 31, 0,
  2, 32, 33, 31, 0,
  2, 32, 34, 33, 0,
  2, 34, 35, 33, 0,
  2, 34, 36, 35, 0,
  2, 36, 37, 35, 0,
  2, 36, 38, 37, 0,
  2, 38, 39, 37, 0,
  2, 38, 40, 39, 0,
  2, 40, 41, 39, 0,
  2, 41, 42, 39, 0,
  2, 41, 43, 42, 0,
  2, 43, 44, 42, 0,
  2, 43, 45, 44, 0,
  2, 43, 46, 45, 0,
  2, 46, 47, 45, 0,
  2, 46, 48, 47, 0,
  2, 48, 49, 47, 0,
  2, 48, 50, 49, 0,
  2, 50, 51, 49, 0,
  2, 50, 52, 51, 0,
  2, 50, 53, 52, 0,
  2, 50, 54, 53, 0,
  2, 54, 55, 53, 0,
  2, 54, 56, 55, 0,
  2, 54, 13, 56, 0,
  2, 54, 57, 13, 0,
  2, 57, 58, 13, 0,
  2, 9, 59, 60, 0,
  2, 59, 61, 60, 0,
  2, 59, 62, 61, 0,
  2, 62, 63, 61, 0,
  2, 62, 15, 63, 0,
  2, 15, 17, 63, 0,
  2, 9, 60, 8, 0
]
 }
