 {
  "metadata" :
  {
   "formatVersion" : 3,
   "sourceFile" : "mch002r_022d",
   "generatedBy" : "Tr3 20161112",
   "vertices" : 12,
   "faces" : 10,
   "normals" : 0,
   "colors" : 0,
   "uvs" : 0,
   "materials" : 1
  },
  "scale" : 1.0,
  "materials": [{
    "DbgColor": 0,
    "DbgIndex": 0,
    "DbgName" : "os_cavantmed_31: Cavity wall",
    "colorAmbient": [0.0, 0.0, 0.0],
    "colorDiffuse": [ 1.000, 0.784, 0.588],
    "colorSpecular": [0.16, 0.16, 0.16]
    }],
  "vertices": [
  0.06134, 0.06886, 0.016,
  0.0619419, 0.0688133, 0.0155,
  0.06124, 0.06898, 0.0155,
  0.0620115, 0.0685641, 0.016,
  0.0626595, 0.068753, 0.0155,
  0.062787, 0.0685183, 0.016,
  0.0633788, 0.0687875, 0.0155,
  0.0635586, 0.0685892, 0.016,
  0.0640527, 0.0690439, 0.0155,
  0.0643166, 0.0684615, 0.016,
  0.06476, 0.06907, 0.0155,
  0.06503, 0.06816, 0.016
 ],
 "morphTargets": [],
 "morphColors": [],
 "normals": [],
 "colors": [],
 "uvs": [[]],
  "faces": [
  2, 0, 1, 2, 0,
  2, 0, 3, 1, 0,
  2, 3, 4, 1, 0,
  2, 3, 5, 4, 0,
  2, 5, 6, 4, 0,
  2, 5, 7, 6, 0,
  2, 7, 8, 6, 0,
  2, 7, 9, 8, 0,
  2, 9, 10, 8, 0,
  2, 9, 11, 10, 0
]
 }
