 {
  "metadata" :
  {
   "formatVersion" : 3,
   "sourceFile" : "mch002r_022d",
   "generatedBy" : "Tr3 20161112",
   "vertices" : 14,
   "faces" : 12,
   "normals" : 0,
   "colors" : 0,
   "uvs" : 0,
   "materials" : 1
  },
  "scale" : 1.0,
  "materials": [{
    "DbgColor": 0,
    "DbgIndex": 0,
    "DbgName" : "Cap cb-45T1: bone",
    "colorAmbient": [0.0, 0.0, 0.0],
    "colorDiffuse": [ 1.000, 1.000, 1.000],
    "colorSpecular": [0.16, 0.16, 0.16]
    }],
  "vertices": [
  0.0634786, 0.0857126, 0.023,
  0.0650323, 0.0816148, 0.023,
  0.0683915, 0.0897984, 0.023,
  0.0645033, 0.0901259, 0.023,
  0.0686716, 0.0900629, 0.023,
  0.0681247, 0.0902109, 0.023,
  0.0722926, 0.0902975, 0.023,
  0.07284, 0.09, 0.023,
  0.07646, 0.09034, 0.023,
  0.0774267, 0.0859941, 0.023,
  0.0639429, 0.0895969, 0.023,
  0.0691224, 0.0802162, 0.023,
  0.0735607, 0.0798624, 0.023,
  0.0773782, 0.0817218, 0.023
 ],
 "morphTargets": [],
 "morphColors": [],
 "normals": [],
 "colors": [],
 "uvs": [[]],
  "faces": [
  2, 0, 1, 2, 0,
  2, 3, 4, 5, 0,
  2, 5, 4, 6, 0,
  2, 4, 7, 6, 0,
  2, 6, 7, 8, 0,
  2, 8, 7, 9, 0,
  2, 10, 0, 2, 0,
  2, 11, 12, 9, 0,
  2, 1, 11, 2, 0,
  2, 2, 11, 7, 0,
  2, 7, 11, 9, 0,
  2, 12, 13, 9, 0
]
 }
