 {
  "metadata" :
  {
   "formatVersion" : 3,
   "sourceFile" : "mch002r_022d",
   "generatedBy" : "Tr3 20161112",
   "vertices" : 22,
   "faces" : 20,
   "normals" : 0,
   "colors" : 0,
   "uvs" : 0,
   "materials" : 1
  },
  "scale" : 1.0,
  "materials": [{
    "DbgColor": 0,
    "DbgIndex": 0,
    "DbgName" : "Join os_cavpost_32e: Cavity wall",
    "colorAmbient": [0.0, 0.0, 0.0],
    "colorDiffuse": [ 1.000, 0.784, 0.588],
    "colorSpecular": [0.16, 0.16, 0.16]
    }],
  "vertices": [
  0.0581811, 0.0724416, 0.016,
  0.0573646, 0.0720072, 0.0155,
  0.0570717, 0.0727705, 0.0155,
  0.0571092, 0.0744758, 0.016,
  0.0567422, 0.0735017, 0.0155,
  0.05657, 0.0743, 0.0155,
  0.0575415, 0.0737699, 0.016,
  0.0582159, 0.073306, 0.016,
  0.0592166, 0.0696251, 0.016,
  0.0591222, 0.0694972, 0.0155,
  0.0584383, 0.0698332, 0.0155,
  0.0592819, 0.0687976, 0.0155,
  0.059877, 0.0688333, 0.0155,
  0.0600698, 0.0696689, 0.016,
  0.06024, 0.0695471, 0.0155,
  0.06092, 0.0698, 0.016,
  0.06061, 0.07015, 0.0155,
  0.0584527, 0.0699724, 0.016,
  0.0579942, 0.0705138, 0.0155,
  0.0581055, 0.0707433, 0.016,
  0.0577403, 0.0712902, 0.0155,
  0.0579961, 0.0715951, 0.016
 ],
 "morphTargets": [],
 "morphColors": [],
 "normals": [],
 "colors": [],
 "uvs": [[]],
  "faces": [
  2, 0, 1, 2, 0,
  2, 3, 4, 5, 0,
  2, 3, 6, 4, 0,
  2, 6, 2, 4, 0,
  2, 6, 7, 2, 0,
  2, 7, 0, 2, 0,
  2, 8, 9, 10, 0,
  2, 8, 11, 9, 0,
  2, 8, 12, 11, 0,
  2, 8, 13, 12, 0,
  2, 13, 14, 12, 0,
  2, 13, 15, 14, 0,
  2, 15, 16, 14, 0,
  2, 17, 10, 18, 0,
  2, 17, 8, 10, 0,
  2, 19, 18, 20, 0,
  2, 0, 21, 1, 0,
  2, 21, 20, 1, 0,
  2, 21, 19, 20, 0,
  2, 19, 17, 18, 0
]
 }
