 {
  "metadata" :
  {
   "formatVersion" : 3,
   "sourceFile" : "mch002r_022d",
   "generatedBy" : "Tr3 20161112",
   "vertices" : 10,
   "faces" : 9,
   "normals" : 0,
   "colors" : 0,
   "uvs" : 0,
   "materials" : 1
  },
  "scale" : 1.0,
  "materials": [{
    "DbgColor": 0,
    "DbgIndex": 0,
    "DbgName" : "Cap os_occsq_01_tail: Occipital bone (squamous part)",
    "colorAmbient": [0.0, 0.0, 0.0],
    "colorDiffuse": [ 1.000, 0.784, 0.588],
    "colorSpecular": [0.16, 0.16, 0.16]
    }],
  "vertices": [
  0.0885909, 0.110101, 0.021,
  0.0895561, 0.11071, 0.021,
  0.0881772, 0.11167, 0.021,
  0.0865569, 0.111919, 0.021,
  0.0875928, 0.10944, 0.021,
  0.0890376, 0.108585, 0.021,
  0.0920754, 0.1073, 0.021,
  0.0920743, 0.108483, 0.021,
  0.0904934, 0.107747, 0.021,
  0.090859, 0.109643, 0.021
 ],
 "morphTargets": [],
 "morphColors": [],
 "normals": [],
 "colors": [],
 "uvs": [[]],
  "faces": [
  2, 0, 1, 2, 0,
  2, 3, 4, 2, 0,
  2, 2, 4, 0, 0,
  2, 4, 5, 0, 0,
  2, 6, 7, 8, 0,
  2, 7, 9, 8, 0,
  2, 8, 9, 5, 0,
  2, 9, 1, 5, 0,
  2, 5, 1, 0, 0
]
 }
