 {
  "metadata" :
  {
   "formatVersion" : 3,
   "sourceFile" : "mch002r_022d",
   "generatedBy" : "Tr3 20161112",
   "vertices" : 45,
   "faces" : 43,
   "normals" : 0,
   "colors" : 0,
   "uvs" : 0,
   "materials" : 1
  },
  "scale" : 1.0,
  "materials": [{
    "DbgColor": 0,
    "DbgIndex": 0,
    "DbgName" : "Join labvest_29: Vestibule",
    "colorAmbient": [0.0, 0.0, 0.0],
    "colorDiffuse": [ 0.678, 0.847, 0.902],
    "colorSpecular": [0.16, 0.16, 0.16]
    }],
  "vertices": [
  0.06596, 0.07509, 0.0145,
  0.0662, 0.07539, 0.0145,
  0.06604, 0.07513, 0.014,
  0.06543, 0.07499, 0.0145,
  0.06565, 0.07503, 0.014,
  0.06629, 0.076, 0.0145,
  0.06635, 0.07626, 0.014,
  0.06635, 0.07583, 0.014,
  0.06626, 0.07642, 0.0145,
  0.06626, 0.07669, 0.014,
  0.0661, 0.07688, 0.0145,
  0.06614, 0.07701, 0.014,
  0.06629, 0.07545, 0.014,
  0.06541, 0.07504, 0.014,
  0.06511, 0.07536, 0.014,
  0.06577, 0.07804, 0.0145,
  0.066, 0.07812, 0.014,
  0.06598, 0.07768, 0.014,
  0.06607, 0.0786, 0.0145,
  0.06601, 0.07849, 0.014,
  0.06598, 0.07898, 0.014,
  0.06604, 0.07918, 0.0145,
  0.06579, 0.0794, 0.014,
  0.06579, 0.0794, 0.0145,
  0.06545, 0.07943, 0.0145,
  0.06543, 0.0796, 0.014,
  0.06512, 0.0793, 0.0145,
  0.06497, 0.0796, 0.014,
  0.06478, 0.07907, 0.0145,
  0.0645, 0.07966, 0.014,
  0.06453, 0.07886, 0.0145,
  0.06399, 0.07988, 0.014,
  0.06352, 0.07926, 0.014,
  0.06423, 0.0786, 0.0145,
  0.06358, 0.07859, 0.014,
  0.06398, 0.0782, 0.0145,
  0.06358, 0.07798, 0.014,
  0.06384, 0.07773, 0.0145,
  0.06366, 0.07746, 0.014,
  0.06388, 0.07739, 0.0145,
  0.06378, 0.07693, 0.014,
  0.06413, 0.07682, 0.0145,
  0.06405, 0.07669, 0.014,
  0.06581, 0.07734, 0.0145,
  0.06604, 0.07734, 0.014
 ],
 "morphTargets": [],
 "morphColors": [],
 "normals": [],
 "colors": [],
 "uvs": [[]],
  "faces": [
  2, 0, 1, 2, 0,
  2, 3, 0, 4, 0,
  2, 0, 2, 4, 0,
  2, 5, 6, 7, 0,
  2, 5, 8, 6, 0,
  2, 8, 9, 6, 0,
  2, 8, 10, 9, 0,
  2, 10, 11, 9, 0,
  2, 1, 12, 2, 0,
  2, 1, 7, 12, 0,
  2, 1, 5, 7, 0,
  2, 3, 13, 14, 0,
  2, 3, 4, 13, 0,
  2, 15, 16, 17, 0,
  2, 15, 18, 16, 0,
  2, 18, 19, 16, 0,
  2, 18, 20, 19, 0,
  2, 18, 21, 20, 0,
  2, 21, 22, 20, 0,
  2, 21, 23, 22, 0,
  2, 23, 24, 22, 0,
  2, 24, 25, 22, 0,
  2, 24, 26, 25, 0,
  2, 26, 27, 25, 0,
  2, 26, 28, 27, 0,
  2, 28, 29, 27, 0,
  2, 28, 30, 29, 0,
  2, 30, 31, 29, 0,
  2, 30, 32, 31, 0,
  2, 30, 33, 32, 0,
  2, 33, 34, 32, 0,
  2, 33, 35, 34, 0,
  2, 35, 36, 34, 0,
  2, 35, 37, 36, 0,
  2, 37, 38, 36, 0,
  2, 37, 39, 38, 0,
  2, 39, 40, 38, 0,
  2, 39, 41, 40, 0,
  2, 41, 42, 40, 0,
  2, 43, 44, 11, 0,
  2, 43, 17, 44, 0,
  2, 43, 15, 17, 0,
  2, 10, 43, 11, 0
]
 }
