 {
  "metadata" :
  {
   "formatVersion" : 3,
   "sourceFile" : "mch002r_022d",
   "generatedBy" : "Tr3 20161112",
   "vertices" : 21,
   "faces" : 21,
   "normals" : 0,
   "colors" : 0,
   "uvs" : 0,
   "materials" : 1
  },
  "scale" : 1.0,
  "materials": [{
    "DbgColor": 0,
    "DbgIndex": 0,
    "DbgName" : "Join os_cavpost_32c: Cavity wall",
    "colorAmbient": [0.0, 0.0, 0.0],
    "colorDiffuse": [ 1.000, 0.784, 0.588],
    "colorSpecular": [0.16, 0.16, 0.16]
    }],
  "vertices": [
  0.05728, 0.07689, 0.016,
  0.0572749, 0.0775058, 0.0155,
  0.05756, 0.0767554, 0.0155,
  0.05679, 0.07764, 0.016,
  0.05644, 0.07754, 0.016,
  0.0564948, 0.0774711, 0.0155,
  0.0561, 0.07732, 0.016,
  0.0558276, 0.0770073, 0.0155,
  0.05588, 0.07714, 0.016,
  0.05576, 0.07686, 0.016,
  0.0571, 0.07736, 0.016,
  0.05598, 0.07614, 0.016,
  0.0559633, 0.0756942, 0.0155,
  0.0555466, 0.0763974, 0.0155,
  0.05635, 0.07589, 0.016,
  0.05606, 0.07488, 0.0155,
  0.05682, 0.07598, 0.016,
  0.0571939, 0.0753223, 0.016,
  0.05576, 0.07655, 0.016,
  0.05733, 0.07598, 0.0155,
  0.05722, 0.0763, 0.016
 ],
 "morphTargets": [],
 "morphColors": [],
 "normals": [],
 "colors": [],
 "uvs": [[]],
  "faces": [
  2, 0, 1, 2, 0,
  2, 3, 4, 5, 0,
  2, 4, 6, 5, 0,
  2, 6, 7, 5, 0,
  2, 6, 8, 7, 0,
  2, 8, 9, 7, 0,
  2, 0, 10, 1, 0,
  2, 10, 3, 1, 0,
  2, 3, 5, 1, 0,
  2, 11, 12, 13, 0,
  2, 11, 14, 12, 0,
  2, 14, 15, 12, 0,
  2, 14, 16, 15, 0,
  2, 16, 17, 15, 0,
  2, 9, 18, 7, 0,
  2, 18, 13, 7, 0,
  2, 18, 11, 13, 0,
  2, 17, 16, 19, 0,
  2, 16, 20, 19, 0,
  2, 20, 2, 19, 0,
  2, 20, 0, 2, 0
]
 }
