 {
  "metadata" :
  {
   "formatVersion" : 3,
   "sourceFile" : "mch002r_022d",
   "generatedBy" : "Tr3 20161112",
   "vertices" : 37,
   "faces" : 35,
   "normals" : 0,
   "colors" : 0,
   "uvs" : 0,
   "materials" : 1
  },
  "scale" : 1.0,
  "materials": [{
    "DbgColor": 0,
    "DbgIndex": 0,
    "DbgName" : "os_temp_antmed_32: Temporal bone",
    "colorAmbient": [0.0, 0.0, 0.0],
    "colorDiffuse": [ 1.000, 0.784, 0.588],
    "colorSpecular": [0.16, 0.16, 0.16]
    }],
  "vertices": [
  0.06509, 0.06809, 0.0165,
  0.0663321, 0.067139, 0.016,
  0.06503, 0.06816, 0.016,
  0.0664174, 0.0670444, 0.0165,
  0.0670678, 0.0656956, 0.016,
  0.06708, 0.0655366, 0.0165,
  0.065924, 0.0646388, 0.016,
  0.066094, 0.0643046, 0.0165,
  0.064477, 0.0639815, 0.0165,
  0.064358, 0.06414, 0.016,
  0.0638047, 0.0630991, 0.0165,
  0.0630935, 0.0643901, 0.016,
  0.0638036, 0.0629358, 0.016,
  0.0639684, 0.0614088, 0.0165,
  0.06377, 0.0612553, 0.016,
  0.0637764, 0.0597288, 0.0165,
  0.0634633, 0.0596681, 0.016,
  0.0625553, 0.0585827, 0.0165,
  0.0626, 0.0582603, 0.016,
  0.0609085, 0.0583848, 0.0165,
  0.0625277, 0.0565852, 0.016,
  0.0611514, 0.0565158, 0.016,
  0.0600216, 0.0577564, 0.016,
  0.0592362, 0.0583289, 0.0165,
  0.0584998, 0.0579533, 0.016,
  0.0579695, 0.0572278, 0.0165,
  0.0571164, 0.0570225, 0.016,
  0.0566973, 0.0560987, 0.0165,
  0.0557851, 0.0560001, 0.016,
  0.0556164, 0.0548053, 0.0165,
  0.0546784, 0.0548326, 0.016,
  0.0548012, 0.0533149, 0.0165,
  0.0540285, 0.0532846, 0.016,
  0.0544092, 0.0516692, 0.0165,
  0.0535908, 0.0516749, 0.016,
  0.05417, 0.05, 0.0165,
  0.05369, 0.05, 0.016
 ],
 "morphTargets": [],
 "morphColors": [],
 "normals": [],
 "colors": [],
 "uvs": [[]],
  "faces": [
  2, 0, 1, 2, 0,
  2, 0, 3, 1, 0,
  2, 3, 4, 1, 0,
  2, 3, 5, 4, 0,
  2, 5, 6, 4, 0,
  2, 5, 7, 6, 0,
  2, 7, 8, 6, 0,
  2, 8, 9, 6, 0,
  2, 8, 10, 9, 0,
  2, 10, 11, 9, 0,
  2, 10, 12, 11, 0,
  2, 10, 13, 12, 0,
  2, 13, 14, 12, 0,
  2, 13, 15, 14, 0,
  2, 15, 16, 14, 0,
  2, 15, 17, 16, 0,
  2, 17, 18, 16, 0,
  2, 17, 19, 18, 0,
  2, 19, 20, 18, 0,
  2, 19, 21, 20, 0,
  2, 19, 22, 21, 0,
  2, 19, 23, 22, 0,
  2, 23, 24, 22, 0,
  2, 23, 25, 24, 0,
  2, 25, 26, 24, 0,
  2, 25, 27, 26, 0,
  2, 27, 28, 26, 0,
  2, 27, 29, 28, 0,
  2, 29, 30, 28, 0,
  2, 29, 31, 30, 0,
  2, 31, 32, 30, 0,
  2, 31, 33, 32, 0,
  2, 33, 34, 32, 0,
  2, 33, 35, 34, 0,
  2, 35, 36, 34, 0
]
 }
