 {
  "metadata" :
  {
   "formatVersion" : 3,
   "sourceFile" : "mch002r_022d",
   "generatedBy" : "Tr3 20161112",
   "vertices" : 59,
   "faces" : 101,
   "normals" : 0,
   "colors" : 0,
   "uvs" : 0,
   "materials" : 1
  },
  "scale" : 1.0,
  "materials": [{
    "DbgColor": 0,
    "DbgIndex": 0,
    "DbgName" : "labscc_post_13: Semicircular canals",
    "colorAmbient": [0.0, 0.0, 0.0],
    "colorDiffuse": [ 1.000, 0.667, 1.000],
    "colorSpecular": [0.16, 0.16, 0.16]
    }],
  "vertices": [
  0.06319, 0.07998, 0.007,
  0.06293, 0.07886, 0.0065,
  0.06255, 0.0791, 0.0065,
  0.0633, 0.07912, 0.0065,
  0.06364, 0.07979, 0.007,
  0.0639, 0.07957, 0.0065,
  0.06401, 0.07987, 0.007,
  0.06408, 0.08002, 0.0065,
  0.0642, 0.08024, 0.007,
  0.06401, 0.08043, 0.0065,
  0.06431, 0.08065, 0.007,
  0.06401, 0.08091, 0.007,
  0.06367, 0.08077, 0.007,
  0.06367, 0.08043, 0.0065,
  0.06337, 0.08039, 0.007,
  0.06345, 0.08032, 0.0065,
  0.06308, 0.08002, 0.0065,
  0.06274, 0.07957, 0.0065,
  0.06352, 0.08024, 0.0075,
  0.0639, 0.08017, 0.0075,
  0.06416, 0.08024, 0.0075,
  0.06446, 0.0805, 0.0075,
  0.0645, 0.08091, 0.0075,
  0.0642, 0.08095, 0.0075,
  0.0639, 0.08095, 0.0075,
  0.06364, 0.08062, 0.0075,
  0.06386, 0.08062, 0.008,
  0.06423, 0.08047, 0.008,
  0.06461, 0.08062, 0.008,
  0.06476, 0.08106, 0.008,
  0.06453, 0.08125, 0.008,
  0.06416, 0.08118, 0.008,
  0.0639, 0.08095, 0.008,
  0.06401, 0.0808, 0.0085,
  0.06461, 0.08058, 0.0085,
  0.06483, 0.08088, 0.0085,
  0.06476, 0.08125, 0.0085,
  0.0645, 0.08125, 0.0085,
  0.06416, 0.0811, 0.0085,
  0.06405, 0.08097, 0.009,
  0.06433, 0.08069, 0.009,
  0.06461, 0.08078, 0.009,
  0.06489, 0.08097, 0.009,
  0.0648, 0.08144, 0.009,
  0.06461, 0.08144, 0.009,
  0.06423, 0.08134, 0.009,
  0.06414, 0.08078, 0.0095,
  0.06461, 0.0806, 0.0095,
  0.06503, 0.08106, 0.0095,
  0.06494, 0.08144, 0.0095,
  0.06456, 0.08144, 0.0095,
  0.06423, 0.0813, 0.0095,
  0.06405, 0.08078, 0.01,
  0.0647, 0.0806, 0.01,
  0.06503, 0.08092, 0.01,
  0.06508, 0.08134, 0.01,
  0.0648, 0.08163, 0.01,
  0.06442, 0.08163, 0.01,
  0.06419, 0.08125, 0.01
 ],
 "morphTargets": [],
 "morphColors": [],
 "normals": [],
 "colors": [],
 "uvs": [[]],
  "faces": [
  2, 0, 1, 2, 0,
  2, 0, 3, 1, 0,
  2, 0, 4, 3, 0,
  2, 4, 5, 3, 0,
  2, 4, 6, 5, 0,
  2, 6, 7, 5, 0,
  2, 6, 8, 7, 0,
  2, 8, 9, 7, 0,
  2, 8, 10, 9, 0,
  2, 10, 11, 9, 0,
  2, 11, 12, 9, 0,
  2, 12, 13, 9, 0,
  2, 12, 14, 13, 0,
  2, 14, 15, 13, 0,
  2, 14, 0, 15, 0,
  2, 0, 16, 15, 0,
  2, 0, 17, 16, 0,
  2, 0, 2, 17, 0,
  2, 18, 4, 0, 0,
  2, 18, 19, 4, 0,
  2, 19, 6, 4, 0,
  2, 19, 8, 6, 0,
  2, 19, 20, 8, 0,
  2, 20, 21, 8, 0,
  2, 21, 10, 8, 0,
  2, 21, 22, 10, 0,
  2, 22, 23, 10, 0,
  2, 23, 11, 10, 0,
  2, 23, 24, 11, 0,
  2, 24, 12, 11, 0,
  2, 24, 25, 12, 0,
  2, 25, 14, 12, 0,
  2, 25, 18, 14, 0,
  2, 18, 0, 14, 0,
  2, 26, 19, 18, 0,
  2, 26, 27, 19, 0,
  2, 27, 20, 19, 0,
  2, 27, 21, 20, 0,
  2, 27, 28, 21, 0,
  2, 28, 22, 21, 0,
  2, 28, 29, 22, 0,
  2, 29, 30, 22, 0,
  2, 30, 31, 22, 0,
  2, 31, 23, 22, 0,
  2, 31, 32, 23, 0,
  2, 32, 24, 23, 0,
  2, 32, 26, 24, 0,
  2, 26, 25, 24, 0,
  2, 26, 18, 25, 0,
  2, 33, 27, 26, 0,
  2, 33, 34, 27, 0,
  2, 34, 28, 27, 0,
  2, 34, 35, 28, 0,
  2, 35, 29, 28, 0,
  2, 35, 36, 29, 0,
  2, 36, 30, 29, 0,
  2, 36, 37, 30, 0,
  2, 37, 31, 30, 0,
  2, 37, 38, 31, 0,
  2, 38, 32, 31, 0,
  2, 38, 33, 32, 0,
  2, 33, 26, 32, 0,
  2, 39, 40, 33, 0,
  2, 40, 34, 33, 0,
  2, 40, 41, 34, 0,
  2, 41, 35, 34, 0,
  2, 41, 42, 35, 0,
  2, 42, 36, 35, 0,
  2, 42, 43, 36, 0,
  2, 43, 37, 36, 0,
  2, 43, 44, 37, 0,
  2, 44, 45, 37, 0,
  2, 45, 38, 37, 0,
  2, 45, 39, 38, 0,
  2, 39, 33, 38, 0,
  2, 46, 40, 39, 0,
  2, 46, 47, 40, 0,
  2, 47, 41, 40, 0,
  2, 47, 42, 41, 0,
  2, 47, 48, 42, 0,
  2, 48, 43, 42, 0,
  2, 48, 49, 43, 0,
  2, 49, 50, 43, 0,
  2, 50, 44, 43, 0,
  2, 50, 45, 44, 0,
  2, 50, 51, 45, 0,
  2, 51, 39, 45, 0,
  2, 51, 46, 39, 0,
  2, 52, 53, 46, 0,
  2, 53, 47, 46, 0,
  2, 53, 54, 47, 0,
  2, 54, 48, 47, 0,
  2, 54, 55, 48, 0,
  2, 55, 49, 48, 0,
  2, 55, 56, 49, 0,
  2, 56, 50, 49, 0,
  2, 56, 57, 50, 0,
  2, 57, 51, 50, 0,
  2, 57, 58, 51, 0,
  2, 58, 46, 51, 0,
  2, 58, 52, 46, 0
]
 }
