 {
  "metadata" :
  {
   "formatVersion" : 3,
   "sourceFile" : "mch002r_022d",
   "generatedBy" : "Tr3 20161112",
   "vertices" : 17,
   "faces" : 26,
   "normals" : 0,
   "colors" : 0,
   "uvs" : 0,
   "materials" : 1
  },
  "scale" : 1.0,
  "materials": [{
    "DbgColor": 0,
    "DbgIndex": 0,
    "DbgName" : "Join labscc_post_21: Semicircular canals",
    "colorAmbient": [0.0, 0.0, 0.0],
    "colorDiffuse": [ 1.000, 0.667, 1.000],
    "colorSpecular": [0.16, 0.16, 0.16]
    }],
  "vertices": [
  0.06414, 0.08027, 0.0105,
  0.0647, 0.08027, 0.0105,
  0.0647, 0.0806, 0.01,
  0.06381, 0.08172, 0.0105,
  0.06405, 0.08144, 0.0105,
  0.06442, 0.08163, 0.01,
  0.06419, 0.08125, 0.01,
  0.06386, 0.08078, 0.0105,
  0.06405, 0.08078, 0.01,
  0.06475, 0.08181, 0.0105,
  0.0648, 0.08163, 0.01,
  0.06442, 0.08223, 0.0105,
  0.06503, 0.0805, 0.0105,
  0.06508, 0.08097, 0.0105,
  0.06503, 0.08092, 0.01,
  0.06508, 0.08134, 0.01,
  0.06503, 0.08144, 0.0105
 ],
 "morphTargets": [],
 "morphColors": [],
 "normals": [],
 "colors": [],
 "uvs": [[]],
  "faces": [
  2, 0, 1, 2, 0,
  2, 3, 4, 5, 0,
  2, 4, 6, 5, 0,
  2, 4, 7, 6, 0,
  2, 7, 8, 6, 0,
  2, 7, 0, 8, 0,
  2, 0, 2, 8, 0,
  2, 9, 5, 10, 0,
  2, 9, 11, 5, 0,
  2, 11, 3, 5, 0,
  2, 3, 4, 5, 0,
  2, 4, 7, 5, 0,
  2, 7, 0, 5, 0,
  2, 0, 1, 5, 0,
  2, 1, 12, 5, 0,
  2, 12, 13, 5, 0,
  2, 1, 12, 2, 0,
  2, 12, 14, 2, 0,
  2, 12, 13, 14, 0,
  2, 13, 15, 14, 0,
  2, 13, 16, 15, 0,
  2, 16, 10, 15, 0,
  2, 16, 9, 10, 0,
  2, 16, 9, 5, 0,
  2, 13, 16, 5, 0,
  2, 9, 11, 5, 0
]
 }
