 {
  "metadata" :
  {
   "formatVersion" : 3,
   "sourceFile" : "mch002r_022d",
   "generatedBy" : "Tr3 20161112",
   "vertices" : 20,
   "faces" : 24,
   "normals" : 0,
   "colors" : 0,
   "uvs" : 0,
   "materials" : 1
  },
  "scale" : 1.0,
  "materials": [{
    "DbgColor": 0,
    "DbgIndex": 0,
    "DbgName" : "mal_27: Malleus",
    "colorAmbient": [0.0, 0.0, 0.0],
    "colorDiffuse": [ 1.000, 0.784, 0.588],
    "colorSpecular": [0.16, 0.16, 0.16]
    }],
  "vertices": [
  0.06009, 0.07177, 0.014,
  0.0603191, 0.0709108, 0.0135,
  0.05935, 0.07202, 0.0135,
  0.0603889, 0.0704203, 0.014,
  0.0595599, 0.0695092, 0.0135,
  0.0592621, 0.0694036, 0.014,
  0.0581059, 0.0696096, 0.0135,
  0.0580108, 0.0699046, 0.014,
  0.05802, 0.07112, 0.0135,
  0.05837, 0.07121, 0.014,
  0.06005, 0.07181, 0.0145,
  0.0604775, 0.0705933, 0.0145,
  0.0595424, 0.0696275, 0.0145,
  0.0582821, 0.0698639, 0.0145,
  0.05833, 0.07122, 0.0145,
  0.06024, 0.07198, 0.015,
  0.0606954, 0.0707937, 0.015,
  0.0596703, 0.069956, 0.015,
  0.0583817, 0.0703103, 0.015,
  0.05861, 0.07155, 0.015
 ],
 "morphTargets": [],
 "morphColors": [],
 "normals": [],
 "colors": [],
 "uvs": [[]],
  "faces": [
  2, 0, 1, 2, 0,
  2, 0, 3, 1, 0,
  2, 3, 4, 1, 0,
  2, 3, 5, 4, 0,
  2, 5, 6, 4, 0,
  2, 5, 7, 6, 0,
  2, 7, 8, 6, 0,
  2, 7, 9, 8, 0,
  2, 10, 11, 0, 0,
  2, 11, 3, 0, 0,
  2, 11, 12, 3, 0,
  2, 12, 5, 3, 0,
  2, 12, 13, 5, 0,
  2, 13, 7, 5, 0,
  2, 13, 14, 7, 0,
  2, 14, 9, 7, 0,
  2, 15, 11, 10, 0,
  2, 15, 16, 11, 0,
  2, 16, 17, 11, 0,
  2, 17, 12, 11, 0,
  2, 17, 13, 12, 0,
  2, 17, 18, 13, 0,
  2, 18, 14, 13, 0,
  2, 18, 19, 14, 0
]
 }
