 {
  "metadata" :
  {
   "formatVersion" : 3,
   "sourceFile" : "mch002r_022d",
   "generatedBy" : "Tr3 20161112",
   "vertices" : 55,
   "faces" : 74,
   "normals" : 0,
   "colors" : 0,
   "uvs" : 0,
   "materials" : 1
  },
  "scale" : 1.0,
  "materials": [{
    "DbgColor": 0,
    "DbgIndex": 0,
    "DbgName" : "os_cavlat_18: Cavity wall",
    "colorAmbient": [0.0, 0.0, 0.0],
    "colorDiffuse": [ 1.000, 0.784, 0.588],
    "colorSpecular": [0.16, 0.16, 0.16]
    }],
  "vertices": [
  0.04899, 0.08066, 0.0095,
  0.0488428, 0.0798726, 0.009,
  0.04952, 0.08025, 0.009,
  0.0481607, 0.0805003, 0.0095,
  0.0478556, 0.0798044, 0.0095,
  0.0484765, 0.0792115, 0.0095,
  0.0487701, 0.079107, 0.009,
  0.0483085, 0.0785739, 0.0095,
  0.0493008, 0.07866, 0.009,
  0.0484599, 0.0777942, 0.0095,
  0.0489819, 0.0771123, 0.0095,
  0.0501074, 0.0786174, 0.009,
  0.0507544, 0.0781756, 0.009,
  0.049578, 0.076521, 0.0095,
  0.0512532, 0.0776032, 0.009,
  0.0500762, 0.0758786, 0.0095,
  0.0509161, 0.0758401, 0.0095,
  0.0515857, 0.0761892, 0.0095,
  0.0518066, 0.0770307, 0.009,
  0.0520925, 0.07667, 0.0095,
  0.0523494, 0.077566, 0.009,
  0.0528962, 0.0767868, 0.0095,
  0.0529788, 0.0775705, 0.0095,
  0.052488, 0.0782491, 0.0095,
  0.0520147, 0.0782953, 0.009,
  0.0518096, 0.078763, 0.0095,
  0.0514475, 0.0788718, 0.009,
  0.0511673, 0.0793316, 0.0095,
  0.0508907, 0.0794565, 0.009,
  0.0504521, 0.0798047, 0.0095,
  0.0502765, 0.079983, 0.009,
  0.0497842, 0.0803421, 0.0095,
  0.04876, 0.08106, 0.01,
  0.0479548, 0.080893, 0.01,
  0.0477008, 0.080156, 0.01,
  0.0481224, 0.0794718, 0.01,
  0.0482946, 0.0788146, 0.01,
  0.0481747, 0.0780485, 0.01,
  0.0483343, 0.0772687, 0.01,
  0.0486783, 0.0765681, 0.01,
  0.04899, 0.0759472, 0.01,
  0.0492534, 0.0751822, 0.01,
  0.050048, 0.07499, 0.01,
  0.0509027, 0.075041, 0.01,
  0.0517505, 0.0751624, 0.01,
  0.0524843, 0.0755594, 0.01,
  0.0527398, 0.076373, 0.01,
  0.0534147, 0.0768224, 0.01,
  0.0535526, 0.0775419, 0.01,
  0.0529764, 0.0781602, 0.01,
  0.0522656, 0.0786376, 0.01,
  0.0515936, 0.0791624, 0.01,
  0.0508437, 0.0795631, 0.01,
  0.0501712, 0.0800938, 0.01,
  0.0494507, 0.0805554, 0.01
 ],
 "morphTargets": [],
 "morphColors": [],
 "normals": [],
 "colors": [],
 "uvs": [[]],
  "faces": [
  2, 0, 1, 2, 0,
  2, 0, 3, 1, 0,
  2, 3, 4, 1, 0,
  2, 4, 5, 1, 0,
  2, 5, 6, 1, 0,
  2, 5, 7, 6, 0,
  2, 7, 8, 6, 0,
  2, 7, 9, 8, 0,
  2, 9, 10, 8, 0,
  2, 10, 11, 8, 0,
  2, 10, 12, 11, 0,
  2, 10, 13, 12, 0,
  2, 13, 14, 12, 0,
  2, 13, 15, 14, 0,
  2, 15, 16, 14, 0,
  2, 16, 17, 14, 0,
  2, 17, 18, 14, 0,
  2, 17, 19, 18, 0,
  2, 19, 20, 18, 0,
  2, 19, 21, 20, 0,
  2, 21, 22, 20, 0,
  2, 22, 23, 20, 0,
  2, 23, 24, 20, 0,
  2, 23, 25, 24, 0,
  2, 25, 26, 24, 0,
  2, 25, 27, 26, 0,
  2, 27, 28, 26, 0,
  2, 27, 29, 28, 0,
  2, 29, 30, 28, 0,
  2, 29, 31, 30, 0,
  2, 31, 2, 30, 0,
  2, 31, 0, 2, 0,
  2, 32, 3, 0, 0,
  2, 32, 33, 3, 0,
  2, 33, 34, 3, 0,
  2, 34, 4, 3, 0,
  2, 34, 35, 4, 0,
  2, 35, 5, 4, 0,
  2, 35, 36, 5, 0,
  2, 36, 7, 5, 0,
  2, 36, 37, 7, 0,
  2, 37, 9, 7, 0,
  2, 37, 38, 9, 0,
  2, 38, 10, 9, 0,
  2, 38, 39, 10, 0,
  2, 39, 13, 10, 0,
  2, 39, 40, 13, 0,
  2, 40, 15, 13, 0,
  2, 40, 41, 15, 0,
  2, 41, 42, 15, 0,
  2, 42, 43, 15, 0,
  2, 43, 16, 15, 0,
  2, 43, 44, 16, 0,
  2, 44, 17, 16, 0,
  2, 44, 45, 17, 0,
  2, 45, 19, 17, 0,
  2, 45, 46, 19, 0,
  2, 46, 21, 19, 0,
  2, 46, 47, 21, 0,
  2, 47, 22, 21, 0,
  2, 47, 48, 22, 0,
  2, 48, 49, 22, 0,
  2, 49, 23, 22, 0,
  2, 49, 50, 23, 0,
  2, 50, 25, 23, 0,
  2, 50, 51, 25, 0,
  2, 51, 27, 25, 0,
  2, 51, 52, 27, 0,
  2, 52, 29, 27, 0,
  2, 52, 53, 29, 0,
  2, 53, 31, 29, 0,
  2, 53, 54, 31, 0,
  2, 54, 0, 31, 0,
  2, 54, 32, 0, 0
]
 }
