 {
  "metadata" :
  {
   "formatVersion" : 3,
   "sourceFile" : "mch002r_022d",
   "generatedBy" : "Tr3 20161112",
   "vertices" : 12,
   "faces" : 12,
   "normals" : 0,
   "colors" : 0,
   "uvs" : 0,
   "materials" : 1
  },
  "scale" : 1.0,
  "materials": [{
    "DbgColor": 0,
    "DbgIndex": 0,
    "DbgName" : "ec_postmed_35: Ear canal",
    "colorAmbient": [0.0, 0.0, 0.0],
    "colorDiffuse": [ 0.824, 0.706, 0.549],
    "colorSpecular": [0.16, 0.16, 0.16]
    }],
  "vertices": [
  0.05792, 0.07252, 0.018,
  0.0556884, 0.0726077, 0.0175,
  0.05778, 0.0715, 0.0175,
  0.0556173, 0.07327, 0.018,
  0.05322, 0.07279, 0.0175,
  0.05313, 0.07306, 0.018,
  0.058, 0.07358, 0.0185,
  0.0555294, 0.0734242, 0.0185,
  0.05306, 0.07327, 0.0185,
  0.05806, 0.07454, 0.019,
  0.0557263, 0.0734833, 0.019,
  0.053, 0.07339, 0.019
 ],
 "morphTargets": [],
 "morphColors": [],
 "normals": [],
 "colors": [],
 "uvs": [[]],
  "faces": [
  2, 0, 1, 2, 0,
  2, 0, 3, 1, 0,
  2, 3, 4, 1, 0,
  2, 3, 5, 4, 0,
  2, 6, 3, 0, 0,
  2, 6, 7, 3, 0,
  2, 7, 5, 3, 0,
  2, 7, 8, 5, 0,
  2, 9, 10, 6, 0,
  2, 10, 7, 6, 0,
  2, 10, 11, 7, 0,
  2, 11, 8, 7, 0
]
 }
