 {
  "metadata" :
  {
   "formatVersion" : 3,
   "sourceFile" : "mch002r_022d",
   "generatedBy" : "Tr3 20161112",
   "vertices" : 56,
   "faces" : 56,
   "normals" : 0,
   "colors" : 0,
   "uvs" : 0,
   "materials" : 1
  },
  "scale" : 1.0,
  "materials": [{
    "DbgColor": 0,
    "DbgIndex": 0,
    "DbgName" : "Join JB1-38-39-1:                 ",
    "colorAmbient": [0.0, 0.0, 0.0],
    "colorDiffuse": [ 1.000, 1.000, 1.000],
    "colorSpecular": [0.16, 0.16, 0.16]
    }],
  "vertices": [
  0.0557844, 0.0870432, 0.019,
  0.0564713, 0.0870135, 0.0195,
  0.05739, 0.08999, 0.019,
  0.05807, 0.09004, 0.0195,
  0.05395, 0.077513, 0.019,
  0.0551607, 0.077701, 0.0195,
  0.05395, 0.08036, 0.019,
  0.0554091, 0.0751686, 0.019,
  0.056251, 0.0752801, 0.0195,
  0.05819, 0.07476, 0.019,
  0.05858, 0.07544, 0.0195,
  0.0603487, 0.0769589, 0.019,
  0.0613238, 0.0772034, 0.0195,
  0.0634019, 0.0774336, 0.019,
  0.0646611, 0.0773587, 0.0195,
  0.066505, 0.0775674, 0.019,
  0.0661229, 0.0761757, 0.0195,
  0.0683266, 0.0762954, 0.019,
  0.0654573, 0.0760569, 0.019,
  0.0652317, 0.0736442, 0.0195,
  0.0640885, 0.0742134, 0.019,
  0.0664773, 0.0727426, 0.019,
  0.0669269, 0.0715608, 0.0195,
  0.0664904, 0.0704259, 0.019,
  0.06476, 0.06934, 0.0195,
  0.06421, 0.06907, 0.019,
  0.06436, 0.06886, 0.019,
  0.0640289, 0.0675338, 0.0195,
  0.0614101, 0.0686328, 0.019,
  0.0624462, 0.0674226, 0.019,
  0.0654169, 0.0665266, 0.019,
  0.0673413, 0.0672671, 0.0195,
  0.0682322, 0.0672522, 0.019,
  0.070564, 0.0677822, 0.0195,
  0.0709894, 0.068689, 0.019,
  0.0732327, 0.0696345, 0.0195,
  0.0737465, 0.0701258, 0.019,
  0.0733, 0.07284, 0.0195,
  0.07405, 0.07302, 0.019,
  0.0719772, 0.0754835, 0.019,
  0.0717021, 0.0756083, 0.0195,
  0.0697871, 0.0778677, 0.019,
  0.0693911, 0.0778755, 0.0195,
  0.0676569, 0.0802997, 0.019,
  0.067596, 0.0805388, 0.0195,
  0.0664148, 0.0832897, 0.019,
  0.0667465, 0.0836252, 0.0195,
  0.0654518, 0.0863793, 0.019,
  0.0664231, 0.0868491, 0.0195,
  0.06452, 0.08948, 0.019,
  0.06634, 0.09009, 0.0195,
  0.0622053, 0.0900508, 0.0195,
  0.0610409, 0.0901131, 0.019,
  0.0547743, 0.0837289, 0.019,
  0.055405, 0.0837219, 0.0195,
  0.05488, 0.08032, 0.0195
 ],
 "morphTargets": [],
 "morphColors": [],
 "normals": [],
 "colors": [],
 "uvs": [[]],
  "faces": [
  2, 0, 1, 2, 0,
  2, 1, 3, 2, 0,
  2, 4, 5, 6, 0,
  2, 7, 5, 4, 0,
  2, 8, 5, 7, 0,
  2, 9, 8, 7, 0,
  2, 10, 8, 9, 0,
  2, 11, 10, 9, 0,
  2, 12, 10, 11, 0,
  2, 13, 12, 11, 0,
  2, 14, 12, 13, 0,
  2, 15, 14, 13, 0,
  2, 16, 14, 15, 0,
  2, 17, 16, 15, 0,
  2, 18, 16, 17, 0,
  2, 19, 16, 18, 0,
  2, 20, 19, 18, 0,
  2, 21, 19, 20, 0,
  2, 22, 19, 21, 0,
  2, 23, 22, 21, 0,
  2, 24, 22, 23, 0,
  2, 25, 24, 23, 0,
  2, 26, 24, 25, 0,
  2, 27, 24, 26, 0,
  2, 28, 27, 26, 0,
  2, 29, 27, 28, 0,
  2, 30, 27, 29, 0,
  2, 31, 27, 30, 0,
  2, 32, 31, 30, 0,
  2, 33, 31, 32, 0,
  2, 34, 33, 32, 0,
  2, 35, 33, 34, 0,
  2, 36, 35, 34, 0,
  2, 37, 35, 36, 0,
  2, 38, 37, 36, 0,
  2, 39, 37, 38, 0,
  2, 40, 37, 39, 0,
  2, 41, 40, 39, 0,
  2, 42, 40, 41, 0,
  2, 43, 42, 41, 0,
  2, 44, 42, 43, 0,
  2, 45, 44, 43, 0,
  2, 46, 44, 45, 0,
  2, 47, 46, 45, 0,
  2, 48, 46, 47, 0,
  2, 49, 48, 47, 0,
  2, 50, 48, 49, 0,
  2, 51, 50, 49, 0,
  2, 52, 51, 49, 0,
  2, 3, 51, 52, 0,
  2, 2, 3, 52, 0,
  2, 53, 54, 0, 0,
  2, 55, 54, 53, 0,
  2, 6, 55, 53, 0,
  2, 54, 1, 0, 0,
  2, 5, 55, 6, 0
]
 }
