 {
  "metadata" :
  {
   "formatVersion" : 3,
   "sourceFile" : "mch002r_022d",
   "generatedBy" : "Tr3 20161112",
   "vertices" : 32,
   "faces" : 32,
   "normals" : 0,
   "colors" : 0,
   "uvs" : 0,
   "materials" : 1
  },
  "scale" : 1.0,
  "materials": [{
    "DbgColor": 0,
    "DbgIndex": 0,
    "DbgName" : "Join Jnewb39-40:                 ",
    "colorAmbient": [0.0, 0.0, 0.0],
    "colorDiffuse": [ 1.000, 1.000, 1.000],
    "colorSpecular": [0.16, 0.16, 0.16]
    }],
  "vertices": [
  0.05502, 0.08022, 0.02,
  0.0561038, 0.0766952, 0.02,
  0.0551607, 0.077701, 0.0195,
  0.05488, 0.08032, 0.0195,
  0.0625485, 0.0774875, 0.02,
  0.0646611, 0.0773587, 0.0195,
  0.0613238, 0.0772034, 0.0195,
  0.0655176, 0.0761218, 0.02,
  0.0661229, 0.0761757, 0.0195,
  0.0652317, 0.0736442, 0.0195,
  0.067094, 0.0726051, 0.02,
  0.0669269, 0.0715608, 0.0195,
  0.06514, 0.06974, 0.02,
  0.06476, 0.06934, 0.0195,
  0.0677849, 0.0683894, 0.02,
  0.0640289, 0.0675338, 0.0195,
  0.0673413, 0.0672671, 0.0195,
  0.056251, 0.0752801, 0.0195,
  0.05858, 0.07544, 0.0195,
  0.05923, 0.07605, 0.02,
  0.07246, 0.07265, 0.02,
  0.0696892, 0.0745775, 0.0195,
  0.0733, 0.07284, 0.0195,
  0.0684386, 0.0752963, 0.02,
  0.0661721, 0.0765297, 0.0195,
  0.0641994, 0.0775616, 0.02,
  0.0625628, 0.0783049, 0.0195,
  0.059743, 0.0792916, 0.02,
  0.0587432, 0.0795204, 0.0195,
  0.0720395, 0.0696052, 0.02,
  0.070564, 0.0677822, 0.0195,
  0.0732327, 0.0696345, 0.0195
 ],
 "morphTargets": [],
 "morphColors": [],
 "normals": [],
 "colors": [],
 "uvs": [[]],
  "faces": [
  2, 0, 1, 2, 0,
  2, 0, 2, 3, 0,
  2, 4, 5, 6, 0,
  2, 4, 7, 5, 0,
  2, 7, 8, 5, 0,
  2, 7, 9, 8, 0,
  2, 7, 10, 9, 0,
  2, 10, 11, 9, 0,
  2, 10, 12, 11, 0,
  2, 12, 13, 11, 0,
  2, 12, 14, 13, 0,
  2, 14, 15, 13, 0,
  2, 14, 16, 15, 0,
  2, 1, 17, 2, 0,
  2, 1, 18, 17, 0,
  2, 1, 19, 18, 0,
  2, 19, 6, 18, 0,
  2, 19, 4, 6, 0,
  2, 20, 21, 22, 0,
  2, 20, 23, 21, 0,
  2, 23, 24, 21, 0,
  2, 23, 25, 24, 0,
  2, 25, 26, 24, 0,
  2, 25, 27, 26, 0,
  2, 27, 28, 26, 0,
  2, 27, 0, 28, 0,
  2, 0, 3, 28, 0,
  2, 14, 29, 30, 0,
  2, 29, 31, 30, 0,
  2, 29, 20, 31, 0,
  2, 14, 30, 16, 0,
  2, 20, 22, 31, 0
]
 }
