 {
  "metadata" :
  {
   "formatVersion" : 3,
   "sourceFile" : "mch002r_022d",
   "generatedBy" : "Tr3 20161112",
   "vertices" : 10,
   "faces" : 8,
   "normals" : 0,
   "colors" : 0,
   "uvs" : 0,
   "materials" : 1
  },
  "scale" : 1.0,
  "materials": [{
    "DbgColor": 0,
    "DbgIndex": 0,
    "DbgName" : "Join ec_med_39: Ear canal",
    "colorAmbient": [0.0, 0.0, 0.0],
    "colorDiffuse": [ 0.824, 0.706, 0.549],
    "colorSpecular": [0.16, 0.16, 0.16]
    }],
  "vertices": [
  0.062583, 0.070217, 0.0195,
  0.06456, 0.06907, 0.0195,
  0.06397, 0.06882, 0.019,
  0.061622, 0.0700054, 0.019,
  0.05836, 0.07524, 0.0195,
  0.0590519, 0.0730876, 0.0195,
  0.05806, 0.07454, 0.019,
  0.0557263, 0.0734833, 0.019,
  0.059148, 0.0708703, 0.019,
  0.0607306, 0.0715427, 0.0195
 ],
 "morphTargets": [],
 "morphColors": [],
 "normals": [],
 "colors": [],
 "uvs": [[]],
  "faces": [
  2, 0, 1, 2, 0,
  2, 0, 2, 3, 0,
  2, 4, 5, 6, 0,
  2, 5, 7, 6, 0,
  2, 5, 8, 7, 0,
  2, 5, 9, 8, 0,
  2, 9, 3, 8, 0,
  2, 9, 0, 3, 0
]
 }
