 {
  "metadata" :
  {
   "formatVersion" : 3,
   "sourceFile" : "mch002r_022d",
   "generatedBy" : "Tr3 20161112",
   "vertices" : 13,
   "faces" : 11,
   "normals" : 0,
   "colors" : 0,
   "uvs" : 0,
   "materials" : 1
  },
  "scale" : 1.0,
  "materials": [{
    "DbgColor": 0,
    "DbgIndex": 0,
    "DbgName" : "4b_11: bone",
    "colorAmbient": [0.0, 0.0, 0.0],
    "colorDiffuse": [ 1.000, 1.000, 1.000],
    "colorSpecular": [0.16, 0.16, 0.16]
    }],
  "vertices": [
  0.0539, 0.08999, 0.0125,
  0.0505114, 0.09009, 0.011,
  0.0539, 0.08999, 0.011,
  0.04941, 0.0899, 0.0125,
  0.04712, 0.09, 0.011,
  0.05451, 0.09009, 0.014,
  0.05063, 0.09004, 0.014,
  0.05536, 0.09, 0.0145,
  0.05072, 0.09004, 0.0145,
  0.05536, 0.09004, 0.015,
  0.05072, 0.09004, 0.015,
  0.05746, 0.09004, 0.016,
  0.05269, 0.08999, 0.016
 ],
 "morphTargets": [],
 "morphColors": [],
 "normals": [],
 "colors": [],
 "uvs": [[]],
  "faces": [
  2, 0, 1, 2, 0,
  2, 0, 3, 1, 0,
  2, 3, 4, 1, 0,
  2, 5, 6, 0, 0,
  2, 6, 3, 0, 0,
  2, 7, 8, 5, 0,
  2, 8, 6, 5, 0,
  2, 9, 10, 7, 0,
  2, 10, 8, 7, 0,
  2, 11, 12, 9, 0,
  2, 12, 10, 9, 0
]
 }
