 {
  "metadata" :
  {
   "formatVersion" : 3,
   "sourceFile" : "mch002r_022d",
   "generatedBy" : "Tr3 20161112",
   "vertices" : 17,
   "faces" : 19,
   "normals" : 0,
   "colors" : 0,
   "uvs" : 0,
   "materials" : 1
  },
  "scale" : 1.0,
  "materials": [{
    "DbgColor": 0,
    "DbgIndex": 0,
    "DbgName" : "Cap os_cavlat_18_head: Cavity wall",
    "colorAmbient": [0.0, 0.0, 0.0],
    "colorDiffuse": [ 1.000, 0.784, 0.588],
    "colorSpecular": [0.16, 0.16, 0.16]
    }],
  "vertices": [
  0.0487701, 0.079107, 0.009,
  0.0493008, 0.07866, 0.009,
  0.0494449, 0.0795024, 0.009,
  0.0499593, 0.0791422, 0.009,
  0.0501074, 0.0786174, 0.009,
  0.0506662, 0.0789464, 0.009,
  0.0507544, 0.0781756, 0.009,
  0.0502765, 0.079983, 0.009,
  0.04952, 0.08025, 0.009,
  0.0488428, 0.0798726, 0.009,
  0.0512532, 0.0776032, 0.009,
  0.0512273, 0.0783787, 0.009,
  0.0514475, 0.0788718, 0.009,
  0.0508907, 0.0794565, 0.009,
  0.0520147, 0.0782953, 0.009,
  0.0518066, 0.0770307, 0.009,
  0.0523494, 0.077566, 0.009
 ],
 "morphTargets": [],
 "morphColors": [],
 "normals": [],
 "colors": [],
 "uvs": [[]],
  "faces": [
  2, 0, 1, 2, 0,
  2, 1, 3, 2, 0,
  2, 1, 4, 3, 0,
  2, 4, 5, 3, 0,
  2, 4, 6, 5, 0,
  2, 7, 8, 2, 0,
  2, 8, 9, 2, 0,
  2, 9, 0, 2, 0,
  2, 6, 10, 11, 0,
  2, 12, 13, 5, 0,
  2, 13, 7, 5, 0,
  2, 7, 3, 5, 0,
  2, 7, 2, 3, 0,
  2, 10, 14, 11, 0,
  2, 11, 5, 6, 0,
  2, 11, 12, 5, 0,
  2, 11, 14, 12, 0,
  2, 15, 16, 10, 0,
  2, 10, 16, 14, 0
]
 }
