 {
  "metadata" :
  {
   "formatVersion" : 3,
   "sourceFile" : "mch002r_022d",
   "generatedBy" : "Tr3 20161112",
   "vertices" : 12,
   "faces" : 10,
   "normals" : 0,
   "colors" : 0,
   "uvs" : 0,
   "materials" : 1
  },
  "scale" : 1.0,
  "materials": [{
    "DbgColor": 0,
    "DbgIndex": 0,
    "DbgName" : "os_temp_ext_ant_32: Temporal bone",
    "colorAmbient": [0.0, 0.0, 0.0],
    "colorDiffuse": [ 1.000, 0.784, 0.588],
    "colorSpecular": [0.16, 0.16, 0.16]
    }],
  "vertices": [
  0.05417, 0.05, 0.0165,
  0.0534871, 0.0488376, 0.016,
  0.05369, 0.05, 0.016,
  0.0541123, 0.0483638, 0.0165,
  0.0542233, 0.0467233, 0.0165,
  0.0544661, 0.0450968, 0.0165,
  0.0541587, 0.04381, 0.0165,
  0.0534147, 0.0451439, 0.0165,
  0.0530576, 0.0467491, 0.0165,
  0.0527948, 0.0483713, 0.0165,
  0.05257, 0.05, 0.0165,
  0.05306, 0.05, 0.016
 ],
 "morphTargets": [],
 "morphColors": [],
 "normals": [],
 "colors": [],
 "uvs": [[]],
  "faces": [
  2, 0, 1, 2, 0,
  2, 0, 3, 1, 0,
  2, 3, 4, 1, 0,
  2, 4, 5, 1, 0,
  2, 5, 6, 1, 0,
  2, 6, 7, 1, 0,
  2, 7, 8, 1, 0,
  2, 8, 9, 1, 0,
  2, 9, 10, 1, 0,
  2, 10, 11, 1, 0
]
 }
