 {
  "metadata" :
  {
   "formatVersion" : 3,
   "sourceFile" : "mch002r_022d",
   "generatedBy" : "Tr3 20161112",
   "vertices" : 132,
   "faces" : 219,
   "normals" : 0,
   "colors" : 0,
   "uvs" : 0,
   "materials" : 1
  },
  "scale" : 1.0,
  "materials": [{
    "DbgColor": 0,
    "DbgIndex": 0,
    "DbgName" : "skin_ext_post_35: Skin",
    "colorAmbient": [0.0, 0.0, 0.0],
    "colorDiffuse": [ 1.000, 0.753, 0.796],
    "colorSpecular": [0.16, 0.16, 0.16]
    }],
  "vertices": [
  0.04533, 0.09, 0.018,
  0.0451945, 0.0917343, 0.0175,
  0.04508, 0.09, 0.0175,
  0.0454024, 0.091732, 0.018,
  0.0457063, 0.0934432, 0.018,
  0.0454983, 0.0934471, 0.0175,
  0.0458163, 0.0951571, 0.0175,
  0.0459774, 0.0951599, 0.018,
  0.0461664, 0.0968609, 0.0175,
  0.0463309, 0.0968617, 0.018,
  0.0465623, 0.0985537, 0.0175,
  0.0466772, 0.0985651, 0.018,
  0.0470294, 0.100229, 0.0175,
  0.0472185, 0.100211, 0.018,
  0.0475194, 0.101898, 0.0175,
  0.0477606, 0.101861, 0.018,
  0.0480409, 0.103557, 0.0175,
  0.0482491, 0.103529, 0.018,
  0.0487006, 0.105165, 0.0175,
  0.0488706, 0.105152, 0.018,
  0.0493527, 0.106777, 0.0175,
  0.0494989, 0.106772, 0.018,
  0.049985, 0.108397, 0.0175,
  0.0501445, 0.108386, 0.018,
  0.05066, 0.11, 0.0175,
  0.05079, 0.11, 0.018,
  0.04557, 0.09, 0.0185,
  0.0456756, 0.0917295, 0.0185,
  0.0459456, 0.0934427, 0.0185,
  0.0462287, 0.0951534, 0.0185,
  0.0465984, 0.0968479, 0.0185,
  0.0469722, 0.0985414, 0.0185,
  0.0474281, 0.100215, 0.0185,
  0.0478888, 0.101887, 0.0185,
  0.0484355, 0.103533, 0.0185,
  0.0490082, 0.105169, 0.0185,
  0.0496382, 0.106785, 0.0185,
  0.0502959, 0.10839, 0.0185,
  0.05094, 0.11, 0.0185,
  0.04578, 0.09, 0.019,
  0.0457402, 0.0917329, 0.019,
  0.0460753, 0.0934361, 0.019,
  0.0463476, 0.0951505, 0.019,
  0.0467267, 0.0968406, 0.019,
  0.0471816, 0.0985152, 0.019,
  0.0475884, 0.100203, 0.019,
  0.0480529, 0.101875, 0.019,
  0.0485515, 0.103537, 0.019,
  0.0491769, 0.105156, 0.019,
  0.0498079, 0.106774, 0.019,
  0.050449, 0.108387, 0.019,
  0.05109, 0.11, 0.019,
  0.04596, 0.09, 0.0195,
  0.0459591, 0.0917293, 0.0195,
  0.0462496, 0.0934391, 0.0195,
  0.0465436, 0.0951481, 0.0195,
  0.0469396, 0.0968366, 0.0195,
  0.0473355, 0.098525, 0.0195,
  0.0477875, 0.100199, 0.0195,
  0.0482503, 0.101871, 0.0195,
  0.0487673, 0.103525, 0.0195,
  0.0493377, 0.105163, 0.0195,
  0.0499416, 0.106788, 0.0195,
  0.0505699, 0.108405, 0.0195,
  0.05125, 0.11, 0.0195,
  0.0461, 0.09, 0.02,
  0.0460783, 0.0917375, 0.02,
  0.0462936, 0.0934517, 0.02,
  0.0466549, 0.0951513, 0.02,
  0.0470206, 0.0968501, 0.02,
  0.0473976, 0.0985463, 0.02,
  0.0478336, 0.100228, 0.02,
  0.0483446, 0.101889, 0.02,
  0.0488507, 0.103551, 0.02,
  0.0493836, 0.105201, 0.02,
  0.0500647, 0.1068, 0.02,
  0.0507426, 0.1084, 0.02,
  0.05142, 0.11, 0.02,
  0.04622, 0.09, 0.0205,
  0.0462224, 0.0917345, 0.0205,
  0.0465081, 0.0934484, 0.0205,
  0.0468065, 0.0951597, 0.0205,
  0.0471756, 0.0968576, 0.0205,
  0.0475447, 0.0985554, 0.0205,
  0.0480026, 0.100231, 0.0205,
  0.0484623, 0.101907, 0.0205,
  0.0490032, 0.103558, 0.0205,
  0.049568, 0.105201, 0.0205,
  0.0502127, 0.106814, 0.0205,
  0.0509036, 0.108408, 0.0205,
  0.0516, 0.11, 0.0205,
  0.0463, 0.09, 0.021,
  0.0463504, 0.0917364, 0.021,
  0.0464889, 0.0934695, 0.021,
  0.0468029, 0.0951816, 0.021,
  0.0471861, 0.0968803, 0.021,
  0.047632, 0.0985635, 0.021,
  0.0480915, 0.100243, 0.021,
  0.0485994, 0.101908, 0.021,
  0.0491446, 0.103562, 0.021,
  0.0497705, 0.105187, 0.021,
  0.050404, 0.106809, 0.021,
  0.051102, 0.108405, 0.021,
  0.0518, 0.11, 0.021,
  0.04636, 0.09, 0.0215,
  0.0462667, 0.0916134, 0.0215,
  0.0462722, 0.0932153, 0.0215,
  0.046729, 0.0947654, 0.0215,
  0.0471537, 0.0963247, 0.0215,
  0.0475456, 0.0978925, 0.0215,
  0.0479726, 0.0994512, 0.0215,
  0.0484344, 0.101, 0.0215,
  0.0489309, 0.102537, 0.0215,
  0.0494928, 0.104053, 0.0215,
  0.0500647, 0.105564, 0.0215,
  0.050711, 0.107044, 0.0215,
  0.0513111, 0.108544, 0.0215,
  0.05201, 0.11, 0.0215,
  0.0464, 0.09, 0.022,
  0.0463328, 0.0916136, 0.022,
  0.0466134, 0.0932024, 0.022,
  0.0469292, 0.0947857, 0.022,
  0.0473117, 0.0963548, 0.022,
  0.0477177, 0.0979178, 0.022,
  0.04815, 0.0994736, 0.022,
  0.048624, 0.101017, 0.022,
  0.0491187, 0.102555, 0.022,
  0.0496853, 0.104065, 0.022,
  0.0502887, 0.105563, 0.022,
  0.0508982, 0.107057, 0.022,
  0.051575, 0.108524, 0.022,
  0.05223, 0.11, 0.022
 ],
 "morphTargets": [],
 "morphColors": [],
 "normals": [],
 "colors": [],
 "uvs": [[]],