 {
  "metadata" :
  {
   "formatVersion" : 3,
   "sourceFile" : "mch002r_022d",
   "generatedBy" : "Tr3 20161112",
   "vertices" : 50,
   "faces" : 50,
   "normals" : 0,
   "colors" : 0,
   "uvs" : 0,
   "materials" : 1
  },
  "scale" : 1.0,
  "materials": [{
    "DbgColor": 0,
    "DbgIndex": 0,
    "DbgName" : "Join os_temp_45: Temporal bone",
    "colorAmbient": [0.0, 0.0, 0.0],
    "colorDiffuse": [ 1.000, 0.784, 0.588],
    "colorSpecular": [0.16, 0.16, 0.16]
    }],
  "vertices": [
  0.06071, 0.07586, 0.0225,
  0.0604047, 0.07586, 0.022,
  0.0620695, 0.0759382, 0.022,
  0.06118, 0.0782225, 0.0225,
  0.0612495, 0.0790138, 0.022,
  0.0609103, 0.0778668, 0.022,
  0.0598106, 0.0789692, 0.0225,
  0.0596221, 0.0787579, 0.022,
  0.0590844, 0.0792849, 0.022,
  0.0601096, 0.0769869, 0.0225,
  0.0596365, 0.0768312, 0.022,
  0.0638906, 0.0749073, 0.0225,
  0.0622399, 0.0751586, 0.0225,
  0.0635, 0.07507, 0.022,
  0.062081, 0.0796891, 0.0225,
  0.0633591, 0.0786354, 0.0225,
  0.0627183, 0.0794721, 0.022,
  0.0641514, 0.0786299, 0.022,
  0.0647765, 0.0777435, 0.0225,
  0.0655091, 0.0777132, 0.022,
  0.0661865, 0.0768203, 0.0225,
  0.0669141, 0.0768301, 0.022,
  0.0672196, 0.0755501, 0.0225,
  0.0680357, 0.0757103, 0.022,
  0.0680503, 0.0740895, 0.0225,
  0.0688901, 0.0743069, 0.022,
  0.0691525, 0.072658, 0.022,
  0.06854, 0.0725071, 0.0225,
  0.0689055, 0.0710332, 0.022,
  0.0676973, 0.0715217, 0.0225,
  0.0674977, 0.0702707, 0.022,
  0.0664864, 0.070784, 0.0225,
  0.0660597, 0.0704113, 0.022,
  0.066052, 0.0720808, 0.022,
  0.0659713, 0.0723588, 0.0225,
  0.06503, 0.07336, 0.022,
  0.0650923, 0.0737786, 0.0225,
  0.06486, 0.07355, 0.022,
  0.06469, 0.07374, 0.022,
  0.06452, 0.07393, 0.022,
  0.06435, 0.07412, 0.022,
  0.0604047, 0.07988, 0.0225,
  0.0600923, 0.0805935, 0.022,
  0.0613021, 0.0817384, 0.022,
  0.0617589, 0.0809968, 0.022,
  0.0611546, 0.0798813, 0.022,
  0.06401, 0.0745, 0.022,
  0.06418, 0.07431, 0.022,
  0.06384, 0.07469, 0.022,
  0.06367, 0.07488, 0.022
 ],
 "morphTargets": [],
 "morphColors": [],
 "normals": [],
 "colors": [],
 "uvs": [[]],
  "faces": [
  2, 0, 1, 2, 0,
  2, 3, 4, 5, 0,
  2, 3, 6, 4, 0,
  2, 6, 7, 4, 0,
  2, 6, 8, 7, 0,
  2, 0, 9, 1, 0,
  2, 9, 10, 1, 0,
  2, 9, 5, 10, 0,
  2, 9, 3, 5, 0,
  2, 11, 12, 13, 0,
  2, 12, 2, 13, 0,
  2, 12, 0, 2, 0,
  2, 14, 15, 16, 0,
  2, 15, 17, 16, 0,
  2, 15, 18, 17, 0,
  2, 18, 19, 17, 0,
  2, 18, 20, 19, 0,
  2, 20, 21, 19, 0,
  2, 20, 22, 21, 0,
  2, 22, 23, 21, 0,
  2, 22, 24, 23, 0,
  2, 24, 25, 23, 0,
  2, 24, 26, 25, 0,
  2, 24, 27, 26, 0,
  2, 27, 28, 26, 0,
  2, 27, 29, 28, 0,
  2, 29, 30, 28, 0,
  2, 29, 31, 30, 0,
  2, 31, 32, 30, 0,
  2, 31, 33, 32, 0,
  2, 31, 34, 33, 0,
  2, 34, 35, 33, 0,
  2, 34, 36, 35, 0,
  2, 36, 37, 35, 0,
  2, 36, 38, 37, 0,
  2, 36, 39, 38, 0,
  2, 36, 40, 39, 0,
  2, 6, 41, 8, 0,
  2, 41, 42, 8, 0,
  2, 41, 43, 42, 0,
  2, 41, 44, 43, 0,
  2, 41, 45, 44, 0,
  2, 41, 14, 45, 0,
  2, 14, 16, 45, 0,
  2, 11, 46, 47, 0,
  2, 11, 48, 46, 0,
  2, 36, 11, 40, 0,
  2, 11, 47, 40, 0,
  2, 11, 49, 48, 0,
  2, 11, 13, 49, 0
]
 }
