 {
  "metadata" :
  {
   "formatVersion" : 3,
   "sourceFile" : "mch002r_022d",
   "generatedBy" : "Tr3 20161112",
   "vertices" : 204,
   "faces" : 351,
   "normals" : 0,
   "colors" : 0,
   "uvs" : 0,
   "materials" : 1
  },
  "scale" : 1.0,
  "materials": [{
    "DbgColor": 0,
    "DbgIndex": 0,
    "DbgName" : "os_cav_16: Cavity wall",
    "colorAmbient": [0.0, 0.0, 0.0],
    "colorDiffuse": [ 1.000, 0.784, 0.588],
    "colorSpecular": [0.16, 0.16, 0.16]
    }],
  "vertices": [
  0.05615, 0.0755, 0.0085,
  0.0565203, 0.0759383, 0.008,
  0.05568, 0.07611, 0.008,
  0.056993, 0.0754963, 0.0085,
  0.0573552, 0.0760804, 0.008,
  0.0577602, 0.0757483, 0.0085,
  0.0578822, 0.0765514, 0.0085,
  0.057579, 0.0767083, 0.008,
  0.0575, 0.0772665, 0.0085,
  0.057026, 0.0773435, 0.008,
  0.0574122, 0.0780867, 0.0085,
  0.0562741, 0.0777517, 0.008,
  0.0569033, 0.0787295, 0.0085,
  0.0561243, 0.0787967, 0.0085,
  0.0556255, 0.0782886, 0.008,
  0.0553138, 0.0787746, 0.0085,
  0.0549838, 0.0788558, 0.008,
  0.0546187, 0.0792464, 0.0085,
  0.0542942, 0.0793247, 0.008,
  0.0538227, 0.0795234, 0.0085,
  0.0534611, 0.0795164, 0.008,
  0.0530506, 0.0798618, 0.0085,
  0.0529398, 0.0790378, 0.008,
  0.0525162, 0.0793889, 0.0085,
  0.0527159, 0.0785713, 0.0085,
  0.0531147, 0.0782303, 0.008,
  0.05316, 0.0778579, 0.0085,
  0.0537066, 0.0776272, 0.008,
  0.0538325, 0.0773989, 0.0085,
  0.0541789, 0.0769391, 0.008,
  0.0542314, 0.0767118, 0.0085,
  0.054921, 0.0765095, 0.008,
  0.0546374, 0.0760104, 0.0085,
  0.055317, 0.0756185, 0.0085,
  0.05626, 0.07496, 0.009,
  0.057099, 0.0750412, 0.009,
  0.0578536, 0.0754116, 0.009,
  0.0581222, 0.0761674, 0.009,
  0.0579485, 0.0769193, 0.009,
  0.0584385, 0.0775513, 0.009,
  0.0583468, 0.0783665, 0.009,
  0.0576047, 0.078722, 0.009,
  0.0569878, 0.0792113, 0.009,
  0.0563797, 0.0797897, 0.009,
  0.0556919, 0.0802834, 0.009,
  0.0549902, 0.0807098, 0.009,
  0.0541538, 0.0808354, 0.009,
  0.0533186, 0.0809753, 0.009,
  0.0524799, 0.0810679, 0.009,
  0.0516712, 0.0812704, 0.009,
  0.0509856, 0.0809743, 0.009,
  0.0511008, 0.0802107, 0.009,
  0.0517459, 0.0796644, 0.009,
  0.0524068, 0.0791337, 0.009,
  0.0530095, 0.0785463, 0.009,
  0.0535451, 0.0778916, 0.009,
  0.0540754, 0.0772501, 0.009,
  0.0545154, 0.0765343, 0.009,
  0.0547951, 0.0757349, 0.009,
  0.0554597, 0.0752393, 0.009,
  0.0568, 0.07438, 0.0095,
  0.057615, 0.0746364, 0.0095,
  0.0583412, 0.0750815, 0.0095,
  0.0586229, 0.0757878, 0.0095,
  0.0581037, 0.0764432, 0.0095,
  0.0583083, 0.0771628, 0.0095,
  0.0585061, 0.0778636, 0.0095,
  0.0581606, 0.0786081, 0.0095,
  0.0574768, 0.0789577, 0.0095,
  0.0572374, 0.0797644, 0.0095,
  0.0566286, 0.0803493, 0.0095,
  0.0558469, 0.0806238, 0.0095,
  0.0550152, 0.0808135, 0.0095,
  0.0541842, 0.0810072, 0.0095,
  0.0533413, 0.0811457, 0.0095,
  0.0524923, 0.0812418, 0.0095,
  0.0516497, 0.0813825, 0.0095,
  0.0508001, 0.0814686, 0.0095,
  0.0499548, 0.0814136, 0.0095,
  0.0499813, 0.0807777, 0.0095,
  0.0507391, 0.0803831, 0.0095,
  0.0514564, 0.0799248, 0.0095,
  0.0521429, 0.0794165, 0.0095,
  0.0528466, 0.078932, 0.0095,
  0.0534992, 0.0783847, 0.0095,
  0.0539714, 0.0777144, 0.0095,
  0.0542177, 0.0768996, 0.0095,
  0.0548253, 0.0764571, 0.0095,
  0.0548053, 0.0756465, 0.0095,
  0.0552401, 0.0749834, 0.0095,
  0.055967, 0.0745584, 0.0095,
  0.05666, 0.07302, 0.01,
  0.0574752, 0.0732319, 0.01,
  0.0580705, 0.0738406, 0.01,
  0.0586491, 0.0744697, 0.01,
  0.0593062, 0.0750308, 0.01,
  0.0589862, 0.0756963, 0.01,
  0.0586576, 0.0764888, 0.01,
  0.0585204, 0.0773318, 0.01,
  0.058088, 0.078042, 0.01,
  0.0577399, 0.078827, 0.01,
  0.0574451, 0.0796308, 0.01,
  0.0569731, 0.0803474, 0.01,
  0.0561563, 0.0805, 0.01,
  0.0553361, 0.0806984, 0.01,
  0.0545646, 0.0810227, 0.01,
  0.0537031, 0.0810289, 0.01,
  0.052853, 0.0811858, 0.01,
  0.0520327, 0.0814557, 0.01,
  0.0511891, 0.0816437, 0.01,
  0.0503417, 0.08178, 0.01,
  0.0497537, 0.0813188, 0.01,
  0.0501487, 0.0806208, 0.01,
  0.0508979, 0.0802013, 0.01,
  0.0516915, 0.0798817, 0.01,
  0.0524157, 0.07944, 0.01,
  0.0531154, 0.0789362, 0.01,
  0.0537407, 0.0783405, 0.01,
  0.0542962, 0.0776786, 0.01,
  0.0547, 0.0769389, 0.01,
  0.0548987, 0.0761623, 0.01,
  0.0553078, 0.0756065, 0.01,
  0.0555413, 0.074847, 0.01,
  0.0555155, 0.0739866, 0.01,
  0.0558635, 0.0733505, 0.01,
  0.05769, 0.07228, 0.0105,
  0.0585164, 0.07254, 0.0105,
  0.0592144, 0.072962, 0.0105,
  0.0593348, 0.0737825, 0.0105,
  0.0594657, 0.0746271, 0.0105,
  0.0595647, 0.0753125, 0.0105,
  0.0590427, 0.0760038, 0.0105,
  0.0585533, 0.0767171, 0.0105,
  0.0582585, 0.077522, 0.0105,
  0.0580428, 0.0783454, 0.0105,
  0.0578885, 0.0791814, 0.0105,
  0.0573457, 0.0798382, 0.0105,
  0.0565642, 0.0802094, 0.0105,
  0.0557959, 0.080603, 0.0105,
  0.0550337, 0.08098, 0.0105,
  0.0542132, 0.0808632, 0.0105,
  0.0535361, 0.0811727, 0.0105,
  0.0528222, 0.0816228, 0.0105,
  0.051957, 0.08163, 0.0105,
  0.051169, 0.0819676, 0.0105,
  0.0503357, 0.0820902, 0.0105,
  0.0496206, 0.0816606, 0.0105,
  0.0497582, 0.0808701, 0.0105,
  0.0504247, 0.0803188, 0.0105,
  0.0511739, 0.0799286, 0.0105,
  0.0520067, 0.0797025, 0.0105,
  0.0527096, 0.0792151, 0.0105,
  0.0534184, 0.078726, 0.0105,
  0.0539201, 0.0780254, 0.0105,
  0.0544945, 0.0773935, 0.0105,
  0.0547011, 0.0767277, 0.0105,
  0.055074, 0.0760566, 0.0105,
  0.05526, 0.0752299, 0.0105,
  0.0557278, 0.0746031, 0.0105,
  0.0559203, 0.0737934, 0.0105,
  0.0562343, 0.072986, 0.0105,
  0.0568451, 0.0724276, 0.0105,
  0.05741, 0.07003, 0.011,
  0.0582786, 0.07003, 0.011,
  0.0586477, 0.0708012, 0.011,
  0.0592748, 0.0713495, 0.011,
  0.060088, 0.0716426, 0.011,
  0.0605218, 0.0722828, 0.011,
  0.0603512, 0.0730945, 0.011,
  0.0600801, 0.073918, 0.011,
  0.0597358, 0.0746941, 0.011,
  0.0591579, 0.0753421, 0.011,
  0.0585943, 0.0759917, 0.011,
  0.0582467, 0.0767865, 0.011,
  0.0578324, 0.0774869, 0.011,
  0.0576056, 0.0782635, 0.011,
  0.0574626, 0.0791202, 0.011,
  0.0569528, 0.0797434, 0.011,
  0.0562261, 0.0802186, 0.011,
  0.0554837, 0.0806695, 0.011,
  0.0546496, 0.0809066, 0.011,
  0.0537988, 0.0810697, 0.011,
  0.0531386, 0.08163, 0.011,
  0.0522721, 0.0816488, 0.011,
  0.051425, 0.0818396, 0.011,
  0.0505809, 0.082, 0.011,
  0.0499551, 0.0816613, 0.011,
  0.049948, 0.0808486, 0.011,
  0.0506753, 0.0803916, 0.011,
  0.0513672, 0.0798697, 0.011,
  0.0521456, 0.0794875, 0.011,
  0.0529032, 0.0790637, 0.011,
  0.0536367, 0.0786021, 0.011,
  0.0541864, 0.07794, 0.011,
  0.0544832, 0.0771268, 0.011,
  0.0546805, 0.0762813, 0.011,
  0.0549402, 0.0754544, 0.011,
  0.0552381, 0.0746719, 0.011,
  0.0557258, 0.0740441, 0.011,
  0.0561234, 0.0733098, 0.011,
  0.0566039, 0.0725907, 0.011,
  0.0566836, 0.0718836, 0.011,
  0.05633, 0.0711614, 0.011,
  0.0566689, 0.0704829, 0.011
 ],
 "morphTargets": [],
 "morphColors": [],
 "normals": [],
 "colors": [],
 "uvs": [[]],