 {
  "metadata" :
  {
   "formatVersion" : 3,
   "sourceFile" : "mch002r_022d",
   "generatedBy" : "Tr3 20161112",
   "vertices" : 55,
   "faces" : 55,
   "normals" : 0,
   "colors" : 0,
   "uvs" : 0,
   "materials" : 1
  },
  "scale" : 1.0,
  "materials": [{
    "DbgColor": 0,
    "DbgIndex": 0,
    "DbgName" : "Join JS-33-35-1:                 ",
    "colorAmbient": [0.0, 0.0, 0.0],
    "colorDiffuse": [ 1.000, 1.000, 1.000],
    "colorSpecular": [0.16, 0.16, 0.16]
    }],
  "vertices": [
  0.0404247, 0.0675446, 0.017,
  0.0445898, 0.0739299, 0.0165,
  0.0404469, 0.0669818, 0.0165,
  0.0452052, 0.073837, 0.017,
  0.0451715, 0.0818043, 0.0165,
  0.0458217, 0.0818078, 0.017,
  0.04432, 0.0899, 0.0165,
  0.04483, 0.09013, 0.017,
  0.0491404, 0.0900238, 0.0165,
  0.049695, 0.0900643, 0.017,
  0.054, 0.0899, 0.0165,
  0.05456, 0.08999, 0.017,
  0.0529743, 0.0870214, 0.017,
  0.0515166, 0.0841471, 0.0165,
  0.052506, 0.0871045, 0.0165,
  0.0517324, 0.0839121, 0.017,
  0.0513275, 0.0809832, 0.0165,
  0.05166, 0.08055, 0.017,
  0.051708, 0.0793724, 0.017,
  0.0516501, 0.0778432, 0.0165,
  0.051882, 0.0782053, 0.017,
  0.0521223, 0.0770504, 0.017,
  0.0524886, 0.075928, 0.017,
  0.0527956, 0.0749283, 0.0165,
  0.0531926, 0.0749963, 0.017,
  0.0541372, 0.0743133, 0.017,
  0.0552752, 0.0729595, 0.0165,
  0.0551413, 0.0736934, 0.017,
  0.0561741, 0.073125, 0.017,
  0.04016, 0.05096, 0.017,
  0.0393452, 0.0588992, 0.0165,
  0.03992, 0.05077, 0.0165,
  0.0393981, 0.0592739, 0.017,
  0.0591225, 0.0712581, 0.017,
  0.0598151, 0.0703146, 0.017,
  0.0560759, 0.0702016, 0.0165,
  0.0590982, 0.0696889, 0.017,
  0.0580097, 0.0692316, 0.017,
  0.0569816, 0.0687125, 0.017,
  0.05549, 0.06709, 0.0165,
  0.05661, 0.0676, 0.017,
  0.0548482, 0.0647889, 0.017,
  0.0553472, 0.064001, 0.0165,
  0.0541132, 0.0614677, 0.017,
  0.0558832, 0.0608605, 0.0165,
  0.0535198, 0.0581031, 0.017,
  0.0563908, 0.0577229, 0.0165,
  0.0530469, 0.0547221, 0.017,
  0.0566494, 0.0545437, 0.0165,
  0.05615, 0.05142, 0.0165,
  0.05301, 0.05133, 0.017,
  0.0480369, 0.05102, 0.0165,
  0.0465665, 0.0509994, 0.017,
  0.0582451, 0.0720474, 0.017,
  0.0572589, 0.0726648, 0.017
 ],
 "morphTargets": [],
 "morphColors": [],
 "normals": [],
 "colors": [],
 "uvs": [[]],
  "faces": [
  2, 0, 1, 2, 0,
  2, 3, 4, 1, 0,
  2, 0, 3, 1, 0,
  2, 5, 6, 4, 0,
  2, 5, 7, 6, 0,
  2, 7, 8, 6, 0,
  2, 7, 9, 8, 0,
  2, 9, 10, 8, 0,
  2, 9, 11, 10, 0,
  2, 11, 12, 10, 0,
  2, 3, 5, 4, 0,
  2, 12, 13, 14, 0,
  2, 12, 15, 13, 0,
  2, 15, 16, 13, 0,
  2, 15, 17, 16, 0,
  2, 17, 18, 16, 0,
  2, 18, 19, 16, 0,
  2, 18, 20, 19, 0,
  2, 20, 21, 19, 0,
  2, 21, 22, 19, 0,
  2, 22, 23, 19, 0,
  2, 22, 24, 23, 0,
  2, 24, 25, 23, 0,
  2, 25, 26, 23, 0,
  2, 25, 27, 26, 0,
  2, 27, 28, 26, 0,
  2, 12, 14, 10, 0,
  2, 29, 30, 31, 0,
  2, 29, 32, 30, 0,
  2, 32, 2, 30, 0,
  2, 32, 0, 2, 0,
  2, 33, 34, 35, 0,
  2, 34, 36, 35, 0,
  2, 36, 37, 35, 0,
  2, 37, 38, 35, 0,
  2, 38, 39, 35, 0,
  2, 38, 40, 39, 0,
  2, 40, 41, 39, 0,
  2, 41, 42, 39, 0,
  2, 41, 43, 42, 0,
  2, 43, 44, 42, 0,
  2, 43, 45, 44, 0,
  2, 45, 46, 44, 0,
  2, 45, 47, 46, 0,
  2, 47, 48, 46, 0,
  2, 47, 49, 48, 0,
  2, 47, 50, 49, 0,
  2, 50, 51, 49, 0,
  2, 50, 52, 51, 0,
  2, 52, 31, 51, 0,
  2, 52, 29, 31, 0,
  2, 53, 33, 35, 0,
  2, 28, 54, 26, 0,
  2, 54, 35, 26, 0,
  2, 54, 53, 35, 0
]
 }
