 {
  "metadata" :
  {
   "formatVersion" : 3,
   "sourceFile" : "mch002r_022d",
   "generatedBy" : "Tr3 20161112",
   "vertices" : 11,
   "faces" : 9,
   "normals" : 0,
   "colors" : 0,
   "uvs" : 0,
   "materials" : 1
  },
  "scale" : 1.0,
  "materials": [{
    "DbgColor": 0,
    "DbgIndex": 0,
    "DbgName" : "Join tm_ant_35: Pars flaccida",
    "colorAmbient": [0.0, 0.0, 0.0],
    "colorDiffuse": [ 1.000, 1.000, 1.000],
    "colorSpecular": [0.16, 0.16, 0.16]
    }],
  "vertices": [
  0.06068, 0.0695, 0.0175,
  0.059742, 0.070048, 0.017,
  0.06001, 0.07004, 0.017,
  0.059206, 0.070064, 0.017,
  0.059474, 0.070056, 0.017,
  0.05867, 0.07008, 0.017,
  0.058938, 0.070072, 0.017,
  0.061415, 0.0694025, 0.0175,
  0.06117, 0.069435, 0.0175,
  0.060925, 0.0694675, 0.0175,
  0.06166, 0.06937, 0.0175
 ],
 "morphTargets": [],
 "morphColors": [],
 "normals": [],
 "colors": [],
 "uvs": [[]],
  "faces": [
  2, 0, 1, 2, 0,
  2, 0, 3, 4, 0,
  2, 0, 4, 1, 0,
  2, 0, 5, 6, 0,
  2, 7, 8, 2, 0,
  2, 8, 9, 2, 0,
  2, 9, 0, 2, 0,
  2, 10, 7, 2, 0,
  2, 0, 6, 3, 0
]
 }
