 {
  "metadata" :
  {
   "formatVersion" : 3,
   "sourceFile" : "mch002r_022d",
   "generatedBy" : "Tr3 20161112",
   "vertices" : 13,
   "faces" : 13,
   "normals" : 0,
   "colors" : 0,
   "uvs" : 0,
   "materials" : 1
  },
  "scale" : 1.0,
  "materials": [{
    "DbgColor": 0,
    "DbgIndex": 0,
    "DbgName" : "os_temp_antlat_34: Temporal bone",
    "colorAmbient": [0.0, 0.0, 0.0],
    "colorDiffuse": [ 1.000, 0.784, 0.588],
    "colorSpecular": [0.16, 0.16, 0.16]
    }],
  "vertices": [
  0.05311, 0.05, 0.0175,
  0.0533415, 0.0515041, 0.0175,
  0.05283, 0.05007, 0.017,
  0.05283, 0.0517357, 0.017,
  0.0536733, 0.0529393, 0.0175,
  0.0529172, 0.0533984, 0.017,
  0.0531292, 0.0550452, 0.017,
  0.0551, 0.0532, 0.0175,
  0.0536555, 0.056583, 0.017,
  0.0551533, 0.0571913, 0.017,
  0.05669, 0.05663, 0.017,
  0.05372, 0.05, 0.018,
  0.05451, 0.05061, 0.018
 ],
 "morphTargets": [],
 "morphColors": [],
 "normals": [],
 "colors": [],
 "uvs": [[]],
  "faces": [
  2, 0, 1, 2, 0,
  2, 1, 3, 2, 0,
  2, 1, 4, 3, 0,
  2, 4, 5, 3, 0,
  2, 4, 6, 5, 0,
  2, 4, 7, 6, 0,
  2, 7, 8, 6, 0,
  2, 7, 9, 8, 0,
  2, 7, 10, 9, 0,
  2, 11, 1, 0, 0,
  2, 11, 12, 1, 0,
  2, 12, 4, 1, 0,
  2, 12, 7, 4, 0
]
 }
