 {
  "metadata" :
  {
   "formatVersion" : 3,
   "sourceFile" : "mch002r_022d",
   "generatedBy" : "Tr3 20161112",
   "vertices" : 115,
   "faces" : 167,
   "normals" : 0,
   "colors" : 0,
   "uvs" : 0,
   "materials" : 1
  },
  "scale" : 1.0,
  "materials": [{
    "DbgColor": 0,
    "DbgIndex": 0,
    "DbgName" : "labcoc_base_31: Cochlea",
    "colorAmbient": [0.0, 0.0, 0.0],
    "colorDiffuse": [ 0.565, 0.933, 0.565],
    "colorSpecular": [0.16, 0.16, 0.16]
    }],
  "vertices": [
  0.06536, 0.07424, 0.016,
  0.06589, 0.07424, 0.016,
  0.06657, 0.07505, 0.0155,
  0.06629, 0.07436, 0.016,
  0.06679, 0.07436, 0.016,
  0.06716, 0.07492, 0.0155,
  0.06738, 0.07436, 0.016,
  0.06763, 0.07474, 0.0155,
  0.06791, 0.07418, 0.016,
  0.06813, 0.07449, 0.0155,
  0.06866, 0.0743, 0.0155,
  0.06863, 0.07386, 0.016,
  0.06925, 0.07405, 0.0155,
  0.06913, 0.07377, 0.016,
  0.06978, 0.0734, 0.016,
  0.06969, 0.0738, 0.0155,
  0.07022, 0.07349, 0.0155,
  0.07031, 0.07296, 0.016,
  0.07053, 0.07324, 0.0155,
  0.07059, 0.07299, 0.0155,
  0.0705, 0.07259, 0.016,
  0.07072, 0.07256, 0.0155,
  0.07078, 0.07215, 0.016,
  0.07084, 0.07199, 0.0155,
  0.07134, 0.07181, 0.016,
  0.07112, 0.07171, 0.0155,
  0.07181, 0.07143, 0.0155,
  0.07196, 0.07181, 0.016,
  0.07246, 0.07153, 0.0155,
  0.07237, 0.0719, 0.016,
  0.07274, 0.07178, 0.0155,
  0.07249, 0.07215, 0.016,
  0.07281, 0.07224, 0.0155,
  0.07249, 0.07259, 0.016,
  0.07265, 0.07287, 0.0155,
  0.07243, 0.07315, 0.016,
  0.07231, 0.07334, 0.0155,
  0.07218, 0.07365, 0.016,
  0.07196, 0.07371, 0.0155,
  0.07187, 0.07383, 0.016,
  0.07137, 0.07396, 0.0155,
  0.07112, 0.07424, 0.016,
  0.07097, 0.07411, 0.0155,
  0.07078, 0.0743, 0.0155,
  0.0705, 0.07461, 0.016,
  0.07016, 0.07455, 0.0155,
  0.06981, 0.0748, 0.016,
  0.06931, 0.0748, 0.0155,
  0.06953, 0.07486, 0.016,
  0.06869, 0.07511, 0.016,
  0.06866, 0.07505, 0.0155,
  0.06822, 0.07536, 0.016,
  0.06788, 0.07533, 0.0155,
  0.06744, 0.07561, 0.016,
  0.06701, 0.07567, 0.0155,
  0.06673, 0.07592, 0.016,
  0.06629, 0.07592, 0.0155,
  0.0661, 0.07617, 0.016,
  0.06582, 0.0762, 0.0155,
  0.06586, 0.07648, 0.016,
  0.06498, 0.07449, 0.0165,
  0.06557, 0.07393, 0.0165,
  0.06635, 0.07377, 0.0165,
  0.06695, 0.07371, 0.0165,
  0.06766, 0.07368, 0.0165,
  0.06822, 0.07365, 0.0165,
  0.0691, 0.0734, 0.0165,
  0.06966, 0.07315, 0.0165,
  0.06984, 0.0729, 0.0165,
  0.07037, 0.0724, 0.0165,
  0.0709, 0.07215, 0.0165,
  0.07159, 0.0719, 0.0165,
  0.07212, 0.07196, 0.0165,
  0.07243, 0.07228, 0.0165,
  0.07243, 0.07271, 0.0165,
  0.07218, 0.0733, 0.0165,
  0.07165, 0.0738, 0.0165,
  0.07112, 0.07411, 0.0165,
  0.07062, 0.07436, 0.0165,
  0.07009, 0.07461, 0.0165,
  0.06972, 0.07486, 0.0165,
  0.0691, 0.07521, 0.0165,
  0.0686, 0.07524, 0.0165,
  0.06779, 0.07536, 0.0165,
  0.06729, 0.07583, 0.0165,
  0.06679, 0.07623, 0.0165,
  0.06629, 0.0763, 0.0165,
  0.06607, 0.0767, 0.0165,
  0.06448, 0.07595, 0.017,
  0.06452, 0.07545, 0.017,
  0.06461, 0.07486, 0.017,
  0.06498, 0.07443, 0.017,
  0.06539, 0.07386, 0.017,
  0.06601, 0.07358, 0.017,
  0.06673, 0.07346, 0.017,
  0.06757, 0.07343, 0.017,
  0.06835, 0.07334, 0.017,
  0.06897, 0.07321, 0.017,
  0.06966, 0.07296, 0.017,
  0.07019, 0.07277, 0.017,
  0.07075, 0.07243, 0.017,
  0.07134, 0.07256, 0.017,
  0.07159, 0.0729, 0.017,
  0.07162, 0.0733, 0.017,
  0.07147, 0.07368, 0.017,
  0.07103, 0.07399, 0.017,
  0.0705, 0.07436, 0.017,
  0.06991, 0.07486, 0.017,
  0.06922, 0.07521, 0.017,
  0.06854, 0.0753, 0.017,
  0.06776, 0.07555, 0.017,
  0.06701, 0.07583, 0.017,
  0.06632, 0.07598, 0.017,
  0.06601, 0.0762, 0.017,
  0.06601, 0.07658, 0.017
 ],
 "morphTargets": [],
 "morphColors": [],
 "normals": [],
 "colors": [],
 "uvs": [[]],
  "faces": [
  2, 0, 1, 2, 0,
  2, 1, 3, 2, 0,
  2, 3, 4, 2, 0,
  2, 4, 5, 2, 0,
  2, 4, 6, 5, 0,
  2, 6, 7, 5, 0,
  2, 6, 8, 7, 0,
  2, 8, 9, 7, 0,
  2, 8, 10, 9, 0,
  2, 8, 11, 10, 0,
  2, 11, 12, 10, 0,
  2, 11, 13, 12, 0,
  2, 13, 14, 12, 0,
  2, 14, 15, 12, 0,
  2, 14, 16, 15, 0,
  2, 14, 17, 16, 0,
  2, 17, 18, 16, 0,
  2, 17, 19, 18, 0,
  2, 17, 20, 19, 0,
  2, 20, 21, 19, 0,
  2, 20, 22, 21, 0,
  2, 22, 23, 21, 0,
  2, 22, 24, 23, 0,
  2, 24, 25, 23, 0,
  2, 24, 26, 25, 0,
  2, 24, 27, 26, 0,
  2, 27, 28, 26, 0,
  2, 27, 29, 28, 0,
  2, 29, 30, 28, 0,
  2, 29, 31, 30, 0,
  2, 31, 32, 30, 0,
  2, 31, 33, 32, 0,
  2, 33, 34, 32, 0,
  2, 33, 35, 34, 0,
  2, 35, 36, 34, 0,
  2, 35, 37, 36, 0,
  2, 37, 38, 36, 0,
  2, 37, 39, 38, 0,
  2, 39, 40, 38, 0,
  2, 39, 41, 40, 0,
  2, 41, 42, 40, 0,
  2, 41, 43, 42, 0,
  2, 41, 44, 43, 0,
  2, 44, 45, 43, 0,
  2, 44, 46, 45, 0,
  2, 46, 47, 45, 0,
  2, 46, 48, 47, 0,
  2, 48, 49, 47, 0,
  2, 49, 50, 47, 0,
  2, 49, 51, 50, 0,
  2, 51, 52, 50, 0,
  2, 51, 53, 52, 0,
  2, 53, 54, 52, 0,
  2, 53, 55, 54, 0,
  2, 55, 56, 54, 0,
  2, 55, 57, 56, 0,
  2, 57, 58, 56, 0,
  2, 57, 59, 58, 0,
  2, 60, 61, 0, 0,
  2, 61, 1, 0, 0,
  2, 61, 62, 1, 0,
  2, 62, 3, 1, 0,
  2, 62, 4, 3, 0,
  2, 62, 63, 4, 0,
  2, 63, 6, 4, 0,
  2, 63, 64, 6, 0,
  2, 64, 8, 6, 0,
  2, 64, 65, 8, 0,
  2, 65, 11, 8, 0,
  2, 65, 66, 11, 0,
  2, 66, 13, 11, 0,
  2, 66, 14, 13, 0,
  2, 66, 67, 14, 0,
  2, 67, 68, 14, 0,
  2, 68, 17, 14, 0,
  2, 68, 69, 17, 0,
  2, 69, 20, 17, 0,
  2, 69, 22, 20, 0,
  2, 69, 70, 22, 0,
  2, 70, 24, 22, 0,
  2, 70, 71, 24, 0,
  2, 71, 27, 24, 0,
  2, 71, 72, 27, 0,
  2, 72, 29, 27, 0,
  2, 72, 73, 29, 0,
  2, 73, 31, 29, 0,
  2, 73, 74, 31, 0,
  2, 74, 33, 31, 0,
  2, 74, 35, 33, 0,
  2, 74, 75, 35, 0,
  2, 75, 37, 35, 0,
  2, 75, 76, 37, 0,
  2, 76, 39, 37, 0,
  2, 76, 41, 39, 0,
  2, 76, 77, 41, 0,
  2, 77, 78, 41, 0,
  2, 78, 44, 41, 0,
  2, 78, 79, 44, 0,
  2, 79, 46, 44, 0,
  2, 79, 80, 46, 0,
  2, 80, 48, 46, 0,
  2, 80, 81, 48, 0,
  2, 81, 49, 48, 0,
  2, 81, 82, 49, 0,
  2, 82, 51, 49, 0,
  2, 82, 83, 51, 0,
  2, 83, 53, 51, 0,
  2, 83, 84, 53, 0,
  2, 84, 55, 53, 0,
  2, 84, 85, 55, 0,
  2, 85, 86, 55, 0,
  2, 86, 57, 55, 0,
  2, 86, 59, 57, 0,
  2, 86, 87, 59, 0,
  2, 88, 89, 60, 0,
  2, 89, 90, 60, 0,
  2, 90, 91, 60, 0,
  2, 91, 92, 60, 0,
  2, 92, 61, 60, 0,
  2, 92, 93, 61, 0,
  2, 93, 62, 61, 0,
  2, 93, 94, 62, 0,
  2, 94, 63, 62, 0,
  2, 94, 95, 63, 0,
  2, 95, 64, 63, 0,
  2, 95, 65, 64, 0,
  2, 95, 96, 65, 0,
  2, 96, 66, 65, 0,
  2, 96, 97, 66, 0,
  2, 97, 67, 66, 0,
  2, 97, 98, 67, 0,
  2, 98, 68, 67, 0,
  2, 98, 99, 68, 0,
  2, 99, 69, 68, 0,
  2, 99, 100, 69, 0,
  2, 100, 70, 69, 0,
  2, 100, 101, 70, 0,
  2, 101, 71, 70, 0,
  2, 101, 72, 71, 0,
  2, 101, 102, 72, 0,
  2, 102, 73, 72, 0,
  2, 102, 74, 73, 0,
  2, 102, 75, 74, 0,
  2, 102, 103, 75, 0,
  2, 103, 76, 75, 0,
  2, 103, 104, 76, 0,
  2, 104, 77, 76, 0,
  2, 104, 105, 77, 0,
  2, 105, 78, 77, 0,
  2, 105, 106, 78, 0,
  2, 106, 79, 78, 0,
  2, 106, 107, 79, 0,
  2, 107, 80, 79, 0,
  2, 107, 108, 80, 0,
  2, 108, 81, 80, 0,
  2, 108, 109, 81, 0,
  2, 109, 82, 81, 0,
  2, 109, 83, 82, 0,
  2, 109, 110, 83, 0,
  2, 110, 84, 83, 0,
  2, 110, 111, 84, 0,
  2, 111, 85, 84, 0,
  2, 111, 112, 85, 0,
  2, 112, 86, 85, 0,
  2, 112, 113, 86, 0,
  2, 113, 114, 86, 0,
  2, 114, 87, 86, 0
]
 }
