 {
  "metadata" :
  {
   "formatVersion" : 3,
   "sourceFile" : "mch002r_022d",
   "generatedBy" : "Tr3 20161112",
   "vertices" : 254,
   "faces" : 437,
   "normals" : 0,
   "colors" : 0,
   "uvs" : 0,
   "materials" : 1
  },
  "scale" : 1.0,
  "materials": [{
    "DbgColor": 0,
    "DbgIndex": 0,
    "DbgName" : "skin_48: Skin (fake)",
    "colorAmbient": [0.0, 0.0, 0.0],
    "colorDiffuse": [ 1.000, 0.753, 0.796],
    "colorSpecular": [0.16, 0.16, 0.16]
    }],
  "vertices": [
  0.04226, 0.05, 0.0245,
  0.0419817, 0.0516806, 0.0245,
  0.04226, 0.05, 0.024,
  0.041978, 0.0516969, 0.024,
  0.0417, 0.0533531, 0.0245,
  0.0417, 0.0533866, 0.024,
  0.0413199, 0.0549953, 0.0245,
  0.0413039, 0.0550429, 0.024,
  0.04095, 0.0566391, 0.0245,
  0.04095, 0.0567061, 0.024,
  0.0406292, 0.0583083, 0.0245,
  0.0406112, 0.0583901, 0.024,
  0.0402414, 0.0600708, 0.024,
  0.040263, 0.0599727, 0.0245,
  0.0400332, 0.0616595, 0.0245,
  0.0400201, 0.061776, 0.024,
  0.039981, 0.0633562, 0.0245,
  0.0399898, 0.0634899, 0.024,
  0.040388, 0.0649962, 0.0245,
  0.040438, 0.0651384, 0.024,
  0.0408272, 0.0666388, 0.0245,
  0.0409088, 0.066785, 0.024,
  0.0415, 0.0681864, 0.0245,
  0.0418703, 0.068202, 0.024,
  0.0418593, 0.0698522, 0.0245,
  0.0428915, 0.0695758, 0.024,
  0.0432162, 0.0711553, 0.024,
  0.0422186, 0.071518, 0.0245,
  0.0421065, 0.0723651, 0.024,
  0.04226, 0.0732177, 0.0245,
  0.0406187, 0.0732274, 0.024,
  0.04226, 0.0749218, 0.0245,
  0.0399177, 0.0747653, 0.024,
  0.03983, 0.0764697, 0.024,
  0.0424047, 0.0766162, 0.0245,
  0.0403114, 0.0780453, 0.024,
  0.0417387, 0.0788776, 0.024,
  0.0430956, 0.0781552, 0.0245,
  0.0433013, 0.0795598, 0.024,
  0.0444056, 0.0792138, 0.0245,
  0.0445847, 0.0807062, 0.024,
  0.0457909, 0.0802063, 0.0245,
  0.0457555, 0.0819643, 0.024,
  0.0466664, 0.081666, 0.0245,
  0.0467841, 0.0833382, 0.024,
  0.0471767, 0.0832596, 0.0245,
  0.0471517, 0.0848868, 0.024,
  0.0471412, 0.0849359, 0.0245,
  0.0467833, 0.086602, 0.0245,
  0.0467903, 0.0865693, 0.024,
  0.0466527, 0.0882817, 0.024,
  0.0466518, 0.0882984, 0.0245,
  0.04656, 0.09, 0.0245,
  0.04656, 0.09, 0.024,
  0.04226, 0.05, 0.025,
  0.0419743, 0.0517131, 0.025,
  0.0417, 0.0534199, 0.025,
  0.0412881, 0.0550902, 0.025,
  0.04095, 0.0567727, 0.025,
  0.0405933, 0.0584714, 0.025,
  0.04022, 0.0601683, 0.025,
  0.0400072, 0.0618918, 0.025,
  0.0399985, 0.0636228, 0.025,
  0.0404877, 0.0652797, 0.025,
  0.0409898, 0.0669304, 0.025,
  0.0417083, 0.068507, 0.025,
  0.0423175, 0.0701343, 0.025,
  0.0429267, 0.0717615, 0.025,
  0.0435359, 0.0733887, 0.025,
  0.0441451, 0.0750159, 0.025,
  0.0447543, 0.0766431, 0.025,
  0.0453635, 0.0782703, 0.025,
  0.0459727, 0.0798975, 0.025,
  0.0465819, 0.0815248, 0.025,
  0.047191, 0.083152, 0.025,
  0.0471622, 0.0848379, 0.025,
  0.0467973, 0.0865367, 0.025,
  0.0466536, 0.088265, 0.025,
  0.04656, 0.09, 0.025,
  0.04226, 0.05, 0.0255,
  0.0419743, 0.0517131, 0.0255,
  0.0417, 0.0534199, 0.0255,
  0.0412881, 0.0550902, 0.0255,
  0.04095, 0.0567727, 0.0255,
  0.0405933, 0.0584714, 0.0255,
  0.04022, 0.0601683, 0.0255,
  0.0400072, 0.0618918, 0.0255,
  0.0399985, 0.0636228, 0.0255,
  0.0404877, 0.0652797, 0.0255,
  0.0409898, 0.0669304, 0.0255,
  0.0417083, 0.068507, 0.0255,
  0.0423175, 0.0701343, 0.0255,
  0.0429267, 0.0717615, 0.0255,
  0.0435359, 0.0733887, 0.0255,
  0.0441451, 0.0750159, 0.0255,
  0.0447543, 0.0766431, 0.0255,
  0.0453635, 0.0782703, 0.0255,
  0.0459727, 0.0798975, 0.0255,
  0.0465819, 0.0815248, 0.0255,
  0.047191, 0.083152, 0.0255,
  0.0471622, 0.0848379, 0.0255,
  0.0467973, 0.0865367, 0.0255,
  0.0466536, 0.088265, 0.0255,
  0.04656, 0.09, 0.0255,
  0.04226, 0.05, 0.026,
  0.0419743, 0.0517131, 0.026,
  0.0417, 0.0534199, 0.026,
  0.0412881, 0.0550902, 0.026,
  0.04095, 0.0567727, 0.026,
  0.0405933, 0.0584714, 0.026,
  0.04022, 0.0601683, 0.026,
  0.0400072, 0.0618918, 0.026,
  0.0399985, 0.0636228, 0.026,
  0.0404877, 0.0652797, 0.026,
  0.0409898, 0.0669304, 0.026,
  0.0417083, 0.068507, 0.026,
  0.0423175, 0.0701343, 0.026,
  0.0429267, 0.0717615, 0.026,
  0.0435359, 0.0733887, 0.026,
  0.0441451, 0.0750159, 0.026,
  0.0447543, 0.0766431, 0.026,
  0.0453635, 0.0782703, 0.026,
  0.0459727, 0.0798975, 0.026,
  0.0465819, 0.0815248, 0.026,
  0.047191, 0.083152, 0.026,
  0.0471622, 0.0848379, 0.026,
  0.0467973, 0.0865367, 0.026,
  0.0466536, 0.088265, 0.026,
  0.04656, 0.09, 0.026,
  0.04226, 0.05, 0.0265,
  0.0419743, 0.0517131, 0.0265,
  0.0417, 0.0534199, 0.0265,
  0.0412881, 0.0550902, 0.0265,
  0.04095, 0.0567727, 0.0265,
  0.0405933, 0.0584714, 0.0265,
  0.04022, 0.0601683, 0.0265,
  0.0400072, 0.0618918, 0.0265,
  0.0399985, 0.0636228, 0.0265,
  0.0404877, 0.0652797, 0.0265,
  0.0409898, 0.0669304, 0.0265,
  0.0417083, 0.068507, 0.0265,
  0.0423175, 0.0701343, 0.0265,
  0.0429267, 0.0717615, 0.0265,
  0.0435359, 0.0733887, 0.0265,
  0.0441451, 0.0750159, 0.0265,
  0.0447543, 0.0766431, 0.0265,
  0.0453635, 0.0782703, 0.0265,
  0.0459727, 0.0798975, 0.0265,
  0.0465819, 0.0815248, 0.0265,
  0.047191, 0.083152, 0.0265,
  0.0471622, 0.0848379, 0.0265,
  0.0467973, 0.0865367, 0.0265,
  0.0466536, 0.088265, 0.0265,
  0.04656, 0.09, 0.0265,
  0.04226, 0.05, 0.027,
  0.0419743, 0.0517131, 0.027,
  0.0417, 0.0534199, 0.027,
  0.0412881, 0.0550902, 0.027,
  0.04095, 0.0567727, 0.027,
  0.0405933, 0.0584714, 0.027,
  0.04022, 0.0601683, 0.027,
  0.0400072, 0.0618918, 0.027,
  0.0399985, 0.0636228, 0.027,
  0.0404877, 0.0652797, 0.027,
  0.0409898, 0.0669304, 0.027,
  0.0417083, 0.068507, 0.027,
  0.0423175, 0.0701343, 0.027,
  0.0429267, 0.0717615, 0.027,
  0.0435359, 0.0733887, 0.027,
  0.0441451, 0.0750159, 0.027,
  0.0447543, 0.0766431, 0.027,
  0.0453635, 0.0782703, 0.027,
  0.0459727, 0.0798975, 0.027,
  0.0465819, 0.0815248, 0.027,
  0.047191, 0.083152, 0.027,
  0.0471622, 0.0848379, 0.027,
  0.0467973, 0.0865367, 0.027,
  0.0466536, 0.088265, 0.027,
  0.04656, 0.09, 0.027,
  0.04226, 0.05, 0.0275,
  0.0419743, 0.0517131, 0.0275,
  0.0417, 0.0534199, 0.0275,
  0.0412881, 0.0550902, 0.0275,
  0.04095, 0.0567727, 0.0275,
  0.0405933, 0.0584714, 0.0275,
  0.04022, 0.0601683, 0.0275,
  0.0400072, 0.0618918, 0.0275,
  0.0399985, 0.0636228, 0.0275,
  0.0404877, 0.0652797, 0.0275,
  0.0409898, 0.0669304, 0.0275,
  0.0417083, 0.068507, 0.0275,
  0.0423175, 0.0701343, 0.0275,
  0.0429267, 0.0717615, 0.0275,
  0.0435359, 0.0733887, 0.0275,
  0.0441451, 0.0750159, 0.0275,
  0.0447543, 0.0766431, 0.0275,
  0.0453635, 0.0782703, 0.0275,
  0.0459727, 0.0798975, 0.0275,
  0.0465819, 0.0815248, 0.0275,
  0.047191, 0.083152, 0.0275,
  0.0471622, 0.0848379, 0.0275,
  0.0467973, 0.0865367, 0.0275,
  0.0466536, 0.088265, 0.0275,
  0.04656, 0.09, 0.0275,
  0.04226, 0.05, 0.028,
  0.0419743, 0.0517131, 0.028,
  0.0417, 0.0534199, 0.028,
  0.0412881, 0.0550902, 0.028,
  0.04095, 0.0567727, 0.028,
  0.0405933, 0.0584714, 0.028,
  0.04022, 0.0601683, 0.028,
  0.0400072, 0.0618918, 0.028,
  0.0399985, 0.0636228, 0.028,
  0.0404877, 0.0652797, 0.028,
  0.0409898, 0.0669304, 0.028,
  0.0417083, 0.068507, 0.028,
  0.0423175, 0.0701343, 0.028,
  0.0429267, 0.0717615, 0.028,
  0.0435359, 0.0733887, 0.028,
  0.0441451, 0.0750159, 0.028,
  0.0447543, 0.0766431, 0.028,
  0.0453635, 0.0782703, 0.028,
  0.0459727, 0.0798975, 0.028,
  0.0465819, 0.0815248, 0.028,
  0.047191, 0.083152, 0.028,
  0.0471622, 0.0848379, 0.028,
  0.0467973, 0.0865367, 0.028,
  0.0466536, 0.088265, 0.028,
  0.04656, 0.09, 0.028,
  0.04226, 0.05, 0.0285,
  0.0419743, 0.0517131, 0.0285,
  0.0417, 0.0534199, 0.0285,
  0.0412881, 0.0550902, 0.0285,
  0.04095, 0.0567727, 0.0285,
  0.0405933, 0.0584714, 0.0285,
  0.04022, 0.0601683, 0.0285,
  0.0400072, 0.0618918, 0.0285,
  0.0399985, 0.0636228, 0.0285,
  0.0404877, 0.0652797, 0.0285,
  0.0409898, 0.0669304, 0.0285,
  0.0417083, 0.068507, 0.0285,
  0.0423175, 0.0701343, 0.0285,
  0.0429267, 0.0717615, 0.0285,
  0.0435359, 0.0733887, 0.0285,
  0.0441451, 0.0750159, 0.0285,
  0.0447543, 0.0766431, 0.0285,
