 {
  "metadata" :
  {
   "formatVersion" : 3,
   "sourceFile" : "mch002r_022d",
   "generatedBy" : "Tr3 20161112",
   "vertices" : 100,
   "faces" : 144,
   "normals" : 0,
   "colors" : 0,
   "uvs" : 0,
   "materials" : 1
  },
  "scale" : 1.0,
  "materials": [{
    "DbgColor": 0,
    "DbgIndex": 0,
    "DbgName" : "os_temp_postmed_34: Temporal bone",
    "colorAmbient": [0.0, 0.0, 0.0],
    "colorDiffuse": [ 1.000, 0.784, 0.588],
    "colorSpecular": [0.16, 0.16, 0.16]
    }],
  "vertices": [
  0.05923, 0.09, 0.0175,
  0.0593464, 0.0884285, 0.017,
  0.05878, 0.09, 0.017,
  0.0600614, 0.0885422, 0.0175,
  0.0604203, 0.0872051, 0.017,
  0.0614594, 0.0875753, 0.0175,
  0.0619662, 0.0868131, 0.017,
  0.0628173, 0.0865612, 0.0175,
  0.06309, 0.08554, 0.017,
  0.0642216, 0.0862988, 0.0175,
  0.0646119, 0.0853618, 0.017,
  0.0658218, 0.085919, 0.0175,
  0.0661951, 0.0851269, 0.017,
  0.0664539, 0.084545, 0.0175,
  0.0666756, 0.0835101, 0.017,
  0.0664755, 0.0828519, 0.0175,
  0.0673612, 0.0819771, 0.017,
  0.0674989, 0.081557, 0.0175,
  0.0688038, 0.0811411, 0.017,
  0.0690638, 0.0808985, 0.0175,
  0.0701502, 0.0801685, 0.017,
  0.0704308, 0.0799064, 0.0175,
  0.07096, 0.0786919, 0.017,
  0.0709369, 0.0783805, 0.0175,
  0.0718116, 0.0772736, 0.017,
  0.0714328, 0.0768124, 0.0175,
  0.0730998, 0.0764692, 0.0175,
  0.0731579, 0.0762403, 0.017,
  0.07396, 0.0752242, 0.0175,
  0.0743492, 0.0751998, 0.017,
  0.0746778, 0.0739189, 0.0175,
  0.0751344, 0.0737529, 0.017,
  0.0756742, 0.0725642, 0.0175,
  0.0760835, 0.0723575, 0.017,
  0.0765815, 0.0711575, 0.0175,
  0.0768136, 0.0708224, 0.017,
  0.0767768, 0.0695947, 0.0175,
  0.0770952, 0.0692333, 0.017,
  0.07605, 0.0682623, 0.017,
  0.0752023, 0.069143, 0.0175,
  0.0757765, 0.0677381, 0.0175,
  0.07658, 0.0666642, 0.017,
  0.0763429, 0.0662522, 0.0175,
  0.0761302, 0.0651441, 0.017,
  0.0752435, 0.0652808, 0.0175,
  0.0746213, 0.0649706, 0.017,
  0.0736348, 0.0657635, 0.0175,
  0.0730823, 0.0655165, 0.017,
  0.0720342, 0.0656229, 0.0175,
  0.0713881, 0.065413, 0.017,
  0.07037, 0.0657, 0.0175,
  0.06978, 0.06595, 0.017,
  0.06031, 0.09, 0.018,
  0.0614919, 0.0888158, 0.018,
  0.062786, 0.08776, 0.018,
  0.0639961, 0.0868391, 0.018,
  0.0654374, 0.0860413, 0.018,
  0.0662157, 0.0847688, 0.018,
  0.0661058, 0.0830948, 0.018,
  0.0670203, 0.0817209, 0.018,
  0.0675251, 0.0802455, 0.018,
  0.069065, 0.0796573, 0.018,
  0.0704051, 0.0788649, 0.018,
  0.0707208, 0.0772293, 0.018,
  0.0722257, 0.0766251, 0.018,
  0.0734, 0.0757398, 0.018,
  0.0741138, 0.0743452, 0.018,
  0.0752035, 0.0730732, 0.018,
  0.07602, 0.0716225, 0.018,
  0.075934, 0.0699707, 0.018,
  0.075624, 0.0686501, 0.018,
  0.0759982, 0.0673824, 0.018,
  0.0753909, 0.0661243, 0.018,
  0.0737423, 0.0660707, 0.018,
  0.0720681, 0.0662, 0.018,
  0.07041, 0.06601, 0.018,
  0.06136, 0.09, 0.0185,
  0.0623954, 0.0886534, 0.0185,
  0.0633959, 0.0872754, 0.0185,
  0.064657, 0.0861624, 0.0185,
  0.06598, 0.0853412, 0.0185,
  0.06582, 0.0836517, 0.0185,
  0.0662616, 0.0820221, 0.0185,
  0.0662924, 0.0803378, 0.0185,
  0.0677544, 0.0796352, 0.0185,
  0.0693565, 0.0790725, 0.0185,
  0.0701724, 0.077677, 0.0185,
  0.0712642, 0.0766593, 0.0185,
  0.0729307, 0.0763544, 0.0185,
  0.0742444, 0.0752901, 0.0185,
  0.075269, 0.0739346, 0.0185,
  0.0760649, 0.0724309, 0.0185,
  0.0758557, 0.0709073, 0.0185,
  0.0755902, 0.0692316, 0.0185,
  0.0750019, 0.0676465, 0.0185,
  0.0736835, 0.0665914, 0.0185,
  0.0720325, 0.066243, 0.0185,
  0.0704129, 0.0665378, 0.0185,
  0.0691682, 0.0676751, 0.0185,
  0.06773, 0.0685, 0.0185
 ],
 "morphTargets": [],
 "morphColors": [],
 "normals": [],
 "colors": [],
 "uvs": [[]],
  "faces": [
  2, 0, 1, 2, 0,
  2, 0, 3, 1, 0,
  2, 3, 4, 1, 0,
  2, 3, 5, 4, 0,
  2, 5, 6, 4, 0,
  2, 5, 7, 6, 0,
  2, 7, 8, 6, 0,
  2, 7, 9, 8, 0,
  2, 9, 10, 8, 0,
  2, 9, 11, 10, 0,
  2, 11, 12, 10, 0,
  2, 11, 13, 12, 0,
  2, 13, 14, 12, 0,
  2, 13, 15, 14, 0,
  2, 15, 16, 14, 0,
  2, 15, 17, 16, 0,
  2, 17, 18, 16, 0,
  2, 17, 19, 18, 0,
  2, 19, 20, 18, 0,
  2, 19, 21, 20, 0,
  2, 21, 22, 20, 0,
  2, 21, 23, 22, 0,
  2, 23, 24, 22, 0,
  2, 23, 25, 24, 0,
  2, 25, 26, 24, 0,
  2, 26, 27, 24, 0,
  2, 26, 28, 27, 0,
  2, 28, 29, 27, 0,
  2, 28, 30, 29, 0,
  2, 30, 31, 29, 0,
  2, 30, 32, 31, 0,
  2, 32, 33, 31, 0,
  2, 32, 34, 33, 0,
  2, 34, 35, 33, 0,
  2, 34, 36, 35, 0,
  2, 36, 37, 35, 0,
  2, 36, 38, 37, 0,
  2, 36, 39, 38, 0,
  2, 39, 40, 38, 0,
  2, 40, 41, 38, 0,
  2, 40, 42, 41, 0,
  2, 42, 43, 41, 0,
  2, 42, 44, 43, 0,
  2, 44, 45, 43, 0,
  2, 44, 46, 45, 0,
  2, 46, 47, 45, 0,
  2, 46, 48, 47, 0,
  2, 48, 49, 47, 0,
  2, 48, 50, 49, 0,
  2, 50, 51, 49, 0,
  2, 52, 3, 0, 0,
  2, 52, 53, 3, 0,
  2, 53, 5, 3, 0,
  2, 53, 54, 5, 0,
  2, 54, 7, 5, 0,
  2, 54, 55, 7, 0,
  2, 55, 9, 7, 0,
  2, 55, 56, 9, 0,
  2, 56, 11, 9, 0,
  2, 56, 57, 11, 0,
  2, 57, 13, 11, 0,
  2, 57, 58, 13, 0,
  2, 58, 15, 13, 0,
  2, 58, 59, 15, 0,
  2, 59, 17, 15, 0,
  2, 59, 60, 17, 0,
  2, 60, 19, 17, 0,
  2, 60, 61, 19, 0,
  2, 61, 21, 19, 0,
  2, 61, 62, 21, 0,
  2, 62, 23, 21, 0,
  2, 62, 63, 23, 0,
  2, 63, 25, 23, 0,
  2, 63, 64, 25, 0,
  2, 64, 26, 25, 0,
  2, 64, 65, 26, 0,
  2, 65, 28, 26, 0,
  2, 65, 66, 28, 0,
  2, 66, 30, 28, 0,
  2, 66, 67, 30, 0,
  2, 67, 32, 30, 0,
  2, 67, 68, 32, 0,
  2, 68, 34, 32, 0,
  2, 68, 69, 34, 0,
  2, 69, 36, 34, 0,
  2, 69, 39, 36, 0,
  2, 69, 70, 39, 0,
  2, 70, 40, 39, 0,
  2, 70, 71, 40, 0,
  2, 71, 42, 40, 0,
  2, 71, 72, 42, 0,
  2, 72, 44, 42, 0,
  2, 72, 73, 44, 0,
  2, 73, 46, 44, 0,
  2, 73, 74, 46, 0,
  2, 74, 48, 46, 0,
  2, 74, 75, 48, 0,
  2, 75, 50, 48, 0,
  2, 76, 53, 52, 0,
  2, 76, 77, 53, 0,
  2, 77, 54, 53, 0,
  2, 77, 78, 54, 0,
  2, 78, 55, 54, 0,
  2, 78, 79, 55, 0,
  2, 79, 56, 55, 0,
  2, 79, 80, 56, 0,
  2, 80, 57, 56, 0,
  2, 80, 81, 57, 0,
  2, 81, 58, 57, 0,
  2, 81, 82, 58, 0,
  2, 82, 59, 58, 0,
  2, 82, 83, 59, 0,
  2, 83, 60, 59, 0,
  2, 83, 84, 60, 0,
  2, 84, 61, 60, 0,
  2, 84, 85, 61, 0,
  2, 85, 62, 61, 0,
  2, 85, 86, 62, 0,
  2, 86, 63, 62, 0,
  2, 86, 87, 63, 0,
  2, 87, 64, 63, 0,
  2, 87, 88, 64, 0,
  2, 88, 65, 64, 0,
  2, 88, 89, 65, 0,
  2, 89, 66, 65, 0,
  2, 89, 90, 66, 0,
  2, 90, 67, 66, 0,
  2, 90, 91, 67, 0,
  2, 91, 68, 67, 0,
  2, 91, 92, 68, 0,
  2, 92, 69, 68, 0,
  2, 92, 93, 69, 0,
  2, 93, 70, 69, 0,
  2, 93, 94, 70, 0,
  2, 94, 71, 70, 0,
  2, 94, 72, 71, 0,
  2, 94, 95, 72, 0,
  2, 95, 73, 72, 0,
  2, 95, 74, 73, 0,
  2, 95, 96, 74, 0,
  2, 96, 75, 74, 0,
  2, 96, 97, 75, 0,
  2, 97, 98, 75, 0,
  2, 98, 99, 75, 0
]
 }
