 {
  "metadata" :
  {
   "formatVersion" : 3,
   "sourceFile" : "mch002r_022d",
   "generatedBy" : "Tr3 20161112",
   "vertices" : 55,
   "faces" : 53,
   "normals" : 0,
   "colors" : 0,
   "uvs" : 0,
   "materials" : 1
  },
  "scale" : 1.0,
  "materials": [{
    "DbgColor": 0,
    "DbgIndex": 0,
    "DbgName" : "Join os_temp_postmed_34: Temporal bone",
    "colorAmbient": [0.0, 0.0, 0.0],
    "colorDiffuse": [ 1.000, 0.784, 0.588],
    "colorSpecular": [0.16, 0.16, 0.16]
    }],
  "vertices": [
  0.05878, 0.09, 0.017,
  0.0590413, 0.0886365, 0.0165,
  0.05803, 0.09, 0.0165,
  0.06309, 0.08554, 0.017,
  0.0639327, 0.0848723, 0.0165,
  0.0624348, 0.0849579, 0.0165,
  0.0646119, 0.0853618, 0.017,
  0.0656111, 0.0848782, 0.0165,
  0.0661951, 0.0851269, 0.017,
  0.0663017, 0.083401, 0.0165,
  0.0666756, 0.0835101, 0.017,
  0.0677219, 0.0824791, 0.0165,
  0.0673612, 0.0819771, 0.017,
  0.0688038, 0.0811411, 0.017,
  0.0593464, 0.0884285, 0.017,
  0.0599253, 0.0871721, 0.0165,
  0.0604203, 0.0872051, 0.017,
  0.0610543, 0.0859155, 0.0165,
  0.0619662, 0.0868131, 0.017,
  0.07096, 0.0786919, 0.017,
  0.0718116, 0.0772736, 0.017,
  0.0715629, 0.0776085, 0.0165,
  0.0730146, 0.0767418, 0.0165,
  0.0731579, 0.0762403, 0.017,
  0.0741614, 0.0754652, 0.0165,
  0.0743492, 0.0751998, 0.017,
  0.0751904, 0.0741053, 0.0165,
  0.0751344, 0.0737529, 0.017,
  0.0762392, 0.0727438, 0.0165,
  0.0760835, 0.0723575, 0.017,
  0.0769567, 0.0711852, 0.0165,
  0.0768136, 0.0708224, 0.017,
  0.077308, 0.0695166, 0.0165,
  0.0770952, 0.0692333, 0.017,
  0.0766822, 0.0681526, 0.0165,
  0.07605, 0.0682623, 0.017,
  0.07658, 0.0666642, 0.017,
  0.0769266, 0.0664652, 0.0165,
  0.0761302, 0.0651441, 0.017,
  0.0771991, 0.0647707, 0.0165,
  0.0763524, 0.0639949, 0.0165,
  0.0749108, 0.0649236, 0.0165,
  0.0746213, 0.0649706, 0.017,
  0.0732651, 0.06517, 0.0165,
  0.0730823, 0.0655165, 0.017,
  0.0715535, 0.06529, 0.0165,
  0.0690527, 0.0813906, 0.0165,
  0.0701502, 0.0801685, 0.017,
  0.0704221, 0.0803572, 0.0165,
  0.0705263, 0.0789303, 0.0165,
  0.0699023, 0.077966, 0.0165,
  0.0713881, 0.065413, 0.017,
  0.06978, 0.06595, 0.017,
  0.0699475, 0.0658321, 0.0165,
  0.06875, 0.06698, 0.0165
 ],
 "morphTargets": [],
 "morphColors": [],
 "normals": [],
 "colors": [],
 "uvs": [[]],
  "faces": [
  2, 0, 1, 2, 0,
  2, 3, 4, 5, 0,
  2, 3, 6, 4, 0,
  2, 6, 7, 4, 0,
  2, 6, 8, 7, 0,
  2, 8, 9, 7, 0,
  2, 8, 10, 9, 0,
  2, 10, 11, 9, 0,
  2, 10, 12, 11, 0,
  2, 12, 13, 11, 0,
  2, 0, 14, 1, 0,
  2, 14, 15, 1, 0,
  2, 14, 16, 15, 0,
  2, 16, 17, 15, 0,
  2, 16, 18, 17, 0,
  2, 18, 5, 17, 0,
  2, 18, 3, 5, 0,
  2, 19, 20, 21, 0,
  2, 20, 22, 21, 0,
  2, 20, 23, 22, 0,
  2, 23, 24, 22, 0,
  2, 23, 25, 24, 0,
  2, 25, 26, 24, 0,
  2, 25, 27, 26, 0,
  2, 27, 28, 26, 0,
  2, 27, 29, 28, 0,
  2, 29, 30, 28, 0,
  2, 29, 31, 30, 0,
  2, 31, 32, 30, 0,
  2, 31, 33, 32, 0,
  2, 33, 34, 32, 0,
  2, 33, 35, 34, 0,
  2, 35, 36, 34, 0,
  2, 36, 37, 34, 0,
  2, 36, 38, 37, 0,
  2, 38, 39, 37, 0,
  2, 38, 40, 39, 0,
  2, 38, 41, 40, 0,
  2, 38, 42, 41, 0,
  2, 42, 43, 41, 0,
  2, 42, 44, 43, 0,
  2, 44, 45, 43, 0,
  2, 13, 46, 11, 0,
  2, 13, 47, 46, 0,
  2, 47, 48, 46, 0,
  2, 47, 49, 48, 0,
  2, 47, 19, 49, 0,
  2, 19, 50, 49, 0,
  2, 19, 21, 50, 0,
  2, 51, 52, 53, 0,
  2, 52, 54, 53, 0,
  2, 44, 51, 45, 0,
  2, 51, 53, 45, 0
]
 }
