 {
  "metadata" :
  {
   "formatVersion" : 3,
   "sourceFile" : "mch002r_022d",
   "generatedBy" : "Tr3 20161112",
   "vertices" : 37,
   "faces" : 50,
   "normals" : 0,
   "colors" : 0,
   "uvs" : 0,
   "materials" : 1
  },
  "scale" : 1.0,
  "materials": [{
    "DbgColor": 0,
    "DbgIndex": 0,
    "DbgName" : "Cap csft1-33T: (no description)",
    "colorAmbient": [0.0, 0.0, 0.0],
    "colorDiffuse": [ 1.000, 1.000, 1.000],
    "colorSpecular": [0.16, 0.16, 0.16]
    }],
  "vertices": [
  0.052973, 0.0637002, 0.0165,
  0.05549, 0.06709, 0.0165,
  0.0508323, 0.0673325, 0.0165,
  0.0529095, 0.0550282, 0.0165,
  0.0566494, 0.0545437, 0.0165,
  0.0563908, 0.0577229, 0.0165,
  0.0516431, 0.0594529, 0.0165,
  0.0558832, 0.0608605, 0.0165,
  0.0553472, 0.064001, 0.0165,
  0.0480369, 0.05102, 0.0165,
  0.05615, 0.05142, 0.0165,
  0.0490343, 0.0788867, 0.0165,
  0.0451715, 0.0818043, 0.0165,
  0.0445898, 0.0739299, 0.0165,
  0.0499502, 0.0746125, 0.0165,
  0.0488756, 0.0709358, 0.0165,
  0.0462557, 0.0676531, 0.0165,
  0.0404469, 0.0669818, 0.0165,
  0.0441563, 0.0632754, 0.0165,
  0.0393452, 0.0588992, 0.0165,
  0.0461217, 0.0593845, 0.0165,
  0.0485309, 0.0865959, 0.0165,
  0.0491404, 0.0900238, 0.0165,
  0.04432, 0.0899, 0.0165,
  0.054, 0.0899, 0.0165,
  0.052506, 0.0871045, 0.0165,
  0.0515166, 0.0841471, 0.0165,
  0.03992, 0.05077, 0.0165,
  0.0443942, 0.0552135, 0.0165,
  0.0486081, 0.0560158, 0.0165,
  0.0486564, 0.0634655, 0.0165,
  0.0527561, 0.0711514, 0.0165,
  0.0560759, 0.0702016, 0.0165,
  0.0552752, 0.0729595, 0.0165,
  0.0527956, 0.0749283, 0.0165,
  0.0516501, 0.0778432, 0.0165,
  0.0513275, 0.0809832, 0.0165
 ],
 "morphTargets": [],
 "morphColors": [],
 "normals": [],
 "colors": [],
 "uvs": [[]],
  "faces": [
  2, 0, 1, 2, 0,
  2, 3, 4, 5, 0,
  2, 3, 5, 6, 0,
  2, 6, 5, 7, 0,
  2, 6, 7, 0, 0,
  2, 0, 7, 8, 0,
  2, 0, 8, 1, 0,
  2, 3, 9, 10, 0,
  2, 3, 10, 4, 0,
  2, 11, 12, 13, 0,
  2, 11, 13, 14, 0,
  2, 14, 13, 15, 0,
  2, 15, 13, 16, 0,
  2, 16, 13, 17, 0,
  2, 16, 17, 18, 0,
  2, 18, 17, 19, 0,
  2, 18, 19, 20, 0,
  2, 21, 22, 23, 0,
  2, 21, 23, 12, 0,
  2, 24, 22, 25, 0,
  2, 22, 21, 25, 0,
  2, 25, 21, 26, 0,
  2, 21, 12, 26, 0,
  2, 26, 12, 11, 0,
  2, 27, 28, 19, 0,
  2, 19, 28, 20, 0,
  2, 29, 6, 20, 0,
  2, 29, 3, 6, 0,
  2, 20, 30, 18, 0,
  2, 20, 6, 30, 0,
  2, 6, 0, 30, 0,
  2, 18, 30, 16, 0,
  2, 2, 1, 31, 0,
  2, 31, 1, 32, 0,
  2, 31, 32, 33, 0,
  2, 31, 33, 34, 0,
  2, 31, 34, 14, 0,
  2, 14, 34, 35, 0,
  2, 14, 35, 11, 0,
  2, 11, 35, 36, 0,
  2, 11, 36, 26, 0,
  2, 28, 29, 20, 0,
  2, 16, 2, 15, 0,
  2, 2, 31, 15, 0,
  2, 15, 31, 14, 0,
  2, 28, 27, 9, 0,
  2, 28, 9, 29, 0,
  2, 29, 9, 3, 0,
  2, 30, 2, 16, 0,
  2, 30, 0, 2, 0
]
 }
