 {
  "metadata" :
  {
   "formatVersion" : 3,
   "sourceFile" : "mch002r_022d",
   "generatedBy" : "Tr3 20161112",
   "vertices" : 103,
   "faces" : 101,
   "normals" : 0,
   "colors" : 0,
   "uvs" : 0,
   "materials" : 1
  },
  "scale" : 1.0,
  "materials": [{
    "DbgColor": 0,
    "DbgIndex": 0,
    "DbgName" : "skin_22: Skin",
    "colorAmbient": [0.0, 0.0, 0.0],
    "colorDiffuse": [ 1.000, 0.753, 0.796],
    "colorSpecular": [0.16, 0.16, 0.16]
    }],
  "vertices": [
  0.03964, 0.05, 0.0115,
  0.0392257, 0.051669, 0.011,
  0.03964, 0.05, 0.011,
  0.0393462, 0.051723, 0.0115,
  0.0389798, 0.0533645, 0.011,
  0.0391592, 0.0534596, 0.0115,
  0.0390961, 0.0550759, 0.011,
  0.0392796, 0.0551982, 0.0115,
  0.039301, 0.056784, 0.011,
  0.0394806, 0.0569343, 0.0115,
  0.0395325, 0.0584888, 0.011,
  0.0397036, 0.0586678, 0.0115,
  0.0390884, 0.0600188, 0.011,
  0.0394373, 0.0602978, 0.0115,
  0.0381847, 0.0614737, 0.011,
  0.0385313, 0.0617925, 0.0115,
  0.037436, 0.0630227, 0.011,
  0.0376899, 0.0633195, 0.0115,
  0.036883, 0.0646392, 0.011,
  0.0370887, 0.0649532, 0.0115,
  0.0368687, 0.0663233, 0.011,
  0.0371359, 0.066684, 0.0115,
  0.0376618, 0.0677542, 0.011,
  0.0379858, 0.0681598, 0.0115,
  0.0391508, 0.0676273, 0.011,
  0.0395092, 0.0677899, 0.0115,
  0.039882, 0.0660984, 0.0115,
  0.0396319, 0.0659998, 0.011,
  0.0403046, 0.06461, 0.011,
  0.0405583, 0.0659887, 0.011,
  0.0408855, 0.0650961, 0.0115,
  0.0407229, 0.0666852, 0.0115,
  0.0398691, 0.067563, 0.011,
  0.0396725, 0.0680549, 0.0115,
  0.0390919, 0.0690975, 0.011,
  0.0390179, 0.0696725, 0.0115,
  0.0381926, 0.0705571, 0.011,
  0.0383979, 0.0713024, 0.0115,
  0.0374325, 0.0720944, 0.011,
  0.0385465, 0.0730749, 0.011,
  0.0397574, 0.0718606, 0.011,
  0.0395955, 0.0710917, 0.0115,
  0.0409135, 0.0705864, 0.011,
  0.0408842, 0.0699148, 0.0115,
  0.0420767, 0.069319, 0.011,
  0.0419478, 0.0685333, 0.0115,
  0.043297, 0.0681101, 0.011,
  0.0427452, 0.0669803, 0.0115,
  0.0440157, 0.0670969, 0.0115,
  0.044666, 0.0683063, 0.011,
  0.045049, 0.0685033, 0.0115,
  0.0456698, 0.070075, 0.0115,
  0.0452822, 0.0698686, 0.011,
  0.0454366, 0.0715821, 0.011,
  0.0456221, 0.0718073, 0.0115,
  0.0451772, 0.0732818, 0.011,
  0.0452263, 0.0735097, 0.0115,
  0.0446475, 0.074914, 0.011,
  0.0446697, 0.0751629, 0.0115,
  0.0439594, 0.0764839, 0.011,
  0.0440461, 0.0767957, 0.0115,
  0.0430977, 0.077973, 0.011,
  0.0434226, 0.0784285, 0.0115,
  0.0418601, 0.0791598, 0.011,
  0.0422107, 0.0796418, 0.0115,
  0.0405892, 0.08022, 0.0115,
  0.0402938, 0.0797493, 0.011,
  0.0388689, 0.0799669, 0.0115,
  0.0387605, 0.0791713, 0.011,
  0.0374798, 0.0789542, 0.0115,
  0.0374533, 0.078053, 0.011,
  0.0361982, 0.0777765, 0.0115,
  0.0361335, 0.0769659, 0.011,
  0.0346737, 0.0774372, 0.011,
  0.0346614, 0.0777387, 0.0115,
  0.0334154, 0.0786103, 0.011,
  0.0333407, 0.078881, 0.0115,
  0.031927, 0.0790382, 0.011,
  0.0317767, 0.0794512, 0.0115,
  0.0319342, 0.0805884, 0.011,
  0.0321121, 0.0809221, 0.0115,
  0.0331885, 0.081766, 0.011,
  0.033348, 0.082158, 0.0115,
  0.0344429, 0.0829435, 0.011,
  0.0345839, 0.0833939, 0.0115,
  0.0358443, 0.0839144, 0.011,
  0.0361027, 0.0841378, 0.0115,
  0.0374897, 0.0834751, 0.011,
  0.0376251, 0.0833443, 0.0115,
  0.0390487, 0.0827503, 0.011,
  0.0391978, 0.0826872, 0.0115,
  0.0406904, 0.0823147, 0.011,
  0.0409191, 0.0823841, 0.0115,
  0.0418268, 0.0832286, 0.011,
  0.0421068, 0.0832605, 0.0115,
  0.0416911, 0.0849216, 0.011,
  0.0423022, 0.084908, 0.0115,
  0.0417669, 0.0865117, 0.0115,
  0.0412616, 0.0865876, 0.011,
  0.0416649, 0.0882525, 0.0115,
  0.0412317, 0.0883022, 0.011,
  0.04151, 0.09, 0.011,
  0.0417, 0.09, 0.0115
 ],
 "morphTargets": [],
 "morphColors": [],
 "normals": [],
 "colors": [],
 "uvs": [[]],
  "faces": [
  2, 0, 1, 2, 0,
  2, 0, 3, 1, 0,
  2, 3, 4, 1, 0,
  2, 3, 5, 4, 0,
  2, 5, 6, 4, 0,
  2, 5, 7, 6, 0,
  2, 7, 8, 6, 0,
  2, 7, 9, 8, 0,
  2, 9, 10, 8, 0,
  2, 9, 11, 10, 0,
  2, 11, 12, 10, 0,
  2, 11, 13, 12, 0,
  2, 13, 14, 12, 0,
  2, 13, 15, 14, 0,
  2, 15, 16, 14, 0,
  2, 15, 17, 16, 0,
  2, 17, 18, 16, 0,
  2, 17, 19, 18, 0,
  2, 19, 20, 18, 0,
  2, 19, 21, 20, 0,
  2, 21, 22, 20, 0,
  2, 21, 23, 22, 0,
  2, 23, 24, 22, 0,
  2, 23, 25, 24, 0,
  2, 25, 26, 24, 0,
  2, 26, 27, 24, 0,
  2, 26, 28, 27, 0,
  2, 26, 29, 28, 0,
  2, 26, 30, 29, 0,
  2, 30, 31, 29, 0,
  2, 31, 32, 29, 0,
  2, 31, 33, 32, 0,
  2, 33, 34, 32, 0,
  2, 33, 35, 34, 0,
  2, 35, 36, 34, 0,
  2, 35, 37, 36, 0,
  2, 37, 38, 36, 0,
  2, 37, 39, 38, 0,
  2, 37, 40, 39, 0,
  2, 37, 41, 40, 0,
  2, 41, 42, 40, 0,
  2, 41, 43, 42, 0,
  2, 43, 44, 42, 0,
  2, 43, 45, 44, 0,
  2, 45, 46, 44, 0,
  2, 45, 47, 46, 0,
  2, 47, 48, 46, 0,
  2, 48, 49, 46, 0,
  2, 48, 50, 49, 0,
  2, 50, 51, 49, 0,
  2, 51, 52, 49, 0,
  2, 51, 53, 52, 0,
  2, 51, 54, 53, 0,
  2, 54, 55, 53, 0,
  2, 54, 56, 55, 0,
  2, 56, 57, 55, 0,
  2, 56, 58, 57, 0,
  2, 58, 59, 57, 0,
  2, 58, 60, 59, 0,
  2, 60, 61, 59, 0,
  2, 60, 62, 61, 0,
  2, 62, 63, 61, 0,
  2, 62, 64, 63, 0,
  2, 64, 65, 63, 0,
  2, 65, 66, 63, 0,
  2, 65, 67, 66, 0,
  2, 67, 68, 66, 0,
  2, 67, 69, 68, 0,
  2, 69, 70, 68, 0,
  2, 69, 71, 70, 0,
  2, 71, 72, 70, 0,
  2, 71, 73, 72, 0,
  2, 71, 74, 73, 0,
  2, 74, 75, 73, 0,
  2, 74, 76, 75, 0,
  2, 76, 77, 75, 0,
  2, 76, 78, 77, 0,
  2, 78, 79, 77, 0,
  2, 78, 80, 79, 0,
  2, 80, 81, 79, 0,
  2, 80, 82, 81, 0,
  2, 82, 83, 81, 0,
  2, 82, 84, 83, 0,
  2, 84, 85, 83, 0,
  2, 84, 86, 85, 0,
  2, 86, 87, 85, 0,
  2, 86, 88, 87, 0,
  2, 88, 89, 87, 0,
  2, 88, 90, 89, 0,
  2, 90, 91, 89, 0,
  2, 90, 92, 91, 0,
  2, 92, 93, 91, 0,
  2, 92, 94, 93, 0,
  2, 94, 95, 93, 0,
  2, 94, 96, 95, 0,
  2, 96, 97, 95, 0,
  2, 97, 98, 95, 0,
  2, 97, 99, 98, 0,
  2, 99, 100, 98, 0,
  2, 99, 101, 100, 0,
  2, 99, 102, 101, 0
]
 }
