 {
  "metadata" :
  {
   "formatVersion" : 3,
   "sourceFile" : "mch002r_022d",
   "generatedBy" : "Tr3 20161112",
   "vertices" : 8,
   "faces" : 8,
   "normals" : 0,
   "colors" : 0,
   "uvs" : 0,
   "materials" : 1
  },
  "scale" : 1.0,
  "materials": [{
    "DbgColor": 0,
    "DbgIndex": 0,
    "DbgName" : "Join stp_32: stapes",
    "colorAmbient": [0.0, 0.0, 0.0],
    "colorDiffuse": [ 1.000, 0.784, 0.588],
    "colorSpecular": [0.16, 0.16, 0.16]
    }],
  "vertices": [
  0.06234, 0.07377, 0.016,
  0.06211, 0.07401, 0.016,
  0.06241, 0.07436, 0.0155,
  0.0626675, 0.0750054, 0.016,
  0.0631925, 0.0744196, 0.016,
  0.0631259, 0.0748515, 0.0155,
  0.0619999, 0.0747867, 0.016,
  0.0631138, 0.0737718, 0.016
 ],
 "morphTargets": [],
 "morphColors": [],
 "normals": [],
 "colors": [],
 "uvs": [[]],
  "faces": [
  2, 0, 1, 2, 0,
  2, 3, 4, 5, 0,
  2, 1, 6, 2, 0,
  2, 6, 3, 2, 0,
  2, 3, 5, 2, 0,
  2, 7, 2, 5, 0,
  2, 4, 7, 5, 0,
  2, 7, 0, 2, 0
]
 }
