 {
  "metadata" :
  {
   "formatVersion" : 3,
   "sourceFile" : "mch002r_022d",
   "generatedBy" : "Tr3 20161112",
   "vertices" : 44,
   "faces" : 52,
   "normals" : 0,
   "colors" : 0,
   "uvs" : 0,
   "materials" : 1
  },
  "scale" : 1.0,
  "materials": [{
    "DbgColor": 0,
    "DbgIndex": 0,
    "DbgName" : "labvest_med_26: Vestibule",
    "colorAmbient": [0.0, 0.0, 0.0],
    "colorDiffuse": [ 0.678, 0.847, 0.902],
    "colorSpecular": [0.16, 0.16, 0.16]
    }],
  "vertices": [
  0.06481, 0.07507, 0.0135,
  0.06524, 0.07437, 0.013,
  0.06446, 0.0743, 0.013,
  0.06542, 0.07488, 0.0135,
  0.06588, 0.07463, 0.013,
  0.0662, 0.07519, 0.0135,
  0.06625, 0.07527, 0.013,
  0.06643, 0.07581, 0.0135,
  0.0664, 0.07583, 0.013,
  0.0664, 0.07646, 0.013,
  0.06639, 0.07658, 0.0135,
  0.06618, 0.0771, 0.013,
  0.06614, 0.07751, 0.0135,
  0.06603, 0.07774, 0.013,
  0.06609, 0.07817, 0.0135,
  0.06603, 0.0786, 0.013,
  0.06593, 0.07882, 0.0135,
  0.06584, 0.07942, 0.013,
  0.06579, 0.07929, 0.0135,
  0.06558, 0.07976, 0.0135,
  0.06528, 0.07998, 0.013,
  0.06453, 0.07979, 0.0135,
  0.06468, 0.08013, 0.013,
  0.06412, 0.08002, 0.013,
  0.06382, 0.08024, 0.0135,
  0.06511, 0.07536, 0.014,
  0.06541, 0.07504, 0.014,
  0.06565, 0.07503, 0.014,
  0.06604, 0.07513, 0.014,
  0.06629, 0.07545, 0.014,
  0.06635, 0.07583, 0.014,
  0.06635, 0.07626, 0.014,
  0.06626, 0.07669, 0.014,
  0.06614, 0.07701, 0.014,
  0.06604, 0.07734, 0.014,
  0.06598, 0.07768, 0.014,
  0.066, 0.07812, 0.014,
  0.06601, 0.07849, 0.014,
  0.06598, 0.07898, 0.014,
  0.06579, 0.0794, 0.014,
  0.06543, 0.0796, 0.014,
  0.06497, 0.0796, 0.014,
  0.0645, 0.07966, 0.014,
  0.06399, 0.07988, 0.014
 ],
 "morphTargets": [],
 "morphColors": [],
 "normals": [],
 "colors": [],
 "uvs": [[]],
  "faces": [
  2, 0, 1, 2, 0,
  2, 0, 3, 1, 0,
  2, 3, 4, 1, 0,
  2, 3, 5, 4, 0,
  2, 5, 6, 4, 0,
  2, 5, 7, 6, 0,
  2, 7, 8, 6, 0,
  2, 7, 9, 8, 0,
  2, 7, 10, 9, 0,
  2, 10, 11, 9, 0,
  2, 10, 12, 11, 0,
  2, 12, 13, 11, 0,
  2, 12, 14, 13, 0,
  2, 14, 15, 13, 0,
  2, 14, 16, 15, 0,
  2, 16, 17, 15, 0,
  2, 16, 18, 17, 0,
  2, 18, 19, 17, 0,
  2, 19, 20, 17, 0,
  2, 19, 21, 20, 0,
  2, 21, 22, 20, 0,
  2, 21, 23, 22, 0,
  2, 21, 24, 23, 0,
  2, 25, 26, 0, 0,
  2, 26, 3, 0, 0,
  2, 26, 27, 3, 0,
  2, 27, 5, 3, 0,
  2, 27, 28, 5, 0,
  2, 28, 29, 5, 0,
  2, 29, 7, 5, 0,
  2, 29, 30, 7, 0,
  2, 30, 31, 7, 0,
  2, 31, 10, 7, 0,
  2, 31, 32, 10, 0,
  2, 32, 33, 10, 0,
  2, 33, 12, 10, 0,
  2, 33, 34, 12, 0,
  2, 34, 35, 12, 0,
  2, 35, 14, 12, 0,
  2, 35, 36, 14, 0,
  2, 36, 37, 14, 0,
  2, 37, 16, 14, 0,
  2, 37, 38, 16, 0,
  2, 38, 18, 16, 0,
  2, 38, 39, 18, 0,
  2, 39, 19, 18, 0,
  2, 39, 40, 19, 0,
  2, 40, 41, 19, 0,
  2, 41, 21, 19, 0,
  2, 41, 42, 21, 0,
  2, 42, 43, 21, 0,
  2, 43, 24, 21, 0
]
 }
