 {
  "metadata" :
  {
   "formatVersion" : 3,
   "sourceFile" : "mch002r_022d",
   "generatedBy" : "Tr3 20161112",
   "vertices" : 10,
   "faces" : 10,
   "normals" : 0,
   "colors" : 0,
   "uvs" : 0,
   "materials" : 1
  },
  "scale" : 1.0,
  "materials": [{
    "DbgColor": 0,
    "DbgIndex": 0,
    "DbgName" : "Join mal_27: Malleus",
    "colorAmbient": [0.0, 0.0, 0.0],
    "colorDiffuse": [ 1.000, 0.784, 0.588],
    "colorSpecular": [0.16, 0.16, 0.16]
    }],
  "vertices": [
  0.05935, 0.07202, 0.0135,
  0.0603191, 0.0709108, 0.0135,
  0.060097, 0.0711929, 0.013,
  0.0596713, 0.0696914, 0.013,
  0.0595599, 0.0695092, 0.0135,
  0.05802, 0.07112, 0.0135,
  0.0589536, 0.0719579, 0.013,
  0.0578425, 0.0708925, 0.013,
  0.0581059, 0.0696096, 0.0135,
  0.05822, 0.06939, 0.013
 ],
 "morphTargets": [],
 "morphColors": [],
 "normals": [],
 "colors": [],
 "uvs": [[]],
  "faces": [
  2, 0, 1, 2, 0,
  2, 1, 3, 2, 0,
  2, 1, 4, 3, 0,
  2, 5, 6, 7, 0,
  2, 5, 0, 6, 0,
  2, 0, 2, 6, 0,
  2, 8, 5, 7, 0,
  2, 4, 9, 3, 0,
  2, 4, 8, 9, 0,
  2, 8, 7, 9, 0
]
 }
