 {
  "metadata" :
  {
   "formatVersion" : 3,
   "sourceFile" : "mch002r_022d",
   "generatedBy" : "Tr3 20161112",
   "vertices" : 23,
   "faces" : 21,
   "normals" : 0,
   "colors" : 0,
   "uvs" : 0,
   "materials" : 1
  },
  "scale" : 1.0,
  "materials": [{
    "DbgColor": 0,
    "DbgIndex": 0,
    "DbgName" : "Join os_cavantlat_31: Cavity wall",
    "colorAmbient": [0.0, 0.0, 0.0],
    "colorDiffuse": [ 1.000, 0.784, 0.588],
    "colorSpecular": [0.16, 0.16, 0.16]
    }],
  "vertices": [
  0.0577403, 0.0712902, 0.0155,
  0.0569632, 0.0709036, 0.015,
  0.0567967, 0.0717151, 0.015,
  0.05657, 0.0743, 0.0155,
  0.0567422, 0.0735017, 0.0155,
  0.05632, 0.07415, 0.015,
  0.0564255, 0.0733257, 0.015,
  0.0570717, 0.0727705, 0.0155,
  0.0565445, 0.0725055, 0.015,
  0.0573646, 0.0720072, 0.0155,
  0.0591222, 0.0694972, 0.0155,
  0.0592819, 0.0687976, 0.0155,
  0.0594283, 0.0689022, 0.015,
  0.059877, 0.0688333, 0.0155,
  0.0601343, 0.0692355, 0.015,
  0.06024, 0.0695471, 0.0155,
  0.060693, 0.0696252, 0.015,
  0.06061, 0.07015, 0.0155,
  0.0584383, 0.0698332, 0.0155,
  0.0586702, 0.0691806, 0.015,
  0.0579621, 0.0696168, 0.015,
  0.0579942, 0.0705138, 0.0155,
  0.0573421, 0.0701699, 0.015
 ],
 "morphTargets": [],
 "morphColors": [],
 "normals": [],
 "colors": [],
 "uvs": [[]],
  "faces": [
  2, 0, 1, 2, 0,
  2, 3, 4, 5, 0,
  2, 4, 6, 5, 0,
  2, 4, 7, 6, 0,
  2, 7, 8, 6, 0,
  2, 7, 9, 8, 0,
  2, 9, 2, 8, 0,
  2, 9, 0, 2, 0,
  2, 10, 11, 12, 0,
  2, 11, 13, 12, 0,
  2, 13, 14, 12, 0,
  2, 13, 15, 14, 0,
  2, 15, 16, 14, 0,
  2, 15, 17, 16, 0,
  2, 18, 19, 20, 0,
  2, 18, 10, 19, 0,
  2, 10, 12, 19, 0,
  2, 21, 18, 20, 0,
  2, 0, 21, 1, 0,
  2, 21, 22, 1, 0,
  2, 21, 20, 22, 0
]
 }
