 {
  "metadata" :
  {
   "formatVersion" : 3,
   "sourceFile" : "mch002r_022d",
   "generatedBy" : "Tr3 20161112",
   "vertices" : 30,
   "faces" : 39,
   "normals" : 0,
   "colors" : 0,
   "uvs" : 0,
   "materials" : 1
  },
  "scale" : 1.0,
  "materials": [{
    "DbgColor": 0,
    "DbgIndex": 0,
    "DbgName" : "os_temp_ext_34: Temporal bone",
    "colorAmbient": [0.0, 0.0, 0.0],
    "colorDiffuse": [ 1.000, 0.784, 0.588],
    "colorSpecular": [0.16, 0.16, 0.16]
    }],
  "vertices": [
  0.05532, 0.09, 0.0175,
  0.0552839, 0.0914945, 0.0175,
  0.05445, 0.09, 0.017,
  0.0545645, 0.0916319, 0.017,
  0.055199, 0.0929652, 0.0175,
  0.0547297, 0.0931966, 0.017,
  0.0559072, 0.0943226, 0.017,
  0.0561747, 0.0940468, 0.0175,
  0.0573084, 0.0945055, 0.017,
  0.0575304, 0.0940595, 0.0175,
  0.05744, 0.0929226, 0.017,
  0.0581858, 0.092774, 0.0175,
  0.0579276, 0.0913698, 0.017,
  0.058865, 0.0914416, 0.0175,
  0.05878, 0.09, 0.017,
  0.05923, 0.09, 0.0175,
  0.05598, 0.09, 0.018,
  0.05616, 0.0916027, 0.018,
  0.0565919, 0.0930345, 0.018,
  0.0579469, 0.0938408, 0.018,
  0.0591359, 0.093002, 0.018,
  0.0597835, 0.0915292, 0.018,
  0.06031, 0.09, 0.018,
  0.05657, 0.09, 0.0185,
  0.05657, 0.0915379, 0.0185,
  0.0573081, 0.0927697, 0.0185,
  0.0586923, 0.0931666, 0.0185,
  0.0599925, 0.0927504, 0.0185,
  0.0607049, 0.0913885, 0.0185,
  0.06136, 0.09, 0.0185
 ],
 "morphTargets": [],
 "morphColors": [],
 "normals": [],
 "colors": [],
 "uvs": [[]],
  "faces": [
  2, 0, 1, 2, 0,
  2, 1, 3, 2, 0,
  2, 1, 4, 3, 0,
  2, 4, 5, 3, 0,
  2, 4, 6, 5, 0,
  2, 4, 7, 6, 0,
  2, 7, 8, 6, 0,
  2, 7, 9, 8, 0,
  2, 9, 10, 8, 0,
  2, 9, 11, 10, 0,
  2, 11, 12, 10, 0,
  2, 11, 13, 12, 0,
  2, 13, 14, 12, 0,
  2, 13, 15, 14, 0,
  2, 16, 1, 0, 0,
  2, 16, 17, 1, 0,
  2, 17, 4, 1, 0,
  2, 17, 18, 4, 0,
  2, 18, 7, 4, 0,
  2, 18, 9, 7, 0,
  2, 18, 19, 9, 0,
  2, 19, 11, 9, 0,
  2, 19, 20, 11, 0,
  2, 20, 13, 11, 0,
  2, 20, 21, 13, 0,
  2, 21, 15, 13, 0,
  2, 21, 22, 15, 0,
  2, 23, 24, 16, 0,
  2, 24, 17, 16, 0,
  2, 24, 18, 17, 0,
  2, 24, 25, 18, 0,
  2, 25, 19, 18, 0,
  2, 25, 26, 19, 0,
  2, 26, 20, 19, 0,
  2, 26, 27, 20, 0,
  2, 27, 21, 20, 0,
  2, 27, 28, 21, 0,
  2, 28, 22, 21, 0,
  2, 28, 29, 22, 0
]
 }
