 {
  "metadata" :
  {
   "formatVersion" : 3,
   "sourceFile" : "mch002r_022d",
   "generatedBy" : "Tr3 20161112",
   "vertices" : 10,
   "faces" : 8,
   "normals" : 0,
   "colors" : 0,
   "uvs" : 0,
   "materials" : 1
  },
  "scale" : 1.0,
  "materials": [{
    "DbgColor": 0,
    "DbgIndex": 0,
    "DbgName" : "Cap cB6: bone",
    "colorAmbient": [0.0, 0.0, 0.0],
    "colorDiffuse": [ 1.000, 1.000, 1.000],
    "colorSpecular": [0.16, 0.16, 0.16]
    }],
  "vertices": [
  0.07517, 0.07901, 0.022,
  0.0713104, 0.0791785, 0.022,
  0.06969, 0.07274, 0.022,
  0.0678942, 0.075136, 0.022,
  0.0675032, 0.0798373, 0.022,
  0.0656325, 0.0771927, 0.022,
  0.06101, 0.08312, 0.022,
  0.06012, 0.07976, 0.022,
  0.0637974, 0.080943, 0.022,
  0.0629878, 0.078701, 0.022
 ],
 "morphTargets": [],
 "morphColors": [],
 "normals": [],
 "colors": [],
 "uvs": [[]],
  "faces": [
  2, 0, 1, 2, 0,
  2, 2, 1, 3, 0,
  2, 1, 4, 3, 0,
  2, 3, 4, 5, 0,
  2, 6, 7, 8, 0,
  2, 7, 9, 8, 0,
  2, 4, 8, 5, 0,
  2, 8, 9, 5, 0
]
 }
