 {
  "metadata" :
  {
   "formatVersion" : 3,
   "sourceFile" : "mch002r_022d",
   "generatedBy" : "Tr3 20161112",
   "vertices" : 130,
   "faces" : 216,
   "normals" : 0,
   "colors" : 0,
   "uvs" : 0,
   "materials" : 1
  },
  "scale" : 1.0,
  "materials": [{
    "DbgColor": 0,
    "DbgIndex": 0,
    "DbgName" : "skin_ext_post_48: Skin (fake)",
    "colorAmbient": [0.0, 0.0, 0.0],
    "colorDiffuse": [ 1.000, 0.753, 0.796],
    "colorSpecular": [0.16, 0.16, 0.16]
    }],
  "vertices": [
  0.04656, 0.09, 0.0245,
  0.0468967, 0.0917107, 0.0245,
  0.04656, 0.09, 0.024,
  0.0468967, 0.0917107, 0.024,
  0.04712, 0.0934371, 0.024,
  0.04712, 0.0934371, 0.0245,
  0.0474416, 0.0951339, 0.0245,
  0.0474416, 0.0951339, 0.024,
  0.0479462, 0.0968032, 0.024,
  0.0479462, 0.0968032, 0.0245,
  0.0483455, 0.0984952, 0.0245,
  0.0483455, 0.0984952, 0.024,
  0.0488606, 0.100148, 0.024,
  0.0488606, 0.100148, 0.0245,
  0.0495291, 0.101758, 0.0245,
  0.0495291, 0.101758, 0.024,
  0.0501921, 0.103371, 0.024,
  0.0501921, 0.103371, 0.0245,
  0.0508473, 0.104987, 0.0245,
  0.0508473, 0.104987, 0.024,
  0.0514653, 0.106615, 0.024,
  0.0514653, 0.106615, 0.0245,
  0.0520651, 0.108239, 0.0245,
  0.0520651, 0.108239, 0.024,
  0.05301, 0.1097, 0.024,
  0.05301, 0.1097, 0.0245,
  0.04656, 0.09, 0.025,
  0.0468967, 0.0917107, 0.025,
  0.04712, 0.0934371, 0.025,
  0.0474416, 0.0951339, 0.025,
  0.0479462, 0.0968032, 0.025,
  0.0483455, 0.0984952, 0.025,
  0.0488606, 0.100148, 0.025,
  0.0495291, 0.101758, 0.025,
  0.0501921, 0.103371, 0.025,
  0.0508473, 0.104987, 0.025,
  0.0514653, 0.106615, 0.025,
  0.0520651, 0.108239, 0.025,
  0.05301, 0.1097, 0.025,
  0.04656, 0.09, 0.0255,
  0.0468967, 0.0917107, 0.0255,
  0.04712, 0.0934371, 0.0255,
  0.0474416, 0.0951339, 0.0255,
  0.0479462, 0.0968032, 0.0255,
  0.0483455, 0.0984952, 0.0255,
  0.0488606, 0.100148, 0.0255,
  0.0495291, 0.101758, 0.0255,
  0.0501921, 0.103371, 0.0255,
  0.0508473, 0.104987, 0.0255,
  0.0514653, 0.106615, 0.0255,
  0.0520651, 0.108239, 0.0255,
  0.05301, 0.1097, 0.0255,
  0.04656, 0.09, 0.026,
  0.0468967, 0.0917107, 0.026,
  0.04712, 0.0934371, 0.026,
  0.0474416, 0.0951339, 0.026,
  0.0479462, 0.0968032, 0.026,
  0.0483455, 0.0984952, 0.026,
  0.0488606, 0.100148, 0.026,
  0.0495291, 0.101758, 0.026,
  0.0501921, 0.103371, 0.026,
  0.0508473, 0.104987, 0.026,
  0.0514653, 0.106615, 0.026,
  0.0520651, 0.108239, 0.026,
  0.05301, 0.1097, 0.026,
  0.04656, 0.09, 0.0265,
  0.0468967, 0.0917107, 0.0265,
  0.04712, 0.0934371, 0.0265,
  0.0474416, 0.0951339, 0.0265,
  0.0479462, 0.0968032, 0.0265,
  0.0483455, 0.0984952, 0.0265,
  0.0488606, 0.100148, 0.0265,
  0.0495291, 0.101758, 0.0265,
  0.0501921, 0.103371, 0.0265,
  0.0508473, 0.104987, 0.0265,
  0.0514653, 0.106615, 0.0265,
  0.0520651, 0.108239, 0.0265,
  0.05301, 0.1097, 0.0265,
  0.04656, 0.09, 0.027,
  0.0468967, 0.0917107, 0.027,
  0.04712, 0.0934371, 0.027,
  0.0474416, 0.0951339, 0.027,
  0.0479462, 0.0968032, 0.027,
  0.0483455, 0.0984952, 0.027,
  0.0488606, 0.100148, 0.027,
  0.0495291, 0.101758, 0.027,
  0.0501921, 0.103371, 0.027,
  0.0508473, 0.104987, 0.027,
  0.0514653, 0.106615, 0.027,
  0.0520651, 0.108239, 0.027,
  0.05301, 0.1097, 0.027,
  0.04656, 0.09, 0.0275,
  0.0468967, 0.0917107, 0.0275,
  0.04712, 0.0934371, 0.0275,
  0.0474416, 0.0951339, 0.0275,
  0.0479462, 0.0968032, 0.0275,
  0.0483455, 0.0984952, 0.0275,
  0.0488606, 0.100148, 0.0275,
  0.0495291, 0.101758, 0.0275,
  0.0501921, 0.103371, 0.0275,
  0.0508473, 0.104987, 0.0275,
  0.0514653, 0.106615, 0.0275,
  0.0520651, 0.108239, 0.0275,
  0.05301, 0.1097, 0.0275,
  0.04656, 0.09, 0.028,
  0.0468967, 0.0917107, 0.028,
  0.04712, 0.0934371, 0.028,
  0.0474416, 0.0951339, 0.028,
  0.0479462, 0.0968032, 0.028,
  0.0483455, 0.0984952, 0.028,
  0.0488606, 0.100148, 0.028,
  0.0495291, 0.101758, 0.028,
  0.0501921, 0.103371, 0.028,
  0.0508473, 0.104987, 0.028,
  0.0514653, 0.106615, 0.028,
  0.0520651, 0.108239, 0.028,
  0.05301, 0.1097, 0.028,
  0.04656, 0.09, 0.0285,
  0.0468967, 0.0917107, 0.0285,
  0.04712, 0.0934371, 0.0285,
  0.0474416, 0.0951339, 0.0285,
  0.0479462, 0.0968032, 0.0285,
  0.0483455, 0.0984952, 0.0285,
  0.0488606, 0.100148, 0.0285,
  0.0495291, 0.101758, 0.0285,
  0.0501921, 0.103371, 0.0285,
  0.0508473, 0.104987, 0.0285,
  0.0514653, 0.106615, 0.0285,
  0.0520651, 0.108239, 0.0285,
  0.05301, 0.1097, 0.0285
 ],
 "morphTargets": [],
 "morphColors": [],
 "normals": [],
 "colors": [],
 "uvs": [[]],