 {
  "metadata" :
  {
   "formatVersion" : 3,
   "sourceFile" : "mch002r_022d",
   "generatedBy" : "Tr3 20161112",
   "vertices" : 12,
   "faces" : 10,
   "normals" : 0,
   "colors" : 0,
   "uvs" : 0,
   "materials" : 1
  },
  "scale" : 1.0,
  "materials": [{
    "DbgColor": 0,
    "DbgIndex": 0,
    "DbgName" : "Join mal_med_31: Malleus",
    "colorAmbient": [0.0, 0.0, 0.0],
    "colorDiffuse": [ 1.000, 0.784, 0.588],
    "colorSpecular": [0.16, 0.16, 0.16]
    }],
  "vertices": [
  0.06014, 0.07225, 0.0155,
  0.0607886, 0.0715972, 0.0155,
  0.06024, 0.07198, 0.015,
  0.06068, 0.07041, 0.0155,
  0.0593274, 0.0702281, 0.0155,
  0.0596703, 0.069956, 0.015,
  0.0583817, 0.0703103, 0.015,
  0.0585584, 0.0711769, 0.0155,
  0.05861, 0.07155, 0.015,
  0.0606954, 0.0707937, 0.015,
  0.06103, 0.07073, 0.0155,
  0.05938, 0.07223, 0.0155
 ],
 "morphTargets": [],
 "morphColors": [],
 "normals": [],
 "colors": [],
 "uvs": [[]],
  "faces": [
  2, 0, 1, 2, 0,
  2, 3, 4, 5, 0,
  2, 4, 6, 5, 0,
  2, 4, 7, 6, 0,
  2, 7, 8, 6, 0,
  2, 1, 9, 2, 0,
  2, 1, 10, 9, 0,
  2, 10, 3, 9, 0,
  2, 3, 5, 9, 0,
  2, 7, 11, 8, 0
]
 }
