 {
  "metadata" :
  {
   "formatVersion" : 3,
   "sourceFile" : "mch002r_022d",
   "generatedBy" : "Tr3 20161112",
   "vertices" : 100,
   "faces" : 177,
   "normals" : 0,
   "colors" : 0,
   "uvs" : 0,
   "materials" : 1
  },
  "scale" : 1.0,
  "materials": [{
    "DbgColor": 0,
    "DbgIndex": 0,
    "DbgName" : "labscc_ant_13: Semicircular canals",
    "colorAmbient": [0.0, 0.0, 0.0],
    "colorDiffuse": [ 1.000, 0.667, 1.000],
    "colorSpecular": [0.16, 0.16, 0.16]
    }],
  "vertices": [
  0.06128, 0.07691, 0.007,
  0.06094, 0.07717, 0.007,
  0.0615, 0.07744, 0.0065,
  0.06115, 0.07768, 0.0065,
  0.06079, 0.07747, 0.0065,
  0.06049, 0.07717, 0.0065,
  0.06049, 0.0768, 0.007,
  0.06034, 0.07665, 0.0065,
  0.06008, 0.07643, 0.007,
  0.06042, 0.07628, 0.0065,
  0.05997, 0.07602, 0.007,
  0.06034, 0.07579, 0.007,
  0.06083, 0.07609, 0.0065,
  0.06087, 0.07579, 0.007,
  0.06117, 0.07609, 0.007,
  0.06117, 0.07613, 0.0065,
  0.06128, 0.07643, 0.007,
  0.06147, 0.07643, 0.0065,
  0.06147, 0.07691, 0.0065,
  0.06113, 0.0765, 0.0075,
  0.06079, 0.07665, 0.0075,
  0.06049, 0.0765, 0.0075,
  0.06005, 0.07613, 0.0075,
  0.05993, 0.07579, 0.0075,
  0.06027, 0.07553, 0.0075,
  0.06083, 0.07557, 0.0075,
  0.06113, 0.07572, 0.0075,
  0.06117, 0.07609, 0.0075,
  0.06109, 0.07624, 0.008,
  0.06068, 0.07639, 0.008,
  0.06034, 0.07624, 0.008,
  0.06005, 0.07594, 0.008,
  0.06012, 0.07542, 0.008,
  0.06049, 0.07523, 0.008,
  0.06087, 0.07523, 0.008,
  0.06128, 0.07553, 0.008,
  0.06132, 0.07587, 0.008,
  0.06128, 0.07609, 0.0085,
  0.06072, 0.07617, 0.0085,
  0.06023, 0.07583, 0.0085,
  0.06005, 0.07538, 0.0085,
  0.06023, 0.07501, 0.0085,
  0.06064, 0.07486, 0.0085,
  0.06117, 0.07501, 0.0085,
  0.06147, 0.07538, 0.0085,
  0.06147, 0.07579, 0.0085,
  0.06148, 0.07578, 0.009,
  0.06087, 0.07578, 0.009,
  0.06045, 0.07559, 0.009,
  0.06026, 0.07517, 0.009,
  0.06054, 0.07475, 0.009,
  0.0611, 0.07475, 0.009,
  0.06148, 0.07499, 0.009,
  0.06166, 0.07545, 0.009,
  0.06166, 0.07578, 0.0095,
  0.06106, 0.07559, 0.0095,
  0.06063, 0.07527, 0.0095,
  0.06063, 0.07489, 0.0095,
  0.06092, 0.07461, 0.0095,
  0.06129, 0.07461, 0.0095,
  0.06176, 0.07471, 0.0095,
  0.06204, 0.07489, 0.0095,
  0.06204, 0.07545, 0.0095,
  0.06194, 0.07592, 0.01,
  0.06143, 0.07559, 0.01,
  0.06106, 0.07527, 0.01,
  0.06087, 0.07494, 0.01,
  0.0611, 0.07452, 0.01,
  0.06162, 0.07424, 0.01,
  0.06236, 0.07438, 0.01,
  0.06283, 0.07471, 0.01,
  0.06302, 0.07531, 0.01,
  0.06288, 0.07592, 0.01,
  0.06236, 0.07611, 0.01,
  0.06204, 0.07592, 0.0105,
  0.06157, 0.07559, 0.0105,
  0.06129, 0.07527, 0.0105,
  0.06101, 0.07494, 0.0105,
  0.0611, 0.07457, 0.0105,
  0.06148, 0.07424, 0.0105,
  0.06236, 0.07424, 0.0105,
  0.06288, 0.07433, 0.0105,
  0.06321, 0.07475, 0.0105,
  0.06339, 0.07555, 0.0105,
  0.06339, 0.07616, 0.0105,
  0.06302, 0.07644, 0.0105,
  0.06264, 0.07625, 0.0105,
  0.06204, 0.07588, 0.011,
  0.06162, 0.0755, 0.011,
  0.06162, 0.0748, 0.011,
  0.06185, 0.07424, 0.011,
  0.0625, 0.07419, 0.011,
  0.06321, 0.07438, 0.011,
  0.06363, 0.07494, 0.011,
  0.06381, 0.0755, 0.011,
  0.06367, 0.07606, 0.011,
  0.06352, 0.07639, 0.011,
  0.06325, 0.07644, 0.011,
  0.06283, 0.07644, 0.011,
  0.06236, 0.07616, 0.011
 ],
 "morphTargets": [],
 "morphColors": [],
 "normals": [],
 "colors": [],
 "uvs": [[]],
  "faces": [
  2, 0, 1, 2, 0,
  2, 1, 3, 2, 0,
  2, 1, 4, 3, 0,
  2, 1, 5, 4, 0,
  2, 1, 6, 5, 0,
  2, 6, 7, 5, 0,
  2, 6, 8, 7, 0,
  2, 8, 9, 7, 0,
  2, 8, 10, 9, 0,
  2, 10, 11, 9, 0,
  2, 11, 12, 9, 0,
  2, 11, 13, 12, 0,
  2, 13, 14, 12, 0,
  2, 14, 15, 12, 0,
  2, 14, 16, 15, 0,
  2, 16, 17, 15, 0,
  2, 16, 18, 17, 0,
  2, 16, 0, 18, 0,
  2, 0, 2, 18, 0,
  2, 19, 20, 0, 0,
  2, 20, 1, 0, 0,
  2, 20, 6, 1, 0,
  2, 20, 21, 6, 0,
  2, 21, 8, 6, 0,
  2, 21, 22, 8, 0,
  2, 22, 10, 8, 0,
  2, 22, 23, 10, 0,
  2, 23, 11, 10, 0,
  2, 23, 24, 11, 0,
  2, 24, 25, 11, 0,
  2, 25, 13, 11, 0,
  2, 25, 26, 13, 0,
  2, 26, 14, 13, 0,
  2, 26, 27, 14, 0,
  2, 27, 16, 14, 0,
  2, 27, 19, 16, 0,
  2, 19, 0, 16, 0,
  2, 28, 29, 19, 0,
  2, 29, 20, 19, 0,
  2, 29, 21, 20, 0,
  2, 29, 30, 21, 0,
  2, 30, 22, 21, 0,
  2, 30, 31, 22, 0,
  2, 31, 23, 22, 0,
  2, 31, 32, 23, 0,
  2, 32, 24, 23, 0,
  2, 32, 33, 24, 0,
  2, 33, 25, 24, 0,
  2, 33, 34, 25, 0,
  2, 34, 35, 25, 0,
  2, 35, 26, 25, 0,
  2, 35, 36, 26, 0,
  2, 36, 27, 26, 0,
  2, 36, 28, 27, 0,
  2, 28, 19, 27, 0,
  2, 37, 38, 28, 0,
  2, 38, 29, 28, 0,
  2, 38, 30, 29, 0,
  2, 38, 39, 30, 0,
  2, 39, 31, 30, 0,
  2, 39, 32, 31, 0,
  2, 39, 40, 32, 0,
  2, 40, 41, 32, 0,
  2, 41, 33, 32, 0,
  2, 41, 42, 33, 0,
  2, 42, 34, 33, 0,
  2, 42, 43, 34, 0,
  2, 43, 35, 34, 0,
  2, 43, 44, 35, 0,
  2, 44, 45, 35, 0,
  2, 45, 36, 35, 0,
  2, 45, 37, 36, 0,
  2, 37, 28, 36, 0,
  2, 46, 47, 37, 0,
  2, 47, 38, 37, 0,
  2, 47, 48, 38, 0,
  2, 48, 39, 38, 0,
  2, 48, 40, 39, 0,
  2, 48, 49, 40, 0,
  2, 49, 41, 40, 0,
  2, 49, 50, 41, 0,
  2, 50, 42, 41, 0,
  2, 50, 51, 42, 0,
  2, 51, 43, 42, 0,
  2, 51, 52, 43, 0,
  2, 52, 44, 43, 0,
  2, 52, 53, 44, 0,
  2, 53, 45, 44, 0,
  2, 53, 46, 45, 0,
  2, 46, 37, 45, 0,
  2, 54, 55, 46, 0,
  2, 55, 47, 46, 0,
  2, 55, 56, 47, 0,
  2, 56, 48, 47, 0,
  2, 56, 49, 48, 0,
  2, 56, 57, 49, 0,
  2, 57, 50, 49, 0,
  2, 57, 58, 50, 0,
  2, 58, 51, 50, 0,
  2, 58, 59, 51, 0,
  2, 59, 52, 51, 0,
  2, 59, 60, 52, 0,
  2, 60, 61, 52, 0,
  2, 61, 53, 52, 0,
  2, 61, 62, 53, 0,
  2, 62, 54, 53, 0,
  2, 54, 46, 53, 0,
  2, 63, 64, 54, 0,
  2, 64, 55, 54, 0,
  2, 64, 65, 55, 0,
  2, 65, 56, 55, 0,
  2, 65, 66, 56, 0,
  2, 66, 57, 56, 0,
  2, 66, 58, 57, 0,
  2, 66, 67, 58, 0,
  2, 67, 59, 58, 0,
  2, 67, 68, 59, 0,
  2, 68, 60, 59, 0,
  2, 68, 69, 60, 0,
  2, 69, 61, 60, 0,
  2, 69, 70, 61, 0,
  2, 70, 71, 61, 0,
  2, 71, 62, 61, 0,
  2, 71, 72, 62, 0,
  2, 72, 73, 62, 0,
  2, 73, 63, 62, 0,
  2, 63, 54, 62, 0,
  2, 74, 75, 63, 0,
  2, 75, 64, 63, 0,
  2, 75, 76, 64, 0,
  2, 76, 65, 64, 0,
  2, 76, 77, 65, 0,
  2, 77, 66, 65, 0,
  2, 77, 67, 66, 0,
  2, 77, 78, 67, 0,
  2, 78, 79, 67, 0,
  2, 79, 68, 67, 0,
  2, 79, 80, 68, 0,
  2, 80, 69, 68, 0,
  2, 80, 81, 69, 0,
  2, 81, 70, 69, 0,
  2, 81, 82, 70, 0,
  2, 82, 71, 70, 0,
  2, 82, 83, 71, 0,
  2, 83, 72, 71, 0,
  2, 83, 84, 72, 0,
  2, 84, 85, 72, 0,
  2, 85, 86, 72, 0,
  2, 86, 73, 72, 0,
  2, 86, 74, 73, 0,
  2, 74, 63, 73, 0,
  2, 87, 75, 74, 0,
  2, 87, 88, 75, 0,
  2, 88, 76, 75, 0,
  2, 88, 89, 76, 0,
  2, 89, 77, 76, 0,
  2, 89, 78, 77, 0,
  2, 89, 79, 78, 0,
  2, 89, 90, 79, 0,
  2, 90, 80, 79, 0,
  2, 90, 91, 80, 0,
  2, 91, 81, 80, 0,
  2, 91, 92, 81, 0,
  2, 92, 82, 81, 0,
  2, 92, 93, 82, 0,
  2, 93, 83, 82, 0,
  2, 93, 94, 83, 0,
  2, 94, 95, 83, 0,
  2, 95, 84, 83, 0,
  2, 95, 96, 84, 0,
  2, 96, 97, 84, 0,
  2, 97, 85, 84, 0,
  2, 97, 98, 85, 0,
  2, 98, 86, 85, 0,
  2, 98, 99, 86, 0,
  2, 99, 74, 86, 0,
  2, 99, 87, 74, 0
]
 }
