 {
  "metadata" :
  {
   "formatVersion" : 3,
   "sourceFile" : "mch002r_022d",
   "generatedBy" : "Tr3 20161112",
   "vertices" : 34,
   "faces" : 43,
   "normals" : 0,
   "colors" : 0,
   "uvs" : 0,
   "materials" : 1
  },
  "scale" : 1.0,
  "materials": [{
    "DbgColor": 0,
    "DbgIndex": 0,
    "DbgName" : "os_cavlat_27: Cavity wall",
    "colorAmbient": [0.0, 0.0, 0.0],
    "colorDiffuse": [ 1.000, 0.784, 0.588],
    "colorSpecular": [0.16, 0.16, 0.16]
    }],
  "vertices": [
  0.05398, 0.07368, 0.014,
  0.0539025, 0.0737882, 0.0135,
  0.05432, 0.07383, 0.0135,
  0.0535683, 0.0736228, 0.014,
  0.053512, 0.073658, 0.0135,
  0.0531718, 0.0735242, 0.014,
  0.0531369, 0.0734733, 0.0135,
  0.0528205, 0.073302, 0.014,
  0.0527311, 0.0733663, 0.0135,
  0.0527043, 0.0729224, 0.014,
  0.0523586, 0.0731959, 0.0135,
  0.05204, 0.0729228, 0.0135,
  0.0517777, 0.072597, 0.0135,
  0.0515509, 0.0722491, 0.0135,
  0.0514421, 0.0718438, 0.0135,
  0.0514603, 0.0714427, 0.0135,
  0.0516249, 0.0710756, 0.0135,
  0.0520145, 0.0710772, 0.0135,
  0.0523696, 0.0712924, 0.0135,
  0.052603, 0.0716303, 0.0135,
  0.0527511, 0.0720218, 0.0135,
  0.0529827, 0.0723717, 0.0135,
  0.0529619, 0.07265, 0.014,
  0.0532216, 0.0727143, 0.0135,
  0.0533595, 0.0727126, 0.014,
  0.0535718, 0.0729455, 0.0135,
  0.0536989, 0.0729503, 0.014,
  0.053922, 0.0731768, 0.0135,
  0.0539332, 0.073267, 0.014,
  0.054262, 0.0734144, 0.0135,
  0.05339, 0.07334, 0.0145,
  0.0530177, 0.0731663, 0.0145,
  0.0530651, 0.0728711, 0.0145,
  0.0534152, 0.0729465, 0.0145
 ],
 "morphTargets": [],
 "morphColors": [],
 "normals": [],
 "colors": [],
 "uvs": [[]],
  "faces": [
  2, 0, 1, 2, 0,
  2, 0, 3, 1, 0,
  2, 3, 4, 1, 0,
  2, 3, 5, 4, 0,
  2, 5, 6, 4, 0,
  2, 5, 7, 6, 0,
  2, 7, 8, 6, 0,
  2, 7, 9, 8, 0,
  2, 9, 10, 8, 0,
  2, 9, 11, 10, 0,
  2, 9, 12, 11, 0,
  2, 9, 13, 12, 0,
  2, 9, 14, 13, 0,
  2, 9, 15, 14, 0,
  2, 9, 16, 15, 0,
  2, 9, 17, 16, 0,
  2, 9, 18, 17, 0,
  2, 9, 19, 18, 0,
  2, 9, 20, 19, 0,
  2, 9, 21, 20, 0,
  2, 9, 22, 21, 0,
  2, 22, 23, 21, 0,
  2, 22, 24, 23, 0,
  2, 24, 25, 23, 0,
  2, 24, 26, 25, 0,
  2, 26, 27, 25, 0,
  2, 26, 28, 27, 0,
  2, 28, 29, 27, 0,
  2, 28, 0, 29, 0,
  2, 0, 2, 29, 0,
  2, 30, 3, 0, 0,
  2, 30, 5, 3, 0,
  2, 30, 31, 5, 0,
  2, 31, 7, 5, 0,
  2, 31, 9, 7, 0,
  2, 31, 32, 9, 0,
  2, 32, 22, 9, 0,
  2, 32, 24, 22, 0,
  2, 32, 33, 24, 0,
  2, 33, 26, 24, 0,
  2, 33, 30, 26, 0,
  2, 30, 28, 26, 0,
  2, 30, 0, 28, 0
]
 }
