 {
  "metadata" :
  {
   "formatVersion" : 3,
   "sourceFile" : "mch002r_022d",
   "generatedBy" : "Tr3 20161112",
   "vertices" : 9,
   "faces" : 7,
   "normals" : 0,
   "colors" : 0,
   "uvs" : 0,
   "materials" : 1
  },
  "scale" : 1.0,
  "materials": [{
    "DbgColor": 0,
    "DbgIndex": 0,
    "DbgName" : "Cap os_cav_45_tail: Cavity wall",
    "colorAmbient": [0.0, 0.0, 0.0],
    "colorDiffuse": [ 1.000, 0.784, 0.588],
    "colorSpecular": [0.16, 0.16, 0.16]
    }],
  "vertices": [
  0.0631556, 0.0765299, 0.0235,
  0.0630318, 0.07692, 0.0235,
  0.0638221, 0.0768348, 0.0235,
  0.0638918, 0.0762057, 0.0235,
  0.0644662, 0.0763627, 0.0235,
  0.06455, 0.07574, 0.0235,
  0.0650895, 0.075876, 0.0235,
  0.0656231, 0.0753264, 0.0235,
  0.0649667, 0.0750789, 0.0235
 ],
 "morphTargets": [],
 "morphColors": [],
 "normals": [],
 "colors": [],
 "uvs": [[]],
  "faces": [
  2, 0, 1, 2, 0,
  2, 3, 2, 4, 0,
  2, 5, 3, 4, 0,
  2, 5, 4, 6, 0,
  2, 6, 7, 8, 0,
  2, 8, 5, 6, 0,
  2, 3, 0, 2, 0
]
 }
