 {
  "metadata" :
  {
   "formatVersion" : 3,
   "sourceFile" : "mch002r_022d",
   "generatedBy" : "Tr3 20161112",
   "vertices" : 25,
   "faces" : 29,
   "normals" : 0,
   "colors" : 0,
   "uvs" : 0,
   "materials" : 1
  },
  "scale" : 1.0,
  "materials": [{
    "DbgColor": 0,
    "DbgIndex": 0,
    "DbgName" : "os_temp_ext_29: Temporal bone",
    "colorAmbient": [0.0, 0.0, 0.0],
    "colorDiffuse": [ 1.000, 0.784, 0.588],
    "colorSpecular": [0.16, 0.16, 0.16]
    }],
  "vertices": [
  0.05238, 0.09, 0.015,
  0.0523594, 0.0916884, 0.0145,
  0.05202, 0.09, 0.0145,
  0.0527111, 0.0917092, 0.015,
  0.0527846, 0.0933552, 0.0145,
  0.0531083, 0.0934035, 0.015,
  0.053482, 0.094902, 0.0145,
  0.0538562, 0.0949653, 0.015,
  0.0547395, 0.0949952, 0.0145,
  0.0552407, 0.0950772, 0.015,
  0.0552612, 0.0933604, 0.015,
  0.0547243, 0.0933107, 0.0145,
  0.0550246, 0.0916237, 0.0145,
  0.0554584, 0.0916427, 0.015,
  0.0556, 0.09, 0.0145,
  0.05603, 0.09, 0.015,
  0.05295, 0.09, 0.0155,
  0.0533087, 0.0915121, 0.0155,
  0.053464, 0.0930592, 0.0155,
  0.0540889, 0.0944707, 0.0155,
  0.0550945, 0.095505, 0.0155,
  0.0558641, 0.0944658, 0.0155,
  0.05569, 0.0929247, 0.0155,
  0.0560291, 0.0914344, 0.0155,
  0.0566, 0.09, 0.0155
 ],
 "morphTargets": [],
 "morphColors": [],
 "normals": [],
 "colors": [],
 "uvs": [[]],
  "faces": [
  2, 0, 1, 2, 0,
  2, 0, 3, 1, 0,
  2, 3, 4, 1, 0,
  2, 3, 5, 4, 0,
  2, 5, 6, 4, 0,
  2, 5, 7, 6, 0,
  2, 7, 8, 6, 0,
  2, 7, 9, 8, 0,
  2, 9, 10, 8, 0,
  2, 10, 11, 8, 0,
  2, 10, 12, 11, 0,
  2, 10, 13, 12, 0,
  2, 13, 14, 12, 0,
  2, 13, 15, 14, 0,
  2, 16, 3, 0, 0,
  2, 16, 17, 3, 0,
  2, 17, 18, 3, 0,
  2, 18, 5, 3, 0,
  2, 18, 19, 5, 0,
  2, 19, 7, 5, 0,
  2, 19, 9, 7, 0,
  2, 19, 20, 9, 0,
  2, 20, 21, 9, 0,
  2, 21, 10, 9, 0,
  2, 21, 22, 10, 0,
  2, 22, 13, 10, 0,
  2, 22, 23, 13, 0,
  2, 23, 15, 13, 0,
  2, 23, 24, 15, 0
]
 }
