 {
  "metadata" :
  {
   "formatVersion" : 3,
   "sourceFile" : "mch002r_022d",
   "generatedBy" : "Tr3 20161112",
   "vertices" : 17,
   "faces" : 15,
   "normals" : 0,
   "colors" : 0,
   "uvs" : 0,
   "materials" : 1
  },
  "scale" : 1.0,
  "materials": [{
    "DbgColor": 0,
    "DbgIndex": 0,
    "DbgName" : "Join os_temp_ext_29: Temporal bone",
    "colorAmbient": [0.0, 0.0, 0.0],
    "colorDiffuse": [ 1.000, 0.784, 0.588],
    "colorSpecular": [0.16, 0.16, 0.16]
    }],
  "vertices": [
  0.05202, 0.09, 0.0145,
  0.051879, 0.0915064, 0.014,
  0.05147, 0.09, 0.014,
  0.053482, 0.094902, 0.0145,
  0.0537288, 0.0955844, 0.014,
  0.0527681, 0.0944926, 0.014,
  0.0544404, 0.094558, 0.014,
  0.0547395, 0.0949952, 0.0145,
  0.0547243, 0.0933107, 0.0145,
  0.05428, 0.0930089, 0.014,
  0.0550246, 0.0916237, 0.0145,
  0.0543502, 0.0914567, 0.014,
  0.05491, 0.09, 0.014,
  0.0556, 0.09, 0.0145,
  0.0523594, 0.0916884, 0.0145,
  0.0527846, 0.0933552, 0.0145,
  0.0523303, 0.0929966, 0.014
 ],
 "morphTargets": [],
 "morphColors": [],
 "normals": [],
 "colors": [],
 "uvs": [[]],
  "faces": [
  2, 0, 1, 2, 0,
  2, 3, 4, 5, 0,
  2, 3, 6, 4, 0,
  2, 3, 7, 6, 0,
  2, 7, 8, 6, 0,
  2, 8, 9, 6, 0,
  2, 8, 10, 9, 0,
  2, 10, 11, 9, 0,
  2, 10, 12, 11, 0,
  2, 10, 13, 12, 0,
  2, 14, 15, 16, 0,
  2, 15, 5, 16, 0,
  2, 0, 14, 1, 0,
  2, 14, 16, 1, 0,
  2, 15, 3, 5, 0
]
 }
