 {
  "metadata" :
  {
   "formatVersion" : 3,
   "sourceFile" : "mch002r_022d",
   "generatedBy" : "Tr3 20161112",
   "vertices" : 61,
   "faces" : 88,
   "normals" : 0,
   "colors" : 0,
   "uvs" : 0,
   "materials" : 1
  },
  "scale" : 1.0,
  "materials": [{
    "DbgColor": 0,
    "DbgIndex": 0,
    "DbgName" : "os_occbas_cut_28: Occipital bone (basilar part)",
    "colorAmbient": [0.0, 0.0, 0.0],
    "colorDiffuse": [ 1.000, 0.784, 0.588],
    "colorSpecular": [0.16, 0.16, 0.16]
    }],
  "vertices": [
  0.08, 0.07598, 0.0145,
  0.08, 0.0745967, 0.0145,
  0.08, 0.07562, 0.014,
  0.08, 0.0744433, 0.014,
  0.08, 0.0732667, 0.014,
  0.08, 0.0732133, 0.0145,
  0.08, 0.07209, 0.014,
  0.08, 0.07183, 0.0145,
  0.08, 0.07632, 0.015,
  0.08, 0.0747467, 0.015,
  0.08, 0.0731733, 0.015,
  0.08, 0.0716, 0.015,
  0.08, 0.07695, 0.0155,
  0.08, 0.0755825, 0.0155,
  0.08, 0.074215, 0.0155,
  0.08, 0.0728475, 0.0155,
  0.08, 0.07148, 0.0155,
  0.08, 0.07739, 0.016,
  0.08, 0.0759325, 0.016,
  0.08, 0.074475, 0.016,
  0.08, 0.0730175, 0.016,
  0.08, 0.07156, 0.016,
  0.08, 0.07767, 0.0165,
  0.08, 0.0762075, 0.0165,
  0.08, 0.074745, 0.0165,
  0.08, 0.0732825, 0.0165,
  0.08, 0.07182, 0.0165,
  0.08, 0.07786, 0.017,
  0.08, 0.07644, 0.017,
  0.08, 0.07502, 0.017,
  0.08, 0.0736, 0.017,
  0.08, 0.07218, 0.017,
  0.08, 0.07819, 0.0175,
  0.08, 0.076805, 0.0175,
  0.08, 0.07542, 0.0175,
  0.08, 0.074035, 0.0175,
  0.08, 0.07265, 0.0175,
  0.08, 0.07864, 0.018,
  0.08, 0.077315, 0.018,
  0.08, 0.07599, 0.018,
  0.08, 0.074665, 0.018,
  0.08, 0.07334, 0.018,
  0.08, 0.0792, 0.0185,
  0.08, 0.0776233, 0.0185,
  0.08, 0.0760467, 0.0185,
  0.08, 0.07447, 0.0185,
  0.08, 0.07924, 0.019,
  0.08, 0.07806, 0.019,
  0.08, 0.07688, 0.019,
  0.08, 0.0757, 0.019,
  0.08, 0.07933, 0.0195,
  0.079995, 0.07786, 0.0195,
  0.07999, 0.07639, 0.0195,
  0.08, 0.0791, 0.02,
  0.08, 0.07796, 0.02,
  0.08, 0.07682, 0.02,
  0.08, 0.07892, 0.0205,
  0.08, 0.077905, 0.0205,
  0.08, 0.07689, 0.0205,
  0.08, 0.07857, 0.021,
  0.08, 0.07683, 0.021
 ],
 "morphTargets": [],
 "morphColors": [],
 "normals": [],
 "colors": [],
 "uvs": [[]],
  "faces": [
  2, 0, 1, 2, 0,
  2, 1, 3, 2, 0,
  2, 1, 4, 3, 0,
  2, 1, 5, 4, 0,
  2, 5, 6, 4, 0,
  2, 5, 7, 6, 0,
  2, 8, 9, 0, 0,
  2, 9, 10, 0, 0,
  2, 10, 11, 0, 0,
  2, 11, 1, 0, 0,
  2, 11, 5, 1, 0,
  2, 11, 7, 5, 0,
  2, 12, 13, 8, 0,
  2, 13, 14, 8, 0,
  2, 14, 15, 8, 0,
  2, 15, 9, 8, 0,
  2, 15, 16, 9, 0,
  2, 16, 10, 9, 0,
  2, 16, 11, 10, 0,
  2, 17, 18, 12, 0,
  2, 18, 19, 12, 0,
  2, 19, 20, 12, 0,
  2, 20, 13, 12, 0,
  2, 20, 21, 13, 0,
  2, 21, 14, 13, 0,
  2, 21, 15, 14, 0,
  2, 21, 16, 15, 0,
  2, 22, 18, 17, 0,
  2, 22, 19, 18, 0,
  2, 22, 20, 19, 0,
  2, 22, 23, 20, 0,
  2, 23, 24, 20, 0,
  2, 24, 25, 20, 0,
  2, 25, 26, 20, 0,
  2, 26, 21, 20, 0,
  2, 27, 28, 22, 0,
  2, 28, 23, 22, 0,
  2, 28, 24, 23, 0,
  2, 28, 25, 24, 0,
  2, 28, 29, 25, 0,
  2, 29, 30, 25, 0,
  2, 30, 31, 25, 0,
  2, 31, 26, 25, 0,
  2, 32, 33, 27, 0,
  2, 33, 28, 27, 0,
  2, 33, 34, 28, 0,
  2, 34, 35, 28, 0,
  2, 35, 36, 28, 0,
  2, 36, 29, 28, 0,
  2, 36, 30, 29, 0,
  2, 36, 31, 30, 0,
  2, 37, 38, 32, 0,
  2, 38, 33, 32, 0,
  2, 38, 34, 33, 0,
  2, 38, 35, 34, 0,
  2, 38, 36, 35, 0,
  2, 38, 39, 36, 0,
  2, 39, 40, 36, 0,
  2, 40, 41, 36, 0,
  2, 42, 38, 37, 0,
  2, 42, 39, 38, 0,
  2, 42, 40, 39, 0,
  2, 42, 43, 40, 0,
  2, 43, 44, 40, 0,
  2, 44, 45, 40, 0,
  2, 45, 41, 40, 0,
  2, 46, 47, 42, 0,
  2, 47, 43, 42, 0,
  2, 47, 48, 43, 0,
  2, 48, 44, 43, 0,
  2, 48, 49, 44, 0,
  2, 49, 45, 44, 0,
  2, 50, 47, 46, 0,
  2, 50, 51, 47, 0,
  2, 51, 48, 47, 0,
  2, 51, 52, 48, 0,
  2, 52, 49, 48, 0,
  2, 53, 51, 50, 0,
  2, 53, 54, 51, 0,
  2, 54, 55, 51, 0,
  2, 55, 52, 51, 0,
  2, 56, 57, 53, 0,
  2, 57, 54, 53, 0,
  2, 57, 55, 54, 0,
  2, 57, 58, 55, 0,
  2, 59, 57, 56, 0,
  2, 59, 58, 57, 0,
  2, 59, 60, 58, 0
]
 }
