 {
  "metadata" :
  {
   "formatVersion" : 3,
   "sourceFile" : "mch002r_022d",
   "generatedBy" : "Tr3 20161112",
   "vertices" : 75,
   "faces" : 100,
   "normals" : 0,
   "colors" : 0,
   "uvs" : 0,
   "materials" : 1
  },
  "scale" : 1.0,
  "materials": [{
    "DbgColor": 0,
    "DbgIndex": 0,
    "DbgName" : "labcoc_apex_29: Cochlea",
    "colorAmbient": [0.0, 0.0, 0.0],
    "colorDiffuse": [ 0.565, 0.933, 0.565],
    "colorSpecular": [0.16, 0.16, 0.16]
    }],
  "vertices": [
  0.06931, 0.07309, 0.015,
  0.06894, 0.07337, 0.015,
  0.06931, 0.07309, 0.0145,
  0.06894, 0.07337, 0.0145,
  0.06844, 0.07352, 0.015,
  0.06844, 0.07352, 0.0145,
  0.0681, 0.07355, 0.0145,
  0.06788, 0.07355, 0.015,
  0.06766, 0.0738, 0.0145,
  0.06741, 0.07368, 0.015,
  0.06723, 0.0739, 0.0145,
  0.0672, 0.07343, 0.015,
  0.06676, 0.07368, 0.0145,
  0.06695, 0.07324, 0.015,
  0.0666, 0.07321, 0.0145,
  0.06695, 0.07287, 0.015,
  0.0666, 0.07277, 0.0145,
  0.06698, 0.07265, 0.0145,
  0.0672, 0.07252, 0.015,
  0.0671, 0.07221, 0.0145,
  0.06729, 0.07224, 0.015,
  0.06701, 0.07196, 0.015,
  0.06676, 0.07193, 0.0145,
  0.06701, 0.07162, 0.015,
  0.06673, 0.07156, 0.0145,
  0.06688, 0.07131, 0.0145,
  0.0672, 0.07122, 0.015,
  0.06704, 0.07097, 0.0145,
  0.06751, 0.07094, 0.015,
  0.06729, 0.07059, 0.0145,
  0.06748, 0.07041, 0.0145,
  0.06797, 0.07065, 0.015,
  0.06829, 0.07022, 0.0145,
  0.06838, 0.07056, 0.015,
  0.06878, 0.07034, 0.015,
  0.06891, 0.07019, 0.0145,
  0.06916, 0.07044, 0.015,
  0.06931, 0.07034, 0.0145,
  0.06928, 0.07078, 0.015,
  0.06953, 0.07069, 0.0145,
  0.06969, 0.07103, 0.015,
  0.07, 0.07069, 0.0145,
  0.07006, 0.07109, 0.015,
  0.07025, 0.07081, 0.0145,
  0.07041, 0.07122, 0.0145,
  0.07019, 0.07134, 0.015,
  0.07019, 0.07184, 0.0145,
  0.07019, 0.07184, 0.015,
  0.07, 0.07246, 0.015,
  0.07, 0.07246, 0.0145,
  0.06975, 0.07277, 0.0145,
  0.06975, 0.07277, 0.015,
  0.06925, 0.07312, 0.0155,
  0.06885, 0.07327, 0.0155,
  0.06847, 0.07334, 0.0155,
  0.06804, 0.0734, 0.0155,
  0.06763, 0.07337, 0.0155,
  0.0672, 0.07321, 0.0155,
  0.06707, 0.07296, 0.0155,
  0.06738, 0.0724, 0.0155,
  0.06729, 0.07193, 0.0155,
  0.06701, 0.07159, 0.0155,
  0.0672, 0.07137, 0.0155,
  0.06757, 0.07115, 0.0155,
  0.06822, 0.07081, 0.0155,
  0.06878, 0.07065, 0.0155,
  0.06897, 0.07084, 0.0155,
  0.06891, 0.07118, 0.0155,
  0.0691, 0.07143, 0.0155,
  0.0695, 0.07131, 0.0155,
  0.06994, 0.07134, 0.0155,
  0.07, 0.07162, 0.0155,
  0.06997, 0.07221, 0.0155,
  0.06981, 0.07265, 0.0155,
  0.06963, 0.07296, 0.0155
 ],
 "morphTargets": [],
 "morphColors": [],
 "normals": [],
 "colors": [],
 "uvs": [[]],
  "faces": [
  2, 0, 1, 2, 0,
  2, 1, 3, 2, 0,
  2, 1, 4, 3, 0,
  2, 4, 5, 3, 0,
  2, 4, 6, 5, 0,
  2, 4, 7, 6, 0,
  2, 7, 8, 6, 0,
  2, 7, 9, 8, 0,
  2, 9, 10, 8, 0,
  2, 9, 11, 10, 0,
  2, 11, 12, 10, 0,
  2, 11, 13, 12, 0,
  2, 13, 14, 12, 0,
  2, 13, 15, 14, 0,
  2, 15, 16, 14, 0,
  2, 15, 17, 16, 0,
  2, 15, 18, 17, 0,
  2, 18, 19, 17, 0,
  2, 18, 20, 19, 0,
  2, 20, 21, 19, 0,
  2, 21, 22, 19, 0,
  2, 21, 23, 22, 0,
  2, 23, 24, 22, 0,
  2, 23, 25, 24, 0,
  2, 23, 26, 25, 0,
  2, 26, 27, 25, 0,
  2, 26, 28, 27, 0,
  2, 28, 29, 27, 0,
  2, 28, 30, 29, 0,
  2, 28, 31, 30, 0,
  2, 31, 32, 30, 0,
  2, 31, 33, 32, 0,
  2, 33, 34, 32, 0,
  2, 34, 35, 32, 0,
  2, 34, 36, 35, 0,
  2, 36, 37, 35, 0,
  2, 36, 38, 37, 0,
  2, 38, 39, 37, 0,
  2, 38, 40, 39, 0,
  2, 40, 41, 39, 0,
  2, 40, 42, 41, 0,
  2, 42, 43, 41, 0,
  2, 42, 44, 43, 0,
  2, 42, 45, 44, 0,
  2, 45, 46, 44, 0,
  2, 45, 47, 46, 0,
  2, 47, 48, 46, 0,
  2, 48, 49, 46, 0,
  2, 48, 50, 49, 0,
  2, 48, 51, 50, 0,
  2, 51, 0, 50, 0,
  2, 0, 2, 50, 0,
  2, 52, 1, 0, 0,
  2, 52, 53, 1, 0,
  2, 53, 54, 1, 0,
  2, 54, 4, 1, 0,
  2, 54, 55, 4, 0,
  2, 55, 7, 4, 0,
  2, 55, 56, 7, 0,
  2, 56, 9, 7, 0,
  2, 56, 11, 9, 0,
  2, 56, 57, 11, 0,
  2, 57, 13, 11, 0,
  2, 57, 58, 13, 0,
  2, 58, 15, 13, 0,
  2, 58, 18, 15, 0,
  2, 58, 59, 18, 0,
  2, 59, 20, 18, 0,
  2, 59, 60, 20, 0,
  2, 60, 21, 20, 0,
  2, 60, 61, 21, 0,
  2, 61, 23, 21, 0,
  2, 61, 62, 23, 0,
  2, 62, 26, 23, 0,
  2, 62, 63, 26, 0,
  2, 63, 28, 26, 0,
  2, 63, 31, 28, 0,
  2, 63, 64, 31, 0,
  2, 64, 33, 31, 0,
  2, 64, 65, 33, 0,
  2, 65, 34, 33, 0,
  2, 65, 36, 34, 0,
  2, 65, 66, 36, 0,
  2, 66, 38, 36, 0,
  2, 66, 67, 38, 0,
  2, 67, 68, 38, 0,
  2, 68, 69, 38, 0,
  2, 69, 40, 38, 0,
  2, 69, 70, 40, 0,
  2, 70, 42, 40, 0,
  2, 70, 45, 42, 0,
  2, 70, 71, 45, 0,
  2, 71, 47, 45, 0,
  2, 71, 72, 47, 0,
  2, 72, 48, 47, 0,
  2, 72, 73, 48, 0,
  2, 73, 51, 48, 0,
  2, 73, 74, 51, 0,
  2, 74, 0, 51, 0,
  2, 74, 52, 0, 0
]
 }
