 {
  "metadata" :
  {
   "formatVersion" : 3,
   "sourceFile" : "mch002r_022d",
   "generatedBy" : "Tr3 20161112",
   "vertices" : 58,
   "faces" : 89,
   "normals" : 0,
   "colors" : 0,
   "uvs" : 0,
   "materials" : 1
  },
  "scale" : 1.0,
  "materials": [{
    "DbgColor": 0,
    "DbgIndex": 0,
    "DbgName" : "labcoc_med_25: Cochlea",
    "colorAmbient": [0.0, 0.0, 0.0],
    "colorDiffuse": [ 0.565, 0.933, 0.565],
    "colorSpecular": [0.16, 0.16, 0.16]
    }],
  "vertices": [
  0.07108, 0.07265, 0.013,
  0.07059, 0.07256, 0.013,
  0.07044, 0.07269, 0.0125,
  0.07044, 0.07209, 0.013,
  0.06999, 0.07261, 0.0125,
  0.06996, 0.07216, 0.0125,
  0.07007, 0.0719, 0.0125,
  0.07044, 0.07175, 0.013,
  0.07012, 0.07148, 0.0125,
  0.0705, 0.0714, 0.013,
  0.07037, 0.07112, 0.0125,
  0.07063, 0.07115, 0.013,
  0.07078, 0.07089, 0.0125,
  0.071, 0.07093, 0.013,
  0.0713, 0.07089, 0.0125,
  0.07156, 0.07089, 0.013,
  0.07171, 0.071, 0.0125,
  0.07205, 0.07115, 0.013,
  0.0722, 0.07171, 0.013,
  0.07183, 0.07145, 0.0125,
  0.07183, 0.07201, 0.0125,
  0.07205, 0.07224, 0.013,
  0.07168, 0.07246, 0.013,
  0.07156, 0.07239, 0.0125,
  0.07112, 0.07246, 0.0125,
  0.07097, 0.07306, 0.0135,
  0.07069, 0.07293, 0.0135,
  0.07044, 0.07265, 0.0135,
  0.07037, 0.07231, 0.0135,
  0.07044, 0.07201, 0.0135,
  0.07063, 0.07183, 0.0135,
  0.0707, 0.0716, 0.0135,
  0.07078, 0.07138, 0.0135,
  0.07093, 0.07108, 0.0135,
  0.07123, 0.071, 0.0135,
  0.07153, 0.07089, 0.0135,
  0.07175, 0.07089, 0.0135,
  0.07205, 0.07097, 0.0135,
  0.07228, 0.07123, 0.0135,
  0.0725, 0.07168, 0.0135,
  0.0725, 0.07201, 0.0135,
  0.07231, 0.0725, 0.0135,
  0.0719, 0.07269, 0.0135,
  0.07145, 0.07291, 0.0135,
  0.07064, 0.0733, 0.014,
  0.07056, 0.07302, 0.014,
  0.07069, 0.07265, 0.014,
  0.07069, 0.07231, 0.014,
  0.07072, 0.07184, 0.014,
  0.07081, 0.07147, 0.014,
  0.07112, 0.07115, 0.014,
  0.07171, 0.07115, 0.014,
  0.07234, 0.07128, 0.014,
  0.07259, 0.07171, 0.014,
  0.07252, 0.07228, 0.014,
  0.07228, 0.07287, 0.014,
  0.07156, 0.07312, 0.014,
  0.07094, 0.0734, 0.014
 ],
 "morphTargets": [],
 "morphColors": [],
 "normals": [],
 "colors": [],
 "uvs": [[]],
  "faces": [
  2, 0, 1, 2, 0,
  2, 1, 3, 2, 0,
  2, 3, 4, 2, 0,
  2, 3, 5, 4, 0,
  2, 3, 6, 5, 0,
  2, 3, 7, 6, 0,
  2, 7, 8, 6, 0,
  2, 7, 9, 8, 0,
  2, 9, 10, 8, 0,
  2, 9, 11, 10, 0,
  2, 11, 12, 10, 0,
  2, 11, 13, 12, 0,
  2, 13, 14, 12, 0,
  2, 13, 15, 14, 0,
  2, 15, 16, 14, 0,
  2, 15, 17, 16, 0,
  2, 17, 18, 16, 0,
  2, 18, 19, 16, 0,
  2, 18, 20, 19, 0,
  2, 18, 21, 20, 0,
  2, 21, 22, 20, 0,
  2, 22, 23, 20, 0,
  2, 22, 0, 23, 0,
  2, 0, 24, 23, 0,
  2, 0, 2, 24, 0,
  2, 25, 26, 0, 0,
  2, 26, 1, 0, 0,
  2, 26, 27, 1, 0,
  2, 27, 28, 1, 0,
  2, 28, 3, 1, 0,
  2, 28, 29, 3, 0,
  2, 29, 7, 3, 0,
  2, 29, 30, 7, 0,
  2, 30, 31, 7, 0,
  2, 31, 9, 7, 0,
  2, 31, 32, 9, 0,
  2, 32, 11, 9, 0,
  2, 32, 33, 11, 0,
  2, 33, 13, 11, 0,
  2, 33, 34, 13, 0,
  2, 34, 15, 13, 0,
  2, 34, 35, 15, 0,
  2, 35, 36, 15, 0,
  2, 36, 17, 15, 0,
  2, 36, 37, 17, 0,
  2, 37, 38, 17, 0,
  2, 38, 18, 17, 0,
  2, 38, 39, 18, 0,
  2, 39, 40, 18, 0,
  2, 40, 21, 18, 0,
  2, 40, 41, 21, 0,
  2, 41, 42, 21, 0,
  2, 42, 22, 21, 0,
  2, 42, 43, 22, 0,
  2, 43, 0, 22, 0,
  2, 43, 25, 0, 0,
  2, 44, 26, 25, 0,
  2, 44, 45, 26, 0,
  2, 45, 46, 26, 0,
  2, 46, 27, 26, 0,
  2, 46, 47, 27, 0,
  2, 47, 28, 27, 0,
  2, 47, 29, 28, 0,
  2, 47, 48, 29, 0,
  2, 48, 30, 29, 0,
  2, 48, 31, 30, 0,
  2, 48, 49, 31, 0,
  2, 49, 32, 31, 0,
  2, 49, 50, 32, 0,
  2, 50, 33, 32, 0,
  2, 50, 34, 33, 0,
  2, 50, 51, 34, 0,
  2, 51, 35, 34, 0,
  2, 51, 36, 35, 0,
  2, 51, 37, 36, 0,
  2, 51, 52, 37, 0,
  2, 52, 38, 37, 0,
  2, 52, 39, 38, 0,
  2, 52, 53, 39, 0,
  2, 53, 40, 39, 0,
  2, 53, 54, 40, 0,
  2, 54, 41, 40, 0,
  2, 54, 55, 41, 0,
  2, 55, 42, 41, 0,
  2, 55, 56, 42, 0,
  2, 56, 43, 42, 0,
  2, 56, 25, 43, 0,
  2, 56, 57, 25, 0,
  2, 57, 44, 25, 0
]
 }
