 {
  "metadata" :
  {
   "formatVersion" : 3,
   "sourceFile" : "mch002r_022d",
   "generatedBy" : "Tr3 20161112",
   "vertices" : 12,
   "faces" : 12,
   "normals" : 0,
   "colors" : 0,
   "uvs" : 0,
   "materials" : 1
  },
  "scale" : 1.0,
  "materials": [{
    "DbgColor": 0,
    "DbgIndex": 0,
    "DbgName" : "ec_anttip3_35: Ear canal",
    "colorAmbient": [0.0, 0.0, 0.0],
    "colorDiffuse": [ 0.824, 0.706, 0.549],
    "colorSpecular": [0.16, 0.16, 0.16]
    }],
  "vertices": [
  0.05156, 0.06847, 0.018,
  0.0528868, 0.0692218, 0.018,
  0.05151, 0.06857, 0.0175,
  0.0528116, 0.0693568, 0.0175,
  0.05417, 0.07004, 0.0175,
  0.05417, 0.07005, 0.018,
  0.05156, 0.06848, 0.0185,
  0.0528595, 0.0692952, 0.0185,
  0.05414, 0.07014, 0.0185,
  0.05149, 0.0686, 0.019,
  0.0527908, 0.0694754, 0.019,
  0.05405, 0.07041, 0.019
 ],
 "morphTargets": [],
 "morphColors": [],
 "normals": [],
 "colors": [],
 "uvs": [[]],
  "faces": [
  2, 0, 1, 2, 0,
  2, 1, 3, 2, 0,
  2, 1, 4, 3, 0,
  2, 1, 5, 4, 0,
  2, 6, 1, 0, 0,
  2, 6, 7, 1, 0,
  2, 7, 5, 1, 0,
  2, 7, 8, 5, 0,
  2, 9, 7, 6, 0,
  2, 9, 10, 7, 0,
  2, 10, 8, 7, 0,
  2, 10, 11, 8, 0
]
 }
