 {
  "metadata" :
  {
   "formatVersion" : 3,
   "sourceFile" : "mch002r_022d",
   "generatedBy" : "Tr3 20161112",
   "vertices" : 64,
   "faces" : 93,
   "normals" : 0,
   "colors" : 0,
   "uvs" : 0,
   "materials" : 1
  },
  "scale" : 1.0,
  "materials": [{
    "DbgColor": 0,
    "DbgIndex": 0,
    "DbgName" : "os_occbas_28: Occipital bone (basilar part)",
    "colorAmbient": [0.0, 0.0, 0.0],
    "colorDiffuse": [ 1.000, 0.784, 0.588],
    "colorSpecular": [0.16, 0.16, 0.16]
    }],
  "vertices": [
  0.08, 0.07183, 0.0145,
  0.079193, 0.0728866, 0.0145,
  0.08, 0.07209, 0.014,
  0.0792885, 0.0732906, 0.014,
  0.0786152, 0.074092, 0.0145,
  0.0791183, 0.0746552, 0.014,
  0.0788537, 0.0753438, 0.0145,
  0.08, 0.07562, 0.014,
  0.08, 0.07598, 0.0145,
  0.08, 0.0716, 0.015,
  0.0791916, 0.0727583, 0.015,
  0.07867, 0.0740451, 0.015,
  0.0789383, 0.075402, 0.015,
  0.08, 0.07632, 0.015,
  0.08, 0.07148, 0.0155,
  0.0792819, 0.0727952, 0.0155,
  0.0788952, 0.0742156, 0.0155,
  0.0792414, 0.075659, 0.0155,
  0.08, 0.07695, 0.0155,
  0.08, 0.07156, 0.016,
  0.0791221, 0.0729119, 0.016,
  0.0787599, 0.0744357, 0.016,
  0.0792326, 0.0759731, 0.016,
  0.08, 0.07739, 0.016,
  0.08, 0.07182, 0.0165,
  0.0791233, 0.0731677, 0.0165,
  0.0788527, 0.0746746, 0.0165,
  0.0793566, 0.076197, 0.0165,
  0.08, 0.07767, 0.0165,
  0.08, 0.07218, 0.017,
  0.079159, 0.0734653, 0.017,
  0.0790115, 0.0749407, 0.017,
  0.079526, 0.076393, 0.017,
  0.08, 0.07786, 0.017,
  0.08, 0.07265, 0.0175,
  0.0793317, 0.0739347, 0.0175,
  0.0793565, 0.0753524, 0.0175,
  0.0797162, 0.076763, 0.0175,
  0.08, 0.07819, 0.0175,
  0.08, 0.07334, 0.018,
  0.0795108, 0.0746039, 0.018,
  0.0796219, 0.0759483, 0.018,
  0.0797643, 0.0773012, 0.018,
  0.08, 0.07864, 0.018,
  0.08, 0.07447, 0.0185,
  0.079717, 0.0760393, 0.0185,
  0.079763, 0.0776247, 0.0185,
  0.08, 0.0792, 0.0185,
  0.08, 0.0757, 0.019,
  0.0797201, 0.0768654, 0.019,
  0.0797981, 0.0780584, 0.019,
  0.08, 0.07924, 0.019,
  0.07999, 0.07639, 0.0195,
  0.0797071, 0.0778214, 0.0195,
  0.08, 0.07933, 0.0195,
  0.08, 0.07682, 0.02,
  0.0796549, 0.0779301, 0.02,
  0.08, 0.0791, 0.02,
  0.08, 0.07689, 0.0205,
  0.079577, 0.0778927, 0.0205,
  0.08, 0.07892, 0.0205,
  0.08, 0.07683, 0.021,
  0.0797868, 0.0776739, 0.021,
  0.08, 0.07857, 0.021
 ],
 "morphTargets": [],
 "morphColors": [],
 "normals": [],
 "colors": [],
 "uvs": [[]],
  "faces": [
  2, 0, 1, 2, 0,
  2, 1, 3, 2, 0,
  2, 1, 4, 3, 0,
  2, 4, 5, 3, 0,
  2, 4, 6, 5, 0,
  2, 6, 7, 5, 0,
  2, 6, 8, 7, 0,
  2, 9, 10, 0, 0,
  2, 10, 1, 0, 0,
  2, 10, 11, 1, 0,
  2, 11, 4, 1, 0,
  2, 11, 6, 4, 0,
  2, 11, 12, 6, 0,
  2, 12, 8, 6, 0,
  2, 12, 13, 8, 0,
  2, 14, 15, 9, 0,
  2, 15, 10, 9, 0,
  2, 15, 11, 10, 0,
  2, 15, 16, 11, 0,
  2, 16, 12, 11, 0,
  2, 16, 17, 12, 0,
  2, 17, 13, 12, 0,
  2, 17, 18, 13, 0,
  2, 19, 15, 14, 0,
  2, 19, 20, 15, 0,
  2, 20, 16, 15, 0,
  2, 20, 21, 16, 0,
  2, 21, 17, 16, 0,
  2, 21, 22, 17, 0,
  2, 22, 18, 17, 0,
  2, 22, 23, 18, 0,
  2, 24, 20, 19, 0,
  2, 24, 25, 20, 0,
  2, 25, 21, 20, 0,
  2, 25, 26, 21, 0,
  2, 26, 22, 21, 0,
  2, 26, 27, 22, 0,
  2, 27, 23, 22, 0,
  2, 27, 28, 23, 0,
  2, 29, 25, 24, 0,
  2, 29, 30, 25, 0,
  2, 30, 26, 25, 0,
  2, 30, 31, 26, 0,
  2, 31, 27, 26, 0,
  2, 31, 32, 27, 0,
  2, 32, 28, 27, 0,
  2, 32, 33, 28, 0,
  2, 34, 30, 29, 0,
  2, 34, 35, 30, 0,
  2, 35, 31, 30, 0,
  2, 35, 36, 31, 0,
  2, 36, 32, 31, 0,
  2, 36, 37, 32, 0,
  2, 37, 33, 32, 0,
  2, 37, 38, 33, 0,
  2, 39, 35, 34, 0,
  2, 39, 40, 35, 0,
  2, 40, 36, 35, 0,
  2, 40, 41, 36, 0,
  2, 41, 37, 36, 0,
  2, 41, 42, 37, 0,
  2, 42, 38, 37, 0,
  2, 42, 43, 38, 0,
  2, 44, 40, 39, 0,
  2, 44, 45, 40, 0,
  2, 45, 41, 40, 0,
  2, 45, 42, 41, 0,
  2, 45, 46, 42, 0,
  2, 46, 43, 42, 0,
  2, 46, 47, 43, 0,
  2, 48, 45, 44, 0,
  2, 48, 49, 45, 0,
  2, 49, 46, 45, 0,
  2, 49, 50, 46, 0,
  2, 50, 47, 46, 0,
  2, 50, 51, 47, 0,
  2, 52, 49, 48, 0,
  2, 52, 53, 49, 0,
  2, 53, 50, 49, 0,
  2, 53, 54, 50, 0,
  2, 54, 51, 50, 0,
  2, 55, 53, 52, 0,
  2, 55, 56, 53, 0,
  2, 56, 57, 53, 0,
  2, 57, 54, 53, 0,
  2, 58, 56, 55, 0,
  2, 58, 59, 56, 0,
  2, 59, 60, 56, 0,
  2, 60, 57, 56, 0,
  2, 61, 62, 58, 0,
  2, 62, 59, 58, 0,
  2, 62, 63, 59, 0,
  2, 63, 60, 59, 0
]
 }
