 {
  "metadata" :
  {
   "formatVersion" : 3,
   "sourceFile" : "mch002r_022d",
   "generatedBy" : "Tr3 20161112",
   "vertices" : 123,
   "faces" : 223,
   "normals" : 0,
   "colors" : 0,
   "uvs" : 0,
   "materials" : 1
  },
  "scale" : 1.0,
  "materials": [{
    "DbgColor": 0,
    "DbgIndex": 0,
    "DbgName" : "os_occcond_28: Occipital bone (condylar part)",
    "colorAmbient": [0.0, 0.0, 0.0],
    "colorDiffuse": [ 1.000, 0.784, 0.588],
    "colorSpecular": [0.16, 0.16, 0.16]
    }],
  "vertices": [
  0.07601, 0.07805, 0.0145,
  0.0762079, 0.0792988, 0.014,
  0.07661, 0.07789, 0.014,
  0.0756641, 0.0796112, 0.0145,
  0.0770221, 0.0797508, 0.014,
  0.0756498, 0.081203, 0.0145,
  0.0766173, 0.0820065, 0.0145,
  0.0776388, 0.0808099, 0.0145,
  0.0782622, 0.079339, 0.0145,
  0.0779465, 0.0786559, 0.014,
  0.0782639, 0.0778361, 0.0145,
  0.0776149, 0.0772991, 0.014,
  0.0770185, 0.0769358, 0.0145,
  0.07574, 0.07811, 0.015,
  0.0751135, 0.0795635, 0.015,
  0.0747007, 0.0810875, 0.015,
  0.0749031, 0.0825892, 0.015,
  0.0763042, 0.0826411, 0.015,
  0.0774845, 0.081612, 0.015,
  0.0782786, 0.0802505, 0.015,
  0.0786179, 0.0787423, 0.015,
  0.0779412, 0.0773451, 0.015,
  0.0766621, 0.0768449, 0.015,
  0.07533, 0.07816, 0.0155,
  0.0747975, 0.0797489, 0.0155,
  0.0743713, 0.0813686, 0.0155,
  0.0742639, 0.083025, 0.0155,
  0.0755164, 0.0836424, 0.0155,
  0.0768656, 0.082671, 0.0155,
  0.0779153, 0.0813731, 0.0155,
  0.0786691, 0.0798823, 0.0155,
  0.0784573, 0.0783049, 0.0155,
  0.0774114, 0.0770187, 0.0155,
  0.0759878, 0.0766188, 0.0155,
  0.07513, 0.07815, 0.016,
  0.0744305, 0.079707, 0.016,
  0.0739145, 0.0813284, 0.016,
  0.0738066, 0.0830275, 0.016,
  0.0744551, 0.0844963, 0.016,
  0.0759973, 0.0840759, 0.016,
  0.0771752, 0.08286, 0.016,
  0.0780447, 0.0813965, 0.016,
  0.078802, 0.0798743, 0.016,
  0.0783866, 0.0782946, 0.016,
  0.0772728, 0.0770241, 0.016,
  0.0758969, 0.076625, 0.016,
  0.07473, 0.07846, 0.0165,
  0.0740666, 0.0800146, 0.0165,
  0.0735559, 0.0816181, 0.0165,
  0.0734005, 0.0832959, 0.0165,
  0.0737547, 0.0849091, 0.0165,
  0.0752647, 0.0851068, 0.0165,
  0.0764627, 0.083934, 0.0165,
  0.0774523, 0.082565, 0.0165,
  0.078318, 0.0811133, 0.0165,
  0.0788629, 0.0795384, 0.0165,
  0.0780731, 0.0780711, 0.0165,
  0.0769081, 0.0768573, 0.0165,
  0.0755667, 0.0769971, 0.0165,
  0.07441, 0.0786, 0.017,
  0.073687, 0.0800968, 0.017,
  0.0732323, 0.0816908, 0.017,
  0.0730792, 0.0833435, 0.017,
  0.0731991, 0.0849899, 0.017,
  0.0743396, 0.0859857, 0.017,
  0.0758029, 0.0852958, 0.017,
  0.0766725, 0.0838916, 0.017,
  0.0772906, 0.082348, 0.017,
  0.0780562, 0.0808881, 0.017,
  0.0787503, 0.0794467, 0.017,
  0.077955, 0.0779972, 0.017,
  0.0767805, 0.0768356, 0.017,
  0.0753623, 0.0772396, 0.017,
  0.07415, 0.07861, 0.0175,
  0.0733885, 0.0800934, 0.0175,
  0.0728911, 0.0816806, 0.0175,
  0.0726865, 0.0833325, 0.0175,
  0.0727377, 0.0849923, 0.0175,
  0.0736081, 0.0863452, 0.0175,
  0.0751812, 0.0863092, 0.0175,
  0.0762856, 0.0850985, 0.0175,
  0.0766365, 0.0834735, 0.0175,
  0.0768494, 0.0818231, 0.0175,
  0.0778649, 0.0806287, 0.0175,
  0.0784933, 0.0793147, 0.0175,
  0.0777246, 0.0778408, 0.0175,
  0.0765624, 0.0766594, 0.0175,
  0.075142, 0.0772706, 0.0175,
  0.07384, 0.07874, 0.018,
  0.0730221, 0.0802507, 0.018,
  0.072567, 0.0819016, 0.018,
  0.0724446, 0.0836151, 0.018,
  0.0724284, 0.0853316, 0.018,
  0.0729595, 0.0869283, 0.018,
  0.074541, 0.0871749, 0.018,
  0.0758028, 0.0860438, 0.018,
  0.07637, 0.084464, 0.018,
  0.0761193, 0.0827727, 0.018,
  0.0756744, 0.0811142, 0.018,
  0.0763808, 0.0799561, 0.018,
  0.0780064, 0.0801441, 0.018,
  0.0778021, 0.078512, 0.018,
  0.0771816, 0.0769142, 0.018,
  0.0760811, 0.0761514, 0.018,
  0.0749, 0.0773882, 0.018,
  0.07431, 0.07828, 0.0185,
  0.0729966, 0.079372, 0.0185,
  0.0725218, 0.0810271, 0.0185,
  0.0723218, 0.0827497, 0.0185,
  0.0721953, 0.0844803, 0.0185,
  0.072149, 0.0862123, 0.0185,
  0.0729766, 0.0875818, 0.0185,
  0.0745892, 0.0881665, 0.0185,
  0.0758015, 0.0871267, 0.0185,
  0.0762313, 0.0854527, 0.0185,
  0.0760883, 0.0837429, 0.0185,
  0.0753757, 0.082166, 0.0185,
  0.0748214, 0.0805488, 0.0185,
  0.075487, 0.0790257, 0.0185,
  0.0770943, 0.0790486, 0.0185,
  0.077134, 0.0773869, 0.0185,
  0.0766881, 0.0758907, 0.0185,
  0.0754051, 0.0769447, 0.0185
 ],
 "morphTargets": [],
 "morphColors": [],
 "normals": [],
 "colors": [],
 "uvs": [[]],