 {
  "metadata" :
  {
   "formatVersion" : 3,
   "sourceFile" : "mch002r_022d",
   "generatedBy" : "Tr3 20161112",
   "vertices" : 110,
   "faces" : 180,
   "normals" : 0,
   "colors" : 0,
   "uvs" : 0,
   "materials" : 1
  },
  "scale" : 1.0,
  "materials": [{
    "DbgColor": 0,
    "DbgIndex": 0,
    "DbgName" : "skin_ext_ant_48: Skin (fake)",
    "colorAmbient": [0.0, 0.0, 0.0],
    "colorDiffuse": [ 1.000, 0.753, 0.796],
    "colorSpecular": [0.16, 0.16, 0.16]
    }],
  "vertices": [
  0.04731, 0.03403, 0.0245,
  0.0464763, 0.0354949, 0.0245,
  0.04731, 0.03403, 0.024,
  0.0464763, 0.0354949, 0.024,
  0.0458009, 0.0370353, 0.024,
  0.0458009, 0.0370353, 0.0245,
  0.0453241, 0.0386431, 0.0245,
  0.0453241, 0.0386431, 0.024,
  0.0448942, 0.0402704, 0.024,
  0.0448942, 0.0402704, 0.0245,
  0.0444114, 0.0418853, 0.0245,
  0.0444114, 0.0418853, 0.024,
  0.0439271, 0.0434998, 0.024,
  0.0439271, 0.0434998, 0.0245,
  0.0434753, 0.0451227, 0.0245,
  0.0434753, 0.0451227, 0.024,
  0.0432, 0.0467784, 0.024,
  0.0432, 0.0467784, 0.0245,
  0.042783, 0.0483976, 0.0245,
  0.042783, 0.0483976, 0.024,
  0.04226, 0.05, 0.024,
  0.04226, 0.05, 0.0245,
  0.04731, 0.03403, 0.025,
  0.0464763, 0.0354949, 0.025,
  0.0458009, 0.0370353, 0.025,
  0.0453241, 0.0386431, 0.025,
  0.0448942, 0.0402704, 0.025,
  0.0444114, 0.0418853, 0.025,
  0.0439271, 0.0434998, 0.025,
  0.0434753, 0.0451227, 0.025,
  0.0432, 0.0467784, 0.025,
  0.042783, 0.0483976, 0.025,
  0.04226, 0.05, 0.025,
  0.04731, 0.03403, 0.0255,
  0.0464763, 0.0354949, 0.0255,
  0.0458009, 0.0370353, 0.0255,
  0.0453241, 0.0386431, 0.0255,
  0.0448942, 0.0402704, 0.0255,
  0.0444114, 0.0418853, 0.0255,
  0.0439271, 0.0434998, 0.0255,
  0.0434753, 0.0451227, 0.0255,
  0.0432, 0.0467784, 0.0255,
  0.042783, 0.0483976, 0.0255,
  0.04226, 0.05, 0.0255,
  0.04731, 0.03403, 0.026,
  0.0464763, 0.0354949, 0.026,
  0.0458009, 0.0370353, 0.026,
  0.0453241, 0.0386431, 0.026,
  0.0448942, 0.0402704, 0.026,
  0.0444114, 0.0418853, 0.026,
  0.0439271, 0.0434998, 0.026,
  0.0434753, 0.0451227, 0.026,
  0.0432, 0.0467784, 0.026,
  0.042783, 0.0483976, 0.026,
  0.04226, 0.05, 0.026,
  0.04731, 0.03403, 0.0265,
  0.0464763, 0.0354949, 0.0265,
  0.0458009, 0.0370353, 0.0265,
  0.0453241, 0.0386431, 0.0265,
  0.0448942, 0.0402704, 0.0265,
  0.0444114, 0.0418853, 0.0265,
  0.0439271, 0.0434998, 0.0265,
  0.0434753, 0.0451227, 0.0265,
  0.0432, 0.0467784, 0.0265,
  0.042783, 0.0483976, 0.0265,
  0.04226, 0.05, 0.0265,
  0.04731, 0.03403, 0.027,
  0.0464763, 0.0354949, 0.027,
  0.0458009, 0.0370353, 0.027,
  0.0453241, 0.0386431, 0.027,
  0.0448942, 0.0402704, 0.027,
  0.0444114, 0.0418853, 0.027,
  0.0439271, 0.0434998, 0.027,
  0.0434753, 0.0451227, 0.027,
  0.0432, 0.0467784, 0.027,
  0.042783, 0.0483976, 0.027,
  0.04226, 0.05, 0.027,
  0.04731, 0.03403, 0.0275,
  0.0464763, 0.0354949, 0.0275,
  0.0458009, 0.0370353, 0.0275,
  0.0453241, 0.0386431, 0.0275,
  0.0448942, 0.0402704, 0.0275,
  0.0444114, 0.0418853, 0.0275,
  0.0439271, 0.0434998, 0.0275,
  0.0434753, 0.0451227, 0.0275,
  0.0432, 0.0467784, 0.0275,
  0.042783, 0.0483976, 0.0275,
  0.04226, 0.05, 0.0275,
  0.04731, 0.03403, 0.028,
  0.0464763, 0.0354949, 0.028,
  0.0458009, 0.0370353, 0.028,
  0.0453241, 0.0386431, 0.028,
  0.0448942, 0.0402704, 0.028,
  0.0444114, 0.0418853, 0.028,
  0.0439271, 0.0434998, 0.028,
  0.0434753, 0.0451227, 0.028,
  0.0432, 0.0467784, 0.028,
  0.042783, 0.0483976, 0.028,
  0.04226, 0.05, 0.028,
  0.04731, 0.03403, 0.0285,
  0.0464763, 0.0354949, 0.0285,
  0.0458009, 0.0370353, 0.0285,
  0.0453241, 0.0386431, 0.0285,
  0.0448942, 0.0402704, 0.0285,
  0.0444114, 0.0418853, 0.0285,
  0.0439271, 0.0434998, 0.0285,
  0.0434753, 0.0451227, 0.0285,
  0.0432, 0.0467784, 0.0285,
  0.042783, 0.0483976, 0.0285,
  0.04226, 0.05, 0.0285
 ],
 "morphTargets": [],
 "morphColors": [],
 "normals": [],
 "colors": [],
 "uvs": [[]],
  "faces": [
  2, 0, 1, 2, 0,
  2, 1, 3, 2, 0,
  2, 1, 4, 3, 0,
  2, 1, 5, 4, 0,
  2, 5, 6, 4, 0,
  2, 6, 7, 4, 0,
  2, 6, 8, 7, 0,
  2, 6, 9, 8, 0,
  2, 9, 10, 8, 0,
  2, 10, 11, 8, 0,
  2, 10, 12, 11, 0,
  2, 10, 13, 12, 0,
  2, 13, 14, 12, 0,
  2, 14, 15, 12, 0,
  2, 14, 16, 15, 0,
  2, 14, 17, 16, 0,
  2, 17, 18, 16, 0,
  2, 18, 19, 16, 0,
  2, 18, 20, 19, 0,
  2, 18, 21, 20, 0,
  2, 22, 23, 0, 0,
  2, 23, 1, 0, 0,
  2, 23, 5, 1, 0,
  2, 23, 24, 5, 0,
  2, 24, 25, 5, 0,
  2, 25, 6, 5, 0,
  2, 25, 9, 6, 0,
  2, 25, 26, 9, 0,
  2, 26, 27, 9, 0,
  2, 27, 10, 9, 0,
  2, 27, 13, 10, 0,
  2, 27, 28, 13, 0,
  2, 28, 29, 13, 0,
  2, 29, 14, 13, 0,
  2, 29, 17, 14, 0,
  2, 29, 30, 17, 0,
  2, 30, 31, 17, 0,
  2, 31, 18, 17, 0,
  2, 31, 21, 18, 0,
  2, 31, 32, 21, 0,
  2, 33, 34, 22, 0,
  2, 34, 23, 22, 0,
  2, 34, 24, 23, 0,
  2, 34, 35, 24, 0,
  2, 35, 36, 24, 0,
  2, 36, 25, 24, 0,
  2, 36, 26, 25, 0,
  2, 36, 37, 26, 0,
  2, 37, 38, 26, 0,
  2, 38, 27, 26, 0,
  2, 38, 28, 27, 0,
  2, 38, 39, 28, 0,
  2, 39, 40, 28, 0,
  2, 40, 29, 28, 0,
  2, 40, 30, 29, 0,
  2, 40, 41, 30, 0,
  2, 41, 42, 30, 0,
  2, 42, 31, 30, 0,
  2, 42, 32, 31, 0,
  2, 42, 43, 32, 0,
  2, 44, 45, 33, 0,
  2, 45, 34, 33, 0,
  2, 45, 35, 34, 0,
  2, 45, 46, 35, 0,
  2, 46, 47, 35, 0,
  2, 47, 36, 35, 0,
  2, 47, 37, 36, 0,
  2, 47, 48, 37, 0,
  2, 48, 49, 37, 0,
  2, 49, 38, 37, 0,
  2, 49, 39, 38, 0,
  2, 49, 50, 39, 0,
  2, 50, 51, 39, 0,
  2, 51, 40, 39, 0,
  2, 51, 41, 40, 0,
  2, 51, 52, 41, 0,
  2, 52, 53, 41, 0,
  2, 53, 42, 41, 0,
  2, 53, 43, 42, 0,
  2, 53, 54, 43, 0,
  2, 55, 56, 44, 0,
  2, 56, 45, 44, 0,
  2, 56, 46, 45, 0,
  2, 56, 57, 46, 0,
  2, 57, 58, 46, 0,
  2, 58, 47, 46, 0,
  2, 58, 48, 47, 0,
  2, 58, 59, 48, 0,
  2, 59, 60, 48, 0,
  2, 60, 49, 48, 0,
  2, 60, 50, 49, 0,
  2, 60, 61, 50, 0,
  2, 61, 62, 50, 0,
  2, 62, 51, 50, 0,
  2, 62, 52, 51, 0,
  2, 62, 63, 52, 0,
  2, 63, 64, 52, 0,
  2, 64, 53, 52, 0,
  2, 64, 54, 53, 0,
  2, 64, 65, 54, 0,
  2, 66, 67, 55, 0,
  2, 67, 56, 55, 0,
  2, 67, 57, 56, 0,
  2, 67, 68, 57, 0,
  2, 68, 69, 57, 0,
  2, 69, 58, 57, 0,
  2, 69, 59, 58, 0,
  2, 69, 70, 59, 0,
  2, 70, 71, 59, 0,
  2, 71, 60, 59, 0,
  2, 71, 61, 60, 0,
  2, 71, 72, 61, 0,
  2, 72, 73, 61, 0,
  2, 73, 62, 61, 0,
  2, 73, 63, 62, 0,
  2, 73, 74, 63, 0,
  2, 74, 75, 63, 0,
  2, 75, 64, 63, 0,
  2, 75, 65, 64, 0,
  2, 75, 76, 65, 0,
  2, 77, 78, 66, 0,
  2, 78, 67, 66, 0,
  2, 78, 68, 67, 0,
  2, 78, 79, 68, 0,
  2, 79, 80, 68, 0,
  2, 80, 69, 68, 0,
  2, 80, 70, 69, 0,
  2, 80, 81, 70, 0,
  2, 81, 82, 70, 0,
  2, 82, 71, 70, 0,
  2, 82, 72, 71, 0,
  2, 82, 83, 72, 0,
  2, 83, 84, 72, 0,
  2, 84, 73, 72, 0,
  2, 84, 74, 73, 0,
  2, 84, 85, 74, 0,
  2, 85, 86, 74, 0,
  2, 86, 75, 74, 0,
  2, 86, 76, 75, 0,
  2, 86, 87, 76, 0,
  2, 88, 89, 77, 0,
  2, 89, 78, 77, 0,
  2, 89, 79, 78, 0,
  2, 89, 90, 79, 0,
  2, 90, 91, 79, 0,
  2, 91, 80, 79, 0,
  2, 91, 81, 80, 0,
  2, 91, 92, 81, 0,
  2, 92, 93, 81, 0,
  2, 93, 82, 81, 0,
  2, 93, 83, 82, 0,
  2, 93, 94, 83, 0,
  2, 94, 95, 83, 0,
  2, 95, 84, 83, 0,
  2, 95, 85, 84, 0,
  2, 95, 96, 85, 0,
  2, 96, 97, 85, 0,
  2, 97, 86, 85, 0,
  2, 97, 87, 86, 0,
  2, 97, 98, 87, 0,
  2, 99, 100, 88, 0,
  2, 100, 89, 88, 0,
  2, 100, 90, 89, 0,
  2, 100, 101, 90, 0,
  2, 101, 102, 90, 0,
  2, 102, 91, 90, 0,
  2, 102, 92, 91, 0,
  2, 102, 103, 92, 0,
  2, 103, 104, 92, 0,
  2, 104, 93, 92, 0,
  2, 104, 94, 93, 0,
  2, 104, 105, 94, 0,
  2, 105, 106, 94, 0,
  2, 106, 95, 94, 0,
  2, 106, 96, 95, 0,
  2, 106, 107, 96, 0,
  2, 107, 108, 96, 0,
  2, 108, 97, 96, 0,
  2, 108, 98, 97, 0,
  2, 108, 109, 98, 0
]
 }
