 {
  "metadata" :
  {
   "formatVersion" : 3,
   "sourceFile" : "mch002r_022d",
   "generatedBy" : "Tr3 20161112",
   "vertices" : 17,
   "faces" : 15,
   "normals" : 0,
   "colors" : 0,
   "uvs" : 0,
   "materials" : 1
  },
  "scale" : 1.0,
  "materials": [{
    "DbgColor": 0,
    "DbgIndex": 0,
    "DbgName" : "Join JS-38-39-3:                ",
    "colorAmbient": [0.0, 0.0, 0.0],
    "colorDiffuse": [ 1.000, 1.000, 1.000],
    "colorSpecular": [0.16, 0.16, 0.16]
    }],
  "vertices": [
  0.05858, 0.07544, 0.0195,
  0.0603487, 0.0769589, 0.019,
  0.05819, 0.07476, 0.019,
  0.0646611, 0.0773587, 0.0195,
  0.0661229, 0.0761757, 0.0195,
  0.066505, 0.0775674, 0.019,
  0.0683266, 0.0762954, 0.019,
  0.0654573, 0.0760569, 0.019,
  0.0652317, 0.0736442, 0.0195,
  0.0613238, 0.0772034, 0.0195,
  0.0634019, 0.0774336, 0.019,
  0.0669269, 0.0715608, 0.0195,
  0.06476, 0.06934, 0.0195,
  0.0664904, 0.0704259, 0.019,
  0.06421, 0.06907, 0.019,
  0.0664773, 0.0727426, 0.019,
  0.0640885, 0.0742134, 0.019
 ],
 "morphTargets": [],
 "morphColors": [],
 "normals": [],
 "colors": [],
 "uvs": [[]],
  "faces": [
  2, 0, 1, 2, 0,
  2, 3, 4, 5, 0,
  2, 4, 6, 5, 0,
  2, 4, 7, 6, 0,
  2, 4, 8, 7, 0,
  2, 0, 9, 1, 0,
  2, 9, 10, 1, 0,
  2, 9, 3, 10, 0,
  2, 3, 5, 10, 0,
  2, 11, 12, 13, 0,
  2, 12, 14, 13, 0,
  2, 8, 11, 15, 0,
  2, 11, 13, 15, 0,
  2, 8, 16, 7, 0,
  2, 8, 15, 16, 0
]
 }
