 {
  "metadata" :
  {
   "formatVersion" : 3,
   "sourceFile" : "mch002r_022d",
   "generatedBy" : "Tr3 20161112",
   "vertices" : 29,
   "faces" : 27,
   "normals" : 0,
   "colors" : 0,
   "uvs" : 0,
   "materials" : 1
  },
  "scale" : 1.0,
  "materials": [{
    "DbgColor": 0,
    "DbgIndex": 0,
    "DbgName" : "Join os_temp_postlat_34: Temporal bone",
    "colorAmbient": [0.0, 0.0, 0.0],
    "colorDiffuse": [ 1.000, 0.784, 0.588],
    "colorSpecular": [0.16, 0.16, 0.16]
    }],
  "vertices": [
  0.0576298, 0.0722669, 0.017,
  0.0563855, 0.0732809, 0.017,
  0.0563982, 0.0720718, 0.0165,
  0.0563489, 0.0706113, 0.0165,
  0.05822, 0.07076, 0.017,
  0.0524764, 0.0761684, 0.017,
  0.0519399, 0.0768836, 0.0165,
  0.0526022, 0.0753763, 0.0165,
  0.0521692, 0.0777249, 0.017,
  0.0518941, 0.0785855, 0.0165,
  0.0522109, 0.0793262, 0.017,
  0.0516643, 0.0802727, 0.0165,
  0.0517735, 0.0808851, 0.017,
  0.0516004, 0.0819572, 0.0165,
  0.0517175, 0.0824975, 0.017,
  0.0517692, 0.0836534, 0.0165,
  0.0518544, 0.0841175, 0.017,
  0.0553362, 0.0733799, 0.0165,
  0.0550987, 0.0742684, 0.017,
  0.0539166, 0.0743002, 0.0165,
  0.053763, 0.0751932, 0.017,
  0.0539808, 0.0884728, 0.017,
  0.05404, 0.09, 0.0165,
  0.0532722, 0.0884778, 0.0165,
  0.05445, 0.09, 0.017,
  0.0523751, 0.0856521, 0.017,
  0.0531228, 0.0870921, 0.017,
  0.0525464, 0.0869408, 0.0165,
  0.0519751, 0.0853357, 0.0165
 ],
 "morphTargets": [],
 "morphColors": [],
 "normals": [],
 "colors": [],
 "uvs": [[]],
  "faces": [
  2, 0, 1, 2, 0,
  2, 0, 2, 3, 0,
  2, 4, 0, 3, 0,
  2, 5, 6, 7, 0,
  2, 5, 8, 6, 0,
  2, 8, 9, 6, 0,
  2, 8, 10, 9, 0,
  2, 10, 11, 9, 0,
  2, 10, 12, 11, 0,
  2, 12, 13, 11, 0,
  2, 12, 14, 13, 0,
  2, 14, 15, 13, 0,
  2, 14, 16, 15, 0,
  2, 1, 17, 2, 0,
  2, 1, 18, 17, 0,
  2, 18, 19, 17, 0,
  2, 18, 20, 19, 0,
  2, 20, 7, 19, 0,
  2, 20, 5, 7, 0,
  2, 21, 22, 23, 0,
  2, 21, 24, 22, 0,
  2, 25, 26, 27, 0,
  2, 16, 28, 15, 0,
  2, 16, 25, 28, 0,
  2, 25, 27, 28, 0,
  2, 26, 21, 23, 0,
  2, 26, 23, 27, 0
]
 }
