 {
  "metadata" :
  {
   "formatVersion" : 3,
   "sourceFile" : "mch002r_022d",
   "generatedBy" : "Tr3 20161112",
   "vertices" : 14,
   "faces" : 12,
   "normals" : 0,
   "colors" : 0,
   "uvs" : 0,
   "materials" : 1
  },
  "scale" : 1.0,
  "materials": [{
    "DbgColor": 0,
    "DbgIndex": 0,
    "DbgName" : "Join os_temp_ext_38: Temporal bone",
    "colorAmbient": [0.0, 0.0, 0.0],
    "colorDiffuse": [ 1.000, 0.784, 0.588],
    "colorSpecular": [0.16, 0.16, 0.16]
    }],
  "vertices": [
  0.0590482, 0.0931762, 0.019,
  0.0604002, 0.0926995, 0.019,
  0.0599925, 0.0927504, 0.0185,
  0.05732, 0.09, 0.019,
  0.05725, 0.0915392, 0.019,
  0.05657, 0.09, 0.0185,
  0.05657, 0.0915379, 0.0185,
  0.0573081, 0.0927697, 0.0185,
  0.058092, 0.0924229, 0.019,
  0.0586923, 0.0931666, 0.0185,
  0.0611741, 0.0913744, 0.019,
  0.06187, 0.09, 0.019,
  0.06136, 0.09, 0.0185,
  0.0607049, 0.0913885, 0.0185
 ],
 "morphTargets": [],
 "morphColors": [],
 "normals": [],
 "colors": [],
 "uvs": [[]],
  "faces": [
  2, 0, 1, 2, 0,
  2, 3, 4, 5, 0,
  2, 4, 6, 5, 0,
  2, 4, 7, 6, 0,
  2, 4, 8, 7, 0,
  2, 8, 9, 7, 0,
  2, 8, 0, 9, 0,
  2, 0, 2, 9, 0,
  2, 10, 11, 12, 0,
  2, 1, 13, 2, 0,
  2, 1, 10, 13, 0,
  2, 10, 12, 13, 0
]
 }
