 {
  "metadata" :
  {
   "formatVersion" : 3,
   "sourceFile" : "mch002r_022d",
   "generatedBy" : "Tr3 20161112",
   "vertices" : 10,
   "faces" : 9,
   "normals" : 0,
   "colors" : 0,
   "uvs" : 0,
   "materials" : 1
  },
  "scale" : 1.0,
  "materials": [{
    "DbgColor": 0,
    "DbgIndex": 0,
    "DbgName" : "Cap os_occcond_post_47_tail: Occipital bone (condylar part)",
    "colorAmbient": [0.0, 0.0, 0.0],
    "colorDiffuse": [ 1.000, 0.784, 0.588],
    "colorSpecular": [0.16, 0.16, 0.16]
    }],
  "vertices": [
  0.0775586, 0.0988311, 0.0235,
  0.0763983, 0.0992485, 0.0235,
  0.0762499, 0.0977127, 0.0235,
  0.0785938, 0.0984333, 0.0235,
  0.0795181, 0.0996795, 0.0235,
  0.07653, 0.0962, 0.0235,
  0.0775995, 0.0972376, 0.0235,
  0.0769918, 0.100675, 0.0235,
  0.0795925, 0.101109, 0.0235,
  0.0781715, 0.1016, 0.0235
 ],
 "morphTargets": [],
 "morphColors": [],
 "normals": [],
 "colors": [],
 "uvs": [[]],
  "faces": [
  2, 0, 1, 2, 0,
  2, 3, 4, 0, 0,
  2, 5, 6, 2, 0,
  2, 2, 6, 0, 0,
  2, 6, 3, 0, 0,
  2, 1, 0, 7, 0,
  2, 8, 9, 4, 0,
  2, 9, 7, 4, 0,
  2, 7, 0, 4, 0
]
 }
