 {
  "metadata" :
  {
   "formatVersion" : 3,
   "sourceFile" : "mch002r_022d",
   "generatedBy" : "Tr3 20161112",
   "vertices" : 16,
   "faces" : 14,
   "normals" : 0,
   "colors" : 0,
   "uvs" : 0,
   "materials" : 1
  },
  "scale" : 1.0,
  "materials": [{
    "DbgColor": 0,
    "DbgIndex": 0,
    "DbgName" : "1_45: (no description)",
    "colorAmbient": [0.0, 0.0, 0.0],
    "colorDiffuse": [ 1.000, 1.000, 1.000],
    "colorSpecular": [0.16, 0.16, 0.16]
    }],
  "vertices": [
  0.04161, 0.05086, 0.023,
  0.0405094, 0.055365, 0.023,
  0.04161, 0.05086, 0.0225,
  0.0404934, 0.0554503, 0.0225,
  0.0398503, 0.0599513, 0.023,
  0.0398355, 0.0601242, 0.0225,
  0.0399898, 0.0645764, 0.023,
  0.0400092, 0.0648359, 0.0225,
  0.0419229, 0.068613, 0.023,
  0.042066, 0.0689571, 0.0225,
  0.0460666, 0.0698204, 0.023,
  0.0462501, 0.0698896, 0.0225,
  0.0461748, 0.0743235, 0.023,
  0.0461475, 0.074515, 0.0225,
  0.04633, 0.07896, 0.023,
  0.04624, 0.07924, 0.0225
 ],
 "morphTargets": [],
 "morphColors": [],
 "normals": [],
 "colors": [],
 "uvs": [[]],
  "faces": [
  2, 0, 1, 2, 0,
  2, 1, 3, 2, 0,
  2, 1, 4, 3, 0,
  2, 4, 5, 3, 0,
  2, 4, 6, 5, 0,
  2, 6, 7, 5, 0,
  2, 6, 8, 7, 0,
  2, 8, 9, 7, 0,
  2, 8, 10, 9, 0,
  2, 10, 11, 9, 0,
  2, 10, 12, 11, 0,
  2, 12, 13, 11, 0,
  2, 12, 14, 13, 0,
  2, 14, 15, 13, 0
]
 }
