 {
  "metadata" :
  {
   "formatVersion" : 3,
   "sourceFile" : "mch002r_022d",
   "generatedBy" : "Tr3 20161112",
   "vertices" : 288,
   "faces" : 459,
   "normals" : 0,
   "colors" : 0,
   "uvs" : 0,
   "materials" : 1
  },
  "scale" : 1.0,
  "materials": [{
    "DbgColor": 0,
    "DbgIndex": 0,
    "DbgName" : "os_temp_lat_08: Temporal bone",
    "colorAmbient": [0.0, 0.0, 0.0],
    "colorDiffuse": [ 1.000, 0.784, 0.588],
    "colorSpecular": [0.16, 0.16, 0.16]
    }],
  "vertices": [
  0.0451, 0.08132, 0.0045,
  0.0457601, 0.0829134, 0.0045,
  0.04507, 0.08181, 0.004,
  0.0459359, 0.0833065, 0.004,
  0.046451, 0.084492, 0.0045,
  0.0463036, 0.0849765, 0.004,
  0.046567, 0.0862076, 0.0045,
  0.04647, 0.0866933, 0.004,
  0.0465481, 0.0879358, 0.0045,
  0.0464594, 0.0884214, 0.004,
  0.046239, 0.0896322, 0.0045,
  0.0461662, 0.0901253, 0.004,
  0.0464219, 0.091314, 0.0045,
  0.0461, 0.0918486, 0.004,
  0.0471036, 0.0929025, 0.0045,
  0.0467464, 0.0933881, 0.004,
  0.0473723, 0.0946085, 0.0045,
  0.0482782, 0.0939089, 0.004,
  0.0493067, 0.09528, 0.004,
  0.0478417, 0.0962634, 0.0045,
  0.0491863, 0.0959037, 0.0045,
  0.0500329, 0.0944073, 0.0045,
  0.0504533, 0.0943614, 0.004,
  0.0506528, 0.0927939, 0.0045,
  0.0506831, 0.0927072, 0.004,
  0.050961, 0.0910957, 0.0045,
  0.0503979, 0.0910134, 0.004,
  0.0515287, 0.0894676, 0.0045,
  0.0498331, 0.0893793, 0.004,
  0.0519898, 0.0878242, 0.0045,
  0.0493531, 0.0877187, 0.004,
  0.0513226, 0.0862428, 0.0045,
  0.0485478, 0.0861987, 0.004,
  0.0502726, 0.0848702, 0.0045,
  0.047749, 0.0846819, 0.004,
  0.0491195, 0.0835831, 0.0045,
  0.0475057, 0.0829701, 0.004,
  0.0478804, 0.0823784, 0.0045,
  0.0469639, 0.0813289, 0.004,
  0.0469024, 0.080989, 0.0045,
  0.0465852, 0.0796478, 0.004,
  0.04656, 0.0793261, 0.0045,
  0.0464325, 0.0779383, 0.004,
  0.0465099, 0.0775992, 0.0045,
  0.0466513, 0.0762232, 0.004,
  0.0466059, 0.0759004, 0.0045,
  0.0467897, 0.0745014, 0.004,
  0.0470202, 0.0742246, 0.0045,
  0.0469402, 0.0727831, 0.004,
  0.0471651, 0.072505, 0.0045,
  0.0472622, 0.0710845, 0.004,
  0.0472923, 0.0707832, 0.0045,
  0.047544, 0.0693786, 0.004,
  0.0475931, 0.0690929, 0.0045,
  0.0480183, 0.0677183, 0.004,
  0.0482256, 0.067485, 0.0045,
  0.0485098, 0.0660612, 0.004,
  0.0487527, 0.0658394, 0.0045,
  0.0489175, 0.064381, 0.004,
  0.0492753, 0.0641916, 0.0045,
  0.0493524, 0.0627078, 0.004,
  0.0497677, 0.0625355, 0.0045,
  0.0498073, 0.0610398, 0.004,
  0.0500962, 0.0608388, 0.0045,
  0.0502442, 0.059367, 0.004,
  0.0504688, 0.0591512, 0.0045,
  0.0507504, 0.0577209, 0.004,
  0.0510662, 0.057532, 0.0045,
  0.0515266, 0.0561759, 0.004,
  0.0515915, 0.0558854, 0.0045,
  0.0519396, 0.0545024, 0.004,
  0.0518681, 0.0541825, 0.0045,
  0.0519023, 0.0528034, 0.004,
  0.0520065, 0.0524818, 0.0045,
  0.0506155, 0.0518582, 0.004,
  0.0507759, 0.0514217, 0.0045,
  0.0496904, 0.0524662, 0.0045,
  0.0495974, 0.0529623, 0.004,
  0.049476, 0.0541796, 0.0045,
  0.04933, 0.0546692, 0.004,
  0.0491259, 0.0558724, 0.0045,
  0.0489801, 0.0563624, 0.004,
  0.0486667, 0.0575376, 0.0045,
  0.0485692, 0.0580415, 0.004,
  0.0482594, 0.0592168, 0.0045,
  0.0481403, 0.0597164, 0.004,
  0.0478698, 0.0609009, 0.0045,
  0.0475527, 0.0625992, 0.0045,
  0.0478228, 0.0614151, 0.004,
  0.047531, 0.0631192, 0.004,
  0.0472348, 0.0642973, 0.0045,
  0.0472175, 0.0648195, 0.004,
  0.046831, 0.065978, 0.0045,
  0.0469015, 0.0665194, 0.004,
  0.0465604, 0.0676817, 0.0045,
  0.0465326, 0.0682083, 0.004,
  0.0460935, 0.0693441, 0.0045,
  0.046151, 0.0698946, 0.004,
  0.0457793, 0.0710438, 0.0045,
  0.0458264, 0.0715927, 0.004,
  0.0455797, 0.0727591, 0.0045,
  0.0455456, 0.0732981, 0.004,
  0.0452633, 0.0744538, 0.0045,
  0.0452977, 0.0750079, 0.004,
  0.0449397, 0.0761453, 0.0045,
  0.0448787, 0.0766851, 0.004,
  0.0449344, 0.0778702, 0.0045,
  0.0447326, 0.0784079, 0.004,
  0.0450741, 0.0795921, 0.0045,
  0.04469, 0.0801351, 0.004,
  0.04526, 0.08132, 0.005,
  0.0457273, 0.082984, 0.005,
  0.0462496, 0.0846403, 0.005,
  0.046349, 0.086358, 0.005,
  0.046197, 0.0880845, 0.005,
  0.0459965, 0.0898055, 0.005,
  0.0461347, 0.0915127, 0.005,
  0.0467281, 0.0931475, 0.005,
  0.0472584, 0.0947992, 0.005,
  0.0478681, 0.0964279, 0.005,
  0.0493616, 0.0967763, 0.005,
  0.0500488, 0.0952333, 0.005,
  0.0507297, 0.0936318, 0.005,
  0.051429, 0.0920384, 0.005,
  0.0519265, 0.0903741, 0.005,
  0.0521962, 0.0886555, 0.005,
  0.051914, 0.0869631, 0.005,
  0.0508975, 0.0855626, 0.005,
  0.0498119, 0.0842042, 0.005,
  0.0485827, 0.0829755, 0.005,
  0.0477568, 0.0814632, 0.005,
  0.0470962, 0.0798561, 0.005,
  0.04694, 0.0781286, 0.005,
  0.047025, 0.0763977, 0.005,
  0.047402, 0.074707, 0.005,
  0.0475, 0.0729712, 0.005,
  0.0475074, 0.0712313, 0.005,
  0.0478015, 0.069521, 0.005,
  0.0483091, 0.0678567, 0.005,
  0.0488571, 0.0662051, 0.005,
  0.0494222, 0.0645593, 0.005,
  0.0500758, 0.0629478, 0.005,
  0.0504976, 0.061273, 0.005,
  0.0507682, 0.0595552, 0.005,
  0.0511937, 0.0578681, 0.005,
  0.0518913, 0.0562767, 0.005,
  0.0523519, 0.0546016, 0.005,
  0.0522954, 0.0528912, 0.005,
  0.0513788, 0.051544, 0.005,
  0.0500801, 0.0523189, 0.005,
  0.0497988, 0.0540238, 0.005,
  0.0494378, 0.0557131, 0.005,
  0.0489288, 0.0573773, 0.005,
  0.0484837, 0.0590594, 0.005,
  0.0482637, 0.0607837, 0.005,
  0.0479484, 0.0624931, 0.005,
  0.0475771, 0.06419, 0.005,
  0.047203, 0.0658863, 0.005,
  0.0467909, 0.0675756, 0.005,
  0.0463713, 0.0692641, 0.005,
  0.046087, 0.0709786, 0.005,
  0.0457882, 0.0726907, 0.005,
  0.0455362, 0.0744116, 0.005,
  0.0452096, 0.0761205, 0.005,
  0.04507, 0.0778507, 0.005,
  0.0452068, 0.0795824, 0.005,
  0.04544, 0.08137, 0.0055,
  0.0455068, 0.0830482, 0.0055,
  0.0462415, 0.0846121, 0.0055,
  0.0465094, 0.0862881, 0.0055,
  0.0463139, 0.0880152, 0.0055,
  0.045998, 0.0897226, 0.0055,
  0.0458115, 0.0914451, 0.0055,
  0.0461821, 0.0931093, 0.0055,
  0.0468477, 0.0947131, 0.0055,
  0.0475816, 0.0962745, 0.0055,
  0.0488365, 0.0974609, 0.0055,
  0.0503348, 0.0972271, 0.0055,
  0.0507721, 0.0955512, 0.0055,
  0.0513205, 0.0939222, 0.0055,
  0.0521727, 0.0924277, 0.0055,
  0.0530847, 0.090975, 0.0055,
  0.0541355, 0.0896045, 0.0055,
  0.0549987, 0.0881492, 0.0055,
  0.0548492, 0.0864185, 0.0055,
  0.0540631, 0.0849187, 0.0055,
  0.0525483, 0.0840786, 0.0055,
  0.0508519, 0.0838028, 0.0055,
  0.0499753, 0.0823832, 0.0055,
  0.0495152, 0.0807072, 0.0055,
  0.0489915, 0.0790509, 0.0055,
  0.0485227, 0.0773807, 0.0055,
  0.048318, 0.075655, 0.0055,
  0.0480946, 0.0739314, 0.0055,
  0.0480998, 0.0721989, 0.0055,
  0.0483939, 0.0704868, 0.0055,
  0.0485589, 0.0687592, 0.0055,
  0.0488326, 0.067051, 0.0055,
  0.0494196, 0.0654333, 0.0055,
  0.0500812, 0.063835, 0.0055,
  0.0507036, 0.0622169, 0.0055,
  0.0511613, 0.0605421, 0.0055,
  0.0513979, 0.0588218, 0.0055,
  0.0519051, 0.0571961, 0.0055,
  0.0524906, 0.0555759, 0.0055,
  0.05273, 0.0538602, 0.0055,
  0.0523468, 0.0521939, 0.0055,
  0.0511433, 0.0514142, 0.0055,
  0.0501975, 0.0525148, 0.0055,
  0.0501111, 0.0542479, 0.0055,
  0.0496473, 0.0559171, 0.0055,
  0.0492693, 0.0576085, 0.0055,
  0.0487883, 0.0592698, 0.0055,
  0.0484342, 0.0609645, 0.0055,
  0.048166, 0.062681, 0.0055,
  0.0478265, 0.0643856, 0.0055,
  0.0474604, 0.066079, 0.0055,
  0.0472164, 0.0677888, 0.0055,
  0.0467377, 0.0694594, 0.0055,
  0.0463552, 0.0711413, 0.0055,
  0.046025, 0.0728402, 0.0055,
  0.0457043, 0.0745431, 0.0055,
  0.0453762, 0.0762401, 0.0055,
  0.0451809, 0.0779201, 0.0055,
  0.0454334, 0.0796327, 0.0055,
  0.04553, 0.08138, 0.006,
  0.0458306, 0.0830755, 0.006,
  0.0461528, 0.0847671, 0.006,
  0.0461854, 0.0864823, 0.006,
  0.0460305, 0.0881922, 0.006,
  0.0457225, 0.0898864, 0.006,
  0.045755, 0.0915995, 0.006,
  0.0459848, 0.093291, 0.006,
  0.0466514, 0.0948787, 0.006,
  0.047401, 0.0964196, 0.006,
  0.0484173, 0.0978097, 0.006,
  0.0498808, 0.098574, 0.006,
  0.0508437, 0.0972915, 0.006,
  0.0511814, 0.0956029, 0.006,
  0.0518666, 0.094027, 0.006,
  0.0525859, 0.0924628, 0.006,
