 {
  "metadata" :
  {
   "formatVersion" : 3,
   "sourceFile" : "mch002r_022d",
   "generatedBy" : "Tr3 20161112",
   "vertices" : 60,
   "faces" : 106,
   "normals" : 0,
   "colors" : 0,
   "uvs" : 0,
   "materials" : 1
  },
  "scale" : 1.0,
  "materials": [{
    "DbgColor": 0,
    "DbgIndex": 0,
    "DbgName" : "labscc_post_24: Semicircular canals",
    "colorAmbient": [0.0, 0.0, 0.0],
    "colorDiffuse": [ 1.000, 0.667, 1.000],
    "colorSpecular": [0.16, 0.16, 0.16]
    }],
  "vertices": [
  0.06079, 0.08361, 0.0125,
  0.06098, 0.08402, 0.0125,
  0.06109, 0.08353, 0.012,
  0.06117, 0.08398, 0.012,
  0.06083, 0.08424, 0.012,
  0.06072, 0.08424, 0.0125,
  0.06049, 0.08417, 0.012,
  0.06042, 0.08424, 0.0125,
  0.06027, 0.08383, 0.012,
  0.06005, 0.08413, 0.0125,
  0.05993, 0.08383, 0.0125,
  0.06005, 0.08357, 0.0125,
  0.06042, 0.08357, 0.0125,
  0.06065, 0.08353, 0.012,
  0.06057, 0.08368, 0.013,
  0.06079, 0.08398, 0.013,
  0.06057, 0.08424, 0.013,
  0.06034, 0.08424, 0.013,
  0.05993, 0.08417, 0.013,
  0.05986, 0.08398, 0.013,
  0.0602, 0.08376, 0.013,
  0.06034, 0.08361, 0.0135,
  0.06068, 0.08398, 0.0135,
  0.06053, 0.08424, 0.0135,
  0.0602, 0.08439, 0.0135,
  0.05978, 0.08439, 0.0135,
  0.05956, 0.08413, 0.0135,
  0.05967, 0.08383, 0.0135,
  0.05993, 0.08361, 0.0135,
  0.0602, 0.08357, 0.014,
  0.06064, 0.08383, 0.014,
  0.06049, 0.08406, 0.014,
  0.0602, 0.08424, 0.014,
  0.05997, 0.08436, 0.014,
  0.05963, 0.08424, 0.014,
  0.05952, 0.08391, 0.014,
  0.05963, 0.08361, 0.014,
  0.06038, 0.08353, 0.0145,
  0.06072, 0.08387, 0.0145,
  0.06053, 0.08424, 0.0145,
  0.0602, 0.08439, 0.0145,
  0.05982, 0.08424, 0.0145,
  0.05967, 0.08376, 0.0145,
  0.05986, 0.08353, 0.0145,
  0.06064, 0.08338, 0.015,
  0.06094, 0.08368, 0.015,
  0.06068, 0.08402, 0.015,
  0.06034, 0.08413, 0.015,
  0.06005, 0.08402, 0.015,
  0.05982, 0.08383, 0.015,
  0.05982, 0.08368, 0.015,
  0.06023, 0.08342, 0.015,
  0.06127, 0.08325, 0.0155,
  0.06124, 0.08362, 0.0155,
  0.06087, 0.08387, 0.0155,
  0.06043, 0.0839, 0.0155,
  0.06009, 0.08381, 0.0155,
  0.06015, 0.08343, 0.0155,
  0.06043, 0.08328, 0.0155,
  0.0609, 0.08318, 0.0155
 ],
 "morphTargets": [],
 "morphColors": [],
 "normals": [],
 "colors": [],
 "uvs": [[]],
  "faces": [
  2, 0, 1, 2, 0,
  2, 1, 3, 2, 0,
  2, 1, 4, 3, 0,
  2, 1, 5, 4, 0,
  2, 5, 6, 4, 0,
  2, 5, 7, 6, 0,
  2, 7, 8, 6, 0,
  2, 7, 9, 8, 0,
  2, 9, 10, 8, 0,
  2, 10, 11, 8, 0,
  2, 11, 12, 8, 0,
  2, 12, 13, 8, 0,
  2, 12, 0, 13, 0,
  2, 0, 2, 13, 0,
  2, 14, 15, 0, 0,
  2, 15, 1, 0, 0,
  2, 15, 5, 1, 0,
  2, 15, 16, 5, 0,
  2, 16, 17, 5, 0,
  2, 17, 7, 5, 0,
  2, 17, 9, 7, 0,
  2, 17, 18, 9, 0,
  2, 18, 19, 9, 0,
  2, 19, 10, 9, 0,
  2, 19, 20, 10, 0,
  2, 20, 11, 10, 0,
  2, 20, 12, 11, 0,
  2, 20, 14, 12, 0,
  2, 14, 0, 12, 0,
  2, 21, 22, 14, 0,
  2, 22, 15, 14, 0,
  2, 22, 16, 15, 0,
  2, 22, 23, 16, 0,
  2, 23, 17, 16, 0,
  2, 23, 24, 17, 0,
  2, 24, 18, 17, 0,
  2, 24, 25, 18, 0,
  2, 25, 26, 18, 0,
  2, 26, 19, 18, 0,
  2, 26, 27, 19, 0,
  2, 27, 28, 19, 0,
  2, 28, 20, 19, 0,
  2, 28, 21, 20, 0,
  2, 21, 14, 20, 0,
  2, 29, 30, 21, 0,
  2, 30, 22, 21, 0,
  2, 30, 31, 22, 0,
  2, 31, 23, 22, 0,
  2, 31, 32, 23, 0,
  2, 32, 24, 23, 0,
  2, 32, 33, 24, 0,
  2, 33, 25, 24, 0,
  2, 33, 34, 25, 0,
  2, 34, 26, 25, 0,
  2, 34, 35, 26, 0,
  2, 35, 36, 26, 0,
  2, 36, 27, 26, 0,
  2, 36, 28, 27, 0,
  2, 36, 29, 28, 0,
  2, 29, 21, 28, 0,
  2, 37, 30, 29, 0,
  2, 37, 38, 30, 0,
  2, 38, 31, 30, 0,
  2, 38, 39, 31, 0,
  2, 39, 32, 31, 0,
  2, 39, 40, 32, 0,
  2, 40, 33, 32, 0,
  2, 40, 41, 33, 0,
  2, 41, 34, 33, 0,
  2, 41, 35, 34, 0,
  2, 41, 42, 35, 0,
  2, 42, 36, 35, 0,
  2, 42, 43, 36, 0,
  2, 43, 29, 36, 0,
  2, 43, 37, 29, 0,
  2, 44, 45, 37, 0,
  2, 45, 38, 37, 0,
  2, 45, 46, 38, 0,
  2, 46, 39, 38, 0,
  2, 46, 47, 39, 0,
  2, 47, 40, 39, 0,
  2, 47, 48, 40, 0,
  2, 48, 41, 40, 0,
  2, 48, 49, 41, 0,
  2, 49, 42, 41, 0,
  2, 49, 50, 42, 0,
  2, 50, 43, 42, 0,
  2, 50, 51, 43, 0,
  2, 51, 37, 43, 0,
  2, 51, 44, 37, 0,
  2, 52, 45, 44, 0,
  2, 52, 53, 45, 0,
  2, 53, 54, 45, 0,
  2, 54, 46, 45, 0,
  2, 54, 55, 46, 0,
  2, 55, 47, 46, 0,
  2, 55, 48, 47, 0,
  2, 55, 56, 48, 0,
  2, 56, 49, 48, 0,
  2, 56, 50, 49, 0,
  2, 56, 57, 50, 0,
  2, 57, 51, 50, 0,
  2, 57, 58, 51, 0,
  2, 58, 44, 51, 0,
  2, 58, 59, 44, 0,
  2, 59, 52, 44, 0
]
 }
