 {
  "metadata" :
  {
   "formatVersion" : 3,
   "sourceFile" : "mch002r_022d",
   "generatedBy" : "Tr3 20161112",
   "vertices" : 40,
   "faces" : 40,
   "normals" : 0,
   "colors" : 0,
   "uvs" : 0,
   "materials" : 1
  },
  "scale" : 1.0,
  "materials": [{
    "DbgColor": 0,
    "DbgIndex": 0,
    "DbgName" : "Join JS1-11-33-1:                 ",
    "colorAmbient": [0.0, 0.0, 0.0],
    "colorDiffuse": [ 1.000, 1.000, 1.000],
    "colorSpecular": [0.16, 0.16, 0.16]
    }],
  "vertices": [
  0.0404469, 0.0669818, 0.0165,
  0.0445898, 0.0739299, 0.0165,
  0.0434274, 0.0740706, 0.016,
  0.0394982, 0.0669809, 0.016,
  0.0393452, 0.0588992, 0.0165,
  0.03992, 0.05077, 0.0165,
  0.0393287, 0.0588363, 0.016,
  0.03978, 0.05068, 0.016,
  0.04432, 0.0899, 0.0165,
  0.0491404, 0.0900238, 0.0165,
  0.0482679, 0.0899675, 0.016,
  0.05269, 0.08999, 0.016,
  0.054, 0.0899, 0.0165,
  0.052506, 0.0871045, 0.0165,
  0.0511811, 0.0857193, 0.016,
  0.0515166, 0.0841471, 0.0165,
  0.0504729, 0.081249, 0.016,
  0.0513275, 0.0809832, 0.0165,
  0.0516501, 0.0778432, 0.0165,
  0.0504044, 0.0767336, 0.016,
  0.0527956, 0.0749283, 0.0165,
  0.0530173, 0.0731282, 0.016,
  0.0552752, 0.0729595, 0.0165,
  0.0544745, 0.0690268, 0.016,
  0.0560759, 0.0702016, 0.0165,
  0.05549, 0.06709, 0.0165,
  0.0538269, 0.0645472, 0.016,
  0.0553472, 0.064001, 0.0165,
  0.054855, 0.06012, 0.016,
  0.0558832, 0.0608605, 0.0165,
  0.0563908, 0.0577229, 0.0165,
  0.0567535, 0.0560565, 0.016,
  0.0566494, 0.0545437, 0.0165,
  0.05666, 0.05157, 0.016,
  0.05615, 0.05142, 0.0165,
  0.0482197, 0.0511306, 0.016,
  0.0480369, 0.05102, 0.0165,
  0.0451715, 0.0818043, 0.0165,
  0.0444342, 0.0818469, 0.016,
  0.04385, 0.09004, 0.016
 ],
 "morphTargets": [],
 "morphColors": [],
 "normals": [],
 "colors": [],
 "uvs": [[]],
  "faces": [
  2, 0, 1, 2, 0,
  2, 0, 2, 3, 0,
  2, 4, 0, 3, 0,
  2, 5, 6, 7, 0,
  2, 5, 4, 6, 0,
  2, 4, 3, 6, 0,
  2, 8, 9, 10, 0,
  2, 9, 11, 10, 0,
  2, 9, 12, 11, 0,
  2, 12, 13, 11, 0,
  2, 13, 14, 11, 0,
  2, 13, 15, 14, 0,
  2, 15, 16, 14, 0,
  2, 15, 17, 16, 0,
  2, 17, 18, 16, 0,
  2, 18, 19, 16, 0,
  2, 18, 20, 19, 0,
  2, 20, 21, 19, 0,
  2, 20, 22, 21, 0,
  2, 22, 23, 21, 0,
  2, 22, 24, 23, 0,
  2, 24, 25, 23, 0,
  2, 25, 26, 23, 0,
  2, 25, 27, 26, 0,
  2, 27, 28, 26, 0,
  2, 27, 29, 28, 0,
  2, 29, 30, 28, 0,
  2, 30, 31, 28, 0,
  2, 30, 32, 31, 0,
  2, 32, 33, 31, 0,
  2, 32, 34, 33, 0,
  2, 34, 35, 33, 0,
  2, 34, 36, 35, 0,
  2, 36, 7, 35, 0,
  2, 36, 5, 7, 0,
  2, 1, 37, 38, 0,
  2, 37, 8, 38, 0,
  2, 8, 39, 38, 0,
  2, 8, 10, 39, 0,
  2, 1, 38, 2, 0
]
 }
