 {
  "metadata" :
  {
   "formatVersion" : 3,
   "sourceFile" : "mch002r_022d",
   "generatedBy" : "Tr3 20161112",
   "vertices" : 19,
   "faces" : 17,
   "normals" : 0,
   "colors" : 0,
   "uvs" : 0,
   "materials" : 1
  },
  "scale" : 1.0,
  "materials": [{
    "DbgColor": 0,
    "DbgIndex": 0,
    "DbgName" : "Join os_temp_ext_15: Temporal bone",
    "colorAmbient": [0.0, 0.0, 0.0],
    "colorDiffuse": [ 1.000, 0.784, 0.588],
    "colorSpecular": [0.16, 0.16, 0.16]
    }],
  "vertices": [
  0.0492642, 0.0916127, 0.011,
  0.0495232, 0.093096, 0.0105,
  0.0486889, 0.091584, 0.0105,
  0.04865, 0.09, 0.011,
  0.0480084, 0.089994, 0.0105,
  0.0517296, 0.0961282, 0.011,
  0.0521856, 0.0950197, 0.0105,
  0.0520989, 0.0967322, 0.0105,
  0.05232, 0.0950859, 0.011,
  0.0525157, 0.0933675, 0.011,
  0.0524432, 0.0933172, 0.0105,
  0.052809, 0.091666, 0.011,
  0.0526763, 0.0916048, 0.0105,
  0.05327, 0.09, 0.011,
  0.0532606, 0.0899805, 0.0105,
  0.0500109, 0.0931728, 0.011,
  0.0507982, 0.0947123, 0.011,
  0.05027, 0.0946549, 0.0105,
  0.0510479, 0.0961996, 0.0105
 ],
 "morphTargets": [],
 "morphColors": [],
 "normals": [],
 "colors": [],
 "uvs": [[]],
  "faces": [
  2, 0, 1, 2, 0,
  2, 3, 0, 2, 0,
  2, 3, 2, 4, 0,
  2, 5, 6, 7, 0,
  2, 5, 8, 6, 0,
  2, 8, 9, 6, 0,
  2, 9, 10, 6, 0,
  2, 9, 11, 10, 0,
  2, 11, 12, 10, 0,
  2, 11, 13, 12, 0,
  2, 13, 14, 12, 0,
  2, 15, 16, 17, 0,
  2, 16, 18, 17, 0,
  2, 0, 15, 1, 0,
  2, 15, 17, 1, 0,
  2, 16, 5, 18, 0,
  2, 5, 7, 18, 0
]
 }
