 {
  "metadata" :
  {
   "formatVersion" : 3,
   "sourceFile" : "mch002r_022d",
   "generatedBy" : "Tr3 20161112",
   "vertices" : 31,
   "faces" : 37,
   "normals" : 0,
   "colors" : 0,
   "uvs" : 0,
   "materials" : 1
  },
  "scale" : 1.0,
  "materials": [{
    "DbgColor": 0,
    "DbgIndex": 0,
    "DbgName" : "tm_ant_35: Pars tensa",
    "colorAmbient": [0.0, 0.0, 0.0],
    "colorDiffuse": [ 1.000, 1.000, 1.000],
    "colorSpecular": [0.16, 0.16, 0.16]
    }],
  "vertices": [
  0.06269, 0.06894, 0.018,
  0.062475, 0.068965, 0.018,
  0.06166, 0.06937, 0.0175,
  0.06226, 0.06899, 0.018,
  0.061415, 0.0694025, 0.0175,
  0.06117, 0.069435, 0.0175,
  0.060925, 0.0694675, 0.0175,
  0.06068, 0.0695, 0.0175,
  0.06369, 0.06879, 0.0185,
  0.06344, 0.068785, 0.0185,
  0.06319, 0.06878, 0.0185,
  0.06436, 0.06886, 0.019,
  0.064165, 0.06884, 0.019,
  0.06397, 0.06882, 0.019,
  0.0649, 0.06915, 0.0195,
  0.06473, 0.06911, 0.0195,
  0.06456, 0.06907, 0.0195,
  0.0653, 0.06962, 0.02,
  0.065125, 0.069555, 0.02,
  0.06495, 0.06949, 0.02,
  0.06565, 0.07018, 0.0205,
  0.065445, 0.07015, 0.0205,
  0.06524, 0.07012, 0.0205,
  0.06591, 0.07088, 0.021,
  0.065785, 0.070805, 0.021,
  0.06566, 0.07073, 0.021,
  0.06595, 0.07186, 0.0215,
  0.06583, 0.071775, 0.0215,
  0.06571, 0.07169, 0.0215,
  0.06524, 0.07351, 0.022,
  0.06503, 0.07336, 0.022
 ],
 "morphTargets": [],
 "morphColors": [],
 "normals": [],
 "colors": [],
 "uvs": [[]],
  "faces": [
  2, 0, 1, 2, 0,
  2, 1, 3, 2, 0,
  2, 3, 4, 2, 0,
  2, 3, 5, 4, 0,
  2, 3, 6, 5, 0,
  2, 3, 7, 6, 0,
  2, 8, 9, 0, 0,
  2, 9, 10, 0, 0,
  2, 10, 1, 0, 0,
  2, 10, 3, 1, 0,
  2, 11, 12, 8, 0,
  2, 12, 13, 8, 0,
  2, 13, 9, 8, 0,
  2, 13, 10, 9, 0,
  2, 14, 15, 11, 0,
  2, 15, 16, 11, 0,
  2, 16, 12, 11, 0,
  2, 16, 13, 12, 0,
  2, 17, 18, 14, 0,
  2, 18, 19, 14, 0,
  2, 19, 15, 14, 0,
  2, 19, 16, 15, 0,
  2, 20, 21, 17, 0,
  2, 21, 22, 17, 0,
  2, 22, 18, 17, 0,
  2, 22, 19, 18, 0,
  2, 23, 24, 20, 0,
  2, 24, 25, 20, 0,
  2, 25, 21, 20, 0,
  2, 25, 22, 21, 0,
  2, 26, 27, 23, 0,
  2, 27, 28, 23, 0,
  2, 28, 24, 23, 0,
  2, 28, 25, 24, 0,
  2, 29, 27, 26, 0,
  2, 29, 28, 27, 0,
  2, 29, 30, 28, 0
]
 }
