 {
  "metadata" :
  {
   "formatVersion" : 3,
   "sourceFile" : "mch002r_022d",
   "generatedBy" : "Tr3 20161112",
   "vertices" : 42,
   "faces" : 55,
   "normals" : 0,
   "colors" : 0,
   "uvs" : 0,
   "materials" : 1
  },
  "scale" : 1.0,
  "materials": [{
    "DbgColor": 0,
    "DbgIndex": 0,
    "DbgName" : "Cap cb-11H: bone",
    "colorAmbient": [0.0, 0.0, 0.0],
    "colorDiffuse": [ 1.000, 1.000, 1.000],
    "colorSpecular": [0.16, 0.16, 0.16]
    }],
  "vertices": [
  0.0621491, 0.0778076, 0.011,
  0.0641655, 0.073492, 0.011,
  0.0597189, 0.0735089, 0.011,
  0.0550194, 0.0819896, 0.011,
  0.0574683, 0.0778166, 0.011,
  0.0528339, 0.0778398, 0.011,
  0.059822, 0.0818769, 0.011,
  0.0524026, 0.0860655, 0.011,
  0.0504033, 0.0817637, 0.011,
  0.0527272, 0.070658, 0.011,
  0.0483578, 0.0727777, 0.011,
  0.0513392, 0.0744578, 0.011,
  0.0659984, 0.0775937, 0.011,
  0.0684711, 0.0744338, 0.011,
  0.0614092, 0.0845259, 0.011,
  0.0657097, 0.0825513, 0.011,
  0.057176, 0.0865701, 0.011,
  0.0539, 0.08999, 0.011,
  0.0505114, 0.09009, 0.011,
  0.0474055, 0.0859898, 0.011,
  0.0472462, 0.0815602, 0.011,
  0.0474974, 0.0771306, 0.011,
  0.04712, 0.09, 0.011,
  0.0495094, 0.0684866, 0.011,
  0.057272, 0.0688681, 0.011,
  0.0546058, 0.0654753, 0.011,
  0.0552361, 0.0738627, 0.011,
  0.0619808, 0.0691865, 0.011,
  0.0666548, 0.0684113, 0.011,
  0.0715544, 0.070993, 0.011,
  0.0710294, 0.0665594, 0.011,
  0.0749322, 0.0677603, 0.011,
  0.0752829, 0.072365, 0.011,
  0.0729524, 0.0764263, 0.011,
  0.0694963, 0.0796841, 0.011,
  0.05601, 0.05152, 0.011,
  0.0535313, 0.0558477, 0.011,
  0.0566537, 0.056219, 0.011,
  0.05386, 0.05142, 0.011,
  0.0507645, 0.0642328, 0.011,
  0.0525317, 0.0601686, 0.011,
  0.0558104, 0.060888, 0.011
 ],
 "morphTargets": [],
 "morphColors": [],
 "normals": [],
 "colors": [],
 "uvs": [[]],
  "faces": [
  2, 0, 1, 2, 0,
  2, 3, 4, 5, 0,
  2, 3, 6, 4, 0,
  2, 6, 0, 4, 0,
  2, 7, 3, 8, 0,
  2, 9, 10, 11, 0,
  2, 0, 12, 1, 0,
  2, 12, 13, 1, 0,
  2, 8, 3, 5, 0,
  2, 14, 15, 6, 0,
  2, 16, 14, 6, 0,
  2, 3, 16, 6, 0,
  2, 7, 16, 3, 0,
  2, 17, 16, 7, 0,
  2, 18, 17, 7, 0,
  2, 8, 19, 7, 0,
  2, 20, 19, 8, 0,
  2, 21, 20, 8, 0,
  2, 5, 21, 8, 0,
  2, 19, 18, 7, 0,
  2, 18, 19, 22, 0,
  2, 11, 21, 5, 0,
  2, 23, 10, 9, 0,
  2, 24, 25, 9, 0,
  2, 26, 24, 9, 0,
  2, 2, 24, 26, 0,
  2, 27, 24, 2, 0,
  2, 1, 27, 2, 0,
  2, 28, 27, 1, 0,
  2, 13, 28, 1, 0,
  2, 29, 28, 13, 0,
  2, 30, 28, 29, 0,
  2, 31, 30, 29, 0,
  2, 32, 31, 29, 0,
  2, 33, 32, 29, 0,
  2, 13, 33, 29, 0,
  2, 34, 33, 13, 0,
  2, 12, 34, 13, 0,
  2, 15, 34, 12, 0,
  2, 0, 15, 12, 0,
  2, 6, 15, 0, 0,
  2, 11, 26, 9, 0,
  2, 5, 26, 11, 0,
  2, 5, 4, 26, 0,
  2, 4, 2, 26, 0,
  2, 4, 0, 2, 0,
  2, 35, 36, 37, 0,
  2, 35, 38, 36, 0,
  2, 25, 23, 9, 0,
  2, 25, 39, 23, 0,
  2, 25, 40, 39, 0,
  2, 41, 40, 25, 0,
  2, 37, 40, 41, 0,
  2, 37, 36, 40, 0,
  2, 11, 10, 21, 0
]
 }
