 {
  "metadata" :
  {
   "formatVersion" : 3,
   "sourceFile" : "mch002r_022d",
   "generatedBy" : "Tr3 20161112",
   "vertices" : 56,
   "faces" : 58,
   "normals" : 0,
   "colors" : 0,
   "uvs" : 0,
   "materials" : 1
  },
  "scale" : 1.0,
  "materials": [{
    "DbgColor": 0,
    "DbgIndex": 0,
    "DbgName" : "Join labcoc_apex_29: Cochlea",
    "colorAmbient": [0.0, 0.0, 0.0],
    "colorDiffuse": [ 0.565, 0.933, 0.565],
    "colorSpecular": [0.16, 0.16, 0.16]
    }],
  "vertices": [
  0.06931, 0.07309, 0.0145,
  0.06782, 0.07287, 0.014,
  0.06835, 0.07209, 0.014,
  0.06897, 0.07231, 0.014,
  0.0681, 0.07355, 0.0145,
  0.06807, 0.07371, 0.014,
  0.06835, 0.07334, 0.014,
  0.06766, 0.0738, 0.0145,
  0.06754, 0.07402, 0.014,
  0.06813, 0.07302, 0.014,
  0.06894, 0.07337, 0.0145,
  0.06844, 0.07352, 0.0145,
  0.06676, 0.07368, 0.0145,
  0.0666, 0.07321, 0.0145,
  0.06651, 0.07334, 0.014,
  0.06654, 0.07305, 0.014,
  0.0666, 0.07277, 0.0145,
  0.06676, 0.07268, 0.014,
  0.06698, 0.07265, 0.0145,
  0.06726, 0.07268, 0.014,
  0.0671, 0.07221, 0.0145,
  0.06779, 0.07196, 0.014,
  0.06713, 0.07196, 0.014,
  0.06723, 0.0739, 0.0145,
  0.06691, 0.07402, 0.014,
  0.06654, 0.07371, 0.014,
  0.06688, 0.07131, 0.0145,
  0.06704, 0.07097, 0.0145,
  0.0667, 0.07128, 0.014,
  0.06695, 0.07081, 0.014,
  0.06729, 0.07059, 0.0145,
  0.06744, 0.07034, 0.014,
  0.06748, 0.07041, 0.0145,
  0.06794, 0.07022, 0.014,
  0.06829, 0.07022, 0.0145,
  0.06866, 0.07025, 0.014,
  0.06891, 0.07019, 0.0145,
  0.06928, 0.07034, 0.014,
  0.06931, 0.07034, 0.0145,
  0.06953, 0.07069, 0.0145,
  0.06988, 0.07056, 0.014,
  0.07, 0.07069, 0.0145,
  0.07019, 0.07103, 0.014,
  0.07025, 0.07081, 0.0145,
  0.07041, 0.07122, 0.0145,
  0.07019, 0.07159, 0.014,
  0.07019, 0.07184, 0.0145,
  0.06997, 0.07212, 0.014,
  0.07, 0.07246, 0.0145,
  0.06972, 0.07249, 0.014,
  0.06975, 0.07277, 0.0145,
  0.06941, 0.0729, 0.014,
  0.06916, 0.07256, 0.014,
  0.06673, 0.07156, 0.0145,
  0.06679, 0.07184, 0.014,
  0.06676, 0.07193, 0.0145
 ],
 "morphTargets": [],
 "morphColors": [],
 "normals": [],
 "colors": [],
 "uvs": [[]],
  "faces": [
  2, 0, 1, 2, 0,
  2, 0, 2, 3, 0,
  2, 4, 5, 6, 0,
  2, 4, 7, 5, 0,
  2, 7, 8, 5, 0,
  2, 0, 9, 1, 0,
  2, 0, 10, 9, 0,
  2, 10, 6, 9, 0,
  2, 10, 11, 6, 0,
  2, 11, 4, 6, 0,
  2, 12, 13, 14, 0,
  2, 13, 15, 14, 0,
  2, 13, 16, 15, 0,
  2, 16, 17, 15, 0,
  2, 16, 18, 17, 0,
  2, 18, 19, 17, 0,
  2, 18, 20, 19, 0,
  2, 20, 1, 19, 0,
  2, 20, 2, 1, 0,
  2, 20, 21, 2, 0,
  2, 20, 22, 21, 0,
  2, 7, 23, 8, 0,
  2, 23, 24, 8, 0,
  2, 23, 12, 24, 0,
  2, 12, 25, 24, 0,
  2, 12, 14, 25, 0,
  2, 26, 27, 28, 0,
  2, 27, 29, 28, 0,
  2, 27, 30, 29, 0,
  2, 30, 31, 29, 0,
  2, 30, 32, 31, 0,
  2, 32, 33, 31, 0,
  2, 32, 34, 33, 0,
  2, 34, 35, 33, 0,
  2, 34, 36, 35, 0,
  2, 36, 37, 35, 0,
  2, 36, 38, 37, 0,
  2, 38, 39, 37, 0,
  2, 39, 40, 37, 0,
  2, 39, 41, 40, 0,
  2, 41, 42, 40, 0,
  2, 41, 43, 42, 0,
  2, 43, 44, 42, 0,
  2, 44, 45, 42, 0,
  2, 44, 46, 45, 0,
  2, 46, 47, 45, 0,
  2, 46, 48, 47, 0,
  2, 48, 49, 47, 0,
  2, 48, 50, 49, 0,
  2, 50, 51, 49, 0,
  2, 50, 0, 51, 0,
  2, 0, 3, 52, 0,
  2, 53, 28, 54, 0,
  2, 20, 55, 22, 0,
  2, 55, 54, 22, 0,
  2, 55, 53, 54, 0,
  2, 0, 52, 51, 0,
  2, 53, 26, 28, 0
]
 }
