 {
  "metadata" :
  {
   "formatVersion" : 3,
   "sourceFile" : "mch002r_022d",
   "generatedBy" : "Tr3 20161112",
   "vertices" : 134,
   "faces" : 136,
   "normals" : 0,
   "colors" : 0,
   "uvs" : 0,
   "materials" : 1
  },
  "scale" : 1.0,
  "materials": [{
    "DbgColor": 0,
    "DbgIndex": 0,
    "DbgName" : "Join os_cav_24: Cavity wall",
    "colorAmbient": [0.0, 0.0, 0.0],
    "colorDiffuse": [ 1.000, 0.784, 0.588],
    "colorSpecular": [0.16, 0.16, 0.16]
    }],
  "vertices": [
  0.0530454, 0.0775698, 0.012,
  0.0524397, 0.0769543, 0.012,
  0.0523978, 0.0780546, 0.0115,
  0.0516074, 0.0779062, 0.0115,
  0.0514752, 0.0773208, 0.0115,
  0.0532354, 0.0780782, 0.0115,
  0.0514936, 0.0756402, 0.012,
  0.0501711, 0.0749445, 0.0115,
  0.0501171, 0.0755789, 0.0115,
  0.0510217, 0.0749217, 0.0115,
  0.0516887, 0.0748085, 0.012,
  0.0518616, 0.0750707, 0.0115,
  0.0523931, 0.0744423, 0.012,
  0.0527081, 0.075067, 0.0115,
  0.0532455, 0.0745909, 0.012,
  0.0534805, 0.07475, 0.0115,
  0.0540024, 0.0749081, 0.012,
  0.0543376, 0.0747745, 0.0115,
  0.0547543, 0.0749273, 0.012,
  0.0517979, 0.0763674, 0.012,
  0.0513871, 0.0766688, 0.0115,
  0.0506741, 0.0762313, 0.0115,
  0.05498, 0.0741671, 0.012,
  0.0541698, 0.0739005, 0.012,
  0.0543755, 0.0736085, 0.0115,
  0.0535296, 0.0737953, 0.0115,
  0.0533015, 0.0738497, 0.012,
  0.0527164, 0.07405, 0.0115,
  0.052485, 0.0736817, 0.012,
  0.0518531, 0.0741177, 0.0115,
  0.0517101, 0.0733316, 0.012,
  0.0509943, 0.07424, 0.0115,
  0.0509059, 0.0730144, 0.012,
  0.0501256, 0.07424, 0.0115,
  0.0495118, 0.0736979, 0.0115,
  0.0498539, 0.0729661, 0.0115,
  0.0504028, 0.0723096, 0.012,
  0.0496974, 0.0724019, 0.0115,
  0.0501452, 0.0716822, 0.0115,
  0.0506311, 0.0714702, 0.012,
  0.0508004, 0.0711384, 0.0115,
  0.0511731, 0.07087, 0.012,
  0.0515483, 0.0713153, 0.0115,
  0.0518735, 0.071228, 0.012,
  0.0521932, 0.0718973, 0.0115,
  0.052777, 0.0725246, 0.0115,
  0.0524647, 0.0718647, 0.012,
  0.0527649, 0.0726563, 0.012,
  0.0536209, 0.0728113, 0.012,
  0.0536175, 0.0726705, 0.0115,
  0.0544276, 0.0726519, 0.012,
  0.0549779, 0.0744127, 0.0115,
  0.0553748, 0.0736539, 0.0115,
  0.05507, 0.07312, 0.0115,
  0.0518796, 0.0802216, 0.012,
  0.0520738, 0.0796537, 0.0115,
  0.0513318, 0.080084, 0.0115,
  0.0526767, 0.0798738, 0.012,
  0.0528109, 0.0792149, 0.0115,
  0.0531614, 0.0791654, 0.012,
  0.0534989, 0.0787039, 0.0115,
  0.0533948, 0.0783583, 0.012,
  0.05942, 0.06975, 0.012,
  0.0581771, 0.0698051, 0.0115,
  0.05732, 0.0698, 0.0115,
  0.0589362, 0.0701562, 0.0115,
  0.0597319, 0.0703433, 0.0115,
  0.0602558, 0.0699547, 0.012,
  0.0604539, 0.0707685, 0.0115,
  0.0609151, 0.0704864, 0.012,
  0.0609002, 0.071499, 0.0115,
  0.0615144, 0.0711043, 0.012,
  0.0619461, 0.0718296, 0.012,
  0.0612077, 0.0722958, 0.0115,
  0.0621055, 0.0726703, 0.012,
  0.0615353, 0.0732023, 0.012,
  0.0610706, 0.0731094, 0.0115,
  0.0607589, 0.0735944, 0.012,
  0.0604546, 0.0737055, 0.0115,
  0.0600455, 0.0740884, 0.012,
  0.0597785, 0.0742312, 0.0115,
  0.0592563, 0.0744531, 0.012,
  0.0590301, 0.0746504, 0.0115,
  0.0584725, 0.0748302, 0.012,
  0.0584369, 0.0752546, 0.0115,
  0.0579343, 0.0754757, 0.012,
  0.0582823, 0.0760976, 0.0115,
  0.0580704, 0.0762981, 0.012,
  0.0581782, 0.0769489, 0.0115,
  0.0579854, 0.07712, 0.012,
  0.0577788, 0.0776496, 0.0115,
  0.0577683, 0.0779606, 0.012,
  0.0576851, 0.078502, 0.0115,
  0.0576776, 0.0788253, 0.012,
  0.057566, 0.0793391, 0.0115,
  0.0574571, 0.0796553, 0.012,
  0.0570821, 0.0800138, 0.0115,
  0.0567559, 0.0801637, 0.012,
  0.0562983, 0.0803382, 0.0115,
  0.0560705, 0.0806734, 0.012,
  0.0556335, 0.0808703, 0.0115,
  0.0555021, 0.0813307, 0.012,
  0.0548906, 0.0812992, 0.0115,
  0.054821, 0.0818361, 0.012,
  0.0541274, 0.0816906, 0.0115,
  0.0539571, 0.08191, 0.012,
  0.0532929, 0.0818647, 0.0115,
  0.0531017, 0.0820027, 0.012,
  0.0524407, 0.0818626, 0.0115,
  0.0523261, 0.082386, 0.012,
  0.0515953, 0.081942, 0.0115,
  0.0515123, 0.0824645, 0.012,
  0.0508911, 0.0820385, 0.012,
  0.0507771, 0.0820702, 0.0115,
  0.0506424, 0.0812052, 0.012,
  0.0500005, 0.0818048, 0.0115,
  0.0499495, 0.0810809, 0.0115,
  0.0505936, 0.0805206, 0.0115,
  0.0510644, 0.0805253, 0.012,
  0.0558758, 0.0716186, 0.012,
  0.0558131, 0.0724468, 0.012,
  0.0558379, 0.0729352, 0.0115,
  0.0565094, 0.0725468, 0.0115,
  0.0565587, 0.0723777, 0.012,
  0.0563668, 0.0718239, 0.0115,
  0.0572569, 0.0718597, 0.012,
  0.056156, 0.071017, 0.0115,
  0.0566465, 0.0703312, 0.0115,
  0.0581033, 0.0717108, 0.012,
  0.058882, 0.071324, 0.012,
  0.058995, 0.0704974, 0.012,
  0.0548988, 0.0719553, 0.012,
  0.0544755, 0.0725826, 0.0115,
  0.0552148, 0.0711511, 0.012
 ],
 "morphTargets": [],
 "morphColors": [],
 "normals": [],
 "colors": [],
 "uvs": [[]],
  "faces": [
  2, 0, 1, 2, 0,
  2, 1, 3, 2, 0,
  2, 1, 4, 3, 0,
  2, 0, 2, 5, 0,
  2, 6, 7, 8, 0,
  2, 6, 9, 7, 0,
  2, 6, 10, 9, 0,
  2, 10, 11, 9, 0,
  2, 10, 12, 11, 0,
  2, 12, 13, 11, 0,
  2, 12, 14, 13, 0,
  2, 14, 15, 13, 0,
  2, 14, 16, 15, 0,
  2, 16, 17, 15, 0,
  2, 16, 18, 17, 0,
  2, 1, 19, 4, 0,
  2, 19, 20, 4, 0,
  2, 19, 6, 20, 0,
  2, 6, 21, 20, 0,
  2, 6, 8, 21, 0,
  2, 22, 23, 24, 0,
  2, 23, 25, 24, 0,
  2, 23, 26, 25, 0,
  2, 26, 27, 25, 0,
  2, 26, 28, 27, 0,
  2, 28, 29, 27, 0,
  2, 28, 30, 29, 0,
  2, 30, 31, 29, 0,
  2, 30, 32, 31, 0,
  2, 32, 33, 31, 0,
  2, 32, 34, 33, 0,
  2, 32, 35, 34, 0,
  2, 32, 36, 35, 0,
  2, 36, 37, 35, 0,
  2, 36, 38, 37, 0,
  2, 36, 39, 38, 0,
  2, 39, 40, 38, 0,
  2, 39, 41, 40, 0,
  2, 41, 42, 40, 0,
  2, 41, 43, 42, 0,
  2, 43, 44, 42, 0,
  2, 43, 45, 44, 0,
  2, 43, 46, 45, 0,
  2, 46, 47, 45, 0,
  2, 47, 48, 45, 0,
  2, 48, 49, 45, 0,
  2, 48, 50, 49, 0,
  2, 18, 51, 17, 0,
  2, 18, 22, 51, 0,
  2, 22, 52, 51, 0,
  2, 22, 53, 52, 0,
  2, 22, 24, 53, 0,
  2, 54, 55, 56, 0,
  2, 54, 57, 55, 0,
  2, 57, 58, 55, 0,
  2, 57, 59, 58, 0,
  2, 59, 60, 58, 0,
  2, 59, 61, 60, 0,
  2, 61, 5, 60, 0,
  2, 61, 0, 5, 0,
  2, 62, 63, 64, 0,
  2, 62, 65, 63, 0,
  2, 62, 66, 65, 0,
  2, 62, 67, 66, 0,
  2, 67, 68, 66, 0,
  2, 67, 69, 68, 0,
  2, 69, 70, 68, 0,
  2, 69, 71, 70, 0,
  2, 71, 72, 70, 0,
  2, 72, 73, 70, 0,
  2, 72, 74, 73, 0,
  2, 74, 75, 73, 0,
  2, 75, 76, 73, 0,
  2, 75, 77, 76, 0,
  2, 77, 78, 76, 0,
  2, 77, 79, 78, 0,
  2, 79, 80, 78, 0,
  2, 79, 81, 80, 0,
  2, 81, 82, 80, 0,
  2, 81, 83, 82, 0,
  2, 83, 84, 82, 0,
  2, 83, 85, 84, 0,
  2, 85, 86, 84, 0,
  2, 85, 87, 86, 0,
  2, 87, 88, 86, 0,
  2, 87, 89, 88, 0,
  2, 89, 90, 88, 0,
  2, 89, 91, 90, 0,
  2, 91, 92, 90, 0,
  2, 91, 93, 92, 0,
  2, 93, 94, 92, 0,
  2, 93, 95, 94, 0,
  2, 95, 96, 94, 0,
  2, 95, 97, 96, 0,
  2, 97, 98, 96, 0,
  2, 97, 99, 98, 0,
  2, 99, 100, 98, 0,
  2, 99, 101, 100, 0,
  2, 101, 102, 100, 0,
  2, 101, 103, 102, 0,
  2, 103, 104, 102, 0,
  2, 103, 105, 104, 0,
  2, 105, 106, 104, 0,
  2, 105, 107, 106, 0,
  2, 107, 108, 106, 0,
  2, 107, 109, 108, 0,
  2, 109, 110, 108, 0,
  2, 109, 111, 110, 0,
  2, 111, 112, 110, 0,
  2, 112, 113, 110, 0,
  2, 112, 114, 113, 0,
  2, 114, 115, 113, 0,
  2, 114, 116, 115, 0,
  2, 114, 117, 116, 0,
  2, 114, 118, 117, 0,
  2, 118, 56, 117, 0,
  2, 118, 54, 56, 0,
  2, 119, 120, 53, 0,
  2, 120, 52, 53, 0,
  2, 120, 121, 52, 0,
  2, 120, 122, 121, 0,
  2, 120, 123, 122, 0,
  2, 123, 124, 122, 0,
  2, 123, 125, 124, 0,
  2, 125, 126, 124, 0,
  2, 125, 127, 126, 0,
  2, 125, 128, 127, 0,
  2, 128, 64, 127, 0,
  2, 128, 129, 64, 0,
  2, 129, 130, 64, 0,
  2, 130, 62, 64, 0,
  2, 131, 53, 132, 0,
  2, 131, 133, 53, 0,
  2, 133, 119, 53, 0,
  2, 50, 131, 132, 0,
  2, 50, 132, 49, 0
]
 }
