 {
  "metadata" :
  {
   "formatVersion" : 3,
   "sourceFile" : "mch002r_022d",
   "generatedBy" : "Tr3 20161112",
   "vertices" : 22,
   "faces" : 20,
   "normals" : 0,
   "colors" : 0,
   "uvs" : 0,
   "materials" : 1
  },
  "scale" : 1.0,
  "materials": [{
    "DbgColor": 0,
    "DbgIndex": 0,
    "DbgName" : "Join JS6:  change 2aa_34  ",
    "colorAmbient": [0.0, 0.0, 0.0],
    "colorDiffuse": [ 1.000, 1.000, 1.000],
    "colorSpecular": [0.16, 0.16, 0.16]
    }],
  "vertices": [
  0.0581, 0.0727, 0.018,
  0.0594536, 0.0750972, 0.0175,
  0.05828, 0.07195, 0.0175,
  0.059782, 0.0754265, 0.018,
  0.061473, 0.0777297, 0.0175,
  0.0652048, 0.0778335, 0.018,
  0.0640423, 0.0762272, 0.018,
  0.065262, 0.0776789, 0.0175,
  0.0638323, 0.0761038, 0.0175,
  0.0647065, 0.0735508, 0.018,
  0.0618885, 0.0774946, 0.018,
  0.062694, 0.0796279, 0.018,
  0.0629046, 0.0796959, 0.0175,
  0.0677982, 0.0689295, 0.018,
  0.0654649, 0.0682493, 0.018,
  0.0675084, 0.0675885, 0.0175,
  0.0643625, 0.0684518, 0.0175,
  0.06238, 0.06917, 0.018,
  0.06126, 0.06974, 0.0175,
  0.0670311, 0.0718785, 0.018,
  0.0649969, 0.0735253, 0.0175,
  0.0669304, 0.0708104, 0.0175
 ],
 "morphTargets": [],
 "morphColors": [],
 "normals": [],
 "colors": [],
 "uvs": [[]],
  "faces": [
  2, 0, 1, 2, 0,
  2, 3, 4, 1, 0,
  2, 0, 3, 1, 0,
  2, 5, 6, 7, 0,
  2, 6, 8, 7, 0,
  2, 6, 9, 8, 0,
  2, 3, 10, 4, 0,
  2, 10, 11, 4, 0,
  2, 11, 12, 4, 0,
  2, 11, 5, 12, 0,
  2, 5, 7, 12, 0,
  2, 13, 14, 15, 0,
  2, 14, 16, 15, 0,
  2, 14, 17, 16, 0,
  2, 17, 18, 16, 0,
  2, 9, 19, 20, 0,
  2, 19, 21, 20, 0,
  2, 19, 13, 21, 0,
  2, 13, 15, 21, 0,
  2, 9, 20, 8, 0
]
 }
