 {
  "metadata" :
  {
   "formatVersion" : 3,
   "sourceFile" : "mch002r_022d",
   "generatedBy" : "Tr3 20161112",
   "vertices" : 87,
   "faces" : 136,
   "normals" : 0,
   "colors" : 0,
   "uvs" : 0,
   "materials" : 1
  },
  "scale" : 1.0,
  "materials": [{
    "DbgColor": 0,
    "DbgIndex": 0,
    "DbgName" : "tm_med_40: Pars tensa",
    "colorAmbient": [0.0, 0.0, 0.0],
    "colorDiffuse": [ 1.000, 1.000, 1.000],
    "colorSpecular": [0.16, 0.16, 0.16]
    }],
  "vertices": [
  0.05987, 0.07646, 0.0205,
  0.0595587, 0.0757883, 0.02,
  0.05923, 0.07605, 0.02,
  0.0601808, 0.0761529, 0.0205,
  0.0598874, 0.0755266, 0.02,
  0.0604916, 0.0758457, 0.0205,
  0.0602161, 0.0752649, 0.02,
  0.0608106, 0.0755479, 0.0205,
  0.0605591, 0.0750223, 0.02,
  0.0611526, 0.075276, 0.0205,
  0.0609042, 0.0747827, 0.02,
  0.0614946, 0.075004, 0.0205,
  0.0612493, 0.074543, 0.02,
  0.0618365, 0.074732, 0.0205,
  0.0616081, 0.0743249, 0.02,
  0.0621785, 0.07446, 0.0205,
  0.0619718, 0.0741145, 0.02,
  0.0625288, 0.0742, 0.0205,
  0.0623354, 0.0739041, 0.02,
  0.0629022, 0.0739731, 0.0205,
  0.0627038, 0.0737024, 0.02,
  0.0632757, 0.0737463, 0.0205,
  0.0630789, 0.073513, 0.02,
  0.0636491, 0.0735195, 0.0205,
  0.0634539, 0.0733236, 0.02,
  0.0636548, 0.0729913, 0.02,
  0.0638942, 0.0731802, 0.0205,
  0.0637675, 0.0725865, 0.02,
  0.0640701, 0.0727802, 0.0205,
  0.0638911, 0.0721854, 0.02,
  0.064246, 0.0723802, 0.0205,
  0.0640449, 0.0717944, 0.02,
  0.0644265, 0.0719825, 0.0205,
  0.0641987, 0.0714034, 0.02,
  0.0646394, 0.071601, 0.0205,
  0.0643943, 0.0710316, 0.02,
  0.0648524, 0.0712195, 0.0205,
  0.0645903, 0.07066, 0.02,
  0.0651135, 0.0708698, 0.0205,
  0.0648123, 0.0703043, 0.02,
  0.0653817, 0.0705249, 0.0205,
  0.0650562, 0.0699622, 0.02,
  0.06565, 0.07018, 0.0205,
  0.0653, 0.06962, 0.02,
  0.0606, 0.07654, 0.021,
  0.0608761, 0.0762294, 0.021,
  0.0611522, 0.0759188, 0.021,
  0.0614665, 0.0756497, 0.021,
  0.0617987, 0.0753999, 0.021,
  0.0621308, 0.0751501, 0.021,
  0.062463, 0.0749003, 0.021,
  0.0628057, 0.0746653, 0.021,
  0.0631493, 0.0744317, 0.021,
  0.063493, 0.074198, 0.021,
  0.0637923, 0.0739255, 0.021,
  0.0639781, 0.0735537, 0.021,
  0.064164, 0.073182, 0.021,
  0.0643663, 0.0728196, 0.021,
  0.0645863, 0.072467, 0.021,
  0.0648063, 0.0721144, 0.021,
  0.065038, 0.071771, 0.021,
  0.0653286, 0.071474, 0.021,
  0.0656193, 0.071177, 0.021,
  0.06591, 0.07088, 0.021,
  0.06171, 0.07627, 0.0215,
  0.0619858, 0.0759645, 0.0215,
  0.0622616, 0.075659, 0.0215,
  0.0625662, 0.075384, 0.0215,
  0.0628868, 0.0751259, 0.0215,
  0.0632085, 0.0748692, 0.0215,
  0.0635412, 0.0746269, 0.0215,
  0.0638739, 0.0743846, 0.0215,
  0.064132, 0.0740728, 0.0215,
  0.0643501, 0.0737238, 0.0215,
  0.0645802, 0.0733828, 0.0215,
  0.0648188, 0.0730474, 0.0215,
  0.0650573, 0.072712, 0.0215,
  0.065351, 0.0724246, 0.0215,
  0.0656505, 0.0721423, 0.0215,
  0.06595, 0.07186, 0.0215,
  0.06367, 0.07522, 0.022,
  0.0639317, 0.074935, 0.022,
  0.0641933, 0.07465, 0.022,
  0.064455, 0.074365, 0.022,
  0.0647167, 0.07408, 0.022,
  0.0649783, 0.073795, 0.022,
  0.06524, 0.07351, 0.022
 ],
 "morphTargets": [],
 "morphColors": [],
 "normals": [],
 "colors": [],
 "uvs": [[]],
  "faces": [
  2, 0, 1, 2, 0,
  2, 0, 3, 1, 0,
  2, 3, 4, 1, 0,
  2, 3, 5, 4, 0,
  2, 5, 6, 4, 0,
  2, 5, 7, 6, 0,
  2, 7, 8, 6, 0,
  2, 7, 9, 8, 0,
  2, 9, 10, 8, 0,
  2, 9, 11, 10, 0,
  2, 11, 12, 10, 0,
  2, 11, 13, 12, 0,
  2, 13, 14, 12, 0,
  2, 13, 15, 14, 0,
  2, 15, 16, 14, 0,
  2, 15, 17, 16, 0,
  2, 17, 18, 16, 0,
  2, 17, 19, 18, 0,
  2, 19, 20, 18, 0,
  2, 19, 21, 20, 0,
  2, 21, 22, 20, 0,
  2, 21, 23, 22, 0,
  2, 23, 24, 22, 0,
  2, 23, 25, 24, 0,
  2, 23, 26, 25, 0,
  2, 26, 27, 25, 0,
  2, 26, 28, 27, 0,
  2, 28, 29, 27, 0,
  2, 28, 30, 29, 0,
  2, 30, 31, 29, 0,
  2, 30, 32, 31, 0,
  2, 32, 33, 31, 0,
  2, 32, 34, 33, 0,
  2, 34, 35, 33, 0,
  2, 34, 36, 35, 0,
  2, 36, 37, 35, 0,
  2, 36, 38, 37, 0,
  2, 38, 39, 37, 0,
  2, 38, 40, 39, 0,
  2, 40, 41, 39, 0,
  2, 40, 42, 41, 0,
  2, 42, 43, 41, 0,
  2, 44, 3, 0, 0,
  2, 44, 45, 3, 0,
  2, 45, 5, 3, 0,
  2, 45, 46, 5, 0,
  2, 46, 7, 5, 0,
  2, 46, 47, 7, 0,
  2, 47, 9, 7, 0,
  2, 47, 48, 9, 0,
  2, 48, 11, 9, 0,
  2, 48, 49, 11, 0,
  2, 49, 13, 11, 0,
  2, 49, 50, 13, 0,
  2, 50, 15, 13, 0,
  2, 50, 51, 15, 0,
  2, 51, 17, 15, 0,
  2, 51, 52, 17, 0,
  2, 52, 19, 17, 0,
  2, 52, 53, 19, 0,
  2, 53, 21, 19, 0,
  2, 53, 54, 21, 0,
  2, 54, 23, 21, 0,
  2, 54, 55, 23, 0,
  2, 55, 26, 23, 0,
  2, 55, 56, 26, 0,
  2, 56, 28, 26, 0,
  2, 56, 57, 28, 0,
  2, 57, 30, 28, 0,
  2, 57, 58, 30, 0,
  2, 58, 32, 30, 0,
  2, 58, 59, 32, 0,
  2, 59, 34, 32, 0,
  2, 59, 60, 34, 0,
  2, 60, 36, 34, 0,
  2, 60, 61, 36, 0,
  2, 61, 38, 36, 0,
  2, 61, 62, 38, 0,
  2, 62, 40, 38, 0,
  2, 62, 63, 40, 0,
  2, 63, 42, 40, 0,
  2, 64, 45, 44, 0,
  2, 64, 46, 45, 0,
  2, 64, 65, 46, 0,
  2, 65, 47, 46, 0,
  2, 65, 66, 47, 0,
  2, 66, 48, 47, 0,
  2, 66, 67, 48, 0,
  2, 67, 49, 48, 0,
  2, 67, 68, 49, 0,
  2, 68, 50, 49, 0,
  2, 68, 69, 50, 0,
  2, 69, 51, 50, 0,
  2, 69, 70, 51, 0,
  2, 70, 52, 51, 0,
  2, 70, 71, 52, 0,
  2, 71, 53, 52, 0,
  2, 71, 72, 53, 0,
  2, 72, 54, 53, 0,
  2, 72, 55, 54, 0,
  2, 72, 73, 55, 0,
  2, 73, 56, 55, 0,
  2, 73, 74, 56, 0,
  2, 74, 57, 56, 0,
  2, 74, 75, 57, 0,
  2, 75, 58, 57, 0,
  2, 75, 76, 58, 0,
  2, 76, 59, 58, 0,
  2, 76, 77, 59, 0,
  2, 77, 60, 59, 0,
  2, 77, 78, 60, 0,
  2, 78, 61, 60, 0,
  2, 78, 79, 61, 0,
  2, 79, 62, 61, 0,
  2, 79, 63, 62, 0,
  2, 80, 65, 64, 0,
  2, 80, 66, 65, 0,
  2, 80, 67, 66, 0,
  2, 80, 68, 67, 0,
  2, 80, 69, 68, 0,
  2, 80, 81, 69, 0,
  2, 81, 70, 69, 0,
  2, 81, 82, 70, 0,
  2, 82, 71, 70, 0,
  2, 82, 83, 71, 0,
  2, 83, 72, 71, 0,
  2, 83, 84, 72, 0,
  2, 84, 73, 72, 0,
  2, 84, 85, 73, 0,
  2, 85, 74, 73, 0,
  2, 85, 86, 74, 0,
  2, 86, 75, 74, 0,
  2, 86, 76, 75, 0,
  2, 86, 77, 76, 0,
  2, 86, 78, 77, 0,
  2, 86, 79, 78, 0
]
 }
