 {
  "metadata" :
  {
   "formatVersion" : 3,
   "sourceFile" : "mch002r_022d",
   "generatedBy" : "Tr3 20161112",
   "vertices" : 61,
   "faces" : 59,
   "normals" : 0,
   "colors" : 0,
   "uvs" : 0,
   "materials" : 1
  },
  "scale" : 1.0,
  "materials": [{
    "DbgColor": 0,
    "DbgIndex": 0,
    "DbgName" : "labscc_lat_27: Semicircular canals",
    "colorAmbient": [0.0, 0.0, 0.0],
    "colorDiffuse": [ 1.000, 0.667, 1.000],
    "colorSpecular": [0.16, 0.16, 0.16]
    }],
  "vertices": [
  0.06399, 0.07988, 0.014,
  0.06356, 0.0801, 0.014,
  0.06382, 0.08024, 0.0135,
  0.06349, 0.08039, 0.0135,
  0.06313, 0.08036, 0.014,
  0.06293, 0.08077, 0.0135,
  0.06255, 0.08072, 0.014,
  0.06248, 0.08106, 0.0135,
  0.0621, 0.08114, 0.0135,
  0.06173, 0.08114, 0.014,
  0.06147, 0.08129, 0.0135,
  0.0612, 0.08144, 0.014,
  0.06109, 0.08136, 0.0135,
  0.06038, 0.08151, 0.0135,
  0.06007, 0.08144, 0.014,
  0.05971, 0.08144, 0.0135,
  0.05928, 0.0813, 0.014,
  0.05926, 0.08121, 0.0135,
  0.05889, 0.08069, 0.0135,
  0.05872, 0.0806, 0.014,
  0.05859, 0.08017, 0.0135,
  0.0583, 0.07962, 0.014,
  0.05829, 0.07946, 0.0135,
  0.05792, 0.07915, 0.014,
  0.05818, 0.07901, 0.0135,
  0.05814, 0.0786, 0.0135,
  0.05788, 0.07798, 0.014,
  0.05814, 0.07807, 0.0135,
  0.05806, 0.0774, 0.0135,
  0.05806, 0.07718, 0.014,
  0.05821, 0.07699, 0.0135,
  0.05867, 0.07718, 0.014,
  0.05833, 0.0765, 0.0135,
  0.05866, 0.07639, 0.0135,
  0.05907, 0.07654, 0.0135,
  0.05919, 0.07691, 0.0135,
  0.05911, 0.07721, 0.0135,
  0.05904, 0.07755, 0.0135,
  0.0589, 0.07784, 0.014,
  0.05896, 0.078, 0.0135,
  0.05892, 0.07848, 0.0135,
  0.0589, 0.07877, 0.014,
  0.05896, 0.07901, 0.0135,
  0.05909, 0.07952, 0.014,
  0.05911, 0.07942, 0.0135,
  0.05934, 0.07983, 0.0135,
  0.05975, 0.07999, 0.014,
  0.05982, 0.08024, 0.0135,
  0.06031, 0.08032, 0.014,
  0.06038, 0.08047, 0.0135,
  0.06096, 0.0805, 0.014,
  0.06094, 0.0805, 0.0135,
  0.06143, 0.0805, 0.014,
  0.06147, 0.08039, 0.0135,
  0.06225, 0.08013, 0.0135,
  0.0624, 0.0801, 0.014,
  0.06278, 0.07976, 0.0135,
  0.06317, 0.07965, 0.014,
  0.06315, 0.07946, 0.0135,
  0.06352, 0.07926, 0.014,
  0.06341, 0.07912, 0.0135
 ],
 "morphTargets": [],
 "morphColors": [],
 "normals": [],
 "colors": [],
 "uvs": [[]],
  "faces": [
  2, 0, 1, 2, 0,
  2, 1, 3, 2, 0,
  2, 1, 4, 3, 0,
  2, 4, 5, 3, 0,
  2, 4, 6, 5, 0,
  2, 6, 7, 5, 0,
  2, 6, 8, 7, 0,
  2, 6, 9, 8, 0,
  2, 9, 10, 8, 0,
  2, 9, 11, 10, 0,
  2, 11, 12, 10, 0,
  2, 11, 13, 12, 0,
  2, 11, 14, 13, 0,
  2, 14, 15, 13, 0,
  2, 14, 16, 15, 0,
  2, 16, 17, 15, 0,
  2, 16, 18, 17, 0,
  2, 16, 19, 18, 0,
  2, 19, 20, 18, 0,
  2, 19, 21, 20, 0,
  2, 21, 22, 20, 0,
  2, 21, 23, 22, 0,
  2, 23, 24, 22, 0,
  2, 23, 25, 24, 0,
  2, 23, 26, 25, 0,
  2, 26, 27, 25, 0,
  2, 26, 28, 27, 0,
  2, 26, 29, 28, 0,
  2, 29, 30, 28, 0,
  2, 29, 31, 30, 0,
  2, 31, 32, 30, 0,
  2, 31, 33, 32, 0,
  2, 31, 34, 33, 0,
  2, 31, 35, 34, 0,
  2, 31, 36, 35, 0,
  2, 31, 37, 36, 0,
  2, 31, 38, 37, 0,
  2, 38, 39, 37, 0,
  2, 38, 40, 39, 0,
  2, 38, 41, 40, 0,
  2, 41, 42, 40, 0,
  2, 41, 43, 42, 0,
  2, 43, 44, 42, 0,
  2, 43, 45, 44, 0,
  2, 43, 46, 45, 0,
  2, 46, 47, 45, 0,
  2, 46, 48, 47, 0,
  2, 48, 49, 47, 0,
  2, 48, 50, 49, 0,
  2, 50, 51, 49, 0,
  2, 50, 52, 51, 0,
  2, 52, 53, 51, 0,
  2, 52, 54, 53, 0,
  2, 52, 55, 54, 0,
  2, 55, 56, 54, 0,
  2, 55, 57, 56, 0,
  2, 57, 58, 56, 0,
  2, 57, 59, 58, 0,
  2, 59, 60, 58, 0
]
 }
