 {
  "metadata" :
  {
   "formatVersion" : 3,
   "sourceFile" : "mch002r_022d",
   "generatedBy" : "Tr3 20161112",
   "vertices" : 128,
   "faces" : 189,
   "normals" : 0,
   "colors" : 0,
   "uvs" : 0,
   "materials" : 1
  },
  "scale" : 1.0,
  "materials": [{
    "DbgColor": 0,
    "DbgIndex": 0,
    "DbgName" : "os_temp_41: Temporal bone",
    "colorAmbient": [0.0, 0.0, 0.0],
    "colorDiffuse": [ 1.000, 0.784, 0.588],
    "colorSpecular": [0.16, 0.16, 0.16]
    }],
  "vertices": [
  0.06041, 0.07639, 0.021,
  0.0586797, 0.0762354, 0.021,
  0.0596, 0.07636, 0.0205,
  0.0580557, 0.0759058, 0.0205,
  0.0577645, 0.077256, 0.021,
  0.0573343, 0.0766577, 0.0205,
  0.0585716, 0.0777906, 0.0205,
  0.059395, 0.0777951, 0.021,
  0.0608686, 0.0785976, 0.021,
  0.0594846, 0.0785994, 0.021,
  0.0587416, 0.0788968, 0.0205,
  0.0590561, 0.0792981, 0.021,
  0.0581378, 0.0804378, 0.0205,
  0.0592672, 0.0805032, 0.021,
  0.0591666, 0.0816582, 0.021,
  0.0576987, 0.0820241, 0.0205,
  0.0587521, 0.0833364, 0.0205,
  0.0604536, 0.0827392, 0.021,
  0.05975, 0.0842581, 0.021,
  0.05887, 0.0849937, 0.0205,
  0.06003, 0.0859622, 0.021,
  0.0589017, 0.0866868, 0.0205,
  0.0599, 0.0876897, 0.021,
  0.0590943, 0.088388, 0.0205,
  0.0605902, 0.0888369, 0.021,
  0.060255, 0.0895089, 0.0205,
  0.0615491, 0.0884834, 0.0205,
  0.0615303, 0.0874866, 0.021,
  0.0623158, 0.086952, 0.0205,
  0.0626794, 0.0862925, 0.021,
  0.0632488, 0.0856005, 0.0205,
  0.06327, 0.0848991, 0.021,
  0.0636512, 0.0839341, 0.0205,
  0.0634026, 0.0831666, 0.021,
  0.0641692, 0.0823, 0.0205,
  0.0637978, 0.0814791, 0.021,
  0.0643849, 0.0806077, 0.0205,
  0.0636018, 0.0797911, 0.021,
  0.0638292, 0.0790362, 0.0205,
  0.0644624, 0.0785355, 0.021,
  0.0653128, 0.0783872, 0.0205,
  0.0661233, 0.0780304, 0.021,
  0.0669361, 0.0778482, 0.0205,
  0.0677388, 0.0773955, 0.021,
  0.0683148, 0.0769198, 0.0205,
  0.068517, 0.0760353, 0.021,
  0.0692079, 0.0757176, 0.0205,
  0.0692349, 0.0748039, 0.021,
  0.0691652, 0.0744468, 0.0205,
  0.0692192, 0.0732455, 0.021,
  0.0691765, 0.0729397, 0.0205,
  0.0705382, 0.0723755, 0.0205,
  0.0706931, 0.072395, 0.021,
  0.0719941, 0.0732711, 0.0205,
  0.0720311, 0.0720863, 0.021,
  0.0729662, 0.0728609, 0.0205,
  0.0722318, 0.0713301, 0.0205,
  0.0706954, 0.0711063, 0.021,
  0.071489, 0.0697955, 0.0205,
  0.07037, 0.0694452, 0.021,
  0.0711566, 0.0681367, 0.0205,
  0.069578, 0.067988, 0.021,
  0.0695955, 0.0675202, 0.0205,
  0.0679765, 0.0674293, 0.021,
  0.0682544, 0.066507, 0.0205,
  0.0667658, 0.0669188, 0.0205,
  0.0665915, 0.0683557, 0.021,
  0.0654892, 0.0680374, 0.0205,
  0.065174, 0.0690938, 0.021,
  0.0642252, 0.0688137, 0.0205,
  0.06524, 0.07012, 0.0205,
  0.06566, 0.07073, 0.021,
  0.06156, 0.07616, 0.0215,
  0.0598744, 0.0761178, 0.0215,
  0.0585375, 0.076682, 0.0215,
  0.0597187, 0.0776097, 0.0215,
  0.0611777, 0.0784688, 0.0215,
  0.0599797, 0.0788662, 0.0215,
  0.0588507, 0.0791364, 0.0215,
  0.0593635, 0.080461, 0.0215,
  0.0601434, 0.0812295, 0.0215,
  0.0608571, 0.0826016, 0.0215,
  0.0601887, 0.0841164, 0.0215,
  0.0608119, 0.0855399, 0.0215,
  0.0605598, 0.0872002, 0.0215,
  0.0611458, 0.0877521, 0.0215,
  0.0618348, 0.086192, 0.0215,
  0.0625042, 0.0846079, 0.0215,
  0.0627346, 0.0829175, 0.0215,
  0.0623125, 0.0813499, 0.0215,
  0.0618571, 0.0799021, 0.0215,
  0.0633197, 0.0790284, 0.0215,
  0.0648733, 0.0782945, 0.0215,
  0.0663388, 0.0774019, 0.0215,
  0.0678908, 0.0768192, 0.0215,
  0.0685799, 0.075389, 0.0215,
  0.0689666, 0.0737192, 0.0215,
  0.0700578, 0.072475, 0.0215,
  0.070269, 0.0715623, 0.0215,
  0.0691836, 0.0702644, 0.0215,
  0.0679061, 0.0691506, 0.0215,
  0.066193, 0.0690641, 0.0215,
  0.0656808, 0.0700708, 0.0215,
  0.06571, 0.07169, 0.0215,
  0.0635, 0.07507, 0.022,
  0.0620695, 0.0759382, 0.022,
  0.0604047, 0.07586, 0.022,
  0.0596365, 0.0768312, 0.022,
  0.0609103, 0.0778668, 0.022,
  0.0612495, 0.0790138, 0.022,
  0.0596221, 0.0787579, 0.022,
  0.0590844, 0.0792849, 0.022,
  0.0600923, 0.0805935, 0.022,
  0.0613021, 0.0817384, 0.022,
  0.0617589, 0.0809968, 0.022,
  0.0611546, 0.0798813, 0.022,
  0.0627183, 0.0794721, 0.022,
  0.0641514, 0.0786299, 0.022,
  0.0655091, 0.0777132, 0.022,
  0.0669141, 0.0768301, 0.022,
  0.0680357, 0.0757103, 0.022,
  0.0688901, 0.0743069, 0.022,
  0.0691525, 0.072658, 0.022,
  0.0689055, 0.0710332, 0.022,
  0.0674977, 0.0702707, 0.022,
  0.0660597, 0.0704113, 0.022,
  0.066052, 0.0720808, 0.022,
  0.06503, 0.07336, 0.022
 ],
 "morphTargets": [],
 "morphColors": [],
 "normals": [],
 "colors": [],
 "uvs": [[]],