 {
  "metadata" :
  {
   "formatVersion" : 3,
   "sourceFile" : "mch002r_022d",
   "generatedBy" : "Tr3 20161112",
   "vertices" : 70,
   "faces" : 70,
   "normals" : 0,
   "colors" : 0,
   "uvs" : 0,
   "materials" : 1
  },
  "scale" : 1.0,
  "materials": [{
    "DbgColor": 0,
    "DbgIndex": 0,
    "DbgName" : "Join JB1-35-36-1:                 ",
    "colorAmbient": [0.0, 0.0, 0.0],
    "colorDiffuse": [ 1.000, 1.000, 1.000],
    "colorSpecular": [0.16, 0.16, 0.16]
    }],
  "vertices": [
  0.05488, 0.09004, 0.0175,
  0.05603, 0.09004, 0.018,
  0.0589951, 0.090023, 0.0175,
  0.0526028, 0.0780278, 0.018,
  0.05245, 0.08069, 0.018,
  0.05194, 0.08074, 0.0175,
  0.0526291, 0.0839258, 0.0175,
  0.06311, 0.09013, 0.0175,
  0.06218, 0.09004, 0.018,
  0.0631997, 0.0882145, 0.0175,
  0.0590971, 0.09007, 0.018,
  0.0581, 0.0727, 0.018,
  0.0559135, 0.0741458, 0.018,
  0.0558435, 0.0735384, 0.0175,
  0.05828, 0.07195, 0.0175,
  0.0594536, 0.0750972, 0.0175,
  0.059782, 0.0754265, 0.018,
  0.061473, 0.0777297, 0.0175,
  0.0618885, 0.0774946, 0.018,
  0.062694, 0.0796279, 0.018,
  0.0629046, 0.0796959, 0.0175,
  0.0652048, 0.0778335, 0.018,
  0.065262, 0.0776789, 0.0175,
  0.0640423, 0.0762272, 0.018,
  0.0638323, 0.0761038, 0.0175,
  0.0647065, 0.0735508, 0.018,
  0.0649969, 0.0735253, 0.0175,
  0.0670311, 0.0718785, 0.018,
  0.0669304, 0.0708104, 0.0175,
  0.0677982, 0.0689295, 0.018,
  0.0675084, 0.0675885, 0.0175,
  0.0654649, 0.0682493, 0.018,
  0.0643625, 0.0684518, 0.0175,
  0.06238, 0.06917, 0.018,
  0.06126, 0.06974, 0.0175,
  0.06269, 0.06894, 0.018,
  0.0595651, 0.0687519, 0.018,
  0.0579268, 0.0690161, 0.0175,
  0.0591104, 0.0671863, 0.0175,
  0.0610292, 0.0671933, 0.018,
  0.0625267, 0.0671754, 0.0175,
  0.0642534, 0.0668359, 0.018,
  0.0658423, 0.0663523, 0.0175,
  0.0675086, 0.066725, 0.018,
  0.0692068, 0.0657473, 0.0175,
  0.0707641, 0.0667156, 0.018,
  0.072627, 0.06568, 0.0175,
  0.0738282, 0.0674066, 0.018,
  0.0757594, 0.0666495, 0.0175,
  0.0753521, 0.0698822, 0.018,
  0.0766303, 0.0698053, 0.0175,
  0.07513, 0.07284, 0.0175,
  0.07471, 0.07293, 0.018,
  0.0730642, 0.0753448, 0.0175,
  0.0728723, 0.0753348, 0.018,
  0.0710405, 0.0778877, 0.0175,
  0.0709386, 0.0776766, 0.018,
  0.0689408, 0.0799631, 0.018,
  0.0691143, 0.0805016, 0.0175,
  0.0671654, 0.0824147, 0.018,
  0.067107, 0.0830385, 0.0175,
  0.0655342, 0.0849762, 0.018,
  0.0651801, 0.0856433, 0.0175,
  0.0638571, 0.0875081, 0.018,
  0.0546316, 0.0870258, 0.018,
  0.0538347, 0.0869568, 0.0175,
  0.0534336, 0.0838961, 0.018,
  0.0535482, 0.0753088, 0.0175,
  0.0537052, 0.0755944, 0.018,
  0.0522564, 0.077866, 0.0175
 ],
 "morphTargets": [],
 "morphColors": [],
 "normals": [],
 "colors": [],
 "uvs": [[]],
  "faces": [
  2, 0, 1, 2, 0,
  2, 3, 4, 5, 0,
  2, 5, 4, 6, 0,
  2, 7, 8, 9, 0,
  2, 2, 8, 7, 0,
  2, 10, 8, 2, 0,
  2, 1, 10, 2, 0,
  2, 11, 12, 13, 0,
  2, 14, 11, 13, 0,
  2, 15, 11, 14, 0,
  2, 16, 11, 15, 0,
  2, 17, 16, 15, 0,
  2, 18, 16, 17, 0,
  2, 19, 18, 17, 0,
  2, 20, 19, 17, 0,
  2, 21, 19, 20, 0,
  2, 22, 21, 20, 0,
  2, 23, 21, 22, 0,
  2, 24, 23, 22, 0,
  2, 25, 23, 24, 0,
  2, 26, 25, 24, 0,
  2, 27, 25, 26, 0,
  2, 28, 27, 26, 0,
  2, 29, 27, 28, 0,
  2, 30, 29, 28, 0,
  2, 31, 29, 30, 0,
  2, 32, 31, 30, 0,
  2, 33, 31, 32, 0,
  2, 34, 33, 32, 0,
  2, 35, 33, 34, 0,
  2, 36, 35, 34, 0,
  2, 37, 36, 34, 0,
  2, 38, 36, 37, 0,
  2, 39, 36, 38, 0,
  2, 40, 39, 38, 0,
  2, 41, 39, 40, 0,
  2, 42, 41, 40, 0,
  2, 43, 41, 42, 0,
  2, 44, 43, 42, 0,
  2, 45, 43, 44, 0,
  2, 46, 45, 44, 0,
  2, 47, 45, 46, 0,
  2, 48, 47, 46, 0,
  2, 49, 47, 48, 0,
  2, 50, 49, 48, 0,
  2, 51, 49, 50, 0,
  2, 52, 49, 51, 0,
  2, 53, 52, 51, 0,
  2, 54, 52, 53, 0,
  2, 55, 54, 53, 0,
  2, 56, 54, 55, 0,
  2, 57, 56, 55, 0,
  2, 58, 57, 55, 0,
  2, 59, 57, 58, 0,
  2, 60, 59, 58, 0,
  2, 61, 59, 60, 0,
  2, 62, 61, 60, 0,
  2, 63, 61, 62, 0,
  2, 9, 63, 62, 0,
  2, 8, 63, 9, 0,
  2, 64, 1, 0, 0,
  2, 65, 64, 0, 0,
  2, 66, 64, 65, 0,
  2, 6, 66, 65, 0,
  2, 4, 66, 6, 0,
  2, 67, 68, 69, 0,
  2, 12, 68, 67, 0,
  2, 69, 3, 5, 0,
  2, 68, 3, 69, 0,
  2, 13, 12, 67, 0
]
 }
