 {
  "metadata" :
  {
   "formatVersion" : 3,
   "sourceFile" : "mch002r_022d",
   "generatedBy" : "Tr3 20161112",
   "vertices" : 8,
   "faces" : 6,
   "normals" : 0,
   "colors" : 0,
   "uvs" : 0,
   "materials" : 1
  },
  "scale" : 1.0,
  "materials": [{
    "DbgColor": 0,
    "DbgIndex": 0,
    "DbgName" : "Join Qiend5:                 ",
    "colorAmbient": [0.0, 0.0, 0.0],
    "colorDiffuse": [ 1.000, 1.000, 1.000],
    "colorSpecular": [0.16, 0.16, 0.16]
    }],
  "vertices": [
  0.0401879, 0.0644872, 0.02,
  0.04236, 0.0701, 0.02,
  0.04193, 0.06998, 0.0195,
  0.0396566, 0.0577286, 0.02,
  0.0398287, 0.06422, 0.0195,
  0.039461, 0.0574435, 0.0195,
  0.0407, 0.051, 0.02,
  0.04067, 0.05077, 0.0195
 ],
 "morphTargets": [],
 "morphColors": [],
 "normals": [],
 "colors": [],
 "uvs": [[]],
  "faces": [
  2, 0, 1, 2, 0,
  2, 3, 4, 5, 0,
  2, 3, 0, 4, 0,
  2, 6, 5, 7, 0,
  2, 6, 3, 5, 0,
  2, 0, 2, 4, 0
]
 }
