 {
  "metadata" :
  {
   "formatVersion" : 3,
   "sourceFile" : "mch002r_022d",
   "generatedBy" : "Tr3 20161112",
   "vertices" : 15,
   "faces" : 16,
   "normals" : 0,
   "colors" : 0,
   "uvs" : 0,
   "materials" : 1
  },
  "scale" : 1.0,
  "materials": [{
    "DbgColor": 0,
    "DbgIndex": 0,
    "DbgName" : "1b_2aa40: (no description)",
    "colorAmbient": [0.0, 0.0, 0.0],
    "colorDiffuse": [ 1.000, 1.000, 1.000],
    "colorSpecular": [0.16, 0.16, 0.16]
    }],
  "vertices": [
  0.05987, 0.07646, 0.0205,
  0.0625485, 0.0774875, 0.02,
  0.05923, 0.07605, 0.02,
  0.0629501, 0.0780799, 0.0205,
  0.0655176, 0.0761218, 0.02,
  0.0657253, 0.0760157, 0.0205,
  0.06709, 0.0728026, 0.0205,
  0.067094, 0.0726051, 0.02,
  0.06552, 0.07031, 0.0205,
  0.06514, 0.06974, 0.02,
  0.0606, 0.07654, 0.021,
  0.0639895, 0.0773685, 0.021,
  0.0667234, 0.07529, 0.021,
  0.0684823, 0.0723567, 0.021,
  0.06582, 0.07096, 0.021
 ],
 "morphTargets": [],
 "morphColors": [],
 "normals": [],
 "colors": [],
 "uvs": [[]],
  "faces": [
  2, 0, 1, 2, 0,
  2, 0, 3, 1, 0,
  2, 3, 4, 1, 0,
  2, 3, 5, 4, 0,
  2, 5, 6, 4, 0,
  2, 6, 7, 4, 0,
  2, 6, 8, 7, 0,
  2, 8, 9, 7, 0,
  2, 10, 3, 0, 0,
  2, 10, 11, 3, 0,
  2, 11, 5, 3, 0,
  2, 11, 12, 5, 0,
  2, 12, 6, 5, 0,
  2, 12, 13, 6, 0,
  2, 13, 14, 6, 0,
  2, 14, 8, 6, 0
]
 }
