 {
  "metadata" :
  {
   "formatVersion" : 3,
   "sourceFile" : "mch002r_022d",
   "generatedBy" : "Tr3 20161112",
   "vertices" : 40,
   "faces" : 42,
   "normals" : 0,
   "colors" : 0,
   "uvs" : 0,
   "materials" : 1
  },
  "scale" : 1.0,
  "materials": [{
    "DbgColor": 0,
    "DbgIndex": 0,
    "DbgName" : "Join os_osscond_mid_38: Occipital bone (condylar part)",
    "colorAmbient": [0.0, 0.0, 0.0],
    "colorDiffuse": [ 1.000, 0.784, 0.588],
    "colorSpecular": [0.16, 0.16, 0.16]
    }],
  "vertices": [
  0.0722375, 0.0826972, 0.019,
  0.0722527, 0.0844137, 0.019,
  0.0723218, 0.0827497, 0.0185,
  0.0725218, 0.0810271, 0.0185,
  0.0718788, 0.0860908, 0.019,
  0.0721953, 0.0844803, 0.0185,
  0.072149, 0.0862123, 0.0185,
  0.0721, 0.08774, 0.019,
  0.0729766, 0.0875818, 0.0185,
  0.0735449, 0.0885271, 0.019,
  0.0745892, 0.0881665, 0.0185,
  0.0750155, 0.0888728, 0.019,
  0.073992, 0.0793641, 0.019,
  0.0729966, 0.079372, 0.0185,
  0.07431, 0.07828, 0.0185,
  0.0727284, 0.0793494, 0.019,
  0.0722698, 0.080984, 0.019,
  0.0759412, 0.0840998, 0.019,
  0.0751829, 0.0825588, 0.019,
  0.0760883, 0.0837429, 0.0185,
  0.0753757, 0.082166, 0.0185,
  0.0744348, 0.0810144, 0.019,
  0.0748214, 0.0805488, 0.0185,
  0.075487, 0.0790257, 0.0185,
  0.0760824, 0.0785846, 0.019,
  0.0770943, 0.0790486, 0.0185,
  0.07695, 0.0799, 0.019,
  0.0780801, 0.0809887, 0.019,
  0.0784705, 0.0802256, 0.019,
  0.0775335, 0.0789871, 0.019,
  0.0771216, 0.0774676, 0.019,
  0.077134, 0.0773869, 0.0185,
  0.0767641, 0.0760358, 0.019,
  0.0766881, 0.0758907, 0.0185,
  0.0757367, 0.0771156, 0.019,
  0.0754051, 0.0769447, 0.0185,
  0.0761732, 0.0857854, 0.019,
  0.0762313, 0.0854527, 0.0185,
  0.0758015, 0.0871267, 0.0185,
  0.0758835, 0.0874779, 0.019
 ],
 "morphTargets": [],
 "morphColors": [],
 "normals": [],
 "colors": [],
 "uvs": [[]],
  "faces": [
  2, 0, 1, 2, 0,
  2, 0, 2, 3, 0,
  2, 1, 4, 5, 0,
  2, 4, 6, 5, 0,
  2, 4, 7, 6, 0,
  2, 7, 8, 6, 0,
  2, 7, 9, 8, 0,
  2, 9, 10, 8, 0,
  2, 9, 11, 10, 0,
  2, 1, 5, 2, 0,
  2, 12, 13, 14, 0,
  2, 12, 15, 13, 0,
  2, 15, 3, 13, 0,
  2, 15, 16, 3, 0,
  2, 16, 0, 3, 0,
  2, 17, 18, 19, 0,
  2, 18, 20, 19, 0,
  2, 18, 21, 20, 0,
  2, 21, 22, 20, 0,
  2, 21, 12, 22, 0,
  2, 12, 23, 22, 0,
  2, 12, 24, 23, 0,
  2, 24, 25, 23, 0,
  2, 24, 26, 25, 0,
  2, 26, 27, 25, 0,
  2, 27, 28, 25, 0,
  2, 28, 29, 25, 0,
  2, 29, 30, 25, 0,
  2, 30, 31, 25, 0,
  2, 30, 32, 31, 0,
  2, 32, 33, 31, 0,
  2, 32, 34, 33, 0,
  2, 34, 35, 33, 0,
  2, 34, 14, 35, 0,
  2, 34, 24, 14, 0,
  2, 24, 12, 14, 0,
  2, 36, 37, 38, 0,
  2, 36, 17, 37, 0,
  2, 17, 19, 37, 0,
  2, 39, 36, 38, 0,
  2, 39, 38, 10, 0,
  2, 11, 39, 10, 0
]
 }
