 {
  "metadata" :
  {
   "formatVersion" : 3,
   "sourceFile" : "mch002r_022d",
   "generatedBy" : "Tr3 20161112",
   "vertices" : 9,
   "faces" : 8,
   "normals" : 0,
   "colors" : 0,
   "uvs" : 0,
   "materials" : 1
  },
  "scale" : 1.0,
  "materials": [{
    "DbgColor": 0,
    "DbgIndex": 0,
    "DbgName" : "Cap os_temp_midant_35_tail: Temporal bone",
    "colorAmbient": [0.0, 0.0, 0.0],
    "colorDiffuse": [ 1.000, 0.784, 0.588],
    "colorSpecular": [0.16, 0.16, 0.16]
    }],
  "vertices": [
  0.0630732, 0.0633097, 0.0175,
  0.0618101, 0.0634678, 0.0175,
  0.0616993, 0.06186, 0.0175,
  0.0623948, 0.0649496, 0.0175,
  0.06377, 0.06461, 0.0175,
  0.0645609, 0.0632685, 0.0175,
  0.0642042, 0.0617026, 0.0175,
  0.0636014, 0.060264, 0.0175,
  0.0621002, 0.0603746, 0.0175
 ],
 "morphTargets": [],
 "morphColors": [],
 "normals": [],
 "colors": [],
 "uvs": [[]],
  "faces": [
  2, 0, 1, 2, 0,
  2, 1, 0, 3, 0,
  2, 3, 0, 4, 0,
  2, 4, 0, 5, 0,
  2, 5, 0, 6, 0,
  2, 0, 2, 6, 0,
  2, 6, 2, 7, 0,
  2, 2, 8, 7, 0
]
 }
