 {
  "metadata" :
  {
   "formatVersion" : 3,
   "sourceFile" : "mch002r_022d",
   "generatedBy" : "Tr3 20161112",
   "vertices" : 14,
   "faces" : 13,
   "normals" : 0,
   "colors" : 0,
   "uvs" : 0,
   "materials" : 1
  },
  "scale" : 1.0,
  "materials": [{
    "DbgColor": 0,
    "DbgIndex": 0,
    "DbgName" : "4_39: sf",
    "colorAmbient": [0.0, 0.0, 0.0],
    "colorDiffuse": [ 0.000, 0.000, 1.000],
    "colorSpecular": [0.16, 0.16, 0.16]
    }],
  "vertices": [
  0.04704, 0.06755, 0.02,
  0.0509948, 0.0698669, 0.02,
  0.04769, 0.06785, 0.0195,
  0.0517833, 0.0702803, 0.0195,
  0.04795, 0.07113, 0.0195,
  0.04798, 0.07115, 0.02,
  0.04709, 0.06762, 0.0205,
  0.048, 0.07113, 0.0205,
  0.04716, 0.06779, 0.021,
  0.04797, 0.07085, 0.021,
  0.04727, 0.06811, 0.0215,
  0.04789, 0.07048, 0.0215,
  0.04747, 0.06882, 0.022,
  0.0477, 0.06966, 0.022
 ],
 "morphTargets": [],
 "morphColors": [],
 "normals": [],
 "colors": [],
 "uvs": [[]],
  "faces": [
  2, 0, 1, 2, 0,
  2, 1, 3, 2, 0,
  2, 1, 4, 3, 0,
  2, 1, 5, 4, 0,
  2, 6, 7, 0, 0,
  2, 7, 1, 0, 0,
  2, 7, 5, 1, 0,
  2, 8, 9, 6, 0,
  2, 9, 7, 6, 0,
  2, 10, 11, 8, 0,
  2, 11, 9, 8, 0,
  2, 12, 13, 10, 0,
  2, 13, 11, 10, 0
]
 }
