 {
  "metadata" :
  {
   "formatVersion" : 3,
   "sourceFile" : "mch002r_022d",
   "generatedBy" : "Tr3 20161112",
   "vertices" : 22,
   "faces" : 22,
   "normals" : 0,
   "colors" : 0,
   "uvs" : 0,
   "materials" : 1
  },
  "scale" : 1.0,
  "materials": [{
    "DbgColor": 0,
    "DbgIndex": 0,
    "DbgName" : "Join JB1-44-45-2:      ",
    "colorAmbient": [0.0, 0.0, 0.0],
    "colorDiffuse": [ 1.000, 1.000, 1.000],
    "colorSpecular": [0.16, 0.16, 0.16]
    }],
  "vertices": [
  0.0634459, 0.0857525, 0.0225,
  0.06283, 0.09018, 0.0225,
  0.0613283, 0.0867272, 0.022,
  0.06101, 0.08312, 0.022,
  0.0650141, 0.0816269, 0.0225,
  0.0735795, 0.0798612, 0.0225,
  0.0691209, 0.0802164, 0.0225,
  0.0713104, 0.0791785, 0.022,
  0.07517, 0.07901, 0.022,
  0.0773896, 0.0817593, 0.0225,
  0.078014, 0.0820732, 0.022,
  0.0637974, 0.080943, 0.022,
  0.0675032, 0.0798373, 0.022,
  0.0721508, 0.0902631, 0.022,
  0.0766, 0.09044, 0.0225,
  0.07695, 0.09027, 0.022,
  0.0720099, 0.0903248, 0.0225,
  0.0673504, 0.0901917, 0.022,
  0.0674197, 0.0902099, 0.0225,
  0.06255, 0.09013, 0.022,
  0.0773677, 0.0860389, 0.0225,
  0.077819, 0.0861317, 0.022
 ],
 "morphTargets": [],
 "morphColors": [],
 "normals": [],
 "colors": [],
 "uvs": [[]],
  "faces": [
  2, 0, 1, 2, 0,
  2, 3, 0, 2, 0,
  2, 4, 0, 3, 0,
  2, 5, 6, 7, 0,
  2, 8, 5, 7, 0,
  2, 9, 5, 8, 0,
  2, 10, 9, 8, 0,
  2, 11, 4, 3, 0,
  2, 12, 4, 11, 0,
  2, 6, 4, 12, 0,
  2, 7, 6, 12, 0,
  2, 13, 14, 15, 0,
  2, 16, 14, 13, 0,
  2, 17, 16, 13, 0,
  2, 18, 16, 17, 0,
  2, 1, 18, 17, 0,
  2, 19, 1, 17, 0,
  2, 15, 20, 21, 0,
  2, 14, 20, 15, 0,
  2, 2, 1, 19, 0,
  2, 21, 20, 10, 0,
  2, 20, 9, 10, 0
]
 }
