 {
  "metadata" :
  {
   "formatVersion" : 3,
   "sourceFile" : "mch002r_022d",
   "generatedBy" : "Tr3 20161112",
   "vertices" : 42,
   "faces" : 52,
   "normals" : 0,
   "colors" : 0,
   "uvs" : 0,
   "materials" : 1
  },
  "scale" : 1.0,
  "materials": [{
    "DbgColor": 0,
    "DbgIndex": 0,
    "DbgName" : "skin_ext_post_45: Skin",
    "colorAmbient": [0.0, 0.0, 0.0],
    "colorDiffuse": [ 1.000, 0.753, 0.796],
    "colorSpecular": [0.16, 0.16, 0.16]
    }],
  "vertices": [
  0.04649, 0.09, 0.023,
  0.0466206, 0.0915764, 0.023,
  0.04645, 0.09, 0.0225,
  0.0465975, 0.0916087, 0.0225,
  0.0469372, 0.093162, 0.023,
  0.0468337, 0.0932071, 0.0225,
  0.0472555, 0.0947541, 0.023,
  0.047137, 0.0947937, 0.0225,
  0.0476283, 0.096334, 0.023,
  0.0474873, 0.0963705, 0.0225,
  0.0478849, 0.0979364, 0.0225,
  0.0480497, 0.0979018, 0.023,
  0.0483466, 0.0994847, 0.0225,
  0.0485265, 0.0994532, 0.023,
  0.0488627, 0.101015, 0.0225,
  0.0490614, 0.100986, 0.023,
  0.0494014, 0.102538, 0.0225,
  0.0496178, 0.102512, 0.023,
  0.0498656, 0.104085, 0.0225,
  0.0501766, 0.104036, 0.023,
  0.0505115, 0.105566, 0.0225,
  0.050744, 0.105557, 0.023,
  0.0511563, 0.107048, 0.0225,
  0.0513609, 0.107058, 0.023,
  0.0518096, 0.108525, 0.0225,
  0.0520108, 0.108546, 0.023,
  0.05247, 0.11, 0.0225,
  0.05273, 0.11, 0.023,
  0.04656, 0.09, 0.0235,
  0.0468789, 0.0915976, 0.0235,
  0.04712, 0.0932081, 0.0235,
  0.047343, 0.0948048, 0.0235,
  0.0478126, 0.096365, 0.0235,
  0.0482676, 0.097928, 0.0235,
  0.0485972, 0.0995129, 0.0235,
  0.0492218, 0.101018, 0.0235,
  0.0498464, 0.102523, 0.0235,
  0.05046, 0.104032, 0.0235,
  0.0510722, 0.105542, 0.0235,
  0.0515653, 0.107088, 0.0235,
  0.0522262, 0.108572, 0.0235,
  0.05301, 0.11, 0.0235
 ],
 "morphTargets": [],
 "morphColors": [],
 "normals": [],
 "colors": [],
 "uvs": [[]],
  "faces": [
  2, 0, 1, 2, 0,
  2, 1, 3, 2, 0,
  2, 1, 4, 3, 0,
  2, 4, 5, 3, 0,
  2, 4, 6, 5, 0,
  2, 6, 7, 5, 0,
  2, 6, 8, 7, 0,
  2, 8, 9, 7, 0,
  2, 8, 10, 9, 0,
  2, 8, 11, 10, 0,
  2, 11, 12, 10, 0,
  2, 11, 13, 12, 0,
  2, 13, 14, 12, 0,
  2, 13, 15, 14, 0,
  2, 15, 16, 14, 0,
  2, 15, 17, 16, 0,
  2, 17, 18, 16, 0,
  2, 17, 19, 18, 0,
  2, 19, 20, 18, 0,
  2, 19, 21, 20, 0,
  2, 21, 22, 20, 0,
  2, 21, 23, 22, 0,
  2, 23, 24, 22, 0,
  2, 23, 25, 24, 0,
  2, 25, 26, 24, 0,
  2, 25, 27, 26, 0,
  2, 28, 1, 0, 0,
  2, 28, 4, 1, 0,
  2, 28, 29, 4, 0,
  2, 29, 30, 4, 0,
  2, 30, 6, 4, 0,
  2, 30, 31, 6, 0,
  2, 31, 8, 6, 0,
  2, 31, 32, 8, 0,
  2, 32, 11, 8, 0,
  2, 32, 33, 11, 0,
  2, 33, 13, 11, 0,
  2, 33, 34, 13, 0,
  2, 34, 15, 13, 0,
  2, 34, 35, 15, 0,
  2, 35, 17, 15, 0,
  2, 35, 36, 17, 0,
  2, 36, 19, 17, 0,
  2, 36, 37, 19, 0,
  2, 37, 21, 19, 0,
  2, 37, 38, 21, 0,
  2, 38, 23, 21, 0,
  2, 38, 39, 23, 0,
  2, 39, 25, 23, 0,
  2, 39, 40, 25, 0,
  2, 40, 27, 25, 0,
  2, 40, 41, 27, 0
]
 }
