 {
  "metadata" :
  {
   "formatVersion" : 3,
   "sourceFile" : "mch002r_022d",
   "generatedBy" : "Tr3 20161112",
   "vertices" : 49,
   "faces" : 49,
   "normals" : 0,
   "colors" : 0,
   "uvs" : 0,
   "materials" : 1
  },
  "scale" : 1.0,
  "materials": [{
    "DbgColor": 0,
    "DbgIndex": 0,
    "DbgName" : "Join os_occcond_42: Occipital bone (condylar part)",
    "colorAmbient": [0.0, 0.0, 0.0],
    "colorDiffuse": [ 1.000, 0.784, 0.588],
    "colorSpecular": [0.16, 0.16, 0.16]
    }],
  "vertices": [
  0.0762075, 0.0850501, 0.021,
  0.0760222, 0.084947, 0.0205,
  0.076326, 0.086642, 0.0205,
  0.0761933, 0.0833595, 0.021,
  0.0757474, 0.0832495, 0.0205,
  0.0772498, 0.0822314, 0.021,
  0.0751218, 0.0816536, 0.0205,
  0.07692, 0.08004, 0.0205,
  0.0778989, 0.0813083, 0.0205,
  0.0789508, 0.08219, 0.021,
  0.0793736, 0.0817939, 0.0205,
  0.0797641, 0.0810866, 0.021,
  0.0792965, 0.0804911, 0.0205,
  0.078903, 0.0796274, 0.021,
  0.0782759, 0.0792244, 0.0205,
  0.0777843, 0.0783548, 0.021,
  0.0769533, 0.0784478, 0.0205,
  0.0764823, 0.0785321, 0.021,
  0.075903, 0.0801186, 0.021,
  0.0742968, 0.0801022, 0.021,
  0.0740435, 0.0803177, 0.0205,
  0.0726807, 0.0796095, 0.021,
  0.0725779, 0.0795624, 0.0205,
  0.0711735, 0.0801865, 0.021,
  0.071236, 0.0805281, 0.0205,
  0.0702611, 0.0816213, 0.021,
  0.0709605, 0.0821981, 0.0205,
  0.07738, 0.09, 0.021,
  0.0768497, 0.0883829, 0.021,
  0.07709, 0.09, 0.0205,
  0.0767062, 0.0883214, 0.0205,
  0.0764537, 0.0867341, 0.021,
  0.0673781, 0.0823941, 0.021,
  0.0658008, 0.0822897, 0.021,
  0.0666881, 0.083936, 0.0205,
  0.0653867, 0.0837834, 0.0205,
  0.0649939, 0.0837776, 0.021,
  0.0645591, 0.0852891, 0.0205,
  0.0643054, 0.0853317, 0.021,
  0.0638319, 0.0868499, 0.0205,
  0.0637668, 0.086946, 0.021,
  0.0630809, 0.0884895, 0.021,
  0.063136, 0.0884249, 0.0205,
  0.06244, 0.09, 0.0205,
  0.06234, 0.09, 0.021,
  0.0690295, 0.0827001, 0.021,
  0.0680714, 0.084953, 0.0205,
  0.0697131, 0.0851342, 0.0205,
  0.0707788, 0.0838989, 0.0205
 ],
 "morphTargets": [],
 "morphColors": [],
 "normals": [],
 "colors": [],
 "uvs": [[]],
  "faces": [
  2, 0, 1, 2, 0,
  2, 0, 3, 1, 0,
  2, 3, 4, 1, 0,
  2, 3, 5, 4, 0,
  2, 5, 6, 4, 0,
  2, 5, 7, 6, 0,
  2, 5, 8, 7, 0,
  2, 5, 9, 8, 0,
  2, 9, 10, 8, 0,
  2, 9, 11, 10, 0,
  2, 11, 12, 10, 0,
  2, 11, 13, 12, 0,
  2, 13, 14, 12, 0,
  2, 13, 15, 14, 0,
  2, 15, 16, 14, 0,
  2, 15, 17, 16, 0,
  2, 17, 7, 16, 0,
  2, 17, 18, 7, 0,
  2, 18, 6, 7, 0,
  2, 18, 19, 6, 0,
  2, 19, 20, 6, 0,
  2, 19, 21, 20, 0,
  2, 21, 22, 20, 0,
  2, 21, 23, 22, 0,
  2, 23, 24, 22, 0,
  2, 23, 25, 24, 0,
  2, 25, 26, 24, 0,
  2, 27, 28, 29, 0,
  2, 28, 30, 29, 0,
  2, 28, 31, 30, 0,
  2, 31, 2, 30, 0,
  2, 31, 0, 2, 0,
  2, 32, 33, 34, 0,
  2, 33, 35, 34, 0,
  2, 33, 36, 35, 0,
  2, 36, 37, 35, 0,
  2, 36, 38, 37, 0,
  2, 38, 39, 37, 0,
  2, 38, 40, 39, 0,
  2, 40, 41, 39, 0,
  2, 41, 42, 39, 0,
  2, 41, 43, 42, 0,
  2, 41, 44, 43, 0,
  2, 45, 46, 47, 0,
  2, 25, 45, 26, 0,
  2, 45, 48, 26, 0,
  2, 45, 47, 48, 0,
  2, 32, 34, 46, 0,
  2, 45, 32, 46, 0
]
 }
