 {
  "metadata" :
  {
   "formatVersion" : 3,
   "sourceFile" : "mch002r_022d",
   "generatedBy" : "Tr3 20161112",
   "vertices" : 8,
   "faces" : 7,
   "normals" : 0,
   "colors" : 0,
   "uvs" : 0,
   "materials" : 1
  },
  "scale" : 1.0,
  "materials": [{
    "DbgColor": 0,
    "DbgIndex": 0,
    "DbgName" : "Cap ec_34_head: Ear canal",
    "colorAmbient": [0.0, 0.0, 0.0],
    "colorDiffuse": [ 0.824, 0.706, 0.549],
    "colorSpecular": [0.16, 0.16, 0.16]
    }],
  "vertices": [
  0.05012, 0.06935, 0.017,
  0.050139, 0.0704742, 0.017,
  0.0512399, 0.0702145, 0.017,
  0.0513246, 0.0690048, 0.017,
  0.0523644, 0.0696644, 0.017,
  0.0511308, 0.0712455, 0.017,
  0.0523604, 0.0715483, 0.017,
  0.0530751, 0.0706918, 0.017
 ],
 "morphTargets": [],
 "morphColors": [],
 "normals": [],
 "colors": [],
 "uvs": [[]],
  "faces": [
  2, 0, 1, 2, 0,
  2, 3, 0, 2, 0,
  2, 4, 3, 2, 0,
  2, 5, 2, 1, 0,
  2, 6, 2, 5, 0,
  2, 6, 4, 2, 0,
  2, 6, 7, 4, 0
]
 }
