 {
  "metadata" :
  {
   "formatVersion" : 3,
   "sourceFile" : "mch002r_022d",
   "generatedBy" : "Tr3 20161112",
   "vertices" : 77,
   "faces" : 75,
   "normals" : 0,
   "colors" : 0,
   "uvs" : 0,
   "materials" : 1
  },
  "scale" : 1.0,
  "materials": [{
    "DbgColor": 0,
    "DbgIndex": 0,
    "DbgName" : "Join os_cav_38: Cavity wall",
    "colorAmbient": [0.0, 0.0, 0.0],
    "colorDiffuse": [ 1.000, 0.784, 0.588],
    "colorSpecular": [0.16, 0.16, 0.16]
    }],
  "vertices": [
  0.0592092, 0.0761094, 0.019,
  0.0587438, 0.0753966, 0.019,
  0.0593652, 0.07583, 0.0185,
  0.0590974, 0.0750104, 0.0185,
  0.05819, 0.07476, 0.019,
  0.0585095, 0.0744692, 0.0185,
  0.05819, 0.07369, 0.0185,
  0.067873, 0.0698538, 0.019,
  0.0677688, 0.0704663, 0.019,
  0.0676465, 0.0697711, 0.0185,
  0.067525, 0.070455, 0.0185,
  0.0672, 0.0709831, 0.019,
  0.0672794, 0.0712717, 0.0185,
  0.0674606, 0.0717918, 0.019,
  0.0674028, 0.0721112, 0.0185,
  0.0676177, 0.0726085, 0.019,
  0.0673827, 0.0728658, 0.0185,
  0.06703, 0.0730465, 0.019,
  0.0665534, 0.0730962, 0.0185,
  0.0661823, 0.0730706, 0.019,
  0.0657399, 0.0733818, 0.0185,
  0.0656062, 0.0736229, 0.019,
  0.0649164, 0.0736347, 0.0185,
  0.0649991, 0.0741217, 0.019,
  0.0642219, 0.0741161, 0.0185,
  0.0644808, 0.0746768, 0.019,
  0.06405, 0.0749379, 0.0185,
  0.0645723, 0.0755152, 0.019,
  0.0642502, 0.0757629, 0.0185,
  0.0649727, 0.0761909, 0.0185,
  0.0651683, 0.076094, 0.019,
  0.0658121, 0.0763478, 0.0185,
  0.0659699, 0.0762872, 0.019,
  0.0666685, 0.0762865, 0.0185,
  0.0668068, 0.076205, 0.019,
  0.0674903, 0.0760293, 0.0185,
  0.0675629, 0.0758278, 0.019,
  0.0683325, 0.0760563, 0.0185,
  0.0684108, 0.0758328, 0.019,
  0.0682916, 0.0765621, 0.019,
  0.0683655, 0.0766448, 0.0185,
  0.0677961, 0.0770642, 0.0185,
  0.0676304, 0.0769965, 0.019,
  0.0674563, 0.0778002, 0.019,
  0.0679677, 0.0779033, 0.0185,
  0.0674505, 0.0783686, 0.0185,
  0.066732, 0.0779683, 0.0185,
  0.0667138, 0.0777664, 0.019,
  0.0658934, 0.0779561, 0.019,
  0.0658909, 0.0780272, 0.0185,
  0.0650545, 0.0780636, 0.019,
  0.065033, 0.07798, 0.0185,
  0.06455, 0.0784547, 0.0185,
  0.0643445, 0.07848, 0.019,
  0.0640771, 0.0789218, 0.0185,
  0.0636349, 0.0782145, 0.0185,
  0.0635522, 0.0782622, 0.019,
  0.0628651, 0.0778515, 0.0185,
  0.0629027, 0.0777164, 0.019,
  0.0620856, 0.0775478, 0.019,
  0.0620328, 0.0776446, 0.0185,
  0.0612346, 0.0775088, 0.019,
  0.0612098, 0.0774142, 0.0185,
  0.0604109, 0.0772935, 0.019,
  0.06436, 0.06886, 0.019,
  0.0644184, 0.0685468, 0.0185,
  0.06369, 0.06879, 0.0185,
  0.0651998, 0.0688386, 0.019,
  0.06508, 0.06816, 0.0185,
  0.0660042, 0.0686115, 0.019,
  0.06773, 0.0685, 0.0185,
  0.0672, 0.0691618, 0.0185,
  0.0664668, 0.0692634, 0.019,
  0.0670404, 0.069767, 0.019,
  0.0597773, 0.0767319, 0.019,
  0.0603959, 0.0771876, 0.0185,
  0.0598011, 0.076565, 0.0185
 ],
 "morphTargets": [],
 "morphColors": [],
 "normals": [],
 "colors": [],
 "uvs": [[]],
  "faces": [
  2, 0, 1, 2, 0,
  2, 1, 3, 2, 0,
  2, 1, 4, 3, 0,
  2, 4, 5, 3, 0,
  2, 4, 6, 5, 0,
  2, 7, 8, 9, 0,
  2, 8, 10, 9, 0,
  2, 8, 11, 10, 0,
  2, 11, 12, 10, 0,
  2, 11, 13, 12, 0,
  2, 13, 14, 12, 0,
  2, 13, 15, 14, 0,
  2, 15, 16, 14, 0,
  2, 15, 17, 16, 0,
  2, 17, 18, 16, 0,
  2, 17, 19, 18, 0,
  2, 19, 20, 18, 0,
  2, 19, 21, 20, 0,
  2, 21, 22, 20, 0,
  2, 21, 23, 22, 0,
  2, 23, 24, 22, 0,
  2, 23, 25, 24, 0,
  2, 25, 26, 24, 0,
  2, 25, 27, 26, 0,
  2, 27, 28, 26, 0,
  2, 27, 29, 28, 0,
  2, 27, 30, 29, 0,
  2, 30, 31, 29, 0,
  2, 30, 32, 31, 0,
  2, 32, 33, 31, 0,
  2, 32, 34, 33, 0,
  2, 34, 35, 33, 0,
  2, 34, 36, 35, 0,
  2, 36, 37, 35, 0,
  2, 36, 38, 37, 0,
  2, 38, 39, 37, 0,
  2, 39, 40, 37, 0,
  2, 39, 41, 40, 0,
  2, 39, 42, 41, 0,
  2, 42, 43, 41, 0,
  2, 43, 44, 41, 0,
  2, 43, 45, 44, 0,
  2, 43, 46, 45, 0,
  2, 43, 47, 46, 0,
  2, 47, 48, 46, 0,
  2, 48, 49, 46, 0,
  2, 48, 50, 49, 0,
  2, 50, 51, 49, 0,
  2, 50, 52, 51, 0,
  2, 50, 53, 52, 0,
  2, 53, 54, 52, 0,
  2, 53, 55, 54, 0,
  2, 53, 56, 55, 0,
  2, 56, 57, 55, 0,
  2, 56, 58, 57, 0,
  2, 58, 59, 57, 0,
  2, 59, 60, 57, 0,
  2, 59, 61, 60, 0,
  2, 61, 62, 60, 0,
  2, 61, 63, 62, 0,
  2, 64, 65, 66, 0,
  2, 64, 67, 65, 0,
  2, 67, 68, 65, 0,
  2, 67, 69, 68, 0,
  2, 69, 70, 68, 0,
  2, 69, 71, 70, 0,
  2, 69, 72, 71, 0,
  2, 72, 73, 71, 0,
  2, 73, 9, 71, 0,
  2, 73, 7, 9, 0,
  2, 63, 74, 75, 0,
  2, 74, 76, 75, 0,
  2, 74, 0, 76, 0,
  2, 0, 2, 76, 0,
  2, 63, 75, 62, 0
]
 }
