 {
  "metadata" :
  {
   "formatVersion" : 3,
   "sourceFile" : "mch002r_022d",
   "generatedBy" : "Tr3 20161112",
   "vertices" : 73,
   "faces" : 71,
   "normals" : 0,
   "colors" : 0,
   "uvs" : 0,
   "materials" : 1
  },
  "scale" : 1.0,
  "materials": [{
    "DbgColor": 0,
    "DbgIndex": 0,
    "DbgName" : "Join os_occcond_ext_lat_a_40: Occipital bone (condylar part)",
    "colorAmbient": [0.0, 0.0, 0.0],
    "colorDiffuse": [ 1.000, 0.784, 0.588],
    "colorSpecular": [0.16, 0.16, 0.16]
    }],
  "vertices": [
  0.0721052, 0.0906788, 0.02,
  0.0735567, 0.0915455, 0.02,
  0.0662, 0.09, 0.0195,
  0.070628, 0.0914785, 0.02,
  0.0606361, 0.095801, 0.02,
  0.061105, 0.0974455, 0.02,
  0.0603832, 0.0967393, 0.0195,
  0.0611014, 0.0983108, 0.0195,
  0.0620976, 0.0988196, 0.02,
  0.0619528, 0.0998147, 0.0195,
  0.0631536, 0.100143, 0.02,
  0.0628042, 0.101319, 0.0195,
  0.0638198, 0.101725, 0.02,
  0.0637079, 0.102791, 0.0195,
  0.0646758, 0.10321, 0.02,
  0.0646906, 0.104208, 0.0195,
  0.0657866, 0.104507, 0.02,
  0.0659899, 0.105323, 0.0195,
  0.0671796, 0.105494, 0.02,
  0.067627, 0.105847, 0.0195,
  0.0687734, 0.106105, 0.02,
  0.0692788, 0.106271, 0.0195,
  0.070439, 0.106146, 0.02,
  0.0709107, 0.105758, 0.0195,
  0.0720342, 0.105516, 0.02,
  0.0724808, 0.105036, 0.0195,
  0.0736083, 0.104832, 0.02,
  0.0741081, 0.104455, 0.0195,
  0.0751756, 0.104132, 0.02,
  0.0757146, 0.10383, 0.0195,
  0.0767589, 0.103471, 0.02,
  0.0748981, 0.0926158, 0.02,
  0.0763963, 0.093237, 0.02,
  0.0769055, 0.0916928, 0.02,
  0.07664, 0.09, 0.02,
  0.06059, 0.09412, 0.02,
  0.05965, 0.09518, 0.0195,
  0.0606139, 0.0939629, 0.0195,
  0.0722598, 0.101486, 0.02,
  0.070501, 0.103073, 0.0195,
  0.0722233, 0.102978, 0.0195,
  0.0705755, 0.101229, 0.02,
  0.068882, 0.101506, 0.02,
  0.068898, 0.103685, 0.0195,
  0.0672394, 0.101442, 0.02,
  0.0672372, 0.103703, 0.0195,
  0.0659414, 0.102567, 0.0195,
  0.0648253, 0.101253, 0.0195,
  0.0661171, 0.100144, 0.02,
  0.0637785, 0.0998781, 0.0195,
  0.0652831, 0.0986856, 0.02,
  0.0629105, 0.0983864, 0.0195,
  0.0655996, 0.0970964, 0.02,
  0.0623095, 0.0967717, 0.0195,
  0.0622565, 0.0950535, 0.0195,
  0.0626735, 0.0933764, 0.0195,
  0.0669825, 0.0960964, 0.02,
  0.0676392, 0.0945361, 0.02,
  0.0633294, 0.0918231, 0.0195,
  0.0648567, 0.0910328, 0.0195,
  0.0679319, 0.0928453, 0.02,
  0.0690275, 0.0919246, 0.02,
  0.06252, 0.09, 0.02,
  0.0617877, 0.0912744, 0.0195,
  0.0628, 0.09, 0.0195,
  0.0617464, 0.0913489, 0.02,
  0.0617742, 0.0928831, 0.0195,
  0.0614398, 0.0928389, 0.02,
  0.0754894, 0.102198, 0.02,
  0.0738396, 0.101726, 0.02,
  0.0739274, 0.102705, 0.0195,
  0.0755063, 0.103167, 0.0195,
  0.0771638, 0.102553, 0.02
 ],
 "morphTargets": [],
 "morphColors": [],
 "normals": [],
 "colors": [],
 "uvs": [[]],
  "faces": [
  2, 0, 1, 2, 0,
  2, 3, 0, 2, 0,
  2, 4, 5, 6, 0,
  2, 5, 7, 6, 0,
  2, 5, 8, 7, 0,
  2, 8, 9, 7, 0,
  2, 8, 10, 9, 0,
  2, 10, 11, 9, 0,
  2, 10, 12, 11, 0,
  2, 12, 13, 11, 0,
  2, 12, 14, 13, 0,
  2, 14, 15, 13, 0,
  2, 14, 16, 15, 0,
  2, 16, 17, 15, 0,
  2, 16, 18, 17, 0,
  2, 18, 19, 17, 0,
  2, 18, 20, 19, 0,
  2, 20, 21, 19, 0,
  2, 20, 22, 21, 0,
  2, 22, 23, 21, 0,
  2, 22, 24, 23, 0,
  2, 24, 25, 23, 0,
  2, 24, 26, 25, 0,
  2, 26, 27, 25, 0,
  2, 26, 28, 27, 0,
  2, 28, 29, 27, 0,
  2, 28, 30, 29, 0,
  2, 1, 31, 2, 0,
  2, 31, 32, 2, 0,
  2, 32, 33, 2, 0,
  2, 33, 34, 2, 0,
  2, 35, 36, 37, 0,
  2, 35, 4, 36, 0,
  2, 4, 6, 36, 0,
  2, 38, 39, 40, 0,
  2, 38, 41, 39, 0,
  2, 41, 42, 39, 0,
  2, 42, 43, 39, 0,
  2, 42, 44, 43, 0,
  2, 44, 45, 43, 0,
  2, 44, 46, 45, 0,
  2, 44, 47, 46, 0,
  2, 44, 48, 47, 0,
  2, 48, 49, 47, 0,
  2, 48, 50, 49, 0,
  2, 50, 51, 49, 0,
  2, 50, 52, 51, 0,
  2, 52, 53, 51, 0,
  2, 52, 54, 53, 0,
  2, 52, 55, 54, 0,
  2, 52, 56, 55, 0,
  2, 56, 57, 55, 0,
  2, 57, 58, 55, 0,
  2, 57, 59, 58, 0,
  2, 57, 60, 59, 0,
  2, 60, 2, 59, 0,
  2, 60, 61, 2, 0,
  2, 61, 3, 2, 0,
  2, 62, 63, 64, 0,
  2, 62, 65, 63, 0,
  2, 65, 66, 63, 0,
  2, 65, 67, 66, 0,
  2, 67, 37, 66, 0,
  2, 67, 35, 37, 0,
  2, 68, 69, 70, 0,
  2, 69, 40, 70, 0,
  2, 69, 38, 40, 0,
  2, 68, 70, 71, 0,
  2, 30, 71, 29, 0,
  2, 30, 72, 71, 0,
  2, 72, 68, 71, 0
]
 }
