 {
  "metadata" :
  {
   "formatVersion" : 3,
   "sourceFile" : "mch002r_022d",
   "generatedBy" : "Tr3 20161112",
   "vertices" : 9,
   "faces" : 9,
   "normals" : 0,
   "colors" : 0,
   "uvs" : 0,
   "materials" : 1
  },
  "scale" : 1.0,
  "materials": [{
    "DbgColor": 0,
    "DbgIndex": 0,
    "DbgName" : "Cap os_cavmed_35_head: cav",
    "colorAmbient": [0.0, 0.0, 0.0],
    "colorDiffuse": [ 1.000, 0.784, 0.588],
    "colorSpecular": [0.16, 0.16, 0.16]
    }],
  "vertices": [
  0.06744, 0.07757, 0.0175,
  0.0678188, 0.0774493, 0.0175,
  0.0676756, 0.0777941, 0.0175,
  0.067976, 0.0778128, 0.0175,
  0.0681998, 0.0775062, 0.0175,
  0.0683412, 0.0778388, 0.0175,
  0.0680907, 0.0781182, 0.0175,
  0.0677301, 0.07817, 0.0175,
  0.0674128, 0.0779685, 0.0175
 ],
 "morphTargets": [],
 "morphColors": [],
 "normals": [],
 "colors": [],
 "uvs": [[]],
  "faces": [
  2, 0, 1, 2, 0,
  2, 1, 3, 2, 0,
  2, 1, 4, 3, 0,
  2, 4, 5, 3, 0,
  2, 5, 6, 3, 0,
  2, 6, 7, 3, 0,
  2, 7, 2, 3, 0,
  2, 8, 2, 7, 0,
  2, 0, 2, 8, 0
]
 }
