 {
  "metadata" :
  {
   "formatVersion" : 3,
   "sourceFile" : "mch002r_022d",
   "generatedBy" : "Tr3 20161112",
   "vertices" : 37,
   "faces" : 51,
   "normals" : 0,
   "colors" : 0,
   "uvs" : 0,
   "materials" : 1
  },
  "scale" : 1.0,
  "materials": [{
    "DbgColor": 0,
    "DbgIndex": 0,
    "DbgName" : "1_11: (no description)",
    "colorAmbient": [0.0, 0.0, 0.0],
    "colorDiffuse": [ 1.000, 1.000, 1.000],
    "colorSpecular": [0.16, 0.16, 0.16]
    }],
  "vertices": [
  0.03927, 0.05077, 0.0125,
  0.03908, 0.0581036, 0.011,
  0.03927, 0.05077, 0.011,
  0.0394896, 0.0594037, 0.0125,
  0.0371739, 0.0650297, 0.011,
  0.0378999, 0.0674491, 0.0125,
  0.0419858, 0.0695006, 0.011,
  0.0441243, 0.0731537, 0.0125,
  0.0442214, 0.07573, 0.011,
  0.0422186, 0.0812973, 0.0125,
  0.0418363, 0.0826669, 0.011,
  0.04208, 0.08994, 0.0125,
  0.04133, 0.08995, 0.011,
  0.03936, 0.05068, 0.014,
  0.0393495, 0.0590045, 0.014,
  0.0380617, 0.0669733, 0.014,
  0.0426815, 0.0735824, 0.014,
  0.0430728, 0.0815948, 0.014,
  0.0429, 0.08994, 0.014,
  0.03936, 0.05068, 0.0145,
  0.0393423, 0.0589467, 0.0145,
  0.0380767, 0.0668577, 0.0145,
  0.0423941, 0.0736106, 0.0145,
  0.0430799, 0.0815291, 0.0145,
  0.04301, 0.08981, 0.0145,
  0.03936, 0.05068, 0.015,
  0.0393423, 0.0589467, 0.015,
  0.0380767, 0.0668577, 0.015,
  0.0423941, 0.0736106, 0.015,
  0.0430799, 0.0815291, 0.015,
  0.04301, 0.08981, 0.015,
  0.03978, 0.05068, 0.016,
  0.0393287, 0.0588363, 0.016,
  0.0394982, 0.0669809, 0.016,
  0.0434274, 0.0740706, 0.016,
  0.0444342, 0.0818469, 0.016,
  0.04385, 0.09004, 0.016
 ],
 "morphTargets": [],
 "morphColors": [],
 "normals": [],
 "colors": [],
 "uvs": [[]],
  "faces": [
  2, 0, 1, 2, 0,
  2, 0, 3, 1, 0,
  2, 3, 4, 1, 0,
  2, 3, 5, 4, 0,
  2, 5, 6, 4, 0,
  2, 5, 7, 6, 0,
  2, 7, 8, 6, 0,
  2, 7, 9, 8, 0,
  2, 9, 10, 8, 0,
  2, 9, 11, 10, 0,
  2, 11, 12, 10, 0,
  2, 13, 14, 0, 0,
  2, 14, 3, 0, 0,
  2, 14, 15, 3, 0,
  2, 15, 5, 3, 0,
  2, 15, 16, 5, 0,
  2, 16, 7, 5, 0,
  2, 16, 9, 7, 0,
  2, 16, 17, 9, 0,
  2, 17, 11, 9, 0,
  2, 17, 18, 11, 0,
  2, 19, 20, 13, 0,
  2, 20, 14, 13, 0,
  2, 20, 21, 14, 0,
  2, 21, 15, 14, 0,
  2, 21, 22, 15, 0,
  2, 22, 16, 15, 0,
  2, 22, 23, 16, 0,
  2, 23, 17, 16, 0,
  2, 23, 24, 17, 0,
  2, 24, 18, 17, 0,
  2, 25, 26, 19, 0,
  2, 26, 20, 19, 0,
  2, 26, 21, 20, 0,
  2, 26, 27, 21, 0,
  2, 27, 28, 21, 0,
  2, 28, 22, 21, 0,
  2, 28, 23, 22, 0,
  2, 28, 29, 23, 0,
  2, 29, 24, 23, 0,
  2, 29, 30, 24, 0,
  2, 31, 32, 25, 0,
  2, 32, 26, 25, 0,
  2, 32, 33, 26, 0,
  2, 33, 27, 26, 0,
  2, 33, 28, 27, 0,
  2, 33, 34, 28, 0,
  2, 34, 29, 28, 0,
  2, 34, 35, 29, 0,
  2, 35, 30, 29, 0,
  2, 35, 36, 30, 0
]
 }
