 {
  "metadata" :
  {
   "formatVersion" : 3,
   "sourceFile" : "mch002r_022d",
   "generatedBy" : "Tr3 20161112",
   "vertices" : 22,
   "faces" : 20,
   "normals" : 0,
   "colors" : 0,
   "uvs" : 0,
   "materials" : 1
  },
  "scale" : 1.0,
  "materials": [{
    "DbgColor": 0,
    "DbgIndex": 0,
    "DbgName" : "Join skin_ext_ant_27: Skin",
    "colorAmbient": [0.0, 0.0, 0.0],
    "colorDiffuse": [ 1.000, 0.753, 0.796],
    "colorSpecular": [0.16, 0.16, 0.16]
    }],
  "vertices": [
  0.04593, 0.034, 0.0135,
  0.0450743, 0.0355086, 0.0135,
  0.0459, 0.034, 0.013,
  0.0450909, 0.0355297, 0.013,
  0.0426615, 0.0401165, 0.0135,
  0.0419935, 0.0417171, 0.0135,
  0.0427684, 0.0401715, 0.013,
  0.04206, 0.0417504, 0.013,
  0.0442414, 0.0370299, 0.0135,
  0.0442939, 0.0370656, 0.013,
  0.0434317, 0.0385631, 0.0135,
  0.0435139, 0.0386103, 0.013,
  0.040253, 0.0466178, 0.0135,
  0.0399262, 0.0483186, 0.013,
  0.0403239, 0.0466361, 0.013,
  0.0398046, 0.0482926, 0.0135,
  0.03952, 0.05, 0.013,
  0.0395, 0.05, 0.0135,
  0.0413567, 0.04333, 0.0135,
  0.0407829, 0.0449664, 0.0135,
  0.0413942, 0.0433473, 0.013,
  0.0408205, 0.0449784, 0.013
 ],
 "morphTargets": [],
 "morphColors": [],
 "normals": [],
 "colors": [],
 "uvs": [[]],
  "faces": [
  2, 0, 1, 2, 0,
  2, 1, 3, 2, 0,
  2, 4, 5, 6, 0,
  2, 5, 7, 6, 0,
  2, 1, 8, 3, 0,
  2, 8, 9, 3, 0,
  2, 8, 10, 9, 0,
  2, 10, 11, 9, 0,
  2, 10, 4, 11, 0,
  2, 4, 6, 11, 0,
  2, 12, 13, 14, 0,
  2, 12, 15, 13, 0,
  2, 15, 16, 13, 0,
  2, 15, 17, 16, 0,
  2, 18, 19, 20, 0,
  2, 19, 21, 20, 0,
  2, 19, 14, 21, 0,
  2, 19, 12, 14, 0,
  2, 5, 18, 7, 0,
  2, 18, 20, 7, 0
]
 }
