 {
  "metadata" :
  {
   "formatVersion" : 3,
   "sourceFile" : "mch002r_022d",
   "generatedBy" : "Tr3 20161112",
   "vertices" : 34,
   "faces" : 34,
   "normals" : 0,
   "colors" : 0,
   "uvs" : 0,
   "materials" : 1
  },
  "scale" : 1.0,
  "materials": [{
    "DbgColor": 0,
    "DbgIndex": 0,
    "DbgName" : "Join mal_35: Malleus",
    "colorAmbient": [0.0, 0.0, 0.0],
    "colorDiffuse": [ 1.000, 0.784, 0.588],
    "colorSpecular": [0.16, 0.16, 0.16]
    }],
  "vertices": [
  0.05973, 0.0708, 0.0175,
  0.0598233, 0.0706325, 0.017,
  0.06033, 0.0702, 0.017,
  0.0608833, 0.0720174, 0.0175,
  0.0612645, 0.0722225, 0.0175,
  0.0609891, 0.0720528, 0.017,
  0.0598876, 0.0712785, 0.017,
  0.0598922, 0.0711901, 0.0175,
  0.0602027, 0.0714919, 0.0175,
  0.0603669, 0.0717655, 0.017,
  0.0605132, 0.0717937, 0.0175,
  0.0627887, 0.0730123, 0.0175,
  0.0632094, 0.0729906, 0.0175,
  0.0627529, 0.0724306, 0.017,
  0.0633702, 0.0726359, 0.0175,
  0.0630605, 0.0723498, 0.0175,
  0.0627091, 0.0720969, 0.0175,
  0.0624608, 0.0718273, 0.017,
  0.0623815, 0.0718148, 0.0175,
  0.0620617, 0.0715231, 0.0175,
  0.0620313, 0.0712904, 0.017,
  0.0617241, 0.0712519, 0.0175,
  0.0616166, 0.0723346, 0.017,
  0.0616415, 0.0724347, 0.0175,
  0.0620056, 0.0726692, 0.0175,
  0.0622306, 0.0726415, 0.017,
  0.0623879, 0.0728714, 0.0175,
  0.06032, 0.07033, 0.0175,
  0.060025, 0.070565, 0.0175,
  0.0613963, 0.0709693, 0.0175,
  0.0615295, 0.0708218, 0.017,
  0.0610778, 0.0706759, 0.0175,
  0.0609666, 0.0704275, 0.017,
  0.0607456, 0.0704098, 0.0175
 ],
 "morphTargets": [],
 "morphColors": [],
 "normals": [],
 "colors": [],
 "uvs": [[]],
  "faces": [
  2, 0, 1, 2, 0,
  2, 3, 4, 5, 0,
  2, 0, 6, 1, 0,
  2, 0, 7, 6, 0,
  2, 7, 8, 6, 0,
  2, 8, 9, 6, 0,
  2, 8, 10, 9, 0,
  2, 10, 5, 9, 0,
  2, 10, 3, 5, 0,
  2, 11, 12, 13, 0,
  2, 12, 14, 13, 0,
  2, 14, 15, 13, 0,
  2, 15, 16, 13, 0,
  2, 16, 17, 13, 0,
  2, 16, 18, 17, 0,
  2, 18, 19, 17, 0,
  2, 19, 20, 17, 0,
  2, 19, 21, 20, 0,
  2, 4, 22, 5, 0,
  2, 4, 23, 22, 0,
  2, 23, 24, 22, 0,
  2, 24, 25, 22, 0,
  2, 24, 26, 25, 0,
  2, 26, 13, 25, 0,
  2, 26, 11, 13, 0,
  2, 27, 28, 2, 0,
  2, 28, 0, 2, 0,
  2, 21, 29, 30, 0,
  2, 29, 31, 30, 0,
  2, 31, 32, 30, 0,
  2, 31, 33, 32, 0,
  2, 33, 2, 32, 0,
  2, 33, 27, 2, 0,
  2, 21, 30, 20, 0
]
 }
