 {
  "metadata" :
  {
   "formatVersion" : 3,
   "sourceFile" : "mch002r_022d",
   "generatedBy" : "Tr3 20161112",
   "vertices" : 29,
   "faces" : 29,
   "normals" : 0,
   "colors" : 0,
   "uvs" : 0,
   "materials" : 1
  },
  "scale" : 1.0,
  "materials": [{
    "DbgColor": 0,
    "DbgIndex": 0,
    "DbgName" : "Join labscc_post_32b: Semicircular canals",
    "colorAmbient": [0.0, 0.0, 0.0],
    "colorDiffuse": [ 1.000, 0.667, 1.000],
    "colorSpecular": [0.16, 0.16, 0.16]
    }],
  "vertices": [
  0.0642, 0.08063, 0.016,
  0.06557, 0.08053, 0.0155,
  0.06601, 0.08029, 0.0155,
  0.06639, 0.0796, 0.0155,
  0.06645, 0.07901, 0.0155,
  0.06626, 0.07988, 0.0155,
  0.06445, 0.07916, 0.016,
  0.0647, 0.07907, 0.0155,
  0.06452, 0.07944, 0.0155,
  0.0647, 0.07888, 0.016,
  0.06508, 0.0787, 0.0155,
  0.06523, 0.07876, 0.016,
  0.0657, 0.07845, 0.0155,
  0.06561, 0.07882, 0.016,
  0.06598, 0.07895, 0.016,
  0.06589, 0.07835, 0.0155,
  0.06614, 0.07845, 0.0155,
  0.06489, 0.08066, 0.0155,
  0.06464, 0.0806, 0.0155,
  0.06445, 0.08029, 0.0155,
  0.06442, 0.08019, 0.016,
  0.06439, 0.07966, 0.016,
  0.06498, 0.0806, 0.016,
  0.06464, 0.08082, 0.016,
  0.06639, 0.07863, 0.0155,
  0.0661, 0.07941, 0.016,
  0.06604, 0.07991, 0.016,
  0.06576, 0.08022, 0.016,
  0.06542, 0.0805, 0.016
 ],
 "morphTargets": [],
 "morphColors": [],
 "normals": [],
 "colors": [],
 "uvs": [[]],
  "faces": [
  2, 0, 1, 2, 0,
  2, 0, 3, 4, 0,
  2, 0, 5, 3, 0,
  2, 0, 2, 5, 0,
  2, 6, 7, 8, 0,
  2, 6, 9, 7, 0,
  2, 9, 10, 7, 0,
  2, 9, 11, 10, 0,
  2, 11, 12, 10, 0,
  2, 11, 13, 12, 0,
  2, 13, 14, 12, 0,
  2, 14, 15, 12, 0,
  2, 14, 16, 15, 0,
  2, 0, 17, 1, 0,
  2, 0, 18, 17, 0,
  2, 0, 19, 18, 0,
  2, 0, 20, 19, 0,
  2, 20, 21, 19, 0,
  2, 21, 8, 19, 0,
  2, 21, 6, 8, 0,
  2, 22, 23, 4, 0,
  2, 23, 0, 4, 0,
  2, 14, 4, 24, 0,
  2, 14, 25, 4, 0,
  2, 25, 26, 4, 0,
  2, 26, 27, 4, 0,
  2, 27, 28, 4, 0,
  2, 28, 22, 4, 0,
  2, 14, 24, 16, 0
]
 }
