 {
  "metadata" :
  {
   "formatVersion" : 3,
   "sourceFile" : "mch002r_022d",
   "generatedBy" : "Tr3 20161112",
   "vertices" : 43,
   "faces" : 52,
   "normals" : 0,
   "colors" : 0,
   "uvs" : 0,
   "materials" : 1
  },
  "scale" : 1.0,
  "materials": [{
    "DbgColor": 0,
    "DbgIndex": 0,
    "DbgName" : "Cap tm_medpost_35_head: Pars tensa",
    "colorAmbient": [0.0, 0.0, 0.0],
    "colorDiffuse": [ 1.000, 1.000, 1.000],
    "colorSpecular": [0.16, 0.16, 0.16]
    }],
  "vertices": [
  0.0596178, 0.0703368, 0.0175,
  0.0593812, 0.0704709, 0.0175,
  0.0594438, 0.0707015, 0.0175,
  0.059515, 0.0710975, 0.0175,
  0.05973, 0.0708, 0.0175,
  0.0589646, 0.0714007, 0.0175,
  0.0591599, 0.0711262, 0.0175,
  0.0588432, 0.071081, 0.0175,
  0.0587721, 0.071697, 0.0175,
  0.0586272, 0.0714127, 0.0175,
  0.059151, 0.0706155, 0.0175,
  0.0589225, 0.0707629, 0.0175,
  0.0590689, 0.0708951, 0.0175,
  0.0592677, 0.0708873, 0.0175,
  0.0580085, 0.0713526, 0.0175,
  0.05778, 0.0715, 0.0175,
  0.057998, 0.071598, 0.0175,
  0.061415, 0.0694025, 0.0175,
  0.061325, 0.06961, 0.0175,
  0.06166, 0.06937, 0.0175,
  0.06117, 0.069435, 0.0175,
  0.0599374, 0.0703807, 0.0175,
  0.0598543, 0.0702026, 0.0175,
  0.060025, 0.070565, 0.0175,
  0.06068, 0.0695, 0.0175,
  0.0608488, 0.0695871, 0.0175,
  0.060925, 0.0694675, 0.0175,
  0.06099, 0.06985, 0.0175,
  0.0593, 0.071395, 0.0175,
  0.059085, 0.0716925, 0.0175,
  0.05887, 0.07199, 0.0175,
  0.058652, 0.071892, 0.0175,
  0.058434, 0.071794, 0.0175,
  0.0582837, 0.0714452, 0.0175,
  0.058216, 0.071696, 0.0175,
  0.058237, 0.0712052, 0.0175,
  0.0584655, 0.0710577, 0.0175,
  0.058694, 0.0709103, 0.0175,
  0.0600772, 0.0700496, 0.0175,
  0.0604791, 0.0696832, 0.0175,
  0.06032, 0.07033, 0.0175,
  0.0602781, 0.0698664, 0.0175,
  0.060655, 0.07009, 0.0175
 ],
 "morphTargets": [],
 "morphColors": [],
 "normals": [],
 "colors": [],
 "uvs": [[]],
  "faces": [
  2, 0, 1, 2, 0,
  2, 3, 4, 2, 0,
  2, 5, 6, 7, 0,
  2, 8, 5, 9, 0,
  2, 10, 11, 12, 0,
  2, 13, 10, 12, 0,
  2, 2, 10, 13, 0,
  2, 1, 10, 2, 0,
  2, 14, 15, 16, 0,
  2, 7, 12, 11, 0,
  2, 17, 18, 19, 0,
  2, 20, 18, 17, 0,
  2, 0, 21, 22, 0,
  2, 4, 0, 2, 0,
  2, 4, 21, 0, 0,
  2, 23, 21, 4, 0,
  2, 24, 25, 26, 0,
  2, 20, 27, 18, 0,
  2, 13, 3, 2, 0,
  2, 6, 3, 13, 0,
  2, 28, 3, 6, 0,
  2, 5, 28, 6, 0,
  2, 29, 28, 5, 0,
  2, 8, 29, 5, 0,
  2, 30, 29, 8, 0,
  2, 31, 30, 8, 0,
  2, 32, 31, 8, 0,
  2, 9, 32, 8, 0,
  2, 33, 32, 9, 0,
  2, 34, 32, 33, 0,
  2, 16, 34, 33, 0,
  2, 35, 14, 33, 0,
  2, 36, 35, 33, 0,
  2, 9, 36, 33, 0,
  2, 7, 36, 9, 0,
  2, 37, 36, 7, 0,
  2, 11, 37, 7, 0,
  2, 20, 26, 25, 0,
  2, 38, 22, 21, 0,
  2, 14, 16, 33, 0,
  2, 7, 6, 12, 0,
  2, 6, 13, 12, 0,
  2, 9, 5, 7, 0,
  2, 25, 24, 39, 0,
  2, 40, 21, 23, 0,
  2, 40, 38, 21, 0,
  2, 40, 41, 38, 0,
  2, 42, 41, 40, 0,
  2, 42, 39, 41, 0,
  2, 27, 39, 42, 0,
  2, 25, 39, 27, 0,
  2, 25, 27, 20, 0
]
 }
