 {
  "metadata" :
  {
   "formatVersion" : 3,
   "sourceFile" : "mch002r_022d",
   "generatedBy" : "Tr3 20161112",
   "vertices" : 28,
   "faces" : 26,
   "normals" : 0,
   "colors" : 0,
   "uvs" : 0,
   "materials" : 1
  },
  "scale" : 1.0,
  "materials": [{
    "DbgColor": 0,
    "DbgIndex": 0,
    "DbgName" : "Join skin_ext_post_24: Skin",
    "colorAmbient": [0.0, 0.0, 0.0],
    "colorDiffuse": [ 1.000, 0.753, 0.796],
    "colorSpecular": [0.16, 0.16, 0.16]
    }],
  "vertices": [
  0.0427347, 0.093178, 0.012,
  0.0429829, 0.0947631, 0.0115,
  0.0425088, 0.093188, 0.0115,
  0.0423018, 0.091593, 0.012,
  0.0419, 0.09, 0.012,
  0.0417, 0.09, 0.0115,
  0.0421028, 0.0915946, 0.0115,
  0.0441386, 0.0979024, 0.012,
  0.0446417, 0.0994664, 0.012,
  0.0444277, 0.0994782, 0.0115,
  0.0450104, 0.101016, 0.0115,
  0.0452344, 0.100996, 0.012,
  0.045628, 0.102541, 0.0115,
  0.0458909, 0.102502, 0.012,
  0.0462489, 0.104064, 0.0115,
  0.0465011, 0.104028, 0.012,
  0.0469011, 0.105573, 0.0115,
  0.0471425, 0.10554, 0.012,
  0.0476469, 0.107039, 0.0115,
  0.047839, 0.107028, 0.012,
  0.04837, 0.108516, 0.0115,
  0.0485387, 0.108514, 0.012,
  0.04908, 0.11, 0.0115,
  0.04924, 0.11, 0.012,
  0.043653, 0.0963328, 0.012,
  0.0438909, 0.0979238, 0.0115,
  0.0431865, 0.0947575, 0.012,
  0.0434046, 0.0963529, 0.0115
 ],
 "morphTargets": [],
 "morphColors": [],
 "normals": [],
 "colors": [],
 "uvs": [[]],
  "faces": [
  2, 0, 1, 2, 0,
  2, 3, 0, 2, 0,
  2, 4, 3, 5, 0,
  2, 3, 6, 5, 0,
  2, 3, 2, 6, 0,
  2, 7, 8, 9, 0,
  2, 8, 10, 9, 0,
  2, 8, 11, 10, 0,
  2, 11, 12, 10, 0,
  2, 11, 13, 12, 0,
  2, 13, 14, 12, 0,
  2, 13, 15, 14, 0,
  2, 15, 16, 14, 0,
  2, 15, 17, 16, 0,
  2, 17, 18, 16, 0,
  2, 17, 19, 18, 0,
  2, 19, 20, 18, 0,
  2, 19, 21, 20, 0,
  2, 21, 22, 20, 0,
  2, 21, 23, 22, 0,
  2, 24, 7, 25, 0,
  2, 7, 9, 25, 0,
  2, 26, 24, 27, 0,
  2, 24, 25, 27, 0,
  2, 0, 26, 1, 0,
  2, 26, 27, 1, 0
]
 }
