 {
  "metadata" :
  {
   "formatVersion" : 3,
   "sourceFile" : "mch002r_022d",
   "generatedBy" : "Tr3 20161112",
   "vertices" : 23,
   "faces" : 27,
   "normals" : 0,
   "colors" : 0,
   "uvs" : 0,
   "materials" : 1
  },
  "scale" : 1.0,
  "materials": [{
    "DbgColor": 0,
    "DbgIndex": 0,
    "DbgName" : "2b_aa36: (no description)",
    "colorAmbient": [0.0, 0.0, 0.0],
    "colorDiffuse": [ 1.000, 1.000, 1.000],
    "colorSpecular": [0.16, 0.16, 0.16]
    }],
  "vertices": [
  0.07452, 0.07288, 0.0185,
  0.0728723, 0.0753348, 0.018,
  0.07471, 0.07293, 0.018,
  0.0725373, 0.0751889, 0.0185,
  0.0709386, 0.0776766, 0.018,
  0.0704733, 0.077433, 0.0185,
  0.0689408, 0.0799631, 0.018,
  0.0684305, 0.0796964, 0.0185,
  0.0671654, 0.0824147, 0.018,
  0.0669136, 0.0823362, 0.0185,
  0.0655342, 0.0849762, 0.018,
  0.0653746, 0.084967, 0.0185,
  0.0638571, 0.0875081, 0.018,
  0.0637523, 0.0875485, 0.0185,
  0.06218, 0.09004, 0.018,
  0.06213, 0.09013, 0.0185,
  0.07405, 0.07302, 0.019,
  0.0719772, 0.0754835, 0.019,
  0.0697871, 0.0778677, 0.019,
  0.0676569, 0.0802997, 0.019,
  0.0664148, 0.0832897, 0.019,
  0.0654518, 0.0863793, 0.019,
  0.06452, 0.08948, 0.019
 ],
 "morphTargets": [],
 "morphColors": [],
 "normals": [],
 "colors": [],
 "uvs": [[]],
  "faces": [
  2, 0, 1, 2, 0,
  2, 0, 3, 1, 0,
  2, 3, 4, 1, 0,
  2, 3, 5, 4, 0,
  2, 5, 6, 4, 0,
  2, 5, 7, 6, 0,
  2, 7, 8, 6, 0,
  2, 7, 9, 8, 0,
  2, 9, 10, 8, 0,
  2, 9, 11, 10, 0,
  2, 11, 12, 10, 0,
  2, 11, 13, 12, 0,
  2, 13, 14, 12, 0,
  2, 13, 15, 14, 0,
  2, 16, 3, 0, 0,
  2, 16, 17, 3, 0,
  2, 17, 5, 3, 0,
  2, 17, 18, 5, 0,
  2, 18, 7, 5, 0,
  2, 18, 19, 7, 0,
  2, 19, 9, 7, 0,
  2, 19, 20, 9, 0,
  2, 20, 11, 9, 0,
  2, 20, 21, 11, 0,
  2, 21, 13, 11, 0,
  2, 21, 22, 13, 0,
  2, 22, 15, 13, 0
]
 }
