 {
  "metadata" :
  {
   "formatVersion" : 3,
   "sourceFile" : "mch002r_022d",
   "generatedBy" : "Tr3 20161112",
   "vertices" : 126,
   "faces" : 161,
   "normals" : 0,
   "colors" : 0,
   "uvs" : 0,
   "materials" : 1
  },
  "scale" : 1.0,
  "materials": [{
    "DbgColor": 0,
    "DbgIndex": 0,
    "DbgName" : "os_cav_34: Cavity wall",
    "colorAmbient": [0.0, 0.0, 0.0],
    "colorDiffuse": [ 1.000, 0.784, 0.588],
    "colorSpecular": [0.16, 0.16, 0.16]
    }],
  "vertices": [
  0.07037, 0.0657, 0.0175,
  0.0697304, 0.0662804, 0.0175,
  0.06978, 0.06595, 0.017,
  0.069088, 0.0664297, 0.017,
  0.0693723, 0.067004, 0.017,
  0.0700097, 0.0668624, 0.0175,
  0.0701814, 0.0667349, 0.017,
  0.0708221, 0.0668277, 0.017,
  0.0702823, 0.0674322, 0.017,
  0.0701539, 0.0674822, 0.0175,
  0.0695091, 0.0677826, 0.017,
  0.069441, 0.067971, 0.0175,
  0.068954, 0.0684325, 0.017,
  0.0688174, 0.0685729, 0.0175,
  0.0683291, 0.0690119, 0.017,
  0.0681807, 0.0691592, 0.0175,
  0.0677505, 0.0696396, 0.017,
  0.0676822, 0.0698647, 0.0175,
  0.0673775, 0.0704043, 0.017,
  0.0673664, 0.0706705, 0.0175,
  0.0669215, 0.0711232, 0.017,
  0.0670764, 0.0714834, 0.0175,
  0.0664904, 0.0718394, 0.017,
  0.0667798, 0.0722802, 0.0175,
  0.0659983, 0.0725282, 0.017,
  0.0660591, 0.0727516, 0.0175,
  0.0653509, 0.0730754, 0.017,
  0.0653268, 0.0732158, 0.0175,
  0.064639, 0.0735503, 0.017,
  0.064573, 0.0736434, 0.0175,
  0.0639752, 0.0740872, 0.017,
  0.0638939, 0.0741763, 0.0175,
  0.063532, 0.0748041, 0.017,
  0.0636477, 0.0750027, 0.0175,
  0.063436, 0.0756538, 0.017,
  0.06352, 0.0758542, 0.0175,
  0.0633901, 0.0765082, 0.017,
  0.0636567, 0.0767054, 0.0175,
  0.0635375, 0.0773487, 0.017,
  0.0640372, 0.0774681, 0.0175,
  0.0641766, 0.077748, 0.017,
  0.064588, 0.0781173, 0.0175,
  0.0643421, 0.0784673, 0.017,
  0.064406, 0.0789123, 0.0175,
  0.0637222, 0.0790504, 0.017,
  0.0636982, 0.0794017, 0.0175,
  0.0632102, 0.0797333, 0.017,
  0.0628656, 0.0796076, 0.0175,
  0.0625749, 0.0802834, 0.017,
  0.0624002, 0.0803197, 0.0175,
  0.0617548, 0.0800548, 0.017,
  0.0616295, 0.0800251, 0.0175,
  0.0613791, 0.0793266, 0.017,
  0.06149, 0.0791882, 0.0175,
  0.0616397, 0.0785277, 0.017,
  0.0612285, 0.0783813, 0.0175,
  0.0616376, 0.0776743, 0.017,
  0.0610453, 0.0775682, 0.0175,
  0.0615192, 0.0768287, 0.017,
  0.0607706, 0.0767552, 0.017,
  0.0605342, 0.0775548, 0.017,
  0.0604992, 0.0777788, 0.0175,
  0.059922, 0.0779421, 0.017,
  0.0597029, 0.0780808, 0.0175,
  0.0594476, 0.0773346, 0.017,
  0.0590667, 0.0776953, 0.0175,
  0.0596299, 0.0771751, 0.0175,
  0.0599731, 0.0767448, 0.017,
  0.059806, 0.0764866, 0.0175,
  0.0596525, 0.0760641, 0.017,
  0.0592998, 0.0758376, 0.0175,
  0.0594421, 0.0752562, 0.017,
  0.0593355, 0.0749746, 0.0175,
  0.0591561, 0.0744518, 0.017,
  0.0590002, 0.0741791, 0.0175,
  0.0588307, 0.0736614, 0.017,
  0.0585183, 0.0734613, 0.0175,
  0.0582913, 0.0730269, 0.017,
  0.0583743, 0.0727015, 0.0175,
  0.0582836, 0.0722583, 0.017,
  0.05887, 0.07199, 0.0175,
  0.0589087, 0.0716847, 0.017,
  0.05929, 0.07092, 0.017,
  0.07041, 0.06601, 0.018,
  0.0698758, 0.0666771, 0.018,
  0.0694614, 0.0674371, 0.018,
  0.0690839, 0.0682166, 0.018,
  0.068529, 0.0688732, 0.018,
  0.0680064, 0.0695629, 0.018,
  0.0676051, 0.0703255, 0.018,
  0.0673095, 0.0711363, 0.018,
  0.0672898, 0.0719846, 0.018,
  0.0670656, 0.072708, 0.018,
  0.0662582, 0.0730206, 0.018,
  0.065442, 0.0733084, 0.018,
  0.0646353, 0.0736222, 0.018,
  0.063965, 0.0741229, 0.018,
  0.063826, 0.0749706, 0.018,
  0.0638053, 0.0758356, 0.018,
  0.0643837, 0.076229, 0.018,
  0.0652441, 0.0762065, 0.018,
  0.0660789, 0.076399, 0.018,
  0.0667397, 0.0767141, 0.018,
  0.0661524, 0.0773269, 0.018,
  0.0657103, 0.0780012, 0.018,
  0.0648552, 0.0780917, 0.018,
  0.0643898, 0.0787558, 0.018,
  0.0637758, 0.0793454, 0.018,
  0.0629912, 0.0794212, 0.018,
  0.062704, 0.0796406, 0.018,
  0.0621215, 0.0801632, 0.018,
  0.0615788, 0.0795866, 0.018,
  0.0618364, 0.0788152, 0.018,
  0.0624658, 0.0782549, 0.018,
  0.0622191, 0.0775015, 0.018,
  0.0613889, 0.0772971, 0.018,
  0.0606468, 0.0774027, 0.018,
  0.0600714, 0.0779867, 0.018,
  0.0592794, 0.077838, 0.018,
  0.0594486, 0.07732, 0.018,
  0.0601154, 0.0769944, 0.018,
  0.0596373, 0.0762876, 0.018,
  0.05928, 0.0755177, 0.018,
  0.0590609, 0.0746897, 0.018,
  0.0586849, 0.0739097, 0.018,
  0.05842, 0.07312, 0.018
 ],
 "morphTargets": [],
 "morphColors": [],
 "normals": [],
 "colors": [],
 "uvs": [[]],
  "faces": [
  2, 0, 1, 2, 0,
  2, 1, 3, 2, 0,
  2, 1, 4, 3, 0,
  2, 1, 5, 4, 0,
  2, 5, 6, 4, 0,
  2, 5, 7, 6, 0,
  2, 5, 8, 7, 0,
  2, 5, 9, 8, 0,
  2, 9, 10, 8, 0,
  2, 9, 11, 10, 0,
  2, 11, 12, 10, 0,
  2, 11, 13, 12, 0,
  2, 13, 14, 12, 0,
  2, 13, 15, 14, 0,
  2, 15, 16, 14, 0,
  2, 15, 17, 16, 0,
  2, 17, 18, 16, 0,
  2, 17, 19, 18, 0,
  2, 19, 20, 18, 0,
  2, 19, 21, 20, 0,
  2, 21, 22, 20, 0,
  2, 21, 23, 22, 0,
  2, 23, 24, 22, 0,
  2, 23, 25, 24, 0,
  2, 25, 26, 24, 0,
  2, 25, 27, 26, 0,
  2, 27, 28, 26, 0,
  2, 27, 29, 28, 0,
  2, 29, 30, 28, 0,
  2, 29, 31, 30, 0,
  2, 31, 32, 30, 0,
  2, 31, 33, 32, 0,
  2, 33, 34, 32, 0,
  2, 33, 35, 34, 0,
  2, 35, 36, 34, 0,
  2, 35, 37, 36, 0,
  2, 37, 38, 36, 0,
  2, 37, 39, 38, 0,
  2, 39, 40, 38, 0,
  2, 39, 41, 40, 0,
  2, 41, 42, 40, 0,
  2, 41, 43, 42, 0,
  2, 43, 44, 42, 0,
  2, 43, 45, 44, 0,
  2, 45, 46, 44, 0,
  2, 45, 47, 46, 0,
  2, 47, 48, 46, 0,
  2, 47, 49, 48, 0,
  2, 49, 50, 48, 0,
  2, 49, 51, 50, 0,
  2, 51, 52, 50, 0,
  2, 51, 53, 52, 0,
  2, 53, 54, 52, 0,
  2, 53, 55, 54, 0,
  2, 55, 56, 54, 0,
  2, 55, 57, 56, 0,
  2, 57, 58, 56, 0,
  2, 57, 59, 58, 0,
  2, 57, 60, 59, 0,
  2, 57, 61, 60, 0,
  2, 61, 62, 60, 0,
  2, 61, 63, 62, 0,
  2, 63, 64, 62, 0,
  2, 63, 65, 64, 0,
  2, 65, 66, 64, 0,
  2, 66, 67, 64, 0,
  2, 66, 68, 67, 0,
  2, 68, 69, 67, 0,
  2, 68, 70, 69, 0,
  2, 70, 71, 69, 0,
  2, 70, 72, 71, 0,
  2, 72, 73, 71, 0,
  2, 72, 74, 73, 0,
  2, 74, 75, 73, 0,
  2, 74, 76, 75, 0,
  2, 76, 77, 75, 0,
  2, 76, 78, 77, 0,
  2, 78, 79, 77, 0,
  2, 78, 80, 79, 0,
  2, 80, 81, 79, 0,
  2, 80, 82, 81, 0,
  2, 83, 1, 0, 0,
  2, 83, 84, 1, 0,
  2, 84, 5, 1, 0,
  2, 84, 85, 5, 0,
  2, 85, 9, 5, 0,
  2, 85, 11, 9, 0,
  2, 85, 86, 11, 0,
  2, 86, 13, 11, 0,
  2, 86, 87, 13, 0,
  2, 87, 15, 13, 0,
  2, 87, 88, 15, 0,
  2, 88, 17, 15, 0,
  2, 88, 89, 17, 0,
  2, 89, 19, 17, 0,
  2, 89, 90, 19, 0,
  2, 90, 21, 19, 0,
  2, 90, 91, 21, 0,
  2, 91, 23, 21, 0,
  2, 91, 92, 23, 0,
  2, 92, 93, 23, 0,
  2, 93, 25, 23, 0,
  2, 93, 94, 25, 0,
  2, 94, 27, 25, 0,
  2, 94, 95, 27, 0,
  2, 95, 29, 27, 0,
  2, 95, 96, 29, 0,
  2, 96, 31, 29, 0,
  2, 96, 97, 31, 0,
  2, 97, 33, 31, 0,
  2, 97, 98, 33, 0,
  2, 98, 35, 33, 0,
  2, 98, 37, 35, 0,
  2, 98, 99, 37, 0,
  2, 99, 39, 37, 0,
  2, 99, 100, 39, 0,
  2, 100, 101, 39, 0,
  2, 101, 102, 39, 0,
  2, 102, 103, 39, 0,
  2, 103, 104, 39, 0,
  2, 104, 105, 39, 0,
  2, 105, 41, 39, 0,
  2, 105, 106, 41, 0,
  2, 106, 43, 41, 0,
  2, 106, 107, 43, 0,
  2, 107, 45, 43, 0,
  2, 107, 108, 45, 0,
  2, 108, 47, 45, 0,
  2, 108, 109, 47, 0,
  2, 109, 49, 47, 0,
  2, 109, 110, 49, 0,
  2, 110, 51, 49, 0,
  2, 110, 111, 51, 0,
  2, 111, 53, 51, 0,
  2, 111, 112, 53, 0,
  2, 112, 55, 53, 0,
  2, 112, 113, 55, 0,
  2, 113, 114, 55, 0,
  2, 114, 115, 55, 0,
  2, 115, 57, 55, 0,
  2, 115, 116, 57, 0,
  2, 116, 61, 57, 0,
  2, 116, 117, 61, 0,
  2, 117, 63, 61, 0,
  2, 117, 118, 63, 0,
  2, 118, 65, 63, 0,
  2, 118, 119, 65, 0,
  2, 119, 66, 65, 0,
  2, 119, 120, 66, 0,
  2, 120, 68, 66, 0,
  2, 120, 121, 68, 0,
  2, 121, 70, 68, 0,
  2, 121, 122, 70, 0,
  2, 122, 72, 70, 0,
  2, 122, 123, 72, 0,
  2, 123, 74, 72, 0,
  2, 123, 124, 74, 0,
  2, 124, 76, 74, 0,
  2, 124, 125, 76, 0,
  2, 125, 78, 76, 0,
  2, 125, 80, 78, 0
]
 }
