 {
  "metadata" :
  {
   "formatVersion" : 3,
   "sourceFile" : "mch002r_022d",
   "generatedBy" : "Tr3 20161112",
   "vertices" : 41,
   "faces" : 55,
   "normals" : 0,
   "colors" : 0,
   "uvs" : 0,
   "materials" : 1
  },
  "scale" : 1.0,
  "materials": [{
    "DbgColor": 0,
    "DbgIndex": 0,
    "DbgName" : "os_cav_45: Cavity wall",
    "colorAmbient": [0.0, 0.0, 0.0],
    "colorDiffuse": [ 1.000, 0.784, 0.588],
    "colorSpecular": [0.16, 0.16, 0.16]
    }],
  "vertices": [
  0.06526, 0.07486, 0.023,
  0.0658595, 0.0742902, 0.023,
  0.06582, 0.07418, 0.0225,
  0.06642, 0.0742552, 0.023,
  0.0662667, 0.0734483, 0.0225,
  0.0668943, 0.0728847, 0.0225,
  0.0674421, 0.0732171, 0.0225,
  0.06712, 0.0740165, 0.0225,
  0.0667732, 0.0747985, 0.0225,
  0.0660679, 0.0749947, 0.023,
  0.0662419, 0.0754793, 0.0225,
  0.0656246, 0.0756833, 0.023,
  0.065709, 0.0761588, 0.0225,
  0.0649816, 0.0762025, 0.023,
  0.0650403, 0.0767034, 0.0225,
  0.0643134, 0.0766899, 0.023,
  0.0643397, 0.0772085, 0.0225,
  0.0635882, 0.0770846, 0.023,
  0.0635844, 0.0776193, 0.0225,
  0.0628276, 0.077285, 0.023,
  0.0627323, 0.07776, 0.0225,
  0.06221, 0.0773546, 0.023,
  0.0619621, 0.0774816, 0.0225,
  0.0624258, 0.0767934, 0.0225,
  0.0625597, 0.0766669, 0.023,
  0.0631003, 0.0762612, 0.0225,
  0.0633397, 0.0763924, 0.023,
  0.0638524, 0.0758368, 0.0225,
  0.064042, 0.0759679, 0.023,
  0.0645863, 0.075389, 0.0225,
  0.064657, 0.0754189, 0.023,
  0.0652093, 0.0747907, 0.0225,
  0.06455, 0.07574, 0.0235,
  0.0649667, 0.0750789, 0.0235,
  0.0656231, 0.0753264, 0.0235,
  0.0650895, 0.075876, 0.0235,
  0.0644662, 0.0763627, 0.0235,
  0.0638221, 0.0768348, 0.0235,
  0.0630318, 0.07692, 0.0235,
  0.0631556, 0.0765299, 0.0235,
  0.0638918, 0.0762057, 0.0235
 ],
 "morphTargets": [],
 "morphColors": [],
 "normals": [],
 "colors": [],
 "uvs": [[]],
  "faces": [
  2, 0, 1, 2, 0,
  2, 1, 3, 2, 0,
  2, 3, 4, 2, 0,
  2, 3, 5, 4, 0,
  2, 3, 6, 5, 0,
  2, 3, 7, 6, 0,
  2, 3, 8, 7, 0,
  2, 3, 9, 8, 0,
  2, 9, 10, 8, 0,
  2, 9, 11, 10, 0,
  2, 11, 12, 10, 0,
  2, 11, 13, 12, 0,
  2, 13, 14, 12, 0,
  2, 13, 15, 14, 0,
  2, 15, 16, 14, 0,
  2, 15, 17, 16, 0,
  2, 17, 18, 16, 0,
  2, 17, 19, 18, 0,
  2, 19, 20, 18, 0,
  2, 19, 21, 20, 0,
  2, 21, 22, 20, 0,
  2, 21, 23, 22, 0,
  2, 21, 24, 23, 0,
  2, 24, 25, 23, 0,
  2, 24, 26, 25, 0,
  2, 26, 27, 25, 0,
  2, 26, 28, 27, 0,
  2, 28, 29, 27, 0,
  2, 28, 30, 29, 0,
  2, 30, 31, 29, 0,
  2, 30, 0, 31, 0,
  2, 0, 2, 31, 0,
  2, 32, 33, 0, 0,
  2, 33, 34, 0, 0,
  2, 34, 1, 0, 0,
  2, 34, 3, 1, 0,
  2, 34, 9, 3, 0,
  2, 34, 11, 9, 0,
  2, 34, 35, 11, 0,
  2, 35, 13, 11, 0,
  2, 35, 36, 13, 0,
  2, 36, 15, 13, 0,
  2, 36, 37, 15, 0,
  2, 37, 17, 15, 0,
  2, 37, 38, 17, 0,
  2, 38, 19, 17, 0,
  2, 38, 21, 19, 0,
  2, 38, 24, 21, 0,
  2, 38, 39, 24, 0,
  2, 39, 26, 24, 0,
  2, 39, 40, 26, 0,
  2, 40, 28, 26, 0,
  2, 40, 32, 28, 0,
  2, 32, 30, 28, 0,
  2, 32, 0, 30, 0
]
 }
