 {
  "metadata" :
  {
   "formatVersion" : 3,
   "sourceFile" : "mch002r_022d",
   "generatedBy" : "Tr3 20161112",
   "vertices" : 78,
   "faces" : 107,
   "normals" : 0,
   "colors" : 0,
   "uvs" : 0,
   "materials" : 1
  },
  "scale" : 1.0,
  "materials": [{
    "DbgColor": 0,
    "DbgIndex": 0,
    "DbgName" : "labscc_post_32: Semicircular canals",
    "colorAmbient": [0.0, 0.0, 0.0],
    "colorDiffuse": [ 1.000, 0.667, 1.000],
    "colorSpecular": [0.16, 0.16, 0.16]
    }],
  "vertices": [
  0.06464, 0.08066, 0.0165,
  0.06414, 0.08138, 0.016,
  0.06464, 0.08082, 0.016,
  0.06395, 0.08147, 0.0165,
  0.06377, 0.08166, 0.016,
  0.06342, 0.08209, 0.0165,
  0.0633, 0.08209, 0.016,
  0.06286, 0.08269, 0.0165,
  0.06283, 0.08256, 0.016,
  0.06236, 0.083, 0.016,
  0.06224, 0.08318, 0.0165,
  0.06187, 0.08337, 0.016,
  0.06171, 0.08356, 0.0165,
  0.06146, 0.08359, 0.016,
  0.06124, 0.08365, 0.0165,
  0.06096, 0.08381, 0.016,
  0.0609, 0.08359, 0.0165,
  0.06059, 0.08371, 0.016,
  0.06071, 0.08331, 0.0165,
  0.0604, 0.0834, 0.016,
  0.06053, 0.08325, 0.016,
  0.06102, 0.08312, 0.016,
  0.0609, 0.08318, 0.0165,
  0.06134, 0.083, 0.0165,
  0.06143, 0.08287, 0.016,
  0.06168, 0.08272, 0.0165,
  0.06208, 0.08237, 0.016,
  0.06221, 0.08228, 0.0165,
  0.06271, 0.08178, 0.0165,
  0.06299, 0.08166, 0.016,
  0.06314, 0.08134, 0.0165,
  0.06346, 0.08122, 0.016,
  0.06358, 0.08103, 0.0165,
  0.06395, 0.08069, 0.0165,
  0.0642, 0.08063, 0.016,
  0.0642, 0.0805, 0.0165,
  0.06442, 0.08019, 0.016,
  0.06442, 0.08029, 0.0165,
  0.06445, 0.07991, 0.0165,
  0.06439, 0.07966, 0.016,
  0.06452, 0.07954, 0.0165,
  0.06445, 0.07916, 0.016,
  0.06483, 0.07913, 0.0165,
  0.0647, 0.07888, 0.016,
  0.06523, 0.07876, 0.016,
  0.06526, 0.07898, 0.0165,
  0.06561, 0.07882, 0.016,
  0.06567, 0.07907, 0.0165,
  0.06598, 0.07895, 0.016,
  0.06579, 0.07929, 0.0165,
  0.0661, 0.07941, 0.016,
  0.06579, 0.07972, 0.0165,
  0.06604, 0.07991, 0.016,
  0.06564, 0.0801, 0.0165,
  0.06576, 0.08022, 0.016,
  0.06536, 0.08038, 0.0165,
  0.06542, 0.0805, 0.016,
  0.06498, 0.0806, 0.016,
  0.0648, 0.0805, 0.0165,
  0.06464, 0.08075, 0.017,
  0.06408, 0.08128, 0.017,
  0.0633, 0.08219, 0.017,
  0.06261, 0.08293, 0.017,
  0.06224, 0.08312, 0.017,
  0.06171, 0.08306, 0.017,
  0.06162, 0.08287, 0.017,
  0.0618, 0.08262, 0.017,
  0.06208, 0.08247, 0.017,
  0.06268, 0.08191, 0.017,
  0.06327, 0.08131, 0.017,
  0.06383, 0.08069, 0.017,
  0.06417, 0.08041, 0.017,
  0.06458, 0.07988, 0.017,
  0.06504, 0.07948, 0.017,
  0.06536, 0.07951, 0.017,
  0.06548, 0.07972, 0.017,
  0.06523, 0.0801, 0.017,
  0.06492, 0.08044, 0.017
 ],
 "morphTargets": [],
 "morphColors": [],
 "normals": [],
 "colors": [],
 "uvs": [[]],
  "faces": [
  2, 0, 1, 2, 0,
  2, 0, 3, 1, 0,
  2, 3, 4, 1, 0,
  2, 3, 5, 4, 0,
  2, 5, 6, 4, 0,
  2, 5, 7, 6, 0,
  2, 7, 8, 6, 0,
  2, 7, 9, 8, 0,
  2, 7, 10, 9, 0,
  2, 10, 11, 9, 0,
  2, 10, 12, 11, 0,
  2, 12, 13, 11, 0,
  2, 12, 14, 13, 0,
  2, 14, 15, 13, 0,
  2, 14, 16, 15, 0,
  2, 16, 17, 15, 0,
  2, 16, 18, 17, 0,
  2, 18, 19, 17, 0,
  2, 18, 20, 19, 0,
  2, 18, 21, 20, 0,
  2, 18, 22, 21, 0,
  2, 22, 23, 21, 0,
  2, 23, 24, 21, 0,
  2, 23, 25, 24, 0,
  2, 25, 26, 24, 0,
  2, 25, 27, 26, 0,
  2, 27, 28, 26, 0,
  2, 28, 29, 26, 0,
  2, 28, 30, 29, 0,
  2, 30, 31, 29, 0,
  2, 30, 32, 31, 0,
  2, 32, 33, 31, 0,
  2, 33, 34, 31, 0,
  2, 33, 35, 34, 0,
  2, 35, 36, 34, 0,
  2, 35, 37, 36, 0,
  2, 37, 38, 36, 0,
  2, 38, 39, 36, 0,
  2, 38, 40, 39, 0,
  2, 40, 41, 39, 0,
  2, 40, 42, 41, 0,
  2, 42, 43, 41, 0,
  2, 42, 44, 43, 0,
  2, 42, 45, 44, 0,
  2, 45, 46, 44, 0,
  2, 45, 47, 46, 0,
  2, 47, 48, 46, 0,
  2, 47, 49, 48, 0,
  2, 49, 50, 48, 0,
  2, 49, 51, 50, 0,
  2, 51, 52, 50, 0,
  2, 51, 53, 52, 0,
  2, 53, 54, 52, 0,
  2, 53, 55, 54, 0,
  2, 55, 56, 54, 0,
  2, 55, 57, 56, 0,
  2, 55, 58, 57, 0,
  2, 58, 0, 57, 0,
  2, 0, 2, 57, 0,
  2, 59, 60, 0, 0,
  2, 60, 3, 0, 0,
  2, 60, 61, 3, 0,
  2, 61, 5, 3, 0,
  2, 61, 7, 5, 0,
  2, 61, 62, 7, 0,
  2, 62, 10, 7, 0,
  2, 62, 63, 10, 0,
  2, 63, 64, 10, 0,
  2, 64, 12, 10, 0,
  2, 64, 14, 12, 0,
  2, 64, 16, 14, 0,
  2, 64, 18, 16, 0,
  2, 64, 22, 18, 0,
  2, 64, 23, 22, 0,
  2, 64, 65, 23, 0,
  2, 65, 25, 23, 0,
  2, 65, 66, 25, 0,
  2, 66, 67, 25, 0,
  2, 67, 27, 25, 0,
  2, 67, 68, 27, 0,
  2, 68, 28, 27, 0,
  2, 68, 69, 28, 0,
  2, 69, 30, 28, 0,
  2, 69, 32, 30, 0,
  2, 69, 70, 32, 0,
  2, 70, 33, 32, 0,
  2, 70, 71, 33, 0,
  2, 71, 35, 33, 0,
  2, 71, 37, 35, 0,
  2, 71, 72, 37, 0,
  2, 72, 38, 37, 0,
  2, 72, 40, 38, 0,
  2, 72, 73, 40, 0,
  2, 73, 42, 40, 0,
  2, 73, 45, 42, 0,
  2, 73, 74, 45, 0,
  2, 74, 47, 45, 0,
  2, 74, 49, 47, 0,
  2, 74, 51, 49, 0,
  2, 74, 75, 51, 0,
  2, 75, 53, 51, 0,
  2, 75, 76, 53, 0,
  2, 76, 55, 53, 0,
  2, 76, 77, 55, 0,
  2, 77, 58, 55, 0,
  2, 77, 59, 58, 0,
  2, 59, 0, 58, 0
]
 }
