 {
  "metadata" :
  {
   "formatVersion" : 3,
   "sourceFile" : "mch002r_022d",
   "generatedBy" : "Tr3 20161112",
   "vertices" : 9,
   "faces" : 7,
   "normals" : 0,
   "colors" : 0,
   "uvs" : 0,
   "materials" : 1
  },
  "scale" : 1.0,
  "materials": [{
    "DbgColor": 0,
    "DbgIndex": 0,
    "DbgName" : "Join ec_postmed_35: Ear canal",
    "colorAmbient": [0.0, 0.0, 0.0],
    "colorDiffuse": [ 0.824, 0.706, 0.549],
    "colorSpecular": [0.16, 0.16, 0.16]
    }],
  "vertices": [
  0.0585281, 0.0700417, 0.0175,
  0.05852, 0.0703067, 0.017,
  0.05837, 0.0705333, 0.017,
  0.05778, 0.0715, 0.0175,
  0.0556884, 0.0726077, 0.0175,
  0.05822, 0.07076, 0.017,
  0.0563403, 0.07044, 0.0175,
  0.06068, 0.0695, 0.0175,
  0.05867, 0.07008, 0.017
 ],
 "morphTargets": [],
 "morphColors": [],
 "normals": [],
 "colors": [],
 "uvs": [[]],
  "faces": [
  2, 0, 1, 2, 0,
  2, 3, 4, 5, 0,
  2, 4, 6, 5, 0,
  2, 6, 0, 5, 0,
  2, 0, 2, 5, 0,
  2, 0, 7, 8, 0,
  2, 0, 8, 1, 0
]
 }
