 {
  "metadata" :
  {
   "formatVersion" : 3,
   "sourceFile" : "mch002r_022d",
   "generatedBy" : "Tr3 20161112",
   "vertices" : 16,
   "faces" : 16,
   "normals" : 0,
   "colors" : 0,
   "uvs" : 0,
   "materials" : 1
  },
  "scale" : 1.0,
  "materials": [{
    "DbgColor": 0,
    "DbgIndex": 0,
    "DbgName" : "Join cavity_032: cav",
    "colorAmbient": [0.0, 0.0, 0.0],
    "colorDiffuse": [ 1.000, 1.000, 1.000],
    "colorSpecular": [0.16, 0.16, 0.16]
    }],
  "vertices": [
  0.05311, 0.0781, 0.0165,
  0.0525945, 0.0805246, 0.0165,
  0.05252, 0.0791417, 0.016,
  0.05305, 0.07764, 0.016,
  0.05488, 0.0798744, 0.0165,
  0.05569, 0.0782, 0.016,
  0.0553972, 0.0805574, 0.016,
  0.05488, 0.07764, 0.016,
  0.05392, 0.07789, 0.0165,
  0.0523, 0.08082, 0.016,
  0.0537018, 0.0819899, 0.0165,
  0.0536346, 0.0822991, 0.016,
  0.0535062, 0.0758195, 0.0165,
  0.05401, 0.07536, 0.016,
  0.05389, 0.07742, 0.016,
  0.0527676, 0.0762478, 0.016
 ],
 "morphTargets": [],
 "morphColors": [],
 "normals": [],
 "colors": [],
 "uvs": [[]],
  "faces": [
  2, 0, 1, 2, 0,
  2, 0, 2, 3, 0,
  2, 4, 5, 6, 0,
  2, 4, 7, 5, 0,
  2, 4, 8, 7, 0,
  2, 1, 9, 2, 0,
  2, 1, 10, 9, 0,
  2, 10, 11, 9, 0,
  2, 10, 6, 11, 0,
  2, 10, 4, 6, 0,
  2, 12, 0, 3, 0,
  2, 12, 13, 14, 0,
  2, 12, 15, 13, 0,
  2, 8, 14, 7, 0,
  2, 8, 12, 14, 0,
  2, 12, 3, 15, 0
]
 }
