 {
  "metadata" :
  {
   "formatVersion" : 3,
   "sourceFile" : "mch002r_022d",
   "generatedBy" : "Tr3 20161112",
   "vertices" : 13,
   "faces" : 14,
   "normals" : 0,
   "colors" : 0,
   "uvs" : 0,
   "materials" : 1
  },
  "scale" : 1.0,
  "materials": [{
    "DbgColor": 0,
    "DbgIndex": 0,
    "DbgName" : "malinc_27: Malleus/incus",
    "colorAmbient": [0.0, 0.0, 0.0],
    "colorDiffuse": [ 1.000, 0.784, 0.588],
    "colorSpecular": [0.16, 0.16, 0.16]
    }],
  "vertices": [
  0.06009, 0.07177, 0.014,
  0.0592149, 0.0715432, 0.014,
  0.05935, 0.07202, 0.0135,
  0.05802, 0.07112, 0.0135,
  0.05837, 0.07121, 0.014,
  0.06005, 0.07181, 0.0145,
  0.0591469, 0.071642, 0.0145,
  0.05833, 0.07122, 0.0145,
  0.06024, 0.07198, 0.015,
  0.0593606, 0.0719312, 0.015,
  0.05861, 0.07155, 0.015,
  0.06014, 0.07225, 0.0155,
  0.05938, 0.07223, 0.0155
 ],
 "morphTargets": [],
 "morphColors": [],
 "normals": [],
 "colors": [],
 "uvs": [[]],
  "faces": [
  2, 0, 1, 2, 0,
  2, 1, 3, 2, 0,
  2, 1, 4, 3, 0,
  2, 5, 1, 0, 0,
  2, 5, 6, 1, 0,
  2, 6, 4, 1, 0,
  2, 6, 7, 4, 0,
  2, 8, 6, 5, 0,
  2, 8, 9, 6, 0,
  2, 9, 10, 6, 0,
  2, 10, 7, 6, 0,
  2, 11, 9, 8, 0,
  2, 11, 12, 9, 0,
  2, 12, 10, 9, 0
]
 }
