 {
  "metadata" :
  {
   "formatVersion" : 3,
   "sourceFile" : "mch002r_022d",
   "generatedBy" : "Tr3 20161112",
   "vertices" : 40,
   "faces" : 40,
   "normals" : 0,
   "colors" : 0,
   "uvs" : 0,
   "materials" : 1
  },
  "scale" : 1.0,
  "materials": [{
    "DbgColor": 0,
    "DbgIndex": 0,
    "DbgName" : "Join os_cavant_30: Cavity wall",
    "colorAmbient": [0.0, 0.0, 0.0],
    "colorDiffuse": [ 1.000, 0.784, 0.588],
    "colorSpecular": [0.16, 0.16, 0.16]
    }],
  "vertices": [
  0.0565445, 0.0725055, 0.015,
  0.0567967, 0.0717151, 0.015,
  0.0560399, 0.0716239, 0.0145,
  0.05632, 0.07415, 0.015,
  0.056065, 0.0733377, 0.0145,
  0.0561815, 0.0741865, 0.0145,
  0.0564255, 0.0733257, 0.015,
  0.05601, 0.0724826, 0.0145,
  0.0556784, 0.0695514, 0.015,
  0.05529, 0.0692422, 0.0145,
  0.0557392, 0.0699726, 0.0145,
  0.0560023, 0.06907, 0.015,
  0.0556347, 0.06863, 0.0145,
  0.0563625, 0.0689098, 0.0145,
  0.0566451, 0.0693379, 0.015,
  0.0569921, 0.0693679, 0.0145,
  0.05669, 0.07, 0.015,
  0.0573421, 0.0701699, 0.015,
  0.0579621, 0.0696168, 0.015,
  0.0569632, 0.0709036, 0.015,
  0.0559775, 0.0707689, 0.0145,
  0.0560354, 0.0701159, 0.015,
  0.0601343, 0.0692355, 0.015,
  0.060693, 0.0696252, 0.015,
  0.0601796, 0.0691, 0.0145,
  0.061024, 0.0689535, 0.0145,
  0.0611387, 0.0689775, 0.015,
  0.0618624, 0.0690993, 0.0145,
  0.0618535, 0.0690149, 0.015,
  0.0626679, 0.0690171, 0.015,
  0.0626704, 0.0693647, 0.0145,
  0.0633971, 0.0693036, 0.015,
  0.0635033, 0.0695473, 0.0145,
  0.0642, 0.0695, 0.015,
  0.0643, 0.06984, 0.0145,
  0.0586702, 0.0691806, 0.015,
  0.0578128, 0.0691309, 0.0145,
  0.0585822, 0.0687606, 0.0145,
  0.0593756, 0.0689171, 0.0145,
  0.0594283, 0.0689022, 0.015
 ],
 "morphTargets": [],
 "morphColors": [],
 "normals": [],
 "colors": [],
 "uvs": [[]],
  "faces": [
  2, 0, 1, 2, 0,
  2, 3, 4, 5, 0,
  2, 3, 6, 4, 0,
  2, 6, 7, 4, 0,
  2, 6, 0, 7, 0,
  2, 0, 2, 7, 0,
  2, 8, 9, 10, 0,
  2, 8, 11, 9, 0,
  2, 11, 12, 9, 0,
  2, 11, 13, 12, 0,
  2, 11, 14, 13, 0,
  2, 14, 15, 13, 0,
  2, 14, 16, 15, 0,
  2, 16, 17, 15, 0,
  2, 17, 18, 15, 0,
  2, 1, 19, 2, 0,
  2, 19, 20, 2, 0,
  2, 19, 17, 20, 0,
  2, 17, 16, 20, 0,
  2, 16, 21, 20, 0,
  2, 21, 10, 20, 0,
  2, 21, 8, 10, 0,
  2, 22, 23, 24, 0,
  2, 23, 25, 24, 0,
  2, 23, 26, 25, 0,
  2, 26, 27, 25, 0,
  2, 26, 28, 27, 0,
  2, 28, 29, 27, 0,
  2, 29, 30, 27, 0,
  2, 29, 31, 30, 0,
  2, 31, 32, 30, 0,
  2, 31, 33, 32, 0,
  2, 33, 34, 32, 0,
  2, 18, 35, 36, 0,
  2, 35, 37, 36, 0,
  2, 35, 38, 37, 0,
  2, 35, 39, 38, 0,
  2, 39, 24, 38, 0,
  2, 39, 22, 24, 0,
  2, 18, 36, 15, 0
]
 }
