 {
  "metadata" :
  {
   "formatVersion" : 3,
   "sourceFile" : "mch002r_022d",
   "generatedBy" : "Tr3 20161112",
   "vertices" : 60,
   "faces" : 90,
   "normals" : 0,
   "colors" : 0,
   "uvs" : 0,
   "materials" : 1
  },
  "scale" : 1.0,
  "materials": [{
    "DbgColor": 0,
    "DbgIndex": 0,
    "DbgName" : "1b_11: bone",
    "colorAmbient": [0.0, 0.0, 0.0],
    "colorDiffuse": [ 1.000, 1.000, 1.000],
    "colorSpecular": [0.16, 0.16, 0.16]
    }],
  "vertices": [
  0.04941, 0.0899, 0.0125,
  0.0474055, 0.0859898, 0.011,
  0.04712, 0.09, 0.011,
  0.0482583, 0.0856318, 0.0125,
  0.0472462, 0.0815602, 0.011,
  0.0480787, 0.0812157, 0.0125,
  0.0474974, 0.0771306, 0.011,
  0.0484899, 0.076796, 0.0125,
  0.0483578, 0.0727777, 0.011,
  0.0494275, 0.0724618, 0.0125,
  0.0495094, 0.0684866, 0.011,
  0.0503579, 0.0681211, 0.0125,
  0.0507645, 0.0642328, 0.011,
  0.051373, 0.0638466, 0.0125,
  0.0525317, 0.0601686, 0.011,
  0.0537102, 0.0600897, 0.0125,
  0.0535313, 0.0558477, 0.011,
  0.0552048, 0.0559418, 0.0125,
  0.05386, 0.05142, 0.011,
  0.05545, 0.05152, 0.0125,
  0.05063, 0.09004, 0.014,
  0.0497812, 0.0855909, 0.014,
  0.0496734, 0.0810757, 0.014,
  0.0499788, 0.0765538, 0.014,
  0.0503136, 0.0720335, 0.014,
  0.0509733, 0.0675569, 0.014,
  0.0518344, 0.0631333, 0.014,
  0.0546525, 0.0597036, 0.014,
  0.0569202, 0.0560063, 0.014,
  0.05689, 0.05152, 0.014,
  0.05072, 0.09004, 0.0145,
  0.0497716, 0.085519, 0.0145,
  0.0497787, 0.0809293, 0.0145,
  0.05021, 0.0763422, 0.0145,
  0.0515188, 0.0719386, 0.0145,
  0.0520927, 0.0673941, 0.0145,
  0.0518541, 0.062839, 0.0145,
  0.0542208, 0.0592018, 0.0145,
  0.0569073, 0.0560946, 0.0145,
  0.05689, 0.05152, 0.0145,
  0.05072, 0.09004, 0.015,
  0.0497728, 0.0855275, 0.015,
  0.0498326, 0.0809585, 0.015,
  0.0505989, 0.0764086, 0.015,
  0.0517539, 0.0719351, 0.015,
  0.0520975, 0.0673602, 0.015,
  0.0518605, 0.0628141, 0.015,
  0.0542374, 0.0591974, 0.015,
  0.0569086, 0.0560861, 0.015,
  0.05689, 0.05152, 0.015,
  0.05269, 0.08999, 0.016,
  0.0511811, 0.0857193, 0.016,
  0.0504729, 0.081249, 0.016,
  0.0504044, 0.0767336, 0.016,
  0.0530173, 0.0731282, 0.016,
  0.0544745, 0.0690268, 0.016,
  0.0538269, 0.0645472, 0.016,
  0.054855, 0.06012, 0.016,
  0.0567535, 0.0560565, 0.016,
  0.05666, 0.05157, 0.016
 ],
 "morphTargets": [],
 "morphColors": [],
 "normals": [],
 "colors": [],
 "uvs": [[]],
  "faces": [
  2, 0, 1, 2, 0,
  2, 0, 3, 1, 0,
  2, 3, 4, 1, 0,
  2, 3, 5, 4, 0,
  2, 5, 6, 4, 0,
  2, 5, 7, 6, 0,
  2, 7, 8, 6, 0,
  2, 7, 9, 8, 0,
  2, 9, 10, 8, 0,
  2, 9, 11, 10, 0,
  2, 11, 12, 10, 0,
  2, 11, 13, 12, 0,
  2, 13, 14, 12, 0,
  2, 13, 15, 14, 0,
  2, 15, 16, 14, 0,
  2, 15, 17, 16, 0,
  2, 17, 18, 16, 0,
  2, 17, 19, 18, 0,
  2, 20, 21, 0, 0,
  2, 21, 3, 0, 0,
  2, 21, 5, 3, 0,
  2, 21, 22, 5, 0,
  2, 22, 7, 5, 0,
  2, 22, 23, 7, 0,
  2, 23, 9, 7, 0,
  2, 23, 24, 9, 0,
  2, 24, 11, 9, 0,
  2, 24, 25, 11, 0,
  2, 25, 13, 11, 0,
  2, 25, 26, 13, 0,
  2, 26, 15, 13, 0,
  2, 26, 27, 15, 0,
  2, 27, 17, 15, 0,
  2, 27, 28, 17, 0,
  2, 28, 19, 17, 0,
  2, 28, 29, 19, 0,
  2, 30, 21, 20, 0,
  2, 30, 31, 21, 0,
  2, 31, 22, 21, 0,
  2, 31, 32, 22, 0,
  2, 32, 23, 22, 0,
  2, 32, 33, 23, 0,
  2, 33, 24, 23, 0,
  2, 33, 34, 24, 0,
  2, 34, 25, 24, 0,
  2, 34, 35, 25, 0,
  2, 35, 26, 25, 0,
  2, 35, 36, 26, 0,
  2, 36, 27, 26, 0,
  2, 36, 37, 27, 0,
  2, 37, 28, 27, 0,
  2, 37, 38, 28, 0,
  2, 38, 39, 28, 0,
  2, 39, 29, 28, 0,
  2, 40, 41, 30, 0,
  2, 41, 31, 30, 0,
  2, 41, 42, 31, 0,
  2, 42, 32, 31, 0,
  2, 42, 43, 32, 0,
  2, 43, 33, 32, 0,
  2, 43, 34, 33, 0,
  2, 43, 44, 34, 0,
  2, 44, 35, 34, 0,
  2, 44, 45, 35, 0,
  2, 45, 36, 35, 0,
  2, 45, 46, 36, 0,
  2, 46, 37, 36, 0,
  2, 46, 47, 37, 0,
  2, 47, 38, 37, 0,
  2, 47, 48, 38, 0,
  2, 48, 39, 38, 0,
  2, 48, 49, 39, 0,
  2, 50, 51, 40, 0,
  2, 51, 41, 40, 0,
  2, 51, 52, 41, 0,
  2, 52, 42, 41, 0,
  2, 52, 53, 42, 0,
  2, 53, 43, 42, 0,
  2, 53, 54, 43, 0,
  2, 54, 44, 43, 0,
  2, 54, 55, 44, 0,
  2, 55, 45, 44, 0,
  2, 55, 56, 45, 0,
  2, 56, 46, 45, 0,
  2, 56, 57, 46, 0,
  2, 57, 47, 46, 0,
  2, 57, 58, 47, 0,
  2, 58, 48, 47, 0,
  2, 58, 59, 48, 0,
  2, 59, 49, 48, 0
]
 }
