 {
  "metadata" :
  {
   "formatVersion" : 3,
   "sourceFile" : "mch002r_022d",
   "generatedBy" : "Tr3 20161112",
   "vertices" : 5,
   "faces" : 3,
   "normals" : 0,
   "colors" : 0,
   "uvs" : 0,
   "materials" : 1
  },
  "scale" : 1.0,
  "materials": [{
    "DbgColor": 0,
    "DbgIndex": 0,
    "DbgName" : "Cap mal_antproc_med_31_head: Malleus",
    "colorAmbient": [0.0, 0.0, 0.0],
    "colorDiffuse": [ 1.000, 0.784, 0.588],
    "colorSpecular": [0.16, 0.16, 0.16]
    }],
  "vertices": [
  0.06103, 0.07073, 0.0155,
  0.0613592, 0.0701489, 0.0155,
  0.06068, 0.07041, 0.0155,
  0.0616427, 0.0695484, 0.0155,
  0.0615, 0.0691, 0.0155
 ],
 "morphTargets": [],
 "morphColors": [],
 "normals": [],
 "colors": [],
 "uvs": [[]],
  "faces": [
  2, 0, 1, 2, 0,
  2, 2, 3, 4, 0,
  2, 2, 1, 3, 0
]
 }
