 {
  "metadata" :
  {
   "formatVersion" : 3,
   "sourceFile" : "mch002r_022d",
   "generatedBy" : "Tr3 20161112",
   "vertices" : 7,
   "faces" : 5,
   "normals" : 0,
   "colors" : 0,
   "uvs" : 0,
   "materials" : 1
  },
  "scale" : 1.0,
  "materials": [{
    "DbgColor": 0,
    "DbgIndex": 0,
    "DbgName" : "Cap inc_lat_30_tail: Incus",
    "colorAmbient": [0.0, 0.0, 0.0],
    "colorDiffuse": [ 1.000, 0.784, 0.588],
    "colorSpecular": [0.16, 0.16, 0.16]
    }],
  "vertices": [
  0.05749, 0.0752, 0.0155,
  0.05733, 0.07541, 0.0155,
  0.056899, 0.0755131, 0.0155,
  0.0583695, 0.0734432, 0.0155,
  0.0587406, 0.0740871, 0.0155,
  0.05711, 0.07439, 0.0155,
  0.05666, 0.07517, 0.0155
 ],
 "morphTargets": [],
 "morphColors": [],
 "normals": [],
 "colors": [],
 "uvs": [[]],
  "faces": [
  2, 0, 1, 2, 0,
  2, 3, 4, 5, 0,
  2, 4, 0, 5, 0,
  2, 5, 0, 6, 0,
  2, 6, 0, 2, 0
]
 }
