 {
  "metadata" :
  {
   "formatVersion" : 3,
   "sourceFile" : "mch002r_022d",
   "generatedBy" : "Tr3 20161112",
   "vertices" : 13,
   "faces" : 11,
   "normals" : 0,
   "colors" : 0,
   "uvs" : 0,
   "materials" : 1
  },
  "scale" : 1.0,
  "materials": [{
    "DbgColor": 0,
    "DbgIndex": 0,
    "DbgName" : "1a_11: (no description)",
    "colorAmbient": [0.0, 0.0, 0.0],
    "colorDiffuse": [ 1.000, 1.000, 1.000],
    "colorSpecular": [0.16, 0.16, 0.16]
    }],
  "vertices": [
  0.04208, 0.08994, 0.0125,
  0.04712, 0.09, 0.011,
  0.04133, 0.08995, 0.011,
  0.04941, 0.0899, 0.0125,
  0.0429, 0.08994, 0.014,
  0.05063, 0.09004, 0.014,
  0.04301, 0.08981, 0.0145,
  0.05072, 0.09004, 0.0145,
  0.04301, 0.08981, 0.015,
  0.05072, 0.09004, 0.015,
  0.04385, 0.09004, 0.016,
  0.0482679, 0.0899675, 0.016,
  0.05269, 0.08999, 0.016
 ],
 "morphTargets": [],
 "morphColors": [],
 "normals": [],
 "colors": [],
 "uvs": [[]],
  "faces": [
  2, 0, 1, 2, 0,
  2, 0, 3, 1, 0,
  2, 4, 3, 0, 0,
  2, 4, 5, 3, 0,
  2, 6, 5, 4, 0,
  2, 6, 7, 5, 0,
  2, 8, 7, 6, 0,
  2, 8, 9, 7, 0,
  2, 10, 11, 8, 0,
  2, 11, 9, 8, 0,
  2, 11, 12, 9, 0
]
 }
