 {
  "metadata" :
  {
   "formatVersion" : 3,
   "sourceFile" : "mch002r_022d",
   "generatedBy" : "Tr3 20161112",
   "vertices" : 27,
   "faces" : 25,
   "normals" : 0,
   "colors" : 0,
   "uvs" : 0,
   "materials" : 1
  },
  "scale" : 1.0,
  "materials": [{
    "DbgColor": 0,
    "DbgIndex": 0,
    "DbgName" : "Join os_temp_antlat_34: Temporal bone",
    "colorAmbient": [0.0, 0.0, 0.0],
    "colorDiffuse": [ 1.000, 0.784, 0.588],
    "colorSpecular": [0.16, 0.16, 0.16]
    }],
  "vertices": [
  0.05283, 0.0517357, 0.017,
  0.0529172, 0.0533984, 0.017,
  0.0525424, 0.0534061, 0.0165,
  0.05283, 0.05007, 0.017,
  0.052524, 0.0517046, 0.0165,
  0.05257, 0.05, 0.0165,
  0.0551533, 0.0571913, 0.017,
  0.0554679, 0.060969, 0.0165,
  0.0542211, 0.0599129, 0.0165,
  0.0592362, 0.0583289, 0.0165,
  0.0579695, 0.0572278, 0.0165,
  0.05669, 0.05663, 0.017,
  0.0566973, 0.0560987, 0.0165,
  0.0559791, 0.0554422, 0.017,
  0.0556164, 0.0548053, 0.0165,
  0.0553779, 0.0541481, 0.017,
  0.0548012, 0.0533149, 0.0165,
  0.0527368, 0.0550999, 0.0165,
  0.0531292, 0.0550452, 0.017,
  0.0536555, 0.056583, 0.017,
  0.0528859, 0.0567932, 0.0165,
  0.0535631, 0.0583438, 0.0165,
  0.0548762, 0.0528156, 0.017,
  0.0545295, 0.0514311, 0.017,
  0.0544092, 0.0516692, 0.0165,
  0.05417, 0.05, 0.0165,
  0.05442, 0.05002, 0.017
 ],
 "morphTargets": [],
 "morphColors": [],
 "normals": [],
 "colors": [],
 "uvs": [[]],
  "faces": [
  2, 0, 1, 2, 0,
  2, 3, 4, 5, 0,
  2, 3, 0, 4, 0,
  2, 0, 2, 4, 0,
  2, 6, 7, 8, 0,
  2, 6, 9, 7, 0,
  2, 6, 10, 9, 0,
  2, 6, 11, 10, 0,
  2, 11, 12, 10, 0,
  2, 11, 13, 12, 0,
  2, 13, 14, 12, 0,
  2, 13, 15, 14, 0,
  2, 15, 16, 14, 0,
  2, 1, 17, 2, 0,
  2, 1, 18, 17, 0,
  2, 18, 19, 17, 0,
  2, 19, 20, 17, 0,
  2, 19, 21, 20, 0,
  2, 19, 6, 21, 0,
  2, 6, 8, 21, 0,
  2, 22, 23, 24, 0,
  2, 23, 25, 24, 0,
  2, 15, 22, 16, 0,
  2, 22, 24, 16, 0,
  2, 23, 26, 25, 0
]
 }
