 {
  "metadata" :
  {
   "formatVersion" : 3,
   "sourceFile" : "mch002r_022d",
   "generatedBy" : "Tr3 20161112",
   "vertices" : 28,
   "faces" : 26,
   "normals" : 0,
   "colors" : 0,
   "uvs" : 0,
   "materials" : 1
  },
  "scale" : 1.0,
  "materials": [{
    "DbgColor": 0,
    "DbgIndex": 0,
    "DbgName" : "Join skin_ext_post_45: Skin",
    "colorAmbient": [0.0, 0.0, 0.0],
    "colorDiffuse": [ 1.000, 0.753, 0.796],
    "colorSpecular": [0.16, 0.16, 0.16]
    }],
  "vertices": [
  0.04645, 0.09, 0.0225,
  0.0463328, 0.0916136, 0.022,
  0.0464, 0.09, 0.022,
  0.0465975, 0.0916087, 0.0225,
  0.0466134, 0.0932024, 0.022,
  0.0474873, 0.0963705, 0.0225,
  0.0477177, 0.0979178, 0.022,
  0.0473117, 0.0963548, 0.022,
  0.0478849, 0.0979364, 0.0225,
  0.04815, 0.0994736, 0.022,
  0.0468337, 0.0932071, 0.0225,
  0.0469292, 0.0947857, 0.022,
  0.047137, 0.0947937, 0.0225,
  0.0494014, 0.102538, 0.0225,
  0.0496853, 0.104065, 0.022,
  0.0491187, 0.102555, 0.022,
  0.0498656, 0.104085, 0.0225,
  0.0502887, 0.105563, 0.022,
  0.0505115, 0.105566, 0.0225,
  0.0508982, 0.107057, 0.022,
  0.0511563, 0.107048, 0.0225,
  0.051575, 0.108524, 0.022,
  0.0518096, 0.108525, 0.0225,
  0.05223, 0.11, 0.022,
  0.05247, 0.11, 0.0225,
  0.0488627, 0.101015, 0.0225,
  0.048624, 0.101017, 0.022,
  0.0483466, 0.0994847, 0.0225
 ],
 "morphTargets": [],
 "morphColors": [],
 "normals": [],
 "colors": [],
 "uvs": [[]],
  "faces": [
  2, 0, 1, 2, 0,
  2, 3, 4, 1, 0,
  2, 0, 3, 1, 0,
  2, 5, 6, 7, 0,
  2, 5, 8, 6, 0,
  2, 8, 9, 6, 0,
  2, 3, 10, 4, 0,
  2, 10, 11, 4, 0,
  2, 10, 12, 11, 0,
  2, 12, 7, 11, 0,
  2, 12, 5, 7, 0,
  2, 13, 14, 15, 0,
  2, 13, 16, 14, 0,
  2, 16, 17, 14, 0,
  2, 16, 18, 17, 0,
  2, 18, 19, 17, 0,
  2, 18, 20, 19, 0,
  2, 20, 21, 19, 0,
  2, 20, 22, 21, 0,
  2, 22, 23, 21, 0,
  2, 22, 24, 23, 0,
  2, 25, 15, 26, 0,
  2, 8, 27, 9, 0,
  2, 27, 26, 9, 0,
  2, 27, 25, 26, 0,
  2, 25, 13, 15, 0
]
 }
