 {
  "metadata" :
  {
   "formatVersion" : 3,
   "sourceFile" : "mch002r_022d",
   "generatedBy" : "Tr3 20161112",
   "vertices" : 28,
   "faces" : 26,
   "normals" : 0,
   "colors" : 0,
   "uvs" : 0,
   "materials" : 1
  },
  "scale" : 1.0,
  "materials": [{
    "DbgColor": 0,
    "DbgIndex": 0,
    "DbgName" : "Join tm_medpost_40: Pars tensa",
    "colorAmbient": [0.0, 0.0, 0.0],
    "colorDiffuse": [ 1.000, 1.000, 1.000],
    "colorSpecular": [0.16, 0.16, 0.16]
    }],
  "vertices": [
  0.0598874, 0.0755266, 0.02,
  0.0596463, 0.0747959, 0.0195,
  0.0592904, 0.0750097, 0.0195,
  0.0602161, 0.0752649, 0.02,
  0.0600125, 0.0746, 0.0195,
  0.0605591, 0.0750223, 0.02,
  0.0603786, 0.0744041, 0.0195,
  0.0609042, 0.0747827, 0.02,
  0.0607448, 0.0742081, 0.0195,
  0.0612493, 0.074543, 0.02,
  0.0611264, 0.0740446, 0.0195,
  0.0616081, 0.0743249, 0.02,
  0.0615087, 0.0738824, 0.0195,
  0.0619718, 0.0741145, 0.02,
  0.05923, 0.07605, 0.02,
  0.0589352, 0.0752248, 0.0195,
  0.05858, 0.07544, 0.0195,
  0.0595587, 0.0757883, 0.02,
  0.0627038, 0.0737024, 0.02,
  0.0630789, 0.073513, 0.02,
  0.0626628, 0.0734149, 0.0195,
  0.0630564, 0.0732825, 0.0195,
  0.0634539, 0.0733236, 0.02,
  0.06345, 0.07315, 0.0195,
  0.0636548, 0.0729913, 0.02,
  0.061891, 0.0737202, 0.0195,
  0.0623354, 0.0739041, 0.02,
  0.0622733, 0.073558, 0.0195
 ],
 "morphTargets": [],
 "morphColors": [],
 "normals": [],
 "colors": [],
 "uvs": [[]],
  "faces": [
  2, 0, 1, 2, 0,
  2, 0, 3, 1, 0,
  2, 3, 4, 1, 0,
  2, 3, 5, 4, 0,
  2, 5, 6, 4, 0,
  2, 5, 7, 6, 0,
  2, 7, 8, 6, 0,
  2, 7, 9, 8, 0,
  2, 9, 10, 8, 0,
  2, 9, 11, 10, 0,
  2, 11, 12, 10, 0,
  2, 11, 13, 12, 0,
  2, 14, 15, 16, 0,
  2, 14, 17, 15, 0,
  2, 17, 2, 15, 0,
  2, 17, 0, 2, 0,
  2, 18, 19, 20, 0,
  2, 19, 21, 20, 0,
  2, 19, 22, 21, 0,
  2, 22, 23, 21, 0,
  2, 22, 24, 23, 0,
  2, 13, 25, 12, 0,
  2, 13, 26, 25, 0,
  2, 26, 27, 25, 0,
  2, 26, 18, 27, 0,
  2, 18, 20, 27, 0
]
 }
