 {
  "metadata" :
  {
   "formatVersion" : 3,
   "sourceFile" : "mch002r_022d",
   "generatedBy" : "Tr3 20161112",
   "vertices" : 24,
   "faces" : 30,
   "normals" : 0,
   "colors" : 0,
   "uvs" : 0,
   "materials" : 1
  },
  "scale" : 1.0,
  "materials": [{
    "DbgColor": 0,
    "DbgIndex": 0,
    "DbgName" : "3a_11: (no description)",
    "colorAmbient": [0.0, 0.0, 0.0],
    "colorDiffuse": [ 1.000, 1.000, 1.000],
    "colorSpecular": [0.16, 0.16, 0.16]
    }],
  "vertices": [
  0.07868, 0.05278, 0.0125,
  0.0717602, 0.0524047, 0.0125,
  0.07868, 0.05, 0.011,
  0.0708472, 0.05, 0.011,
  0.0648405, 0.0520295, 0.0125,
  0.0630143, 0.05, 0.011,
  0.05792, 0.05175, 0.0125,
  0.05601, 0.05152, 0.011,
  0.07868, 0.05269, 0.014,
  0.0722756, 0.0523782, 0.014,
  0.0658712, 0.0520664, 0.014,
  0.05947, 0.05171, 0.014,
  0.07868, 0.05269, 0.0145,
  0.0724755, 0.0523879, 0.0145,
  0.0662711, 0.0520858, 0.0145,
  0.06007, 0.05175, 0.0145,
  0.07868, 0.05269, 0.015,
  0.0724755, 0.0523879, 0.015,
  0.0662711, 0.0520858, 0.015,
  0.06007, 0.05175, 0.015,
  0.07868, 0.05273, 0.016,
  0.0721733, 0.0523734, 0.016,
  0.0656667, 0.0520167, 0.016,
  0.05916, 0.05166, 0.016
 ],
 "morphTargets": [],
 "morphColors": [],
 "normals": [],
 "colors": [],
 "uvs": [[]],
  "faces": [
  2, 0, 1, 2, 0,
  2, 1, 3, 2, 0,
  2, 1, 4, 3, 0,
  2, 4, 5, 3, 0,
  2, 4, 6, 5, 0,
  2, 6, 7, 5, 0,
  2, 8, 9, 0, 0,
  2, 9, 1, 0, 0,
  2, 9, 10, 1, 0,
  2, 10, 4, 1, 0,
  2, 10, 11, 4, 0,
  2, 11, 6, 4, 0,
  2, 12, 13, 8, 0,
  2, 13, 9, 8, 0,
  2, 13, 14, 9, 0,
  2, 14, 10, 9, 0,
  2, 14, 15, 10, 0,
  2, 15, 11, 10, 0,
  2, 16, 17, 12, 0,
  2, 17, 13, 12, 0,
  2, 17, 18, 13, 0,
  2, 18, 14, 13, 0,
  2, 18, 15, 14, 0,
  2, 18, 19, 15, 0,
  2, 20, 17, 16, 0,
  2, 20, 21, 17, 0,
  2, 21, 18, 17, 0,
  2, 21, 22, 18, 0,
  2, 22, 19, 18, 0,
  2, 22, 23, 19, 0
]
 }
