 {
  "metadata" :
  {
   "formatVersion" : 3,
   "sourceFile" : "mch002r_022d",
   "generatedBy" : "Tr3 20161112",
   "vertices" : 50,
   "faces" : 73,
   "normals" : 0,
   "colors" : 0,
   "uvs" : 0,
   "materials" : 1
  },
  "scale" : 1.0,
  "materials": [{
    "DbgColor": 0,
    "DbgIndex": 0,
    "DbgName" : "Cap os_occcond_ant_47_tail: Occipital bone (condylar part)",
    "colorAmbient": [0.0, 0.0, 0.0],
    "colorDiffuse": [ 1.000, 0.784, 0.588],
    "colorSpecular": [0.16, 0.16, 0.16]
    }],
  "vertices": [
  0.0762889, 0.0806173, 0.0235,
  0.0750867, 0.0795838, 0.0235,
  0.0767072, 0.0790717, 0.0235,
  0.0672041, 0.0849358, 0.0235,
  0.0689348, 0.0851169, 0.0235,
  0.0678621, 0.0863615, 0.0235,
  0.07054, 0.0851651, 0.0235,
  0.0720144, 0.0850743, 0.0235,
  0.0713526, 0.0861987, 0.0235,
  0.0728173, 0.0866654, 0.0235,
  0.073639, 0.0850676, 0.0235,
  0.0746133, 0.0866451, 0.0235,
  0.0754061, 0.0851609, 0.0235,
  0.0739442, 0.0878682, 0.0235,
  0.0661831, 0.0862181, 0.0235,
  0.0761607, 0.0835881, 0.0235,
  0.077196, 0.0853295, 0.0235,
  0.0764093, 0.0868444, 0.0235,
  0.0754646, 0.0882656, 0.0235,
  0.0741492, 0.0892509, 0.0235,
  0.0726765, 0.0885141, 0.0235,
  0.0714828, 0.0872949, 0.0235,
  0.06991, 0.0867988, 0.0235,
  0.0682825, 0.0872914, 0.0235,
  0.0666583, 0.0878083, 0.0235,
  0.06512, 0.08745, 0.0235,
  0.0645465, 0.0858435, 0.0235,
  0.0657086, 0.0849115, 0.0235,
  0.0643124, 0.0841717, 0.0235,
  0.0663025, 0.0833939, 0.0235,
  0.064737, 0.0825433, 0.0235,
  0.0661281, 0.0816939, 0.0235,
  0.0776085, 0.0806676, 0.0235,
  0.0783376, 0.0794314, 0.0235,
  0.0791894, 0.0807119, 0.0235,
  0.0782373, 0.0821023, 0.0235,
  0.0768912, 0.0820742, 0.0235,
  0.0779011, 0.0837753, 0.0235,
  0.0751519, 0.0816989, 0.0235,
  0.0735962, 0.0820893, 0.0235,
  0.0744194, 0.0834943, 0.0235,
  0.0725677, 0.0833787, 0.0235,
  0.0682399, 0.0836215, 0.0235,
  0.0698577, 0.083829, 0.0235,
  0.0711764, 0.083989, 0.0235,
  0.0722246, 0.0814377, 0.0235,
  0.0736237, 0.0804615, 0.0235,
  0.0709127, 0.0825268, 0.0235,
  0.0677976, 0.0818905, 0.0235,
  0.0693537, 0.0825796, 0.0235
 ],
 "morphTargets": [],
 "morphColors": [],
 "normals": [],
 "colors": [],
 "uvs": [[]],
  "faces": [
  2, 0, 1, 2, 0,
  2, 3, 4, 5, 0,
  2, 6, 7, 8, 0,
  2, 7, 9, 8, 0,
  2, 7, 10, 9, 0,
  2, 10, 11, 9, 0,
  2, 10, 12, 11, 0,
  2, 9, 11, 13, 0,
  2, 3, 5, 14, 0,
  2, 15, 16, 12, 0,
  2, 12, 16, 17, 0,
  2, 12, 17, 11, 0,
  2, 11, 17, 18, 0,
  2, 11, 18, 13, 0,
  2, 13, 18, 19, 0,
  2, 13, 19, 20, 0,
  2, 13, 20, 9, 0,
  2, 9, 20, 21, 0,
  2, 9, 21, 8, 0,
  2, 8, 21, 22, 0,
  2, 8, 22, 6, 0,
  2, 6, 22, 4, 0,
  2, 4, 22, 5, 0,
  2, 5, 22, 23, 0,
  2, 5, 23, 24, 0,
  2, 5, 24, 14, 0,
  2, 14, 24, 25, 0,
  2, 14, 25, 26, 0,
  2, 14, 26, 27, 0,
  2, 27, 26, 28, 0,
  2, 27, 28, 29, 0,
  2, 29, 28, 30, 0,
  2, 29, 30, 31, 0,
  2, 0, 2, 32, 0,
  2, 32, 2, 33, 0,
  2, 32, 33, 34, 0,
  2, 32, 34, 35, 0,
  2, 32, 35, 36, 0,
  2, 36, 35, 37, 0,
  2, 36, 37, 15, 0,
  2, 15, 37, 16, 0,
  2, 0, 36, 38, 0,
  2, 0, 32, 36, 0,
  2, 39, 40, 41, 0,
  2, 39, 38, 40, 0,
  2, 38, 15, 40, 0,
  2, 38, 36, 15, 0,
  2, 29, 3, 27, 0,
  2, 29, 42, 3, 0,
  2, 42, 4, 3, 0,
  2, 42, 43, 4, 0,
  2, 43, 6, 4, 0,
  2, 43, 44, 6, 0,
  2, 44, 7, 6, 0,
  2, 44, 41, 7, 0,
  2, 41, 10, 7, 0,
  2, 41, 40, 10, 0,
  2, 40, 12, 10, 0,
  2, 40, 15, 12, 0,
  2, 27, 3, 14, 0,
  2, 41, 45, 39, 0,
  2, 39, 45, 46, 0,
  2, 39, 46, 38, 0,
  2, 38, 46, 1, 0,
  2, 1, 0, 38, 0,
  2, 43, 47, 44, 0,
  2, 44, 47, 41, 0,
  2, 41, 47, 45, 0,
  2, 29, 31, 48, 0,
  2, 29, 48, 42, 0,
  2, 42, 48, 49, 0,
  2, 42, 49, 43, 0,
  2, 43, 49, 47, 0
]
 }
