 {
  "metadata" :
  {
   "formatVersion" : 3,
   "sourceFile" : "mch002r_022d",
   "generatedBy" : "Tr3 20161112",
   "vertices" : 25,
   "faces" : 34,
   "normals" : 0,
   "colors" : 0,
   "uvs" : 0,
   "materials" : 1
  },
  "scale" : 1.0,
  "materials": [{
    "DbgColor": 0,
    "DbgIndex": 0,
    "DbgName" : "os_temp_in_29: Temporal bone",
    "colorAmbient": [0.0, 0.0, 0.0],
    "colorDiffuse": [ 1.000, 0.784, 0.588],
    "colorSpecular": [0.16, 0.16, 0.16]
    }],
  "vertices": [
  0.07649, 0.06555, 0.015,
  0.0770676, 0.0661016, 0.0145,
  0.07733, 0.06464, 0.0145,
  0.0759426, 0.0669743, 0.015,
  0.0758331, 0.0671566, 0.0145,
  0.0746063, 0.0678586, 0.015,
  0.0743345, 0.0677811, 0.0145,
  0.0730944, 0.0684087, 0.015,
  0.0727236, 0.0679998, 0.0145,
  0.0714944, 0.0685316, 0.015,
  0.0717675, 0.0672037, 0.0145,
  0.0708368, 0.06751, 0.015,
  0.0720416, 0.0664684, 0.015,
  0.0729261, 0.0660801, 0.0145,
  0.0734876, 0.0657583, 0.015,
  0.0743153, 0.0652301, 0.0145,
  0.0750118, 0.0652431, 0.015,
  0.075803, 0.0645784, 0.0145,
  0.07474, 0.06666, 0.0155,
  0.0743115, 0.0678717, 0.0155,
  0.0728498, 0.0680645, 0.0155,
  0.0714687, 0.0685814, 0.0155,
  0.0706975, 0.0677108, 0.0155,
  0.0719476, 0.0668968, 0.0155,
  0.0733332, 0.0663255, 0.0155
 ],
 "morphTargets": [],
 "morphColors": [],
 "normals": [],
 "colors": [],
 "uvs": [[]],
  "faces": [
  2, 0, 1, 2, 0,
  2, 0, 3, 1, 0,
  2, 3, 4, 1, 0,
  2, 3, 5, 4, 0,
  2, 5, 6, 4, 0,
  2, 5, 7, 6, 0,
  2, 7, 8, 6, 0,
  2, 7, 9, 8, 0,
  2, 9, 10, 8, 0,
  2, 9, 11, 10, 0,
  2, 11, 12, 10, 0,
  2, 12, 13, 10, 0,
  2, 12, 14, 13, 0,
  2, 14, 15, 13, 0,
  2, 14, 16, 15, 0,
  2, 16, 17, 15, 0,
  2, 16, 0, 17, 0,
  2, 0, 2, 17, 0,
  2, 18, 3, 0, 0,
  2, 18, 5, 3, 0,
  2, 18, 19, 5, 0,
  2, 19, 7, 5, 0,
  2, 19, 20, 7, 0,
  2, 20, 9, 7, 0,
  2, 20, 21, 9, 0,
  2, 21, 22, 9, 0,
  2, 22, 11, 9, 0,
  2, 22, 23, 11, 0,
  2, 23, 12, 11, 0,
  2, 23, 24, 12, 0,
  2, 24, 14, 12, 0,
  2, 24, 18, 14, 0,
  2, 18, 16, 14, 0,
  2, 18, 0, 16, 0
]
 }
