 {
  "metadata" :
  {
   "formatVersion" : 3,
   "sourceFile" : "mch002r_022d",
   "generatedBy" : "Tr3 20161112",
   "vertices" : 18,
   "faces" : 21,
   "normals" : 0,
   "colors" : 0,
   "uvs" : 0,
   "materials" : 1
  },
  "scale" : 1.0,
  "materials": [{
    "DbgColor": 0,
    "DbgIndex": 0,
    "DbgName" : "ec_antmed_35: Ear canal",
    "colorAmbient": [0.0, 0.0, 0.0],
    "colorDiffuse": [ 0.824, 0.706, 0.549],
    "colorSpecular": [0.16, 0.16, 0.16]
    }],
  "vertices": [
  0.05417, 0.07005, 0.018,
  0.0563403, 0.07044, 0.0175,
  0.05417, 0.07004, 0.0175,
  0.0568834, 0.0704901, 0.018,
  0.0585281, 0.0700417, 0.0175,
  0.059623, 0.0699162, 0.018,
  0.06068, 0.0695, 0.0175,
  0.06226, 0.06899, 0.018,
  0.05414, 0.07014, 0.0185,
  0.0564181, 0.07062, 0.0185,
  0.0587453, 0.070296, 0.0185,
  0.0610074, 0.0696556, 0.0185,
  0.06319, 0.06878, 0.0185,
  0.05405, 0.07041, 0.019,
  0.0565348, 0.0711737, 0.019,
  0.059148, 0.0708703, 0.019,
  0.061622, 0.0700054, 0.019,
  0.06397, 0.06882, 0.019
 ],
 "morphTargets": [],
 "morphColors": [],
 "normals": [],
 "colors": [],
 "uvs": [[]],
  "faces": [
  2, 0, 1, 2, 0,
  2, 0, 3, 1, 0,
  2, 3, 4, 1, 0,
  2, 3, 5, 4, 0,
  2, 5, 6, 4, 0,
  2, 5, 7, 6, 0,
  2, 8, 9, 0, 0,
  2, 9, 3, 0, 0,
  2, 9, 10, 3, 0,
  2, 10, 5, 3, 0,
  2, 10, 11, 5, 0,
  2, 11, 7, 5, 0,
  2, 11, 12, 7, 0,
  2, 13, 9, 8, 0,
  2, 13, 14, 9, 0,
  2, 14, 10, 9, 0,
  2, 14, 15, 10, 0,
  2, 15, 11, 10, 0,
  2, 15, 16, 11, 0,
  2, 16, 12, 11, 0,
  2, 16, 17, 12, 0
]
 }
