 {
  "metadata" :
  {
   "formatVersion" : 3,
   "sourceFile" : "mch002r_022d",
   "generatedBy" : "Tr3 20161112",
   "vertices" : 20,
   "faces" : 18,
   "normals" : 0,
   "colors" : 0,
   "uvs" : 0,
   "materials" : 1
  },
  "scale" : 1.0,
  "materials": [{
    "DbgColor": 0,
    "DbgIndex": 0,
    "DbgName" : "ec_posttip1_35: Ear canal",
    "colorAmbient": [0.0, 0.0, 0.0],
    "colorDiffuse": [ 0.824, 0.706, 0.549],
    "colorSpecular": [0.16, 0.16, 0.16]
    }],
  "vertices": [
  0.04773, 0.0706, 0.018,
  0.04642, 0.07005, 0.0175,
  0.04746, 0.06972, 0.0175,
  0.0467, 0.07102, 0.018,
  0.04781, 0.07082, 0.0185,
  0.0468, 0.07132, 0.0185,
  0.04789, 0.07102, 0.019,
  0.0469, 0.07162, 0.019,
  0.04795, 0.07113, 0.0195,
  0.04698, 0.07177, 0.0195,
  0.04798, 0.07115, 0.02,
  0.04702, 0.07181, 0.02,
  0.048, 0.07113, 0.0205,
  0.04705, 0.07179, 0.0205,
  0.04797, 0.07085, 0.021,
  0.04702, 0.07158, 0.021,
  0.04789, 0.07048, 0.0215,
  0.04697, 0.07129, 0.0215,
  0.0477, 0.06966, 0.022,
  0.04677, 0.07042, 0.022
 ],
 "morphTargets": [],
 "morphColors": [],
 "normals": [],
 "colors": [],
 "uvs": [[]],
  "faces": [
  2, 0, 1, 2, 0,
  2, 0, 3, 1, 0,
  2, 4, 3, 0, 0,
  2, 4, 5, 3, 0,
  2, 6, 5, 4, 0,
  2, 6, 7, 5, 0,
  2, 8, 7, 6, 0,
  2, 8, 9, 7, 0,
  2, 10, 11, 8, 0,
  2, 11, 9, 8, 0,
  2, 12, 13, 10, 0,
  2, 13, 11, 10, 0,
  2, 14, 15, 12, 0,
  2, 15, 13, 12, 0,
  2, 16, 17, 14, 0,
  2, 17, 15, 14, 0,
  2, 18, 19, 16, 0,
  2, 19, 17, 16, 0
]
 }
