 {
  "metadata" :
  {
   "formatVersion" : 3,
   "sourceFile" : "mch002r_022d",
   "generatedBy" : "Tr3 20161112",
   "vertices" : 12,
   "faces" : 13,
   "normals" : 0,
   "colors" : 0,
   "uvs" : 0,
   "materials" : 1
  },
  "scale" : 1.0,
  "materials": [{
    "DbgColor": 0,
    "DbgIndex": 0,
    "DbgName" : "Cap os_temp_med_10_head: temp",
    "colorAmbient": [0.0, 0.0, 0.0],
    "colorDiffuse": [ 1.000, 0.784, 0.588],
    "colorSpecular": [0.16, 0.16, 0.16]
    }],
  "vertices": [
  0.060626, 0.0818035, 0.005,
  0.0618631, 0.0808433, 0.005,
  0.061149, 0.080157, 0.005,
  0.05862, 0.0813955, 0.005,
  0.0597236, 0.0808158, 0.005,
  0.05862, 0.0797719, 0.005,
  0.0590732, 0.0782488, 0.005,
  0.060138, 0.0792057, 0.005,
  0.0604272, 0.0777471, 0.005,
  0.0618394, 0.0784907, 0.005,
  0.0627038, 0.0797831, 0.005,
  0.05919, 0.08256, 0.005
 ],
 "morphTargets": [],
 "morphColors": [],
 "normals": [],
 "colors": [],
 "uvs": [[]],
  "faces": [
  2, 0, 1, 2, 0,
  2, 3, 4, 5, 0,
  2, 6, 5, 7, 0,
  2, 8, 6, 7, 0,
  2, 9, 8, 7, 0,
  2, 2, 9, 7, 0,
  2, 10, 9, 2, 0,
  2, 1, 10, 2, 0,
  2, 4, 2, 7, 0,
  2, 7, 5, 4, 0,
  2, 4, 0, 2, 0,
  2, 4, 11, 0, 0,
  2, 11, 4, 3, 0
]
 }
