 {
  "metadata" :
  {
   "formatVersion" : 3,
   "sourceFile" : "mch002r_022d",
   "generatedBy" : "Tr3 20161112",
   "vertices" : 10,
   "faces" : 8,
   "normals" : 0,
   "colors" : 0,
   "uvs" : 0,
   "materials" : 1
  },
  "scale" : 1.0,
  "materials": [{
    "DbgColor": 0,
    "DbgIndex": 0,
    "DbgName" : "Cap os_temp_ext_ant_34_tail: Temporal bone",
    "colorAmbient": [0.0, 0.0, 0.0],
    "colorDiffuse": [ 1.000, 0.784, 0.588],
    "colorSpecular": [0.16, 0.16, 0.16]
    }],
  "vertices": [
  0.0542043, 0.0438955, 0.018,
  0.0551549, 0.0452511, 0.018,
  0.0535169, 0.0452687, 0.018,
  0.0547741, 0.0468074, 0.018,
  0.0533604, 0.046866, 0.018,
  0.05457, 0.0483949, 0.018,
  0.0533081, 0.0484706, 0.018,
  0.05372, 0.05, 0.018,
  0.05453, 0.05, 0.018,
  0.055624, 0.0437356, 0.018
 ],
 "morphTargets": [],
 "morphColors": [],
 "normals": [],
 "colors": [],
 "uvs": [[]],
  "faces": [
  2, 0, 1, 2, 0,
  2, 1, 3, 2, 0,
  2, 2, 3, 4, 0,
  2, 3, 5, 4, 0,
  2, 4, 5, 6, 0,
  2, 6, 5, 7, 0,
  2, 7, 5, 8, 0,
  2, 9, 1, 0, 0
]
 }
