 {
  "metadata" :
  {
   "formatVersion" : 3,
   "sourceFile" : "mch002r_022d",
   "generatedBy" : "Tr3 20161112",
   "vertices" : 26,
   "faces" : 24,
   "normals" : 0,
   "colors" : 0,
   "uvs" : 0,
   "materials" : 1
  },
  "scale" : 1.0,
  "materials": [{
    "DbgColor": 0,
    "DbgIndex": 0,
    "DbgName" : "Join skin_ext_post_35: Skin",
    "colorAmbient": [0.0, 0.0, 0.0],
    "colorDiffuse": [ 1.000, 0.753, 0.796],
    "colorSpecular": [0.16, 0.16, 0.16]
    }],
  "vertices": [
  0.04508, 0.09, 0.0175,
  0.0449271, 0.0917367, 0.017,
  0.04479, 0.09, 0.017,
  0.0451945, 0.0917343, 0.0175,
  0.0461664, 0.0968609, 0.0175,
  0.0463811, 0.0985462, 0.017,
  0.0459763, 0.0968518, 0.017,
  0.0465623, 0.0985537, 0.0175,
  0.0468282, 0.100229, 0.017,
  0.0470294, 0.100229, 0.0175,
  0.0473502, 0.101891, 0.017,
  0.0475194, 0.101898, 0.0175,
  0.0479017, 0.103543, 0.017,
  0.0480409, 0.103557, 0.0175,
  0.0485317, 0.105167, 0.017,
  0.0487006, 0.105165, 0.0175,
  0.0452228, 0.0934502, 0.017,
  0.0454983, 0.0934471, 0.0175,
  0.0455906, 0.095153, 0.017,
  0.0458163, 0.0951571, 0.0175,
  0.05066, 0.11, 0.0175,
  0.05052, 0.11, 0.017,
  0.0498462, 0.108393, 0.017,
  0.0493527, 0.106777, 0.0175,
  0.0491723, 0.106787, 0.017,
  0.049985, 0.108397, 0.0175
 ],
 "morphTargets": [],
 "morphColors": [],
 "normals": [],
 "colors": [],
 "uvs": [[]],
  "faces": [
  2, 0, 1, 2, 0,
  2, 0, 3, 1, 0,
  2, 4, 5, 6, 0,
  2, 4, 7, 5, 0,
  2, 7, 8, 5, 0,
  2, 7, 9, 8, 0,
  2, 9, 10, 8, 0,
  2, 9, 11, 10, 0,
  2, 11, 12, 10, 0,
  2, 11, 13, 12, 0,
  2, 13, 14, 12, 0,
  2, 13, 15, 14, 0,
  2, 3, 16, 1, 0,
  2, 3, 17, 16, 0,
  2, 17, 18, 16, 0,
  2, 17, 19, 18, 0,
  2, 19, 6, 18, 0,
  2, 19, 4, 6, 0,
  2, 20, 21, 22, 0,
  2, 15, 23, 24, 0,
  2, 23, 22, 24, 0,
  2, 23, 25, 22, 0,
  2, 15, 24, 14, 0,
  2, 25, 20, 22, 0
]
 }
