 {
  "metadata" :
  {
   "formatVersion" : 3,
   "sourceFile" : "mch002r_022d",
   "generatedBy" : "Tr3 20161112",
   "vertices" : 165,
   "faces" : 165,
   "normals" : 0,
   "colors" : 0,
   "uvs" : 0,
   "materials" : 1
  },
  "scale" : 1.0,
  "materials": [{
    "DbgColor": 0,
    "DbgIndex": 0,
    "DbgName" : "Join os_temp_a_22: Temporal bone",
    "colorAmbient": [0.0, 0.0, 0.0],
    "colorDiffuse": [ 1.000, 0.784, 0.588],
    "colorSpecular": [0.16, 0.16, 0.16]
    }],
  "vertices": [
  0.0479301, 0.0866319, 0.011,
  0.0482331, 0.0883265, 0.011,
  0.0476151, 0.0883145, 0.0105,
  0.0480084, 0.089994, 0.0105,
  0.04865, 0.09, 0.011,
  0.0532606, 0.0899805, 0.0105,
  0.05327, 0.09, 0.011,
  0.0542618, 0.0885825, 0.011,
  0.0540811, 0.0884579, 0.0105,
  0.0552404, 0.0871559, 0.011,
  0.0549361, 0.0869555, 0.0105,
  0.0559103, 0.0855283, 0.0105,
  0.056198, 0.0857158, 0.011,
  0.057044, 0.0843159, 0.0105,
  0.0575165, 0.0847405, 0.011,
  0.0587638, 0.0841381, 0.0105,
  0.0592071, 0.0843738, 0.011,
  0.0604576, 0.08387, 0.0105,
  0.0609054, 0.0845446, 0.011,
  0.0621203, 0.0835036, 0.0105,
  0.0625064, 0.0839905, 0.011,
  0.0637727, 0.0830161, 0.0105,
  0.0639927, 0.0831106, 0.011,
  0.0654343, 0.0826402, 0.0105,
  0.0656581, 0.0826609, 0.011,
  0.0667009, 0.0815476, 0.0105,
  0.0669404, 0.0817222, 0.011,
  0.0676214, 0.0802652, 0.011,
  0.0674049, 0.0800696, 0.0105,
  0.0689802, 0.0793599, 0.0105,
  0.0692704, 0.0797516, 0.011,
  0.0700774, 0.0786205, 0.011,
  0.0690784, 0.0782399, 0.0105,
  0.0686621, 0.0777537, 0.011,
  0.0680468, 0.0768519, 0.0105,
  0.0673204, 0.0766616, 0.011,
  0.0677956, 0.0753119, 0.0105,
  0.0668188, 0.0750732, 0.011,
  0.0678389, 0.0746881, 0.011,
  0.0693518, 0.0750183, 0.0105,
  0.069518, 0.075058, 0.011,
  0.0710677, 0.0751992, 0.0105,
  0.0712432, 0.0751675, 0.011,
  0.0727951, 0.0751729, 0.0105,
  0.0728765, 0.0756438, 0.011,
  0.0741207, 0.0762156, 0.0105,
  0.0734721, 0.077181, 0.011,
  0.0749602, 0.0771257, 0.011,
  0.0754436, 0.0762026, 0.0105,
  0.0758184, 0.0756327, 0.011,
  0.0764328, 0.0748328, 0.0105,
  0.0768885, 0.0743549, 0.011,
  0.0777498, 0.0737836, 0.0105,
  0.078249, 0.0733429, 0.011,
  0.0786824, 0.072411, 0.0105,
  0.0788692, 0.0718173, 0.011,
  0.0794219, 0.0708809, 0.0105,
  0.0795215, 0.0702558, 0.011,
  0.0800068, 0.069255, 0.0105,
  0.0798, 0.0685627, 0.011,
  0.0539031, 0.053487, 0.011,
  0.0534689, 0.0537009, 0.0105,
  0.0535754, 0.0519754, 0.0105,
  0.0536982, 0.0552047, 0.011,
  0.0532912, 0.0554214, 0.0105,
  0.0534686, 0.0569195, 0.011,
  0.0530436, 0.0571327, 0.0105,
  0.052775, 0.0588413, 0.0105,
  0.0531966, 0.0586274, 0.011,
  0.0528707, 0.0603265, 0.011,
  0.0523283, 0.0605019, 0.0105,
  0.0523482, 0.0619661, 0.011,
  0.0517024, 0.0621143, 0.0105,
  0.0516763, 0.0635604, 0.011,
  0.0510842, 0.0637297, 0.0105,
  0.0508821, 0.0650947, 0.011,
  0.0504855, 0.0653522, 0.0105,
  0.0501878, 0.0666561, 0.011,
  0.0499087, 0.0669825, 0.0105,
  0.0498893, 0.0683594, 0.011,
  0.0494761, 0.0686571, 0.0105,
  0.049497, 0.0700445, 0.011,
  0.0490642, 0.0703368, 0.0105,
  0.048981, 0.0716934, 0.011,
  0.0486764, 0.0720223, 0.0105,
  0.0484949, 0.0733521, 0.011,
  0.0482384, 0.0736929, 0.0105,
  0.04806, 0.0750109, 0.011,
  0.0476584, 0.0753204, 0.0105,
  0.047978, 0.0767363, 0.011,
  0.04745, 0.0770196, 0.0105,
  0.04787, 0.0784584, 0.011,
  0.0472002, 0.0787286, 0.0105,
  0.0479203, 0.0801774, 0.011,
  0.0469737, 0.0804102, 0.0105,
  0.04801, 0.08172, 0.0105,
  0.04867, 0.08163, 0.011,
  0.0561502, 0.0698737, 0.011,
  0.0547053, 0.0704222, 0.011,
  0.0556691, 0.0708704, 0.0105,
  0.0544129, 0.07176, 0.0105,
  0.0534936, 0.0703284, 0.0105,
  0.0538126, 0.0692858, 0.011,
  0.0533122, 0.0686218, 0.0105,
  0.0539, 0.0675584, 0.011,
  0.0533921, 0.0668941, 0.0105,
  0.053968, 0.0658415, 0.011,
  0.053626, 0.0652034, 0.0105,
  0.0546151, 0.0642369, 0.011,
  0.0544443, 0.0636852, 0.0105,
  0.0553369, 0.0626661, 0.011,
  0.0552468, 0.0621555, 0.0105,
  0.0560662, 0.0611053, 0.011,
  0.055803, 0.0605404, 0.0105,
  0.0562723, 0.0593876, 0.011,
  0.0560036, 0.0588225, 0.0105,
  0.0564785, 0.0576698, 0.011,
  0.0561876, 0.0571027, 0.0105,
  0.0566878, 0.0559524, 0.011,
  0.0559849, 0.0553856, 0.0105,
  0.0563184, 0.0542741, 0.011,
  0.0557771, 0.0536685, 0.0105,
  0.0558186, 0.052619, 0.011,
  0.0555692, 0.0519514, 0.0105,
  0.0548786, 0.0512867, 0.011,
  0.0541808, 0.0511083, 0.0105,
  0.0540845, 0.0517664, 0.011,
  0.0794902, 0.0677244, 0.0105,
  0.0791433, 0.0669733, 0.011,
  0.0787297, 0.0662855, 0.0105,
  0.0779717, 0.0660142, 0.011,
  0.0770973, 0.065818, 0.0105,
  0.0762469, 0.06592, 0.011,
  0.0754359, 0.0662101, 0.0105,
  0.0745349, 0.0661209, 0.011,
  0.0738461, 0.0668622, 0.0105,
  0.0728642, 0.0665629, 0.011,
  0.0722689, 0.0675084, 0.0105,
  0.0712233, 0.0671098, 0.011,
  0.0705599, 0.0677743, 0.0105,
  0.0695478, 0.0675394, 0.011,
  0.0689703, 0.0683272, 0.0105,
  0.0681299, 0.068492, 0.011,
  0.067625, 0.0694056, 0.0105,
  0.066793, 0.0695883, 0.011,
  0.0655927, 0.0708287, 0.011,
  0.0664206, 0.0706469, 0.0105,
  0.0657618, 0.0721788, 0.0105,
  0.0652943, 0.0724785, 0.011,
  0.0645658, 0.072074, 0.0105,
  0.0638501, 0.0720847, 0.011,
  0.0628964, 0.0722625, 0.0105,
  0.0624153, 0.0712293, 0.011,
  0.0613148, 0.0725299, 0.0105,
  0.0608679, 0.0706022, 0.011,
  0.0602425, 0.0712054, 0.0105,
  0.0594022, 0.0698123, 0.011,
  0.0587808, 0.0702869, 0.0105,
  0.0577826, 0.0694178, 0.011,
  0.0571181, 0.06998, 0.0105,
  0.048156, 0.0832238, 0.011,
  0.04787, 0.0849104, 0.011,
  0.0479855, 0.0832084, 0.0105,
  0.0475289, 0.0848621, 0.0105,
  0.0475, 0.0865893, 0.0105
 ],
 "morphTargets": [],
 "morphColors": [],
 "normals": [],
 "colors": [],
 "uvs": [[]],