 {
  "metadata" :
  {
   "formatVersion" : 3,
   "sourceFile" : "mch002r_022d",
   "generatedBy" : "Tr3 20161112",
   "vertices" : 65,
   "faces" : 63,
   "normals" : 0,
   "colors" : 0,
   "uvs" : 0,
   "materials" : 1
  },
  "scale" : 1.0,
  "materials": [{
    "DbgColor": 0,
    "DbgIndex": 0,
    "DbgName" : "Join os_temp_b_38: Temporal bone",
    "colorAmbient": [0.0, 0.0, 0.0],
    "colorDiffuse": [ 1.000, 0.784, 0.588],
    "colorSpecular": [0.16, 0.16, 0.16]
    }],
  "vertices": [
  0.06187, 0.09, 0.019,
  0.0623954, 0.0886534, 0.0185,
  0.06136, 0.09, 0.0185,
  0.0644042, 0.0854683, 0.019,
  0.0655536, 0.0842548, 0.019,
  0.06598, 0.0853412, 0.0185,
  0.06582, 0.0836517, 0.0185,
  0.0662, 0.0826677, 0.019,
  0.0662616, 0.0820221, 0.0185,
  0.0655997, 0.0811992, 0.019,
  0.0662924, 0.0803378, 0.0185,
  0.0657115, 0.0796028, 0.019,
  0.0672526, 0.0789109, 0.019,
  0.0677544, 0.0796352, 0.0185,
  0.0688653, 0.0784814, 0.019,
  0.0627487, 0.0885073, 0.019,
  0.0633959, 0.0872754, 0.0185,
  0.0635957, 0.0869997, 0.019,
  0.064657, 0.0861624, 0.0185,
  0.0724311, 0.0751247, 0.019,
  0.0729307, 0.0763544, 0.0185,
  0.0712642, 0.0766593, 0.0185,
  0.0735863, 0.0760502, 0.019,
  0.0742444, 0.0752901, 0.0185,
  0.0746282, 0.0750306, 0.019,
  0.075269, 0.0739346, 0.0185,
  0.0752318, 0.0734492, 0.019,
  0.0760649, 0.0724309, 0.0185,
  0.07536, 0.0718273, 0.019,
  0.0758557, 0.0709073, 0.0185,
  0.0749068, 0.0701775, 0.019,
  0.0755902, 0.0692316, 0.0185,
  0.0741033, 0.0687198, 0.019,
  0.0750019, 0.0676465, 0.0185,
  0.0729326, 0.0674426, 0.019,
  0.0736835, 0.0665914, 0.0185,
  0.0720325, 0.066243, 0.0185,
  0.071647, 0.0664578, 0.019,
  0.0704129, 0.0665378, 0.0185,
  0.0699406, 0.0666748, 0.019,
  0.0691682, 0.0676751, 0.0185,
  0.0683035, 0.0661983, 0.019,
  0.06773, 0.0685, 0.0185,
  0.06508, 0.06816, 0.0185,
  0.0663369, 0.0671225, 0.0185,
  0.0665952, 0.0662224, 0.019,
  0.0654587, 0.0667766, 0.0185,
  0.0650418, 0.0669852, 0.019,
  0.0638429, 0.0672407, 0.0185,
  0.0633967, 0.0675305, 0.019,
  0.062183, 0.0674833, 0.0185,
  0.0616798, 0.0676735, 0.019,
  0.0605021, 0.0675324, 0.0185,
  0.0599532, 0.0677185, 0.019,
  0.0588539, 0.0678361, 0.0185,
  0.0598277, 0.06872, 0.0185,
  0.0605148, 0.0685806, 0.019,
  0.0615088, 0.06875, 0.0185,
  0.0622454, 0.06869, 0.019,
  0.06319, 0.06878, 0.0185,
  0.06397, 0.06882, 0.019,
  0.0709656, 0.0760205, 0.019,
  0.0695243, 0.0769299, 0.019,
  0.0701724, 0.077677, 0.0185,
  0.0693565, 0.0790725, 0.0185
 ],
 "morphTargets": [],
 "morphColors": [],
 "normals": [],
 "colors": [],
 "uvs": [[]],
  "faces": [
  2, 0, 1, 2, 0,
  2, 3, 4, 5, 0,
  2, 4, 6, 5, 0,
  2, 4, 7, 6, 0,
  2, 7, 8, 6, 0,
  2, 7, 9, 8, 0,
  2, 9, 10, 8, 0,
  2, 9, 11, 10, 0,
  2, 11, 12, 10, 0,
  2, 12, 13, 10, 0,
  2, 12, 14, 13, 0,
  2, 0, 15, 1, 0,
  2, 15, 16, 1, 0,
  2, 15, 17, 16, 0,
  2, 17, 18, 16, 0,
  2, 17, 3, 18, 0,
  2, 3, 5, 18, 0,
  2, 19, 20, 21, 0,
  2, 19, 22, 20, 0,
  2, 22, 23, 20, 0,
  2, 22, 24, 23, 0,
  2, 24, 25, 23, 0,
  2, 24, 26, 25, 0,
  2, 26, 27, 25, 0,
  2, 26, 28, 27, 0,
  2, 28, 29, 27, 0,
  2, 28, 30, 29, 0,
  2, 30, 31, 29, 0,
  2, 30, 32, 31, 0,
  2, 32, 33, 31, 0,
  2, 32, 34, 33, 0,
  2, 34, 35, 33, 0,
  2, 34, 36, 35, 0,
  2, 34, 37, 36, 0,
  2, 37, 38, 36, 0,
  2, 37, 39, 38, 0,
  2, 39, 40, 38, 0,
  2, 39, 41, 40, 0,
  2, 41, 42, 40, 0,
  2, 41, 43, 42, 0,
  2, 41, 44, 43, 0,
  2, 41, 45, 44, 0,
  2, 45, 46, 44, 0,
  2, 45, 47, 46, 0,
  2, 47, 48, 46, 0,
  2, 47, 49, 48, 0,
  2, 49, 50, 48, 0,
  2, 49, 51, 50, 0,
  2, 51, 52, 50, 0,
  2, 51, 53, 52, 0,
  2, 53, 54, 52, 0,
  2, 53, 55, 54, 0,
  2, 53, 56, 55, 0,
  2, 56, 57, 55, 0,
  2, 56, 58, 57, 0,
  2, 58, 59, 57, 0,
  2, 58, 60, 59, 0,
  2, 61, 19, 21, 0,
  2, 14, 62, 63, 0,
  2, 62, 21, 63, 0,
  2, 14, 64, 13, 0,
  2, 14, 63, 64, 0,
  2, 62, 61, 21, 0
]
 }
