 {
  "metadata" :
  {
   "formatVersion" : 3,
   "sourceFile" : "mch002r_022d",
   "generatedBy" : "Tr3 20161112",
   "vertices" : 14,
   "faces" : 12,
   "normals" : 0,
   "colors" : 0,
   "uvs" : 0,
   "materials" : 1
  },
  "scale" : 1.0,
  "materials": [{
    "DbgColor": 0,
    "DbgIndex": 0,
    "DbgName" : "Join JS-42-43-2a:     ",
    "colorAmbient": [0.0, 0.0, 0.0],
    "colorDiffuse": [ 1.000, 1.000, 1.000],
    "colorSpecular": [0.16, 0.16, 0.16]
    }],
  "vertices": [
  0.0600909, 0.0874728, 0.0215,
  0.0591151, 0.0875725, 0.021,
  0.06011, 0.09009, 0.021,
  0.0593826, 0.0848181, 0.0215,
  0.0585274, 0.0849304, 0.021,
  0.05834, 0.07943, 0.0215,
  0.0578973, 0.0766404, 0.021,
  0.05736, 0.07964, 0.021,
  0.0586254, 0.0763295, 0.0215,
  0.0606, 0.07654, 0.021,
  0.06158, 0.07637, 0.0215,
  0.0587772, 0.0821426, 0.0215,
  0.0579841, 0.0822768, 0.021,
  0.06079, 0.09013, 0.0215
 ],
 "morphTargets": [],
 "morphColors": [],
 "normals": [],
 "colors": [],
 "uvs": [[]],
  "faces": [
  2, 0, 1, 2, 0,
  2, 0, 3, 1, 0,
  2, 3, 4, 1, 0,
  2, 5, 6, 7, 0,
  2, 5, 8, 6, 0,
  2, 8, 9, 6, 0,
  2, 8, 10, 9, 0,
  2, 3, 11, 4, 0,
  2, 11, 12, 4, 0,
  2, 11, 5, 12, 0,
  2, 5, 7, 12, 0,
  2, 13, 0, 2, 0
]
 }
