 {
  "metadata" :
  {
   "formatVersion" : 3,
   "sourceFile" : "mch002r_022d",
   "generatedBy" : "Tr3 20161112",
   "vertices" : 22,
   "faces" : 20,
   "normals" : 0,
   "colors" : 0,
   "uvs" : 0,
   "materials" : 1
  },
  "scale" : 1.0,
  "materials": [{
    "DbgColor": 0,
    "DbgIndex": 0,
    "DbgName" : "Join skin_ext_ant_35: Skin",
    "colorAmbient": [0.0, 0.0, 0.0],
    "colorDiffuse": [ 1.000, 0.753, 0.796],
    "colorSpecular": [0.16, 0.16, 0.16]
    }],
  "vertices": [
  0.0449451, 0.0371236, 0.0175,
  0.0442795, 0.0386905, 0.0175,
  0.0448394, 0.0371168, 0.017,
  0.0441495, 0.0386799, 0.017,
  0.0463, 0.034, 0.0175,
  0.0456169, 0.0355593, 0.0175,
  0.04624, 0.034, 0.017,
  0.0455397, 0.0355584, 0.017,
  0.0424112, 0.0434403, 0.0175,
  0.0418672, 0.0450534, 0.0175,
  0.0422677, 0.0434427, 0.017,
  0.0417512, 0.0450713, 0.017,
  0.0412378, 0.0467008, 0.017,
  0.0413559, 0.0466764, 0.0175,
  0.0409269, 0.0483239, 0.0175,
  0.0407822, 0.048347, 0.017,
  0.04063, 0.05, 0.0175,
  0.04035, 0.05, 0.017,
  0.0428127, 0.0418244, 0.017,
  0.0436171, 0.0402588, 0.0175,
  0.0429563, 0.0418277, 0.0175,
  0.0434679, 0.0402464, 0.017
 ],
 "morphTargets": [],
 "morphColors": [],
 "normals": [],
 "colors": [],
 "uvs": [[]],
  "faces": [
  2, 0, 1, 2, 0,
  2, 1, 3, 2, 0,
  2, 4, 5, 6, 0,
  2, 5, 7, 6, 0,
  2, 5, 0, 7, 0,
  2, 0, 2, 7, 0,
  2, 8, 9, 10, 0,
  2, 9, 11, 10, 0,
  2, 9, 12, 11, 0,
  2, 9, 13, 12, 0,
  2, 13, 14, 12, 0,
  2, 14, 15, 12, 0,
  2, 14, 16, 15, 0,
  2, 16, 17, 15, 0,
  2, 8, 10, 18, 0,
  2, 19, 20, 21, 0,
  2, 20, 18, 21, 0,
  2, 1, 19, 3, 0,
  2, 19, 21, 3, 0,
  2, 20, 8, 18, 0
]
 }
