 {
  "metadata" :
  {
   "formatVersion" : 3,
   "sourceFile" : "mch002r_022d",
   "generatedBy" : "Tr3 20161112",
   "vertices" : 11,
   "faces" : 9,
   "normals" : 0,
   "colors" : 0,
   "uvs" : 0,
   "materials" : 1
  },
  "scale" : 1.0,
  "materials": [{
    "DbgColor": 0,
    "DbgIndex": 0,
    "DbgName" : "Join tm_post_35: Pars flaccida",
    "colorAmbient": [0.0, 0.0, 0.0],
    "colorDiffuse": [ 1.000, 1.000, 1.000],
    "colorSpecular": [0.16, 0.16, 0.16]
    }],
  "vertices": [
  0.058434, 0.071794, 0.0175,
  0.058652, 0.071892, 0.0175,
  0.058755, 0.07084, 0.017,
  0.0590225, 0.07088, 0.017,
  0.05887, 0.07199, 0.0175,
  0.05778, 0.0715, 0.0175,
  0.057998, 0.071598, 0.0175,
  0.05822, 0.07076, 0.017,
  0.0584875, 0.0708, 0.017,
  0.058216, 0.071696, 0.0175,
  0.05929, 0.07092, 0.017
 ],
 "morphTargets": [],
 "morphColors": [],
 "normals": [],
 "colors": [],
 "uvs": [[]],
  "faces": [
  2, 0, 1, 2, 0,
  2, 1, 3, 2, 0,
  2, 1, 4, 3, 0,
  2, 5, 6, 7, 0,
  2, 6, 8, 7, 0,
  2, 6, 9, 8, 0,
  2, 9, 0, 8, 0,
  2, 0, 2, 8, 0,
  2, 4, 10, 3, 0
]
 }
