 {
  "metadata" :
  {
   "formatVersion" : 3,
   "sourceFile" : "mch002r_022d",
   "generatedBy" : "Tr3 20161112",
   "vertices" : 10,
   "faces" : 10,
   "normals" : 0,
   "colors" : 0,
   "uvs" : 0,
   "materials" : 1
  },
  "scale" : 1.0,
  "materials": [{
    "DbgColor": 0,
    "DbgIndex": 0,
    "DbgName" : "Cap os_cavmed_28_head: Cavity wall",
    "colorAmbient": [0.0, 0.0, 0.0],
    "colorDiffuse": [ 1.000, 0.784, 0.588],
    "colorSpecular": [0.16, 0.16, 0.16]
    }],
  "vertices": [
  0.0637844, 0.0752436, 0.014,
  0.0633729, 0.0752113, 0.014,
  0.0636335, 0.0748399, 0.014,
  0.06327, 0.07589, 0.014,
  0.0631301, 0.0754947, 0.014,
  0.063118, 0.075081, 0.014,
  0.0633016, 0.0747184, 0.014,
  0.0636496, 0.0745063, 0.014,
  0.064059, 0.0745197, 0.014,
  0.06442, 0.07472, 0.014
 ],
 "morphTargets": [],
 "morphColors": [],
 "normals": [],
 "colors": [],
 "uvs": [[]],
  "faces": [
  2, 0, 1, 2, 0,
  2, 3, 4, 1, 0,
  2, 4, 5, 1, 0,
  2, 5, 6, 1, 0,
  2, 0, 3, 1, 0,
  2, 6, 2, 1, 0,
  2, 7, 2, 6, 0,
  2, 0, 8, 9, 0,
  2, 2, 8, 0, 0,
  2, 8, 2, 7, 0
]
 }
