 {
  "metadata" :
  {
   "formatVersion" : 3,
   "sourceFile" : "mch002r_022d",
   "generatedBy" : "Tr3 20161112",
   "vertices" : 12,
   "faces" : 12,
   "normals" : 0,
   "colors" : 0,
   "uvs" : 0,
   "materials" : 1
  },
  "scale" : 1.0,
  "materials": [{
    "DbgColor": 0,
    "DbgIndex": 0,
    "DbgName" : "ec_anttip2_35: Ear canal",
    "colorAmbient": [0.0, 0.0, 0.0],
    "colorDiffuse": [ 0.824, 0.706, 0.549],
    "colorSpecular": [0.16, 0.16, 0.16]
    }],
  "vertices": [
  0.0471, 0.06817, 0.018,
  0.0493525, 0.0680408, 0.0175,
  0.04721, 0.06872, 0.0175,
  0.0493674, 0.0677039, 0.018,
  0.05156, 0.06847, 0.018,
  0.05151, 0.06857, 0.0175,
  0.04706, 0.06794, 0.0185,
  0.0493732, 0.0676309, 0.0185,
  0.05156, 0.06848, 0.0185,
  0.04702, 0.0677, 0.019,
  0.049339, 0.0676877, 0.019,
  0.05149, 0.0686, 0.019
 ],
 "morphTargets": [],
 "morphColors": [],
 "normals": [],
 "colors": [],
 "uvs": [[]],
  "faces": [
  2, 0, 1, 2, 0,
  2, 0, 3, 1, 0,
  2, 3, 4, 1, 0,
  2, 4, 5, 1, 0,
  2, 6, 3, 0, 0,
  2, 6, 7, 3, 0,
  2, 7, 8, 3, 0,
  2, 8, 4, 3, 0,
  2, 9, 10, 6, 0,
  2, 10, 7, 6, 0,
  2, 10, 11, 7, 0,
  2, 11, 8, 7, 0
]
 }
