 {
  "metadata" :
  {
   "formatVersion" : 3,
   "sourceFile" : "mch002r_022d",
   "generatedBy" : "Tr3 20161112",
   "vertices" : 11,
   "faces" : 9,
   "normals" : 0,
   "colors" : 0,
   "uvs" : 0,
   "materials" : 1
  },
  "scale" : 1.0,
  "materials": [{
    "DbgColor": 0,
    "DbgIndex": 0,
    "DbgName" : "Join os_cavantmed_31: Cavity wall",
    "colorAmbient": [0.0, 0.0, 0.0],
    "colorDiffuse": [ 1.000, 0.784, 0.588],
    "colorSpecular": [0.16, 0.16, 0.16]
    }],
  "vertices": [
  0.0619419, 0.0688133, 0.0155,
  0.0626595, 0.068753, 0.0155,
  0.0626679, 0.0690171, 0.015,
  0.06124, 0.06898, 0.0155,
  0.0618535, 0.0690149, 0.015,
  0.0611387, 0.0689775, 0.015,
  0.0640527, 0.0690439, 0.0155,
  0.0642, 0.0695, 0.015,
  0.0633971, 0.0693036, 0.015,
  0.0633788, 0.0687875, 0.0155,
  0.06476, 0.06907, 0.0155
 ],
 "morphTargets": [],
 "morphColors": [],
 "normals": [],
 "colors": [],
 "uvs": [[]],
  "faces": [
  2, 0, 1, 2, 0,
  2, 3, 4, 5, 0,
  2, 3, 0, 4, 0,
  2, 0, 2, 4, 0,
  2, 6, 7, 8, 0,
  2, 1, 9, 2, 0,
  2, 9, 8, 2, 0,
  2, 9, 6, 8, 0,
  2, 6, 10, 7, 0
]
 }
