 {
  "metadata" :
  {
   "formatVersion" : 3,
   "sourceFile" : "mch002r_022d",
   "generatedBy" : "Tr3 20161112",
   "vertices" : 11,
   "faces" : 11,
   "normals" : 0,
   "colors" : 0,
   "uvs" : 0,
   "materials" : 1
  },
  "scale" : 1.0,
  "materials": [{
    "DbgColor": 0,
    "DbgIndex": 0,
    "DbgName" : "Cap os_cavmed2_33_head: Cavity wall",
    "colorAmbient": [0.0, 0.0, 0.0],
    "colorDiffuse": [ 1.000, 0.784, 0.588],
    "colorSpecular": [0.16, 0.16, 0.16]
    }],
  "vertices": [
  0.0697401, 0.0673512, 0.0145,
  0.0691841, 0.0673637, 0.0145,
  0.0694218, 0.0670755, 0.0145,
  0.0697231, 0.0669804, 0.0145,
  0.0686543, 0.0675616, 0.0145,
  0.0687897, 0.0671799, 0.0145,
  0.0691379, 0.0678236, 0.0145,
  0.06875, 0.06794, 0.0145,
  0.0690474, 0.0669027, 0.0145,
  0.0694143, 0.0667796, 0.0145,
  0.0694979, 0.0676513, 0.0145
 ],
 "morphTargets": [],
 "morphColors": [],
 "normals": [],
 "colors": [],
 "uvs": [[]],
  "faces": [
  2, 0, 1, 2, 0,
  2, 3, 0, 2, 0,
  2, 1, 4, 5, 0,
  2, 6, 4, 1, 0,
  2, 4, 6, 7, 0,
  2, 8, 2, 1, 0,
  2, 9, 2, 8, 0,
  2, 0, 10, 1, 0,
  2, 10, 6, 1, 0,
  2, 5, 8, 1, 0,
  2, 3, 2, 9, 0
]
 }
