 {
  "metadata" :
  {
   "formatVersion" : 3,
   "sourceFile" : "mch002r_022d",
   "generatedBy" : "Tr3 20161112",
   "vertices" : 78,
   "faces" : 76,
   "normals" : 0,
   "colors" : 0,
   "uvs" : 0,
   "materials" : 1
  },
  "scale" : 1.0,
  "materials": [{
    "DbgColor": 0,
    "DbgIndex": 0,
    "DbgName" : "Join os_temp_41: Temporal bone",
    "colorAmbient": [0.0, 0.0, 0.0],
    "colorDiffuse": [ 1.000, 0.784, 0.588],
    "colorSpecular": [0.16, 0.16, 0.16]
    }],
  "vertices": [
  0.0573343, 0.0766577, 0.0205,
  0.0577638, 0.0777343, 0.02,
  0.0566385, 0.0767348, 0.02,
  0.0587416, 0.0788968, 0.0205,
  0.0569966, 0.0790355, 0.02,
  0.0581378, 0.0804378, 0.0205,
  0.05694, 0.0807179, 0.02,
  0.0576987, 0.0820241, 0.0205,
  0.0562366, 0.0822332, 0.02,
  0.0565463, 0.0838387, 0.02,
  0.0585716, 0.0777906, 0.0205,
  0.05887, 0.0849937, 0.0205,
  0.057134, 0.0853853, 0.02,
  0.058029, 0.0867523, 0.02,
  0.0589017, 0.0866868, 0.0205,
  0.0581685, 0.088418, 0.02,
  0.0590943, 0.088388, 0.0205,
  0.05859, 0.09, 0.02,
  0.060255, 0.0895089, 0.0205,
  0.06151, 0.09, 0.02,
  0.0615491, 0.0884834, 0.0205,
  0.0622427, 0.0884289, 0.02,
  0.0623158, 0.086952, 0.0205,
  0.0629067, 0.0868273, 0.02,
  0.0632488, 0.0856005, 0.0205,
  0.0638061, 0.0853754, 0.02,
  0.0587521, 0.0833364, 0.0205,
  0.0596, 0.07636, 0.0205,
  0.0580557, 0.0759058, 0.0205,
  0.05901, 0.07586, 0.02,
  0.0577957, 0.0753004, 0.02,
  0.0562998, 0.0753176, 0.02,
  0.0643849, 0.0806077, 0.0205,
  0.0647815, 0.0801538, 0.02,
  0.0653381, 0.0814226, 0.02,
  0.0638292, 0.0790362, 0.0205,
  0.0653128, 0.0783872, 0.0205,
  0.0658407, 0.0788098, 0.02,
  0.0669361, 0.0778482, 0.0205,
  0.0674045, 0.0781536, 0.02,
  0.0683148, 0.0769198, 0.0205,
  0.0686123, 0.0772051, 0.02,
  0.0694732, 0.0759238, 0.02,
  0.0692079, 0.0757176, 0.0205,
  0.0693225, 0.074407, 0.02,
  0.0691652, 0.0744468, 0.0205,
  0.0691765, 0.0729397, 0.0205,
  0.0684994, 0.0728928, 0.02,
  0.0694667, 0.0715969, 0.02,
  0.0705382, 0.0723755, 0.0205,
  0.0709046, 0.0719646, 0.02,
  0.0719941, 0.0732711, 0.0205,
  0.0720993, 0.0732213, 0.02,
  0.0729662, 0.0728609, 0.0205,
  0.0734954, 0.0739104, 0.02,
  0.0733165, 0.0722874, 0.02,
  0.0722318, 0.0713301, 0.0205,
  0.0724552, 0.0709321, 0.02,
  0.071489, 0.0697955, 0.0205,
  0.0725586, 0.0692308, 0.02,
  0.0711566, 0.0681367, 0.0205,
  0.071648, 0.0679353, 0.02,
  0.070158, 0.0671165, 0.02,
  0.0695955, 0.0675202, 0.0205,
  0.0685409, 0.0665349, 0.02,
  0.0682544, 0.066507, 0.0205,
  0.0668921, 0.0663726, 0.02,
  0.0667658, 0.0669188, 0.0205,
  0.0655266, 0.0674121, 0.02,
  0.0654892, 0.0680374, 0.0205,
  0.0640871, 0.0682127, 0.02,
  0.0642252, 0.0688137, 0.0205,
  0.06495, 0.06949, 0.02,
  0.06524, 0.07012, 0.0205,
  0.0641692, 0.0823, 0.0205,
  0.0636512, 0.0839341, 0.0205,
  0.0643491, 0.0837628, 0.02,
  0.0657371, 0.0827782, 0.02
 ],
 "morphTargets": [],
 "morphColors": [],
 "normals": [],
 "colors": [],
 "uvs": [[]],
  "faces": [
  2, 0, 1, 2, 0,
  2, 3, 4, 1, 0,
  2, 3, 5, 4, 0,
  2, 5, 6, 4, 0,
  2, 5, 7, 6, 0,
  2, 7, 8, 6, 0,
  2, 7, 9, 8, 0,
  2, 0, 10, 1, 0,
  2, 10, 3, 1, 0,
  2, 11, 12, 9, 0,
  2, 11, 13, 12, 0,
  2, 11, 14, 13, 0,
  2, 14, 15, 13, 0,
  2, 14, 16, 15, 0,
  2, 16, 17, 15, 0,
  2, 16, 18, 17, 0,
  2, 18, 19, 17, 0,
  2, 18, 20, 19, 0,
  2, 20, 21, 19, 0,
  2, 20, 22, 21, 0,
  2, 22, 23, 21, 0,
  2, 22, 24, 23, 0,
  2, 24, 25, 23, 0,
  2, 7, 26, 9, 0,
  2, 26, 11, 9, 0,
  2, 27, 28, 29, 0,
  2, 28, 30, 29, 0,
  2, 28, 0, 30, 0,
  2, 0, 31, 30, 0,
  2, 0, 2, 31, 0,
  2, 32, 33, 34, 0,
  2, 32, 35, 33, 0,
  2, 35, 36, 33, 0,
  2, 36, 37, 33, 0,
  2, 36, 38, 37, 0,
  2, 38, 39, 37, 0,
  2, 38, 40, 39, 0,
  2, 40, 41, 39, 0,
  2, 40, 42, 41, 0,
  2, 40, 43, 42, 0,
  2, 43, 44, 42, 0,
  2, 43, 45, 44, 0,
  2, 45, 46, 44, 0,
  2, 46, 47, 44, 0,
  2, 46, 48, 47, 0,
  2, 46, 49, 48, 0,
  2, 49, 50, 48, 0,
  2, 49, 51, 50, 0,
  2, 51, 52, 50, 0,
  2, 51, 53, 52, 0,
  2, 53, 54, 52, 0,
  2, 53, 55, 54, 0,
  2, 53, 56, 55, 0,
  2, 56, 57, 55, 0,
  2, 56, 58, 57, 0,
  2, 58, 59, 57, 0,
  2, 58, 60, 59, 0,
  2, 60, 61, 59, 0,
  2, 60, 62, 61, 0,
  2, 60, 63, 62, 0,
  2, 63, 64, 62, 0,
  2, 63, 65, 64, 0,
  2, 65, 66, 64, 0,
  2, 65, 67, 66, 0,
  2, 67, 68, 66, 0,
  2, 67, 69, 68, 0,
  2, 69, 70, 68, 0,
  2, 69, 71, 70, 0,
  2, 71, 72, 70, 0,
  2, 71, 73, 72, 0,
  2, 74, 32, 34, 0,
  2, 75, 74, 76, 0,
  2, 74, 77, 76, 0,
  2, 24, 75, 25, 0,
  2, 75, 76, 25, 0,
  2, 74, 34, 77, 0
]
 }
