 {
  "metadata" :
  {
   "formatVersion" : 3,
   "sourceFile" : "mch002r_022d",
   "generatedBy" : "Tr3 20161112",
   "vertices" : 36,
   "faces" : 49,
   "normals" : 0,
   "colors" : 0,
   "uvs" : 0,
   "materials" : 1
  },
  "scale" : 1.0,
  "materials": [{
    "DbgColor": 0,
    "DbgIndex": 0,
    "DbgName" : "os_temp_med_10: Temporal bone",
    "colorAmbient": [0.0, 0.0, 0.0],
    "colorDiffuse": [ 1.000, 0.784, 0.588],
    "colorSpecular": [0.16, 0.16, 0.16]
    }],
  "vertices": [
  0.05875, 0.0835, 0.0055,
  0.0600548, 0.0825255, 0.0055,
  0.05919, 0.08256, 0.005,
  0.060626, 0.0818035, 0.005,
  0.0617011, 0.082215, 0.0055,
  0.0618631, 0.0808433, 0.005,
  0.0628201, 0.0809871, 0.0055,
  0.0627038, 0.0797831, 0.005,
  0.0640476, 0.0798978, 0.0055,
  0.0636963, 0.0784625, 0.0055,
  0.0618394, 0.0784907, 0.005,
  0.0625523, 0.0772423, 0.0055,
  0.0604272, 0.0777471, 0.005,
  0.061195, 0.0762691, 0.0055,
  0.0595728, 0.0765743, 0.0055,
  0.0590732, 0.0782488, 0.005,
  0.0582117, 0.0774712, 0.0055,
  0.05806, 0.0791314, 0.0055,
  0.05862, 0.0797719, 0.005,
  0.0579673, 0.0808073, 0.0055,
  0.05862, 0.0813955, 0.005,
  0.0578064, 0.0824689, 0.0055,
  0.05825, 0.08362, 0.006,
  0.0596994, 0.0827724, 0.006,
  0.0613025, 0.0822657, 0.006,
  0.0627434, 0.0815058, 0.006,
  0.0640996, 0.0806201, 0.006,
  0.0642297, 0.079144, 0.006,
  0.0631418, 0.0778576, 0.006,
  0.0620246, 0.0766071, 0.006,
  0.0605881, 0.0758143, 0.006,
  0.0590585, 0.0762137, 0.006,
  0.0580962, 0.0775676, 0.006,
  0.0579178, 0.0792173, 0.006,
  0.05756, 0.0808482, 0.006,
  0.0572907, 0.0824972, 0.006
 ],
 "morphTargets": [],
 "morphColors": [],
 "normals": [],
 "colors": [],
 "uvs": [[]],
  "faces": [
  2, 0, 1, 2, 0,
  2, 1, 3, 2, 0,
  2, 1, 4, 3, 0,
  2, 4, 5, 3, 0,
  2, 4, 6, 5, 0,
  2, 6, 7, 5, 0,
  2, 6, 8, 7, 0,
  2, 8, 9, 7, 0,
  2, 9, 10, 7, 0,
  2, 9, 11, 10, 0,
  2, 11, 12, 10, 0,
  2, 11, 13, 12, 0,
  2, 13, 14, 12, 0,
  2, 14, 15, 12, 0,
  2, 14, 16, 15, 0,
  2, 16, 17, 15, 0,
  2, 17, 18, 15, 0,
  2, 17, 19, 18, 0,
  2, 19, 20, 18, 0,
  2, 19, 21, 20, 0,
  2, 21, 2, 20, 0,
  2, 21, 0, 2, 0,
  2, 22, 23, 0, 0,
  2, 23, 1, 0, 0,
  2, 23, 24, 1, 0,
  2, 24, 4, 1, 0,
  2, 24, 25, 4, 0,
  2, 25, 6, 4, 0,
  2, 25, 26, 6, 0,
  2, 26, 8, 6, 0,
  2, 26, 27, 8, 0,
  2, 27, 9, 8, 0,
  2, 27, 28, 9, 0,
  2, 28, 11, 9, 0,
  2, 28, 29, 11, 0,
  2, 29, 13, 11, 0,
  2, 29, 30, 13, 0,
  2, 30, 14, 13, 0,
  2, 30, 31, 14, 0,
  2, 31, 16, 14, 0,
  2, 31, 32, 16, 0,
  2, 32, 17, 16, 0,
  2, 32, 33, 17, 0,
  2, 33, 19, 17, 0,
  2, 33, 34, 19, 0,
  2, 34, 21, 19, 0,
  2, 34, 35, 21, 0,
  2, 35, 22, 21, 0,
  2, 22, 0, 21, 0
]
 }
