 {
  "metadata" :
  {
   "formatVersion" : 3,
   "sourceFile" : "mch002r_022d",
   "generatedBy" : "Tr3 20161112",
   "vertices" : 20,
   "faces" : 24,
   "normals" : 0,
   "colors" : 0,
   "uvs" : 0,
   "materials" : 1
  },
  "scale" : 1.0,
  "materials": [{
    "DbgColor": 0,
    "DbgIndex": 0,
    "DbgName" : "os_cav_ant_34: Cavity wall",
    "colorAmbient": [0.0, 0.0, 0.0],
    "colorDiffuse": [ 1.000, 0.784, 0.588],
    "colorSpecular": [0.16, 0.16, 0.16]
    }],
  "vertices": [
  0.06166, 0.06937, 0.0175,
  0.0606687, 0.0697027, 0.017,
  0.06001, 0.07004, 0.017,
  0.0613891, 0.0695316, 0.017,
  0.0621261, 0.0694301, 0.017,
  0.0624275, 0.0691896, 0.0175,
  0.0628325, 0.0691998, 0.017,
  0.0631739, 0.0689406, 0.0175,
  0.0635258, 0.0689379, 0.017,
  0.0639142, 0.0686715, 0.0175,
  0.06408, 0.06844, 0.017,
  0.06458, 0.06825, 0.0175,
  0.06269, 0.06894, 0.018,
  0.0633256, 0.068743, 0.018,
  0.0639571, 0.0685521, 0.018,
  0.0645458, 0.0682414, 0.018,
  0.06514, 0.06794, 0.018,
  0.06369, 0.06879, 0.0185,
  0.0644184, 0.0685468, 0.0185,
  0.06508, 0.06816, 0.0185
 ],
 "morphTargets": [],
 "morphColors": [],
 "normals": [],
 "colors": [],
 "uvs": [[]],
  "faces": [
  2, 0, 1, 2, 0,
  2, 0, 3, 1, 0,
  2, 0, 4, 3, 0,
  2, 0, 5, 4, 0,
  2, 5, 6, 4, 0,
  2, 5, 7, 6, 0,
  2, 7, 8, 6, 0,
  2, 7, 9, 8, 0,
  2, 9, 10, 8, 0,
  2, 9, 11, 10, 0,
  2, 12, 5, 0, 0,
  2, 12, 7, 5, 0,
  2, 12, 13, 7, 0,
  2, 13, 9, 7, 0,
  2, 13, 14, 9, 0,
  2, 14, 11, 9, 0,
  2, 14, 15, 11, 0,
  2, 15, 16, 11, 0,
  2, 17, 13, 12, 0,
  2, 17, 14, 13, 0,
  2, 17, 18, 14, 0,
  2, 18, 15, 14, 0,
  2, 18, 19, 15, 0,
  2, 19, 16, 15, 0
]
 }
