 {
  "metadata" :
  {
   "formatVersion" : 3,
   "sourceFile" : "mch002r_022d",
   "generatedBy" : "Tr3 20161112",
   "vertices" : 12,
   "faces" : 10,
   "normals" : 0,
   "colors" : 0,
   "uvs" : 0,
   "materials" : 1
  },
  "scale" : 1.0,
  "materials": [{
    "DbgColor": 0,
    "DbgIndex": 0,
    "DbgName" : "2b_11: bone",
    "colorAmbient": [0.0, 0.0, 0.0],
    "colorDiffuse": [ 1.000, 1.000, 1.000],
    "colorSpecular": [0.16, 0.16, 0.16]
    }],
  "vertices": [
  0.05545, 0.05152, 0.0125,
  0.05601, 0.05152, 0.011,
  0.05386, 0.05142, 0.011,
  0.05792, 0.05175, 0.0125,
  0.05689, 0.05152, 0.014,
  0.05947, 0.05171, 0.014,
  0.05689, 0.05152, 0.0145,
  0.06007, 0.05175, 0.0145,
  0.05689, 0.05152, 0.015,
  0.06007, 0.05175, 0.015,
  0.05666, 0.05157, 0.016,
  0.05916, 0.05166, 0.016
 ],
 "morphTargets": [],
 "morphColors": [],
 "normals": [],
 "colors": [],
 "uvs": [[]],
  "faces": [
  2, 0, 1, 2, 0,
  2, 0, 3, 1, 0,
  2, 4, 3, 0, 0,
  2, 4, 5, 3, 0,
  2, 6, 5, 4, 0,
  2, 6, 7, 5, 0,
  2, 8, 9, 6, 0,
  2, 9, 7, 6, 0,
  2, 10, 11, 8, 0,
  2, 11, 9, 8, 0
]
 }
