 {
  "metadata" :
  {
   "formatVersion" : 3,
   "sourceFile" : "mch002r_022d",
   "generatedBy" : "Tr3 20161112",
   "vertices" : 44,
   "faces" : 59,
   "normals" : 0,
   "colors" : 0,
   "uvs" : 0,
   "materials" : 1
  },
  "scale" : 1.0,
  "materials": [{
    "DbgColor": 0,
    "DbgIndex": 0,
    "DbgName" : "os_occcond_lat_36: Occipital bone (condylar part)",
    "colorAmbient": [0.0, 0.0, 0.0],
    "colorDiffuse": [ 1.000, 0.784, 0.588],
    "colorSpecular": [0.16, 0.16, 0.16]
    }],
  "vertices": [
  0.06152, 0.1019, 0.0185,
  0.0625611, 0.102897, 0.018,
  0.06134, 0.1019, 0.018,
  0.0625946, 0.103155, 0.0185,
  0.0635016, 0.103036, 0.018,
  0.063651, 0.104421, 0.0185,
  0.0650564, 0.1052, 0.0185,
  0.0655052, 0.104025, 0.0185,
  0.0643069, 0.102914, 0.0185,
  0.0633355, 0.101578, 0.0185,
  0.0625843, 0.101761, 0.018,
  0.0623627, 0.100242, 0.0185,
  0.0614465, 0.100681, 0.018,
  0.0613096, 0.0989768, 0.0185,
  0.0606015, 0.0975401, 0.0185,
  0.0604343, 0.0959051, 0.0185,
  0.05962, 0.0957513, 0.0185,
  0.0600163, 0.0973283, 0.0185,
  0.060779, 0.0987793, 0.0185,
  0.0608115, 0.100418, 0.0185,
  0.06171, 0.1008, 0.019,
  0.0626562, 0.102251, 0.019,
  0.0636138, 0.103694, 0.019,
  0.0647877, 0.104951, 0.019,
  0.0662463, 0.10586, 0.019,
  0.0679246, 0.106288, 0.019,
  0.0696456, 0.106121, 0.019,
  0.0713244, 0.105703, 0.019,
  0.07287, 0.104943, 0.019,
  0.072403, 0.104485, 0.019,
  0.070685, 0.10465, 0.019,
  0.0689549, 0.104731, 0.019,
  0.0672323, 0.104709, 0.019,
  0.0656967, 0.103998, 0.019,
  0.0645623, 0.102706, 0.019,
  0.0634454, 0.101384, 0.019,
  0.0623423, 0.10005, 0.019,
  0.0614637, 0.0985671, 0.019,
  0.0608819, 0.096939, 0.019,
  0.0610178, 0.0952179, 0.019,
  0.0600667, 0.0945122, 0.019,
  0.0596498, 0.0960498, 0.019,
  0.06036, 0.0976233, 0.019,
  0.0610859, 0.0991888, 0.019
 ],
 "morphTargets": [],
 "morphColors": [],
 "normals": [],
 "colors": [],
 "uvs": [[]],
  "faces": [
  2, 0, 1, 2, 0,
  2, 0, 3, 1, 0,
  2, 3, 4, 1, 0,
  2, 3, 5, 4, 0,
  2, 5, 6, 4, 0,
  2, 6, 7, 4, 0,
  2, 7, 8, 4, 0,
  2, 8, 9, 4, 0,
  2, 9, 10, 4, 0,
  2, 9, 11, 10, 0,
  2, 11, 12, 10, 0,
  2, 11, 13, 12, 0,
  2, 13, 14, 12, 0,
  2, 14, 15, 12, 0,
  2, 15, 16, 12, 0,
  2, 16, 17, 12, 0,
  2, 17, 18, 12, 0,
  2, 18, 19, 12, 0,
  2, 19, 0, 12, 0,
  2, 0, 2, 12, 0,
  2, 20, 21, 0, 0,
  2, 21, 3, 0, 0,
  2, 21, 22, 3, 0,
  2, 22, 5, 3, 0,
  2, 22, 23, 5, 0,
  2, 23, 6, 5, 0,
  2, 23, 24, 6, 0,
  2, 24, 25, 6, 0,
  2, 25, 26, 6, 0,
  2, 26, 27, 6, 0,
  2, 27, 28, 6, 0,
  2, 28, 29, 6, 0,
  2, 29, 30, 6, 0,
  2, 30, 31, 6, 0,
  2, 31, 32, 6, 0,
  2, 32, 33, 6, 0,
  2, 33, 7, 6, 0,
  2, 33, 34, 7, 0,
  2, 34, 8, 7, 0,
  2, 34, 9, 8, 0,
  2, 34, 35, 9, 0,
  2, 35, 11, 9, 0,
  2, 35, 36, 11, 0,
  2, 36, 13, 11, 0,
  2, 36, 37, 13, 0,
  2, 37, 14, 13, 0,
  2, 37, 38, 14, 0,
  2, 38, 15, 14, 0,
  2, 38, 39, 15, 0,
  2, 39, 40, 15, 0,
  2, 40, 41, 15, 0,
  2, 41, 16, 15, 0,
  2, 41, 17, 16, 0,
  2, 41, 42, 17, 0,
  2, 42, 18, 17, 0,
  2, 42, 43, 18, 0,
  2, 43, 19, 18, 0,
  2, 43, 20, 19, 0,
  2, 20, 0, 19, 0
]
 }
